# Blender 4.4.0
# www.blender.org
mtllib superposition-cat.mtl
o Meshy_AI_a_cat_0423130232_texture
v 0.258504 0.047440 -0.653716
v 0.298634 0.056764 -0.652712
v 0.299950 0.027708 -0.646640
v 0.246843 0.059611 -0.652346
v 0.257213 0.081331 -0.650206
v 0.298013 0.077627 -0.650373
v 0.258847 0.019496 -0.642261
v 0.287735 0.104460 -0.639731
v 0.199781 0.049546 -0.640752
v 0.342572 0.034188 -0.641407
v 0.198136 0.068550 -0.639609
v 0.198768 0.087486 -0.633854
v 0.200269 0.028011 -0.635499
v 0.357679 0.062530 -0.639163
v 0.250167 0.110227 -0.633945
v 0.361468 0.027837 -0.632257
v 0.352289 0.092226 -0.631951
v 0.153679 0.030134 -0.633265
v 0.147175 0.064178 -0.635824
v 0.377752 0.078384 -0.625611
v 0.325793 0.007300 -0.628130
v 0.203751 0.009291 -0.623096
v 0.384777 0.049504 -0.624500
v 0.114039 0.051420 -0.627702
v 0.138171 0.090387 -0.626383
v 0.262483 0.004889 -0.628642
v 0.118515 0.026246 -0.622527
v 0.112741 0.075892 -0.624138
v 0.279951 0.122129 -0.624490
v 0.148696 0.007662 -0.617254
v 0.196251 0.106665 -0.620782
v 0.342264 0.118037 -0.615613
v 0.361794 0.004609 -0.612790
v 0.387171 0.020790 -0.607294
v 0.369474 0.110796 -0.608587
v 0.231912 0.004331 -0.619639
v 0.137500 0.117740 -0.604668
v 0.252912 0.127162 -0.616498
v 0.137411 0.004308 -0.608703
v 0.069805 0.070857 -0.598638
v 0.399796 0.063691 -0.607925
v 0.110480 0.100440 -0.609393
v 0.401575 0.029795 -0.595162
v 0.066630 0.047601 -0.598790
v 0.307462 0.136936 -0.595310
v 0.391471 0.094816 -0.601835
v 0.197602 0.122461 -0.602244
v 0.277854 0.139074 -0.595864
v 0.110692 0.006096 -0.602128
v 0.383551 0.005750 -0.589755
v 0.077602 0.022873 -0.596163
v 0.099676 0.124632 -0.576351
v 0.246953 0.137392 -0.593526
v 0.409814 0.071526 -0.586151
v 0.342200 0.134232 -0.585791
v 0.065615 0.088820 -0.590310
v 0.082036 0.112197 -0.581492
v 0.200387 0.130771 -0.585673
v 0.088284 0.005136 -0.586430
v 0.392587 0.108070 -0.577506
v 0.388590 0.005189 -0.561485
v 0.373950 0.122741 -0.579058
v 0.141672 0.133199 -0.579069
v 0.210485 0.004393 -0.510606
v 0.030822 0.068638 -0.580270
v 0.034310 0.040852 -0.581406
v 0.047280 0.006831 -0.569740
v 0.412702 0.048211 -0.561967
v 0.248628 0.138821 -0.564697
v 0.010810 0.049870 -0.566787
v 0.193605 0.134049 -0.566701
v 0.400237 0.099416 -0.555169
v 0.313059 0.137548 -0.555239
v 0.015355 0.032976 -0.566502
v 0.012461 0.081982 -0.563985
v 0.051490 0.121286 -0.559882
v 0.340614 0.136731 -0.567094
v 0.019734 0.104107 -0.558265
v 0.155280 0.137870 -0.551227
v 0.064332 0.004323 -0.557014
v 0.369339 0.004646 -0.527952
v 0.396172 0.014205 -0.553043
v 0.005608 0.067078 -0.560850
v 0.025361 0.004909 -0.553052
v 0.408723 0.076782 -0.552302
v 0.011983 0.012323 -0.548047
v 0.373377 0.122154 -0.550770
v 0.102566 0.137351 -0.545524
v 0.214353 0.127016 -0.539442
v 0.027956 0.124260 -0.541895
v 0.352314 0.128215 -0.540991
v 0.044827 0.136092 -0.533770
v 0.018856 0.111283 -0.548411
v 0.195471 0.128250 -0.538434
v 0.265271 0.124951 -0.534572
v -0.028227 0.066148 -0.520938
v 0.404040 0.051340 -0.533549
v -0.016333 0.084762 -0.526957
v 0.001067 0.004403 -0.524303
v 0.151731 0.004428 -0.489914
v 0.282552 0.004574 -0.518599
v 0.394706 0.032722 -0.527260
v -0.041337 0.044906 -0.508395
v 0.338397 0.122626 -0.526073
v 0.399033 0.077170 -0.529497
v 0.382716 0.101893 -0.526749
v 0.126647 0.135405 -0.517311
v 0.377367 0.016509 -0.521471
v 0.358115 0.112023 -0.519717
v -0.040574 0.023934 -0.502123
v 0.346072 0.007644 -0.512305
v 0.200492 0.109489 -0.512997
v 0.050122 0.143939 -0.508433
v -0.031576 0.006715 -0.496045
v 0.386650 0.067804 -0.512160
v 0.371935 0.089370 -0.508162
v 0.229750 0.106156 -0.517192
v 0.001832 0.124227 -0.505455
v 0.014083 0.134145 -0.494192
v 0.076510 0.144834 -0.502974
v -0.041100 0.084125 -0.499790
v -0.033645 0.107618 -0.489146
v 0.140761 0.120786 -0.497611
v 0.332072 0.104714 -0.509222
v 0.367561 0.046946 -0.499635
v 0.280016 0.093897 -0.509253
v 0.287749 0.013195 -0.508849
v 0.350474 0.025918 -0.501306
v -0.049851 0.063757 -0.497818
v 0.275367 0.073052 -0.500846
v 0.210638 0.084229 -0.499756
v -0.032910 0.004387 -0.485923
v 0.217113 0.017800 -0.500116
v 0.357670 0.070014 -0.496369
v 0.334754 0.086699 -0.498938
v 0.078179 0.141084 -0.481185
v 0.220874 0.040493 -0.493896
v 0.289153 0.038841 -0.497655
v 0.328813 0.049647 -0.492959
v 0.096093 0.004487 -0.455262
v 0.154353 0.014803 -0.480980
v 0.221033 0.057224 -0.494056
v 0.147996 0.105029 -0.485478
v -0.039374 0.119245 -0.459626
v 0.014663 0.137924 -0.464892
v -0.012951 0.131146 -0.468695
v -0.064106 0.037673 -0.473847
v 0.059676 0.004922 -0.423602
v 0.162791 0.074705 -0.476841
v -0.067097 0.073901 -0.466290
v 0.157875 0.041852 -0.471589
v 0.098597 0.123717 -0.463027
v -0.058833 0.099966 -0.458514
v -0.059449 0.010727 -0.459761
v 0.150535 0.087490 -0.474893
v 0.115473 0.098887 -0.453187
v -0.086465 0.049492 -0.443091
v 0.084682 0.019229 -0.431694
v -0.085587 0.019469 -0.429812
v 0.122577 0.062176 -0.446944
v -0.059932 0.004496 -0.446016
v 0.122401 0.038217 -0.448621
v 0.037234 0.133984 -0.447512
v 0.060065 0.114515 -0.430371
v -0.033399 0.130241 -0.433206
v -0.027420 0.005810 -0.382827
v -0.074190 0.004720 -0.426805
v -0.079647 0.101122 -0.428436
v -0.092814 0.079122 -0.423988
v -0.065990 0.119189 -0.423688
v 0.067497 0.088308 -0.416726
v -0.008432 0.134097 -0.423833
v 0.078955 0.068895 -0.418751
v -0.103854 0.035052 -0.399430
v 0.085647 0.048641 -0.421732
v -0.113368 0.055372 -0.379899
v 0.021553 0.121789 -0.404974
v -0.090395 0.004697 -0.387298
v -0.066274 0.128040 -0.398160
v 0.054449 0.024548 -0.397678
v 0.042941 0.005150 -0.403275
v -0.088751 0.113150 -0.389899
v -0.053243 0.133882 -0.390519
v -0.036662 0.135742 -0.390169
v 0.029980 0.101938 -0.385075
v -0.019279 0.131801 -0.369753
v 0.046467 0.053723 -0.379781
v 0.040746 0.082734 -0.382285
v 0.003857 0.117259 -0.355718
v 0.019784 0.005412 -0.370391
v 0.037441 0.027463 -0.372952
v -0.105177 0.016413 -0.372835
v -0.118765 0.088741 -0.346010
v -0.104722 0.110265 -0.351219
v -0.052555 0.135773 -0.343283
v -0.127717 0.041364 -0.330677
v -0.028387 0.131457 -0.346005
v -0.086875 0.128671 -0.347732
v -0.104094 0.004800 -0.327210
v 0.019711 0.077239 -0.336159
v 0.013780 0.016665 -0.340365
v -0.115225 0.012090 -0.324445
v -0.125002 0.073739 -0.339833
v -0.004409 0.125573 -0.336811
v 0.017031 0.048275 -0.325381
v -0.096983 0.140551 -0.336264
v -0.013442 0.004824 -0.309269
v 0.013162 0.101593 -0.324889
v -0.119089 0.118069 -0.333342
v -0.014305 0.135070 -0.336161
v -0.045686 0.150967 -0.333499
v -0.118840 0.004801 -0.295395
v -0.136690 0.097269 -0.324787
v -0.090706 0.219308 -0.335352
v -0.145787 0.144163 -0.326294
v -0.004202 0.146698 -0.330718
v -0.008356 0.195998 -0.330037
v -0.031489 0.242105 -0.327358
v -0.078513 0.253744 -0.332574
v -0.107990 0.256751 -0.330134
v 0.029135 0.128576 -0.318283
v -0.178911 0.199981 -0.322188
v -0.072617 0.281012 -0.327247
v 0.029007 0.201654 -0.321775
v 0.003401 0.228281 -0.324336
v -0.118226 0.289297 -0.322025
v 0.004194 0.021295 -0.309446
v 0.017117 0.068685 -0.315329
v -0.149957 0.065003 -0.311672
v 0.037072 0.171041 -0.319559
v -0.180145 0.256694 -0.314486
v -0.039881 0.294069 -0.317947
v -0.095620 0.304903 -0.320431
v -0.176672 0.108795 -0.311028
v -0.197294 0.231870 -0.313621
v 0.034510 0.260306 -0.306660
v -0.144996 0.031283 -0.299352
v -0.199874 0.151290 -0.312807
v 0.095401 0.165676 -0.290372
v -0.232599 0.197123 -0.304148
v 0.057282 0.216944 -0.306082
v 0.006249 0.335572 -0.292130
v -0.054603 0.352216 -0.297785
v 0.017902 0.046183 -0.296317
v 0.031189 0.080907 -0.303044
v -0.169584 0.058856 -0.300917
v -0.230460 0.146605 -0.307006
v -0.226648 0.120393 -0.303680
v -0.233294 0.235075 -0.297352
v -0.200483 0.302471 -0.293280
v -0.168945 0.329696 -0.296431
v -0.087694 0.398004 -0.279553
v -0.262733 0.171121 -0.295299
v 0.002878 0.014962 -0.275006
v -0.206219 0.062338 -0.289234
v 0.072222 0.108916 -0.291126
v 0.095731 0.256531 -0.275853
v -0.153631 0.390426 -0.278784
v -0.239323 0.066026 -0.281412
v -0.282739 0.219154 -0.279029
v 0.107626 0.210863 -0.282452
v 0.043088 0.072509 -0.290884
v -0.259769 0.123235 -0.288083
v -0.000902 0.389928 -0.276420
v -0.197371 0.023307 -0.268762
v -0.257032 0.275105 -0.272476
v -0.141186 0.005313 -0.276537
v 0.025289 0.034888 -0.277463
v -0.274005 0.072648 -0.271949
v 0.112953 0.153279 -0.277617
v 0.065960 0.322582 -0.266494
v -0.181772 0.394911 -0.271063
v -0.292814 0.193542 -0.274811
v -0.242290 0.334362 -0.258802
v -0.202819 0.379836 -0.268669
v -0.061348 0.405004 -0.275629
v 0.105144 0.098449 -0.275943
v 0.083038 0.058843 -0.273926
v 0.034513 0.380006 -0.266078
v -0.291505 0.113984 -0.270744
v -0.298671 0.166550 -0.266427
v -0.002542 0.004402 -0.258546
v -0.237863 0.024797 -0.258906
v -0.284301 0.056581 -0.260226
v 0.104129 0.052253 -0.262433
v 0.125740 0.232063 -0.261940
v 0.076391 0.024616 -0.254699
v 0.131194 0.144763 -0.264482
v -0.102920 0.438613 -0.256556
v 0.122567 0.066809 -0.257702
v -0.167592 0.425324 -0.255951
v -0.071409 0.449920 -0.248393
v -0.320019 0.146574 -0.248164
v -0.310275 0.225696 -0.253122
v -0.062969 0.004393 -0.231619
v 0.144170 0.199545 -0.244476
v -0.007313 0.439249 -0.245465
v -0.195183 0.004255 -0.244982
v -0.328291 0.191989 -0.230578
v -0.286241 0.271660 -0.252338
v 0.020807 0.422903 -0.247923
v -0.142505 0.004794 -0.195949
v -0.315231 0.070701 -0.239088
v 0.122671 0.277941 -0.240401
v -0.205970 0.422292 -0.240979
v -0.270684 0.026812 -0.243502
v 0.145850 0.088869 -0.240321
v 0.053203 0.379282 -0.254117
v 0.093531 0.347621 -0.235575
v 0.049484 0.419667 -0.232298
v -0.140480 0.452192 -0.239024
v 0.068387 0.004309 -0.228305
v 0.154496 0.148698 -0.238578
v 0.165097 0.193864 -0.221652
v 0.136811 0.024717 -0.212170
v 0.113150 0.313340 -0.233388
v -0.276289 0.332132 -0.233038
v -0.244681 0.391070 -0.234048
v -0.243386 0.009194 -0.235717
v -0.313007 0.037452 -0.220374
v -0.329031 0.239038 -0.223722
v 0.143968 0.248781 -0.232431
v 0.155001 0.060996 -0.220163
v -0.333819 0.073379 -0.214415
v -0.312380 0.290285 -0.207730
v -0.120561 0.477282 -0.216345
v -0.051275 0.483840 -0.207714
v -0.091363 0.480235 -0.216446
v -0.302693 0.020159 -0.210813
v -0.345049 0.166160 -0.213358
v -0.297832 0.338177 -0.207547
v -0.196663 0.453387 -0.216670
v 0.086945 0.398227 -0.215792
v -0.251645 0.004225 -0.214062
v 0.020820 0.468781 -0.201028
v 0.041537 0.004569 -0.147261
v 0.165105 0.234964 -0.203183
v 0.164798 0.109355 -0.216363
v 0.102302 0.384160 -0.209323
v 0.119115 0.004466 -0.189620
v -0.336473 0.050615 -0.198479
v 0.144213 0.303450 -0.194603
v -0.236762 0.428591 -0.210736
v -0.184118 0.481387 -0.189400
v -0.207295 0.004665 -0.144042
v 0.121202 0.346709 -0.205658
v -0.289245 0.388072 -0.194125
v 0.182347 0.150542 -0.193266
v 0.159142 0.039723 -0.196576
v 0.095235 0.418663 -0.190574
v -0.341179 0.258697 -0.187999
v 0.072754 0.450824 -0.179263
v 0.109116 0.396757 -0.193299
v -0.290805 0.004253 -0.187774
v -0.333446 0.026178 -0.174556
v 0.175732 0.078008 -0.189180
v 0.170667 0.054430 -0.185972
v -0.371328 0.092353 -0.141951
v -0.361212 0.114630 -0.163178
v -0.362549 0.183088 -0.176902
v -0.354151 0.216767 -0.176953
v -0.079060 0.006375 -0.146362
v 0.132371 0.382419 -0.170940
v -0.289072 0.408285 -0.176347
v -0.091555 0.510407 -0.170581
v 0.045077 0.488076 -0.159170
v -0.318939 0.005357 -0.158587
v 0.191377 0.124435 -0.158773
v -0.218067 0.476843 -0.173324
v -0.009013 0.005509 -0.160441
v 0.188407 0.237894 -0.169607
v 0.177981 0.277708 -0.155459
v -0.319930 0.327400 -0.171471
v -0.307564 0.380723 -0.171553
v -0.246037 0.453336 -0.174707
v 0.019756 0.501208 -0.157607
v 0.198343 0.217561 -0.146920
v -0.173898 0.502234 -0.162417
v -0.332294 0.294682 -0.166316
v 0.148892 0.004627 -0.152966
v 0.123758 0.414591 -0.157597
v 0.017274 0.005188 -0.126325
v -0.353826 0.040541 -0.143556
v 0.189124 0.074901 -0.154951
v 0.205249 0.181084 -0.143122
v -0.207656 0.500820 -0.146685
v 0.197424 0.260501 -0.143498
v 0.069319 0.477726 -0.148154
v -0.150816 0.007032 -0.136401
v 0.166611 0.018490 -0.153694
v 0.206425 0.098385 -0.128369
v -0.333800 0.310146 -0.141285
v 0.167515 0.306198 -0.147420
v 0.153402 0.360454 -0.144420
v -0.055613 0.530923 -0.127254
v -0.338648 0.005180 -0.135030
v 0.180837 0.047491 -0.150302
v 0.100986 0.456374 -0.134500
v -0.220175 0.004790 -0.138021
v -0.356899 0.064968 -0.152586
v -0.382814 0.209220 -0.124865
v -0.319422 0.384872 -0.140167
v -0.301833 0.413748 -0.150136
v -0.272094 0.458057 -0.133554
v -0.236790 0.492698 -0.130180
v 0.168641 0.006827 -0.134786
v -0.184430 0.515318 -0.133945
v -0.356459 0.020661 -0.122288
v 0.139821 0.408436 -0.133319
v -0.330663 0.004922 -0.095680
v 0.187738 0.023085 -0.117436
v -0.370295 0.277051 -0.105018
v -0.032147 0.007621 -0.106740
v -0.099863 0.546310 -0.101303
v -0.330506 0.366891 -0.116791
v 0.168901 0.004772 -0.122057
v 0.155753 0.005013 -0.094707
v -0.381931 0.099922 -0.114959
v 0.213246 0.102649 -0.106124
v -0.393496 0.165168 -0.090557
v 0.215541 0.172560 -0.106113
v -0.397505 0.242545 -0.078151
v -0.369906 0.038044 -0.105497
v -0.379439 0.060959 -0.075614
v 0.196861 0.075630 -0.105812
v 0.228535 0.229215 -0.078008
v 0.048835 0.005106 -0.103212
v -0.371756 0.076207 -0.094872
v 0.203503 0.285477 -0.113490
v 0.179148 0.309447 -0.115600
v -0.337250 0.321446 -0.110565
v 0.159742 0.377451 -0.104972
v 0.065870 0.500430 -0.110884
v -0.146993 0.008141 -0.078264
v 0.171553 0.329406 -0.111639
v -0.305098 0.431931 -0.101688
v 0.036749 0.520990 -0.099887
v -0.216875 0.005158 -0.082905
v 0.007957 0.007913 -0.078498
v 0.035668 0.010724 -0.102401
v 0.202476 0.047154 -0.097079
v -0.248690 0.495419 -0.103677
v -0.213232 0.517993 -0.102611
v 0.014506 0.523544 -0.113651
v -0.069034 0.549621 -0.091605
v -0.343958 0.006143 -0.111689
v -0.084637 0.005890 -0.079091
v -0.376412 0.089199 -0.084650
v -0.321663 0.404158 -0.099813
v 0.085508 0.489130 -0.097271
v 0.211880 0.258441 -0.094924
v -0.328370 0.389627 -0.089231
v 0.223379 0.144587 -0.086676
v 0.130996 0.431584 -0.109692
v -0.207780 0.013603 -0.086700
v 0.175005 0.010876 -0.101140
v -0.351858 0.301680 -0.105287
v -0.335303 0.358102 -0.087558
v 0.150432 0.405960 -0.087293
v -0.174813 0.008556 -0.068750
v -0.375728 0.044047 -0.075993
v 0.162719 0.008294 -0.088944
v 0.203541 0.044606 -0.073900
v -0.176347 0.541013 -0.068988
v -0.398888 0.136465 -0.070223
v -0.277902 0.469607 -0.084870
v 0.059158 0.516210 -0.076277
v -0.010770 0.542106 -0.075880
v 0.033298 0.015786 -0.074926
v 0.197570 0.322017 -0.054635
v 0.175065 0.332432 -0.064477
v 0.104897 0.470647 -0.083868
v -0.407339 0.207641 -0.056733
v 0.211654 0.294465 -0.059859
v 0.117678 0.456536 -0.069903
v -0.350822 0.021924 -0.074798
v -0.394013 0.287409 -0.044169
v -0.338328 0.331660 -0.058326
v -0.244882 0.507978 -0.072758
v -0.338201 0.012711 -0.075243
v 0.040548 0.005007 -0.060771
v 0.211221 0.082277 -0.050244
v 0.227360 0.137369 -0.071568
v 0.092080 0.499088 -0.030951
v 0.077192 0.510150 -0.045459
v 0.214697 0.110042 -0.056500
v 0.171963 0.340620 -0.055667
v -0.407876 0.167104 -0.056119
v 0.238997 0.205102 -0.044978
v -0.246398 0.005126 -0.016187
v 0.158336 0.005676 -0.054558
v -0.057250 0.015243 -0.038105
v -0.312456 0.424800 -0.049709
v -0.208283 0.532198 -0.049581
v -0.079659 0.566597 -0.038254
v -0.329860 0.005018 -0.055993
v -0.203956 0.019003 -0.061566
v 0.238364 0.178065 -0.048879
v -0.382652 0.312198 -0.027600
v -0.267804 0.491983 -0.044364
v 0.167897 0.023921 -0.059696
v 0.190061 0.049853 -0.043817
v 0.103528 0.483588 -0.027007
v -0.006697 0.557020 -0.022838
v -0.108114 0.563582 -0.040565
v -0.209528 0.005113 -0.025841
v 0.111798 0.005055 -0.007063
v -0.098087 0.013551 -0.040654
v -0.358753 0.040324 -0.021004
v 0.144050 0.417210 -0.040819
v -0.289703 0.457471 -0.033503
v 0.228546 0.282130 -0.031914
v -0.335215 0.342983 -0.019464
v -0.385868 0.096866 -0.036917
v 0.031047 0.021081 -0.054135
v 0.161611 0.012744 -0.036021
v -0.337115 0.337488 -0.037724
v -0.318625 0.407629 -0.019383
v 0.035324 0.010047 -0.042746
v -0.364491 0.328775 -0.018644
v 0.153399 0.005000 -0.032875
v -0.000924 0.015596 -0.045650
v 0.032748 0.019888 -0.042566
v 0.214903 0.099029 -0.032684
v 0.230444 0.144953 -0.025773
v 0.036554 0.004929 -0.012921
v -0.335285 0.023076 -0.043369
v -0.401640 0.142327 -0.011236
v 0.240294 0.244097 -0.022016
v -0.260014 0.503615 -0.023366
v -0.240760 0.518470 -0.019837
v -0.203377 0.024529 -0.042648
v 0.028664 0.025650 -0.038873
v -0.377708 0.062414 -0.043786
v -0.412389 0.237801 -0.027489
v -0.400615 0.283251 -0.030064
v 0.044963 0.531150 -0.025962
v -0.333571 0.016232 -0.022723
v -0.132736 0.021633 -0.024801
v 0.163963 0.033909 -0.033034
v 0.207343 0.080240 -0.026443
v -0.412894 0.191688 -0.033507
v 0.152174 0.373423 0.000742
v 0.169037 0.340196 -0.024712
v 0.121702 0.448144 0.011125
v -0.163407 0.561691 -0.004274
v -0.006637 0.025694 -0.017710
v -0.171258 0.024378 -0.023211
v -0.332103 0.027101 -0.027777
v 0.184385 0.053704 -0.012040
v 0.214962 0.311256 -0.009066
v 0.143293 0.411521 -0.012610
v -0.089417 0.579637 0.018319
v -0.277090 0.483623 0.011153
v -0.333346 0.035090 -0.015404
v -0.408733 0.266300 -0.009884
v 0.187236 0.334710 -0.006022
v 0.032206 0.029156 -0.020796
v 0.028164 0.035648 -0.014919
v 0.241719 0.219359 -0.007583
v -0.323345 0.004620 -0.008229
v -0.202949 0.030919 -0.024737
v -0.202530 0.022691 -0.004465
v -0.105191 0.578647 0.025492
v 0.144009 0.004495 0.015938
v -0.363557 0.046210 -0.016379
v -0.392892 0.122696 -0.001598
v -0.338206 0.339317 -0.015982
v -0.045102 0.029680 -0.004782
v -0.205678 0.037586 -0.012667
v 0.235227 0.174756 0.018660
v 0.019112 0.552351 0.019912
v -0.329235 0.032179 -0.012064
v -0.413199 0.227022 -0.008076
v 0.225789 0.296298 0.001948
v -0.315741 0.004606 0.045304
v 0.150510 0.006360 0.007393
v -0.351690 0.336467 0.004663
v -0.299944 0.433058 0.020344
v -0.184618 0.557246 0.027548
v -0.087478 0.031238 0.007469
v -0.133676 0.033542 0.001116
v -0.202984 0.042545 -0.002633
v 0.157066 0.040726 -0.011300
v 0.156707 0.026771 0.011509
v 0.198897 0.082629 0.010212
v -0.400433 0.288379 0.004853
v 0.025359 0.020890 0.029230
v -0.325890 0.037913 -0.000105
v 0.034359 0.035267 -0.006601
v -0.369825 0.079393 0.010804
v -0.384504 0.312533 0.003237
v 0.159702 0.337206 0.007743
v 0.064450 0.522146 0.010731
v -0.005320 0.564542 0.023710
v -0.035061 0.570519 0.013281
v -0.330685 0.044008 0.004343
v 0.225977 0.138115 0.007127
v -0.332029 0.338434 0.001921
v 0.103736 0.484324 0.023217
v 0.059495 0.005034 0.044867
v -0.202864 0.004686 0.017843
v 0.028633 0.004604 0.023487
v -0.409909 0.207965 0.021202
v -0.253418 0.510656 0.008533
v -0.331509 0.021868 -0.003334
v -0.175299 0.043943 0.009109
v -0.207879 0.039976 0.013718
v 0.037418 0.044234 0.007218
v -0.406753 0.176150 0.020674
v 0.230974 0.252650 0.036358
v -0.011167 0.045748 0.014253
v 0.031198 0.050666 0.011916
v 0.148821 0.046607 0.013225
v -0.404356 0.243368 0.036791
v 0.203501 0.316253 0.022112
v -0.211546 0.048278 0.013062
v -0.305602 0.407975 0.038907
v -0.270505 0.492658 0.015528
v 0.089123 0.502110 0.040978
v 0.036037 0.041826 0.016451
v -0.204544 0.059264 0.026417
v -0.325779 0.350646 0.011979
v 0.160543 0.062161 0.029208
v 0.236119 0.212443 0.031996
v -0.385956 0.305641 0.020448
v -0.371120 0.318108 0.025610
v -0.032940 0.051707 0.028304
v -0.321107 0.041513 0.014591
v -0.350562 0.076911 0.026714
v 0.168177 0.330976 0.024509
v 0.182072 0.323955 0.036502
v 0.130301 0.421129 0.034531
v -0.318345 0.044408 0.027697
v -0.328513 0.332893 0.016388
v 0.145128 0.006168 0.042022
v -0.109705 0.036852 0.015825
v -0.319909 0.047346 0.022872
v 0.041281 0.052735 0.021772
v 0.029300 0.058976 0.026158
v -0.388601 0.148161 0.043494
v 0.153180 0.329340 0.026046
v -0.346740 0.326509 0.036557
v -0.321198 0.325038 0.035167
v -0.193216 0.009510 0.054551
v -0.165386 0.065677 0.038865
v 0.043827 0.052030 0.027077
v -0.375179 0.103540 0.026628
v 0.211718 0.140319 0.047789
v -0.216713 0.053581 0.029232
v 0.142311 0.362573 0.038455
v -0.276669 0.478451 0.046170
v -0.316803 0.028344 0.068428
v -0.195957 0.026901 0.043149
v 0.021674 0.033607 0.064082
v 0.141895 0.049998 0.029190
v -0.294301 0.399337 0.081101
v -0.320084 0.015996 0.052233
v -0.057630 0.065610 0.066300
v -0.140005 0.072144 0.057600
v 0.011011 0.066745 0.035930
v 0.044600 0.060112 0.036440
v -0.235619 0.005182 0.112398
v 0.145404 0.018629 0.072084
v -0.308439 0.053104 0.040273
v -0.223580 0.059563 0.042616
v 0.044658 0.053611 0.037806
v -0.391581 0.275540 0.049013
v 0.217002 0.283234 0.046320
v -0.308795 0.327685 0.065275
v -0.057539 0.579795 0.065403
v 0.023533 0.004635 0.049420
v -0.318986 0.070971 0.051841
v 0.141272 0.068480 0.053943
v 0.136093 0.054356 0.037282
v 0.049443 0.064150 0.045182
v 0.023593 0.077882 0.045172
v -0.399419 0.214300 0.052966
v 0.146442 0.322310 0.041786
v -0.254656 0.506054 0.047657
v -0.130456 0.576509 0.085880
v 0.143848 0.034378 0.064374
v -0.083517 0.073058 0.088903
v -0.102793 0.073188 0.085182
v -0.373500 0.293700 0.062601
v 0.123067 0.410292 0.073190
v 0.040925 0.535058 0.069466
v 0.006068 0.557287 0.094574
v 0.008167 0.099956 0.074738
v 0.046166 0.080022 0.059912
v -0.345494 0.112717 0.071629
v 0.105546 0.466606 0.066972
v -0.204402 0.542299 0.066384
v -0.308347 0.042330 0.077771
v -0.201135 0.047765 0.075917
v -0.299167 0.058677 0.047262
v -0.200042 0.082440 0.048571
v 0.197900 0.302540 0.056122
v -0.348904 0.311917 0.063987
v 0.155270 0.311975 0.069840
v -0.192705 0.004430 0.073330
v 0.125034 0.058696 0.050789
v 0.172336 0.108136 0.069525
v -0.382820 0.165736 0.064468
v -0.314398 0.317240 0.053240
v -0.270184 0.480047 0.069312
v 0.093104 0.005108 0.103632
v -0.232156 0.065155 0.055449
v -0.182827 0.095992 0.067376
v 0.218076 0.201843 0.066727
v 0.145999 0.317490 0.051200
v -0.031455 0.075954 0.062415
v 0.053794 0.061491 0.053872
v 0.059207 0.067483 0.054040
v 0.025688 0.097026 0.060606
v 0.033464 0.097061 0.061304
v 0.219425 0.245058 0.064847
v 0.139033 0.004302 0.083396
v -0.229636 0.090458 0.075833
v 0.157174 0.108612 0.082137
v -0.389261 0.242818 0.068876
v 0.137979 0.316321 0.061267
v -0.108450 0.580238 0.072910
v -0.316724 0.012209 0.079930
v 0.121391 0.055167 0.088056
v -0.287514 0.060697 0.057105
v 0.065664 0.065643 0.059211
v 0.112355 0.063840 0.056390
v -0.305135 0.088869 0.074479
v -0.277180 0.064962 0.056171
v 0.204116 0.276985 0.072153
v 0.170931 0.299709 0.083742
v -0.284751 0.444139 0.072399
v -0.028823 0.571708 0.092227
v 0.128534 0.084447 0.073118
v -0.205165 0.114680 0.071191
v 0.141293 0.311356 0.064168
v 0.125674 0.359152 0.083345
v -0.174867 0.557942 0.103368
v -0.307328 0.004515 0.102872
v 0.009654 0.023420 0.092333
v -0.113945 0.090939 0.109026
v -0.258673 0.067239 0.064839
v -0.261410 0.072553 0.060606
v 0.072484 0.071485 0.062370
v 0.097102 0.067258 0.057119
v 0.092849 0.076524 0.064970
v -0.243670 0.068078 0.060515
v -0.318851 0.105299 0.083486
v -0.226087 0.116239 0.088946
v -0.375526 0.266529 0.078496
v 0.142195 0.006737 0.082616
v 0.032472 0.054217 0.086234
v -0.215659 0.061150 0.090720
v 0.080522 0.067435 0.066504
v 0.054907 0.112015 0.088404
v 0.194369 0.166584 0.085458
v -0.180070 0.034973 0.104247
v -0.285691 0.061405 0.102453
v 0.099239 0.065187 0.092116
v -0.247204 0.103311 0.088990
v -0.308863 0.308653 0.069472
v 0.054899 0.066315 0.100739
v -0.210748 0.131232 0.081048
v 0.035469 0.118047 0.072920
v 0.132757 0.305601 0.074389
v 0.074685 0.107729 0.091934
v 0.107056 0.099403 0.082052
v -0.272492 0.115603 0.092403
v -0.361681 0.194961 0.099302
v -0.323960 0.297934 0.090735
v -0.297035 0.303258 0.085357
v 0.077174 0.496999 0.094210
v -0.241731 0.497577 0.113814
v 0.006665 0.042218 0.114672
v -0.250578 0.068109 0.099090
v 0.189152 0.236301 0.101885
v -0.065010 0.579191 0.095919
v 0.020001 0.004276 0.087447
v 0.014768 0.006537 0.095219
v -0.073054 0.080115 0.097607
v -0.170383 0.115621 0.104969
v 0.038762 0.131572 0.081150
v 0.173470 0.143448 0.092426
v -0.346299 0.146863 0.093756
v -0.345557 0.287094 0.092055
v 0.151585 0.289010 0.100730
v 0.185099 0.191567 0.102341
v -0.358474 0.234575 0.104474
v 0.107722 0.334862 0.123378
v 0.118977 0.294501 0.094419
v -0.186468 0.003450 0.110579
v 0.138808 0.039111 0.110850
v 0.017382 0.060781 0.131307
v 0.131124 0.120078 0.092381
v -0.297378 0.291705 0.092049
v 0.127656 0.295300 0.088074
v -0.255875 0.476486 0.111406
v -0.088707 0.574982 0.153638
v -0.177620 0.009139 0.123313
v -0.191206 0.053441 0.107219
v -0.032815 0.102555 0.109073
v 0.042107 0.142316 0.087958
v -0.268358 0.442751 0.114699
v 0.136178 0.005228 0.111137
v -0.213351 0.143197 0.089867
v -0.220562 0.149830 0.095103
v 0.057093 0.509939 0.127613
v -0.200951 0.538829 0.125288
v 0.046227 0.153612 0.095286
v 0.175169 0.256336 0.108161
v -0.349698 0.258432 0.105518
v -0.289938 0.283344 0.100290
v -0.273529 0.409524 0.123552
v -0.301703 0.054271 0.137994
v -0.214505 0.071551 0.128629
v -0.004642 0.126324 0.123985
v 0.153213 0.164251 0.109179
v -0.330511 0.273969 0.108801
v -0.305085 0.268948 0.115261
v 0.104563 0.385792 0.125226
v 0.095953 0.442038 0.116729
v 0.025026 0.541427 0.130971
v -0.205759 0.003658 0.159319
v 0.004669 0.009587 0.127345
v 0.133534 0.048910 0.143734
v -0.144369 0.121730 0.142463
v -0.330492 0.172751 0.111010
v -0.222453 0.165743 0.104050
v 0.116197 0.279190 0.103605
v 0.015116 0.003327 0.115137
v 0.131012 0.003576 0.147237
v -0.241072 0.156619 0.109315
v 0.070140 0.160597 0.111412
v 0.056578 0.172069 0.105071
v -0.227729 0.167617 0.103382
v -0.281189 0.277312 0.111061
v -0.281034 0.359432 0.120741
v -0.265520 0.168787 0.118025
v 0.090200 0.174771 0.120097
v 0.057733 0.186710 0.115447
v -0.280700 0.266230 0.111790
v -0.230224 0.177250 0.107009
v -0.336549 0.216176 0.119487
v 0.107452 0.270891 0.112228
v -0.275937 0.310628 0.128619
v -0.173550 0.018138 0.139157
v -0.309814 0.040121 0.136371
v 0.080169 0.076732 0.135329
v 0.107059 0.069676 0.145355
v -0.194593 0.152222 0.128213
v 0.062173 0.185334 0.110835
v 0.157516 0.220482 0.122645
v -0.034949 0.563120 0.156610
v -0.305375 0.003832 0.140380
v -0.309510 0.017617 0.143997
v -0.237343 0.188459 0.112147
v 0.153066 0.243717 0.122900
v 0.107089 0.258296 0.114695
v 0.127888 0.253271 0.121768
v 0.076567 0.479421 0.138206
v -0.179036 0.048976 0.135645
v -0.193413 0.061358 0.127246
v -0.231153 0.079267 0.145816
v 0.046773 0.075527 0.138870
v -0.086792 0.115613 0.149088
v 0.015334 0.149178 0.135242
v -0.236414 0.199399 0.121681
v -0.266392 0.191867 0.123345
v 0.077168 0.207915 0.117584
v -0.324077 0.239657 0.123546
v 0.101392 0.265990 0.122867
v 0.098588 0.255946 0.123326
v -0.076912 0.574192 0.154544
v 0.138691 0.018048 0.137600
v 0.091529 0.187995 0.122283
v -0.299253 0.200479 0.124309
v 0.117382 0.197758 0.124768
v -0.252188 0.211119 0.118475
v -0.272079 0.244660 0.118368
v -0.270357 0.253444 0.121638
v 0.098749 0.243124 0.118104
v 0.011348 0.003766 0.149187
v 0.000829 0.026688 0.146743
v -0.254143 0.077891 0.146562
v -0.017418 0.127592 0.144836
v -0.251314 0.218336 0.125609
v 0.081065 0.218548 0.121378
v 0.091830 0.229257 0.119613
v 0.109325 0.217452 0.126284
v 0.091071 0.237904 0.124225
v -0.262947 0.230561 0.119477
v -0.289450 0.229378 0.126272
v -0.273173 0.268544 0.129440
v -0.221245 0.519419 0.143748
v -0.046368 0.123205 0.152294
v 0.101767 0.302767 0.135201
v 0.007246 0.049234 0.148437
v -0.278224 0.069911 0.144650
v 0.061132 0.079966 0.152762
v -0.174685 0.145558 0.153874
v -0.234909 0.200758 0.131642
v 0.071723 0.210158 0.130911
v 0.104158 0.373579 0.133615
v -0.274800 0.386481 0.138414
v -0.256189 0.465602 0.146020
v 0.027017 0.165405 0.142029
v -0.278758 0.348517 0.134221
v 0.106795 0.333682 0.135103
v -0.269040 0.423377 0.149249
v 0.049065 0.523624 0.158875
v 0.005897 0.552280 0.145674
v -0.120684 0.568806 0.154275
v 0.021602 0.003371 0.158548
v -0.271840 0.003950 0.158735
v 0.036104 0.003574 0.159838
v -0.197879 0.164819 0.144032
v 0.080358 0.213101 0.148391
v 0.101107 0.272952 0.146042
v -0.272605 0.279952 0.142634
v -0.278488 0.318545 0.137550
v 0.099864 0.403101 0.141669
v 0.089435 0.451351 0.143347
v -0.244840 0.487258 0.150069
v -0.267090 0.245416 0.156301
v -0.284477 0.327595 0.142203
v 0.108021 0.369644 0.141741
v -0.196553 0.545169 0.161465
v -0.186829 0.003401 0.150742
v 0.084374 0.003632 0.177324
v 0.125415 0.003695 0.155699
v -0.112988 0.127680 0.159632
v -0.245652 0.203704 0.152800
v 0.094186 0.245514 0.156315
v 0.100589 0.004088 0.159300
v -0.175642 0.030048 0.153615
v -0.199653 0.065740 0.150784
v 0.010770 0.151314 0.157670
v 0.121455 0.346276 0.155059
v 0.121981 0.316472 0.158850
v -0.293158 0.387395 0.165784
v 0.103428 0.399700 0.149450
v -0.305640 0.035466 0.154357
v -0.185357 0.051287 0.157484
v 0.095943 0.069993 0.166422
v 0.086020 0.473549 0.160347
v -0.241759 0.003628 0.174532
v -0.219984 0.003853 0.179904
v 0.122703 0.049347 0.161535
v 0.028716 0.063541 0.158299
v -0.028634 0.129200 0.160895
v -0.298455 0.279944 0.166529
v 0.125946 0.282341 0.164845
v 0.031514 0.542828 0.168829
v -0.215324 0.533220 0.164684
v -0.149379 0.559997 0.166927
v -0.293239 0.049569 0.162218
v -0.217721 0.070125 0.169571
v -0.211266 0.064348 0.160136
v -0.298454 0.362879 0.166374
v -0.043657 0.566991 0.167678
v -0.189869 0.013143 0.164204
v 0.126687 0.023157 0.165566
v -0.296994 0.021286 0.166443
v 0.037806 0.061465 0.163528
v -0.210854 0.166930 0.171593
v -0.296829 0.318224 0.163346
v 0.116318 0.004976 0.163213
v -0.292819 0.005430 0.161670
v 0.078842 0.216674 0.162516
v 0.100949 0.442250 0.174411
v -0.199325 0.059062 0.163335
v -0.278386 0.053489 0.163501
v -0.200450 0.159988 0.173796
v -0.232975 0.190465 0.171324
v 0.106746 0.246666 0.171511
v 0.127577 0.375304 0.174548
v 0.121157 0.399788 0.174075
v -0.197308 0.548608 0.177109
v -0.273266 0.007605 0.161865
v 0.015954 0.037147 0.170438
v -0.189036 0.034191 0.169870
v 0.105348 0.047751 0.169097
v 0.044840 0.066355 0.178300
v 0.073119 0.067374 0.172720
v -0.071564 0.135734 0.169259
v 0.051452 0.179111 0.171046
v 0.033202 0.019448 0.170902
v -0.247714 0.067512 0.174521
v 0.061046 0.068501 0.179201
v -0.231244 0.070290 0.177934
v -0.121126 0.141736 0.193497
v -0.169694 0.148447 0.183004
v 0.025390 0.158367 0.174741
v 0.066836 0.193057 0.175973
v -0.278001 0.443856 0.185969
v 0.009870 0.554025 0.180691
v -0.101501 0.575271 0.174039
v -0.273260 0.021045 0.171084
v -0.205235 0.025293 0.172503
v -0.207044 0.050418 0.170989
v -0.272775 0.226711 0.184573
v 0.126940 0.329628 0.179835
v -0.262347 0.487211 0.190022
v -0.266366 0.004862 0.175296
v 0.037711 0.024049 0.185245
v -0.276537 0.040863 0.173136
v 0.102360 0.032807 0.174079
v 0.033820 0.046668 0.172130
v -0.268725 0.061849 0.176556
v -0.039737 0.144935 0.200988
v -0.150555 0.146484 0.195969
v 0.001802 0.150060 0.181368
v 0.133958 0.294992 0.181837
v 0.090827 0.008396 0.181581
v -0.297836 0.264693 0.185559
v -0.240441 0.537944 0.216683
v -0.075438 0.578426 0.184562
v -0.267936 0.029000 0.186097
v 0.040507 0.051635 0.187712
v -0.061358 0.144719 0.193753
v -0.014545 0.147075 0.191183
v -0.226822 0.159321 0.188694
v 0.061620 0.159979 0.194376
v -0.252674 0.195509 0.189514
v -0.299514 0.383918 0.183648
v 0.125307 0.399297 0.188807
v 0.071810 0.523586 0.201419
v 0.052102 0.006293 0.182269
v 0.097531 0.039455 0.183525
v -0.212598 0.054302 0.184780
v -0.086209 0.149285 0.183860
v 0.032742 0.136403 0.200788
v 0.086811 0.197741 0.196619
v -0.311661 0.297904 0.205363
v -0.113872 0.579321 0.190481
v -0.024163 0.571607 0.193441
v -0.211827 0.025450 0.187353
v 0.084407 0.054600 0.189418
v 0.131258 0.274762 0.185425
v -0.298019 0.350873 0.203301
v -0.149396 0.575216 0.200096
v 0.066380 0.022264 0.187266
v 0.078930 0.013441 0.188809
v -0.256673 0.052047 0.190645
v 0.068731 0.051760 0.186326
v 0.136640 0.305389 0.199471
v -0.252180 0.022088 0.192694
v -0.239089 0.022830 0.187824
v 0.049691 0.020991 0.190742
v -0.309304 0.278488 0.210045
v -0.289143 0.422703 0.197548
v 0.104950 0.453779 0.200185
v -0.227211 0.547727 0.216147
v -0.197349 0.565456 0.224788
v 0.082264 0.031146 0.194625
v -0.239963 0.046317 0.188303
v -0.024308 0.146912 0.198044
v -0.203742 0.137366 0.200029
v 0.004613 0.134235 0.196140
v 0.089984 0.491934 0.201596
v 0.058414 0.545038 0.214191
v 0.019268 0.565709 0.219418
v -0.059394 0.585435 0.196680
v -0.222930 0.042236 0.193145
v 0.054094 0.042546 0.193409
v -0.172869 0.130845 0.199032
v -0.088549 0.161959 0.208595
v -0.269464 0.198893 0.220993
v 0.139538 0.285128 0.216743
v 0.125893 0.348657 0.199536
v -0.286695 0.426437 0.223110
v -0.137584 0.674432 0.199399
v -0.106148 0.711924 0.197375
v -0.093239 0.657727 0.195686
v -0.053395 0.686222 0.196502
v -0.137387 0.147717 0.206227
v 0.102397 0.206553 0.225880
v -0.134651 0.596195 0.208861
v -0.102749 0.598730 0.203117
v -0.071596 0.604998 0.203261
v -0.032882 0.657301 0.201579
v -0.062106 0.731729 0.200111
v -0.029154 0.722249 0.203206
v -0.093201 0.742097 0.200868
v -0.187238 0.100837 0.218891
v -0.027203 0.120453 0.211923
v -0.222964 0.136616 0.216547
v -0.258414 0.164706 0.227807
v -0.014165 0.586845 0.213665
v -0.142506 0.725167 0.203779
v -0.145489 0.112262 0.214990
v 0.079806 0.161280 0.219642
v 0.117527 0.413341 0.221786
v -0.126404 0.617242 0.206643
v -0.157370 0.665094 0.205031
v -0.001522 0.668433 0.209630
v -0.141705 0.760005 0.212510
v -0.087046 0.763908 0.206270
v -0.005727 0.092290 0.217329
v -0.208909 0.121791 0.217677
v -0.038865 0.148871 0.210237
v -0.302196 0.338313 0.227594
v 0.075447 0.532212 0.225649
v 0.007490 0.579699 0.221168
v 0.001294 0.607681 0.220517
v -0.034032 0.769584 0.215232
v -0.165756 0.089236 0.218880
v 0.034098 0.111388 0.222603
v 0.054036 0.126663 0.235886
v -0.130138 0.152143 0.210652
v -0.064270 0.161314 0.217129
v 0.117577 0.237088 0.236924
v -0.258399 0.506618 0.222637
v -0.172040 0.613425 0.219421
v -0.169099 0.746156 0.215964
v -0.075550 0.793332 0.219922
v -0.129375 0.151669 0.214783
v -0.124596 0.158330 0.219183
v -0.115973 0.165336 0.225184
v 0.140425 0.299695 0.231242
v -0.195844 0.723142 0.221816
v 0.012661 0.739102 0.219901
v -0.111651 0.799840 0.226429
v -0.196190 0.074743 0.237408
v -0.033090 0.090815 0.224452
v -0.129687 0.101288 0.227037
v -0.048198 0.158132 0.219929
v -0.296222 0.252788 0.236931
v 0.105901 0.455126 0.230787
v -0.211287 0.675722 0.227427
v 0.044014 0.712516 0.230559
v 0.001340 0.774300 0.228513
v -0.238102 0.137254 0.245464
v 0.127653 0.360445 0.238218
v -0.179880 0.591351 0.224639
v -0.164621 0.788256 0.233427
v -0.051204 0.104040 0.233462
v -0.231966 0.124599 0.248531
v 0.130741 0.336057 0.229111
v 0.038215 0.560374 0.231451
v 0.030985 0.630289 0.232119
v -0.202806 0.759655 0.235366
v -0.143811 0.050848 0.232787
v -0.165616 0.047675 0.233643
v 0.010213 0.066291 0.231875
v 0.069178 0.141981 0.242194
v -0.107076 0.183029 0.247404
v 0.095510 0.171293 0.253584
v -0.291537 0.425655 0.263738
v 0.035849 0.571945 0.243952
v -0.201070 0.633270 0.230820
v 0.046998 0.664408 0.233131
v -0.209470 0.057021 0.263913
v -0.117751 0.161198 0.231110
v -0.056664 0.168147 0.234284
v -0.311757 0.297283 0.250487
v 0.079774 0.541289 0.261626
v -0.217652 0.559385 0.242890
v -0.219773 0.567373 0.256054
v -0.199240 0.579681 0.237250
v 0.028338 0.592127 0.236448
v -0.224982 0.672570 0.236125
v -0.003524 0.798545 0.243212
v -0.055506 0.812029 0.237317
v -0.091631 0.824818 0.246277
v -0.024256 0.050947 0.232039
v -0.058285 0.174944 0.238932
v 0.089483 0.505870 0.263178
v -0.253093 0.539545 0.260408
v 0.066773 0.658985 0.243177
v -0.240631 0.655914 0.244881
v -0.228199 0.712267 0.240949
v 0.026886 0.765939 0.237097
v -0.012255 0.020987 0.245749
v -0.046400 0.042565 0.243201
v -0.109538 0.112891 0.246315
v -0.116007 0.172757 0.235210
v -0.063729 0.188427 0.256264
v 0.118929 0.426695 0.263747
v -0.169930 0.006816 0.254370
v -0.103210 0.051337 0.260570
v 0.135473 0.282553 0.252923
v -0.219435 0.582695 0.255838
v 0.062414 0.700025 0.245096
v -0.150173 0.000121 0.254608
v -0.032636 0.002764 0.253960
v 0.063133 0.122822 0.264726
v -0.278907 0.213310 0.256114
v 0.095978 0.174529 0.265429
v 0.080508 0.649636 0.250908
v -0.242676 0.631499 0.256202
v 0.067031 0.670633 0.249322
v 0.055900 0.748984 0.251399
v -0.191312 0.031777 0.253746
v 0.029011 0.057723 0.252164
v -0.113321 0.175472 0.242247
v 0.126864 0.343014 0.272144
v 0.067096 0.621476 0.258947
v -0.121573 0.006907 0.256904
v 0.123625 0.390178 0.268832
v 0.046191 0.583473 0.254258
v -0.257791 0.622441 0.274343
v 0.049365 0.772716 0.258118
v -0.151981 0.828084 0.263555
v -0.048962 0.003851 0.258310
v -0.064924 0.029039 0.261147
v 0.120341 0.256031 0.262611
v 0.136677 0.305158 0.269883
v -0.273021 0.648076 0.263052
v -0.219996 0.765585 0.251759
v 0.024241 0.793688 0.254483
v 0.010122 0.004698 0.259700
v -0.066261 0.169047 0.268349
v -0.110934 0.186551 0.256357
v -0.061374 0.184303 0.255834
v -0.277210 0.469126 0.279464
v 0.092890 0.530901 0.303629
v 0.060590 0.558168 0.273147
v 0.096849 0.683238 0.278455
v -0.243240 0.746725 0.269676
v -0.194403 0.801741 0.259945
v -0.005587 0.000570 0.255216
v -0.076686 0.038925 0.274878
v -0.265512 0.174515 0.268539
v -0.299834 0.348671 0.261639
v 0.109820 0.458666 0.283865
v -0.039534 0.000000 0.259026
v -0.097331 0.100910 0.271428
v -0.298582 0.290753 0.282408
v -0.261268 0.507556 0.269734
v -0.233982 0.556465 0.273786
v -0.268390 0.683852 0.278364
v 0.072139 0.735285 0.267251
v -0.221775 0.815422 0.288899
v -0.026033 0.837776 0.272871
v -0.065347 0.845256 0.272810
v -0.187475 0.001183 0.264571
v 0.023186 0.002791 0.270034
v 0.040997 0.056445 0.272056
v 0.074341 0.145999 0.267174
v 0.102487 0.650373 0.267623
v -0.275241 0.664916 0.285252
v -0.113599 0.845642 0.274699
v -0.112739 0.000353 0.271495
v 0.036226 0.014622 0.279199
v -0.240878 0.139605 0.276741
v -0.080947 0.208655 0.288212
v -0.305927 0.314978 0.277747
v 0.102284 0.644191 0.267815
v 0.083166 0.702254 0.273620
v -0.260427 0.701398 0.280875
v -0.246136 0.784625 0.292022
v -0.080109 0.089113 0.285892
v 0.071697 0.144751 0.281596
v -0.108322 0.193582 0.264115
v -0.263313 0.533239 0.300564
v 0.070099 0.799823 0.294431
v -0.061559 0.001726 0.274227
v -0.208346 0.015600 0.278237
v -0.060630 0.196606 0.272262
v -0.287053 0.276132 0.287429
v 0.131254 0.292853 0.280460
v -0.287961 0.427896 0.300726
v 0.047454 0.815866 0.288320
v 0.019892 0.827661 0.282314
v -0.097869 0.018388 0.280925
v 0.082838 0.761300 0.293563
v -0.070497 0.009297 0.281924
v -0.217214 0.060779 0.279490
v -0.112000 0.195751 0.273212
v 0.101381 0.216296 0.286007
v 0.104015 0.631253 0.285961
v -0.196154 0.838372 0.295438
v -0.150759 0.847638 0.288030
v -0.237664 0.566654 0.289738
v -0.267298 0.595438 0.294931
v 0.089884 0.589422 0.289022
v 0.094664 0.616805 0.286501
v -0.092084 0.095717 0.296338
v -0.109811 0.204453 0.280487
v 0.064631 0.561639 0.287600
v -0.204700 0.000827 0.295749
v 0.044874 0.001259 0.327168
v -0.220810 0.030371 0.300946
v -0.087936 0.056137 0.297064
v -0.225320 0.085272 0.301739
v 0.048562 0.065711 0.290401
v 0.109695 0.279460 0.300153
v 0.110680 0.661565 0.293120
v -0.275318 0.714269 0.308330
v -0.095153 0.864778 0.306219
v -0.114516 0.202106 0.285068
v -0.058029 0.204424 0.281998
v -0.257968 0.185816 0.301603
v 0.097528 0.237523 0.305032
v 0.124533 0.315728 0.302322
v 0.114744 0.369770 0.305695
v -0.240300 0.552232 0.302502
v 0.073272 0.564057 0.298785
v 0.121447 0.648704 0.294272
v -0.072518 0.001097 0.320134
v 0.048889 0.027304 0.302848
v -0.083982 0.063727 0.299107
v -0.056457 0.212096 0.288374
v -0.285034 0.626441 0.307373
v -0.288549 0.653787 0.295087
v -0.050664 0.861175 0.301630
v -0.084290 0.040386 0.296843
v -0.088557 0.065725 0.302507
v 0.047655 0.070557 0.312285
v -0.063970 0.161705 0.302952
v -0.260133 0.494108 0.294869
v -0.296304 0.643783 0.295730
v -0.295083 0.675159 0.302013
v 0.046916 0.832569 0.299844
v -0.184218 0.850774 0.306549
v -0.216525 0.013176 0.300972
v -0.087475 0.029859 0.306165
v -0.078444 0.095037 0.314362
v 0.085231 0.185319 0.305507
v -0.117971 0.213689 0.291910
v -0.049953 0.217555 0.299972
v 0.113422 0.424613 0.312710
v -0.263434 0.518177 0.323879
v 0.069628 0.548448 0.310457
v -0.293120 0.699054 0.325170
v 0.120626 0.698189 0.323403
v -0.078592 0.008642 0.312668
v -0.233133 0.134217 0.304374
v -0.241364 0.159880 0.306263
v -0.293944 0.323608 0.307559
v -0.286037 0.384492 0.308834
v 0.086595 0.490024 0.306666
v -0.273108 0.463412 0.316227
v 0.106796 0.596403 0.306059
v -0.296153 0.657031 0.318376
v 0.135584 0.671415 0.318552
v 0.105643 0.733801 0.322176
v -0.267923 0.761613 0.311561
v 0.026163 0.850481 0.307553
v -0.128697 0.867031 0.318363
v -0.220361 0.054149 0.309138
v -0.117881 0.223164 0.301468
v 0.070116 0.554370 0.312129
v -0.255717 0.571864 0.312808
v -0.250633 0.846768 0.323336
v -0.224608 0.840456 0.306709
v -0.009861 0.860568 0.315072
v -0.113016 0.168108 0.309465
v -0.280178 0.314077 0.316666
v 0.084745 0.576250 0.306315
v 0.139398 0.641881 0.312991
v -0.318709 0.644770 0.322569
v 0.123535 0.657803 0.318822
v 0.095220 0.821599 0.325580
v 0.085964 0.837340 0.323979
v -0.089994 0.009862 0.325105
v -0.083202 0.238919 0.329801
v -0.052803 0.227713 0.306565
v 0.105014 0.301026 0.314110
v 0.097283 0.465938 0.321605
v -0.240629 0.559101 0.311221
v 0.135167 0.634190 0.333029
v -0.264648 0.816019 0.321026
v -0.096717 0.095373 0.323935
v -0.124281 0.223215 0.302605
v -0.046542 0.226522 0.304664
v -0.264853 0.295701 0.318796
v 0.130428 0.654271 0.323797
v 0.047290 0.040223 0.330862
v 0.062102 0.151431 0.313070
v 0.068309 0.195857 0.332456
v -0.303671 0.633238 0.328992
v 0.145497 0.645589 0.322593
v -0.277418 0.735078 0.322633
v 0.055875 0.868523 0.324396
v -0.216855 0.001138 0.334979
v -0.222951 0.005058 0.340422
v -0.227105 0.016975 0.340656
v 0.055027 0.016588 0.339082
v -0.042836 0.211768 0.320710
v -0.280623 0.352867 0.324792
v -0.254712 0.485394 0.316332
v 0.097774 0.590881 0.328978
v -0.295316 0.614997 0.331014
v -0.159979 0.865604 0.324924
v -0.086170 0.059671 0.319137
v -0.214601 0.045262 0.334146
v -0.113653 0.227866 0.309313
v -0.133356 0.237591 0.311631
v 0.089207 0.514957 0.328901
v -0.240124 0.542375 0.320563
v -0.308238 0.669402 0.318581
v -0.049657 0.175897 0.321953
v -0.137855 0.213136 0.332674
v -0.248444 0.240603 0.327635
v -0.040373 0.238412 0.312982
v -0.263617 0.307404 0.323963
v -0.280924 0.422481 0.323628
v 0.075384 0.481169 0.332067
v 0.086776 0.563748 0.321236
v -0.274007 0.596819 0.330493
v 0.128011 0.619460 0.334907
v -0.301308 0.658151 0.323379
v -0.224747 0.865772 0.322870
v 0.002109 0.872981 0.331349
v -0.097095 0.073845 0.335473
v 0.039537 0.092824 0.337820
v -0.223763 0.139587 0.323955
v -0.237675 0.195723 0.333337
v -0.136129 0.242935 0.314916
v 0.090084 0.342011 0.340298
v -0.256516 0.503083 0.335735
v 0.094942 0.570297 0.330537
v 0.019925 0.876022 0.330508
v -0.068887 0.106592 0.330195
v -0.033399 0.238863 0.320504
v -0.035471 0.246627 0.320299
v 0.098983 0.368609 0.336349
v 0.141728 0.657613 0.330706
v 0.148817 0.662511 0.315363
v -0.307053 0.689005 0.338095
v -0.095763 0.001659 0.357661
v -0.086596 0.015049 0.328852
v 0.076415 0.232230 0.328318
v 0.103067 0.833996 0.341066
v -0.191100 0.876527 0.330469
v -0.221998 0.905569 0.346347
v -0.068591 0.873724 0.337904
v -0.086332 0.010931 0.339121
v -0.214902 0.154474 0.336828
v -0.145721 0.255553 0.322323
v -0.045346 0.249618 0.332224
v -0.135755 0.248276 0.320827
v -0.027237 0.257444 0.324090
v 0.081667 0.282128 0.332138
v -0.246946 0.463758 0.359670
v -0.234360 0.549165 0.335376
v -0.271499 0.578212 0.340098
v 0.116120 0.606122 0.350529
v -0.319943 0.662455 0.312181
v -0.315683 0.656375 0.332352
v -0.325821 0.661970 0.332395
v -0.323618 0.671451 0.336116
v -0.276504 0.851676 0.346353
v 0.098587 0.858104 0.341919
v -0.074396 0.070513 0.339441
v -0.209038 0.080710 0.339317
v -0.074740 0.272622 0.377579
v -0.256748 0.331713 0.345577
v 0.094784 0.440084 0.338285
v 0.080446 0.500364 0.342582
v 0.134437 0.702586 0.358907
v 0.108480 0.775577 0.348084
v -0.278622 0.789952 0.345012
v -0.028305 0.871908 0.342823
v 0.029999 0.056669 0.349333
v 0.042803 0.156049 0.338381
v -0.030696 0.212738 0.337288
v -0.133088 0.170652 0.333903
v -0.021136 0.257521 0.328301
v -0.148690 0.270247 0.332366
v -0.155545 0.267838 0.328974
v -0.270905 0.390474 0.342370
v -0.245355 0.480171 0.335581
v 0.061590 0.521292 0.357742
v 0.058043 0.542141 0.339346
v -0.308323 0.624772 0.335214
v -0.321789 0.645519 0.336603
v 0.153859 0.663631 0.329861
v 0.108725 0.808672 0.351238
v 0.085042 0.895697 0.348729
v -0.244164 0.903892 0.348029
v -0.086195 0.040344 0.332852
v -0.206881 0.052361 0.343679
v -0.118473 0.257276 0.349282
v -0.019683 0.270925 0.328660
v -0.012021 0.279048 0.329875
v 0.072636 0.315230 0.337334
v 0.090814 0.402301 0.365391
v 0.102818 0.581135 0.343847
v -0.321147 0.627389 0.341241
v 0.145698 0.624615 0.333106
v 0.144582 0.657278 0.345230
v 0.057343 0.899972 0.342417
v 0.046365 0.001547 0.370146
v -0.224483 0.045202 0.378808
v -0.097955 0.046725 0.349773
v -0.200083 0.095924 0.348830
v -0.041577 0.151258 0.339030
v -0.031225 0.183107 0.339137
v -0.136212 0.271795 0.352659
v 0.001922 0.265966 0.346969
v -0.165051 0.287967 0.335918
v -0.232997 0.284396 0.341620
v 0.064155 0.289568 0.343447
v -0.255674 0.358800 0.358775
v -0.255235 0.430681 0.361552
v -0.237207 0.520969 0.353758
v -0.228538 0.540792 0.342672
v 0.077807 0.562194 0.349174
v -0.294842 0.609669 0.362177
v 0.151997 0.644746 0.347154
v -0.284146 0.757783 0.353115
v -0.136041 0.873458 0.347685
v -0.266362 0.895935 0.353752
v 0.052305 0.043508 0.376735
v -0.118251 0.106125 0.347715
v 0.044439 0.234536 0.351932
v -0.032820 0.278810 0.360210
v -0.005871 0.292134 0.339486
v -0.001611 0.288841 0.335215
v -0.216078 0.309312 0.343411
v -0.245593 0.318367 0.340130
v 0.073854 0.464251 0.361274
v 0.126775 0.717931 0.359570
v -0.150494 0.874023 0.343351
v -0.002796 0.885809 0.349107
v 0.044270 0.923945 0.361593
v -0.087950 0.031700 0.349204
v -0.080083 0.040307 0.342683
v -0.161229 0.214422 0.351680
v -0.182453 0.286582 0.344035
v -0.016289 0.214288 0.349474
v 0.061521 0.331912 0.355139
v 0.067925 0.477544 0.347190
v -0.222460 0.533798 0.356473
v -0.316693 0.659310 0.355466
v -0.074995 0.001497 0.367999
v -0.057820 0.088284 0.351574
v -0.197293 0.158329 0.349180
v -0.183645 0.298710 0.342361
v 0.017537 0.299889 0.341983
v -0.204339 0.313214 0.346539
v -0.262960 0.413447 0.361623
v 0.101718 0.579174 0.367118
v 0.151486 0.628260 0.352613
v -0.314829 0.699622 0.367998
v 0.114651 0.750715 0.361212
v -0.294134 0.730778 0.361207
v -0.172654 0.892210 0.356023
v -0.218373 0.923381 0.360329
v -0.199783 0.057375 0.351195
v 0.039147 0.206497 0.355305
v -0.217180 0.202329 0.349695
v 0.027663 0.274093 0.352918
v 0.027159 0.312501 0.345609
v 0.044007 0.313753 0.342865
v 0.048865 0.309457 0.342337
v -0.231075 0.448130 0.382364
v -0.239373 0.468393 0.367121
v 0.047326 0.536626 0.358139
v -0.330955 0.637763 0.380484
v -0.086499 0.014532 0.369395
v -0.013794 0.171248 0.350043
v -0.063261 0.279070 0.383077
v -0.211241 0.279861 0.348992
v -0.237080 0.477545 0.355341
v -0.221224 0.540293 0.358065
v 0.156759 0.674573 0.371427
v 0.152749 0.685911 0.362626
v -0.305317 0.707686 0.363773
v -0.035485 0.874306 0.365815
v -0.069614 0.051384 0.352874
v -0.189248 0.064122 0.361455
v -0.114781 0.059558 0.360096
v 0.014903 0.078007 0.362739
v -0.041732 0.087784 0.363670
v 0.013045 0.109818 0.357718
v 0.024868 0.161924 0.351013
v -0.158501 0.171246 0.349747
v -0.195257 0.248769 0.353289
v -0.232331 0.332953 0.363767
v 0.079873 0.366152 0.362443
v 0.039065 0.518343 0.389163
v -0.330158 0.676304 0.369824
v 0.105352 0.904115 0.368078
v 0.014793 0.906928 0.362427
v 0.087206 0.946690 0.383631
v 0.053863 0.034335 0.390766
v -0.014866 0.129168 0.358871
v -0.148065 0.118538 0.358405
v 0.004994 0.164412 0.354264
v -0.180487 0.170043 0.353976
v -0.193266 0.210803 0.358751
v 0.008536 0.211036 0.359987
v -0.176894 0.313643 0.366039
v 0.008219 0.320656 0.372238
v 0.060712 0.492476 0.372612
v -0.254572 0.567731 0.381489
v -0.294845 0.741953 0.386304
v -0.287978 0.902515 0.379721
v -0.008258 0.894303 0.380263
v -0.096237 0.047528 0.381722
v 0.045606 0.053521 0.370980
v -0.138028 0.086340 0.366625
v -0.175947 0.116869 0.359542
v -0.093348 0.285920 0.395931
v 0.048019 0.354404 0.387787
v -0.253022 0.378478 0.372738
v 0.076560 0.432117 0.371967
v 0.060835 0.553743 0.383838
v 0.128729 0.613921 0.374008
v 0.159524 0.639071 0.380116
v 0.145602 0.660919 0.362365
v -0.284295 0.815068 0.366194
v 0.119723 0.874066 0.376923
v -0.260925 0.954774 0.389589
v 0.069909 0.946319 0.379417
v -0.086024 0.031713 0.380084
v 0.012450 0.065587 0.363754
v -0.054456 0.061363 0.361418
v 0.060052 0.452159 0.379800
v 0.059652 0.476471 0.381973
v 0.110574 0.584176 0.381673
v -0.319554 0.661733 0.368335
v 0.139365 0.704025 0.367308
v -0.325785 0.716192 0.356216
v -0.305927 0.723721 0.363683
v 0.152057 0.716787 0.355673
v -0.294696 0.872138 0.385364
v -0.157921 0.887110 0.367675
v -0.065706 0.876847 0.375481
v -0.131900 0.001426 0.411971
v -0.226672 0.025715 0.386616
v -0.207309 0.062145 0.384619
v 0.032062 0.062951 0.384505
v -0.172125 0.067274 0.371025
v -0.020915 0.095867 0.367425
v -0.280067 0.581419 0.377808
v 0.162930 0.679258 0.374262
v -0.332458 0.690371 0.388864
v -0.319698 0.702732 0.376083
v 0.135339 0.727762 0.374647
v 0.121960 0.739059 0.374581
v 0.071677 0.837136 0.358105
v 0.050083 0.856349 0.360229
v 0.045628 0.844885 0.362698
v -0.252378 0.831062 0.359830
v -0.223891 0.845909 0.358029
v -0.237803 0.864775 0.363027
v 0.035303 0.534402 0.374845
v -0.325016 0.659680 0.388084
v 0.150090 0.663302 0.380451
v 0.148130 0.704516 0.375217
v 0.153906 0.718417 0.377655
v -0.285884 0.758027 0.388851
v -0.253022 0.820001 0.364633
v -0.249713 0.817373 0.369022
v -0.213229 0.846613 0.363403
v 0.079913 0.825217 0.361674
v 0.035575 0.857401 0.368979
v 0.074567 0.862472 0.365819
v -0.219622 0.868449 0.367170
v 0.116662 0.908088 0.385176
v -0.045263 0.063741 0.368627
v -0.041206 0.067832 0.365886
v -0.012562 0.073391 0.372449
v -0.036863 0.294659 0.384543
v 0.075257 0.415188 0.409135
v -0.229488 0.494519 0.379372
v -0.207137 0.531488 0.376708
v -0.204581 0.537480 0.384969
v -0.321808 0.721235 0.384632
v 0.079947 0.815004 0.371951
v 0.035647 0.846568 0.371675
v 0.094658 0.850427 0.377075
v -0.254644 0.859475 0.367985
v -0.040637 0.873477 0.382914
v -0.110553 0.875532 0.391701
v -0.216501 0.940395 0.380114
v -0.065201 0.055892 0.381043
v -0.026983 0.066820 0.373050
v -0.000062 0.067592 0.370422
v -0.130473 0.065186 0.367656
v -0.143260 0.067668 0.370212
v -0.155517 0.081887 0.370709
v -0.144407 0.297071 0.378984
v -0.178027 0.325464 0.382535
v -0.236807 0.368699 0.384613
v 0.076296 0.399237 0.401825
v -0.230087 0.481671 0.391181
v -0.322698 0.673540 0.394053
v 0.110854 0.792200 0.397356
v 0.114267 0.813587 0.391452
v -0.266024 0.818397 0.376467
v -0.265276 0.839195 0.371719
v -0.202668 0.856928 0.374970
v 0.057076 0.890035 0.380175
v 0.045439 0.947307 0.389359
v -0.075731 0.043688 0.396515
v -0.104180 0.052317 0.394944
v -0.165609 0.068521 0.371052
v -0.119692 0.282505 0.381540
v -0.218126 0.504699 0.392242
v 0.108153 0.579385 0.383757
v -0.341797 0.677723 0.379659
v 0.150556 0.704115 0.387936
v -0.320648 0.708710 0.396619
v -0.257088 0.810714 0.375292
v 0.089804 0.810904 0.377909
v -0.232156 0.823891 0.406127
v -0.204554 0.846823 0.378384
v 0.096438 0.832970 0.376789
v 0.044055 0.873693 0.372759
v -0.135922 0.872276 0.388709
v -0.169869 0.899764 0.385273
v 0.008277 0.911750 0.383095
v -0.090276 0.013029 0.387214
v 0.052283 0.013838 0.387796
v -0.140087 0.067006 0.384610
v -0.184902 0.064483 0.385119
v -0.003219 0.330757 0.394432
v -0.228632 0.465913 0.390029
v 0.057058 0.494900 0.380995
v 0.094622 0.571412 0.392613
v -0.306089 0.618453 0.384665
v 0.145150 0.632731 0.402019
v 0.150198 0.673136 0.389467
v 0.009840 0.866133 0.408564
v -0.201632 0.882313 0.391801
v 0.101803 0.946350 0.391492
v -0.237395 0.959149 0.393326
v -0.169814 0.069900 0.392531
v -0.207315 0.348687 0.391645
v -0.319734 0.634556 0.404750
v 0.111142 0.765560 0.401692
v 0.058421 0.828194 0.392790
v 0.115138 0.890105 0.411868
v -0.034631 0.871455 0.404681
v -0.246404 0.903904 0.390078
v -0.221726 0.012083 0.398332
v -0.061541 0.055189 0.396180
v 0.002805 0.069648 0.380959
v -0.031521 0.065638 0.397728
v 0.067150 0.385613 0.399793
v -0.241232 0.420844 0.422045
v -0.209615 0.517795 0.391820
v -0.283807 0.581106 0.386113
v 0.169149 0.678386 0.384123
v 0.115156 0.753559 0.402897
v -0.264728 0.796245 0.395785
v 0.087163 0.799322 0.391952
v 0.012373 0.851097 0.408764
v 0.093116 0.899464 0.394824
v -0.282002 0.949553 0.403052
v 0.035632 0.948187 0.409898
v -0.210611 0.001606 0.404425
v -0.084632 0.019490 0.388049
v 0.044932 0.047818 0.401151
v -0.212375 0.055495 0.396063
v -0.236658 0.403531 0.425899
v -0.291572 0.567371 0.386110
v -0.278619 0.572366 0.387471
v 0.120303 0.566806 0.385531
v -0.225162 0.908962 0.398442
v -0.213328 0.954814 0.416692
v -0.087986 0.022752 0.389479
v -0.060669 0.313051 0.421306
v 0.050733 0.461739 0.400260
v 0.057678 0.477775 0.392615
v 0.034062 0.511806 0.401367
v -0.189164 0.531208 0.396268
v 0.020669 0.533129 0.394738
v 0.019732 0.528937 0.394064
v -0.250048 0.566539 0.425579
v -0.297819 0.585788 0.403343
v -0.341030 0.653061 0.412376
v 0.133030 0.731208 0.403648
v -0.258151 0.798153 0.396768
v 0.103340 0.800863 0.403996
v -0.286536 0.870948 0.407322
v -0.064845 0.870731 0.420844
v -0.183495 0.001459 0.415965
v -0.111714 0.003518 0.412701
v -0.070826 0.001991 0.389247
v -0.077864 0.011441 0.401225
v -0.044830 0.049300 0.411153
v -0.215205 0.453835 0.413968
v 0.146210 0.624115 0.404940
v -0.339842 0.641725 0.401769
v 0.149963 0.670869 0.401354
v -0.320530 0.673869 0.402595
v 0.140742 0.712767 0.405749
v -0.304776 0.729361 0.407632
v -0.282004 0.785877 0.400259
v -0.287881 0.828859 0.399597
v -0.180156 0.854285 0.413209
v -0.267942 0.926949 0.409073
v 0.071156 0.976440 0.412762
v 0.033832 0.001875 0.408833
v -0.138178 0.056044 0.418435
v -0.127761 0.051903 0.407561
v -0.199195 0.055841 0.405112
v -0.214986 0.371802 0.413351
v 0.154701 0.635187 0.408808
v 0.148618 0.678064 0.404604
v 0.096566 0.789404 0.405072
v 0.110476 0.827019 0.405953
v -0.215728 0.827299 0.433250
v 0.122989 0.868981 0.405114
v 0.029982 0.898612 0.406238
v -0.251579 0.931506 0.410676
v 0.110833 0.944971 0.402314
v -0.229609 0.968931 0.414028
v 0.098178 0.968648 0.409398
v 0.083618 0.969031 0.402435
v -0.038201 0.001464 0.412483
v 0.046568 0.013797 0.404802
v -0.093149 0.025834 0.404306
v -0.218865 0.032438 0.406915
v 0.031021 0.050051 0.411095
v 0.041273 0.498405 0.446411
v -0.204377 0.512374 0.401292
v 0.019019 0.538662 0.421982
v 0.126888 0.586187 0.407833
v -0.317333 0.618329 0.404841
v -0.281596 0.827529 0.404173
v -0.160138 0.887811 0.409846
v 0.096854 0.941796 0.418487
v -0.140636 0.001547 0.420253
v 0.000344 0.061231 0.414205
v 0.015515 0.052083 0.408299
v -0.105430 0.315598 0.427614
v 0.034822 0.366722 0.418697
v 0.066732 0.424134 0.421077
v 0.085432 0.568730 0.424220
v -0.275560 0.570388 0.408176
v 0.115173 0.571025 0.405176
v -0.333012 0.685685 0.403418
v -0.283720 0.755973 0.406263
v -0.131044 0.863071 0.425116
v 0.121290 0.902162 0.410392
v -0.202228 0.899458 0.407348
v 0.009414 0.001605 0.419237
v -0.058084 0.005904 0.414835
v -0.103259 0.017355 0.415730
v -0.068913 0.027364 0.416471
v -0.174626 0.062251 0.409740
v -0.142694 0.331504 0.416275
v 0.009729 0.366180 0.426887
v 0.048175 0.385120 0.416192
v 0.164713 0.615268 0.408616
v 0.144551 0.611744 0.414906
v 0.162036 0.613590 0.393921
v -0.316113 0.612201 0.416043
v -0.333336 0.612942 0.395560
v -0.330321 0.627598 0.409447
v -0.334654 0.623449 0.420818
v 0.169259 0.644515 0.404739
v 0.168225 0.653323 0.413567
v 0.158494 0.686256 0.405028
v 0.089283 0.781914 0.419230
v 0.062323 0.811697 0.433360
v -0.292874 0.865038 0.407769
v -0.040315 0.861902 0.428860
v -0.235724 0.941564 0.425916
v 0.005860 0.907076 0.426062
v -0.290811 0.924798 0.413204
v 0.114768 0.941220 0.414196
v -0.251589 0.986320 0.427224
v 0.094843 1.000000 0.399240
v 0.100669 0.993242 0.406870
v 0.087939 0.978889 0.402241
v -0.206978 0.005654 0.410927
v -0.188237 0.046303 0.413125
v -0.181147 0.365724 0.426583
v -0.177984 0.526573 0.405572
v 0.001208 0.523667 0.411763
v 0.005770 0.529566 0.407078
v 0.051872 0.820260 0.437929
v 0.116426 0.848517 0.408265
v 0.056102 0.937038 0.427855
v -0.269023 0.980562 0.421833
v -0.112772 0.039522 0.415422
v -0.041658 0.322292 0.414684
v 0.036008 0.458768 0.422523
v -0.274350 0.783927 0.409255
v -0.241814 0.804910 0.427783
v -0.183933 0.873389 0.412885
v -0.290149 0.898691 0.414568
v 0.077914 0.936510 0.416351
v -0.209166 0.039571 0.413052
v -0.032629 0.048841 0.426811
v -0.075574 0.315819 0.428760
v 0.069520 0.411456 0.421762
v -0.217645 0.494513 0.439334
v -0.172974 0.523731 0.411787
v -0.171552 0.529710 0.413490
v -0.005105 0.889412 0.433507
v 0.102763 0.970898 0.424001
v -0.215816 0.462751 0.415117
v -0.299806 0.598256 0.433199
v 0.156222 0.637951 0.417396
v 0.140796 0.678519 0.415468
v -0.307139 0.688030 0.416479
v -0.058860 0.863229 0.445349
v 0.064481 0.979308 0.430186
v 0.032546 0.019160 0.417082
v -0.160699 0.050202 0.428196
v -0.235226 0.564059 0.443748
v 0.123398 0.583409 0.443683
v -0.324866 0.645012 0.425093
v -0.312448 0.679290 0.415673
v 0.136441 0.685510 0.415578
v 0.103674 0.741937 0.438174
v -0.265659 0.774256 0.421773
v -0.170706 0.841527 0.460286
v -0.187844 0.022277 0.419412
v -0.200826 0.023980 0.418662
v 0.016469 0.039885 0.418090
v -0.182377 0.042160 0.424779
v -0.156313 0.367686 0.443525
v 0.053119 0.406853 0.436364
v -0.194217 0.512214 0.437785
v -0.166910 0.526486 0.419522
v -0.007821 0.526924 0.423554
v -0.008485 0.532226 0.426131
v 0.077332 0.570289 0.446819
v -0.290572 0.579058 0.443150
v -0.297377 0.700914 0.425432
v -0.172428 0.897508 0.427584
v -0.198544 0.934132 0.436464
v 0.113995 0.928755 0.421796
v -0.182052 0.013377 0.428830
v -0.043104 0.026193 0.421418
v -0.129435 0.028426 0.421358
v 0.009951 0.019936 0.429260
v 0.015248 0.019000 0.418276
v -0.031085 0.349250 0.437890
v -0.007478 0.357589 0.427937
v -0.214753 0.392793 0.426174
v -0.165505 0.533175 0.426430
v 0.146048 0.672040 0.433747
v -0.316039 0.674082 0.434927
v 0.130374 0.690206 0.422029
v 0.097486 0.766515 0.422143
v -0.112962 0.867491 0.429230
v -0.281370 0.944680 0.423364
v 0.028095 0.937128 0.435394
v -0.273433 0.976972 0.426859
v -0.005514 0.006889 0.430238
v -0.033939 0.020227 0.430661
v -0.121441 0.340288 0.433581
v 0.026034 0.378912 0.446690
v 0.034069 0.471715 0.442127
v 0.041465 0.483735 0.442202
v 0.015992 0.513121 0.445095
v -0.175589 0.539025 0.439905
v 0.116658 0.580814 0.452177
v -0.296758 0.585727 0.439728
v 0.159762 0.626731 0.425152
v -0.168104 0.862395 0.448021
v 0.101701 0.959028 0.426814
v -0.235746 0.976972 0.437979
v -0.140327 0.022160 0.432239
v -0.138413 0.369137 0.464543
v -0.193505 0.380202 0.452253
v -0.223529 0.428227 0.444594
v -0.200623 0.459243 0.429443
v 0.146909 0.651175 0.430323
v -0.300294 0.692334 0.426636
v -0.256230 0.759369 0.451193
v -0.156799 0.877487 0.436440
v -0.256322 0.960451 0.429023
v -0.166048 0.008902 0.429723
v -0.107194 0.336402 0.443861
v 0.036545 0.395944 0.431424
v -0.010262 0.522751 0.443130
v -0.245436 0.785905 0.446951
v 0.027043 0.916192 0.434599
v -0.204104 0.922733 0.436867
v 0.096010 0.976148 0.436814
v 0.082562 0.987307 0.432575
v -0.007874 0.033863 0.435240
v -0.149403 0.530208 0.436552
v 0.007147 0.550398 0.464215
v 0.123377 0.604625 0.445914
v -0.307223 0.618496 0.436583
v -0.317702 0.643093 0.441330
v 0.143383 0.645499 0.442360
v 0.114620 0.707614 0.438520
v -0.227485 0.806909 0.451697
v -0.012781 0.876193 0.442475
v -0.220384 0.946625 0.443014
v -0.162460 0.027567 0.435686
v -0.033203 0.367641 0.462439
v 0.031058 0.405365 0.436589
v 0.051077 0.427774 0.445029
v 0.016921 0.462767 0.441110
v -0.204839 0.474297 0.446936
v -0.021595 0.530065 0.435122
v -0.020189 0.535062 0.438185
v 0.133999 0.623076 0.439694
v 0.130147 0.685707 0.444232
v -0.001267 0.859349 0.438181
v 0.012397 0.896484 0.437080
v -0.185662 0.899486 0.437198
v -0.118960 0.359504 0.451900
v -0.002674 0.380016 0.445120
v -0.172208 0.377290 0.442177
v 0.022449 0.385416 0.460146
v -0.217844 0.414134 0.442731
v -0.275268 0.717429 0.452087
v 0.080355 0.762350 0.454618
v 0.065111 0.788931 0.457499
v -0.089740 0.858328 0.464268
v -0.172454 0.892184 0.436194
v 0.080826 0.977126 0.443322
v -0.052471 0.359775 0.451723
v -0.019524 0.377500 0.451198
v -0.161971 0.518503 0.450627
v -0.149723 0.536061 0.439580
v -0.296474 0.670257 0.448302
v 0.125904 0.668318 0.446988
v -0.142850 0.852404 0.455063
v 0.018564 0.913355 0.437721
v 0.052700 0.952019 0.443348
v 0.065929 0.977033 0.441128
v -0.248717 0.978603 0.443084
v -0.192367 0.393532 0.465485
v -0.203221 0.405178 0.436147
v -0.184830 0.464629 0.445181
v -0.041643 0.535994 0.442747
v -0.043675 0.530033 0.441978
v -0.288964 0.697592 0.452174
v 0.086973 0.726239 0.467875
v -0.007721 0.868788 0.449627
v -0.156875 0.389812 0.451370
v 0.017060 0.410133 0.446685
v 0.012587 0.421389 0.445886
v 0.014052 0.448003 0.460220
v -0.126754 0.529930 0.441508
v 0.118899 0.586328 0.460434
v 0.120609 0.640789 0.460325
v -0.071505 0.365343 0.473401
v -0.016554 0.392993 0.453252
v 0.015720 0.396152 0.470009
v -0.194428 0.411026 0.439978
v -0.201455 0.499745 0.455329
v -0.117281 0.537803 0.450019
v -0.056931 0.538211 0.451414
v -0.003421 0.843236 0.460584
v -0.118341 0.849017 0.478851
v -0.031156 0.852690 0.453823
v -0.187515 0.435729 0.459130
v 0.022585 0.435713 0.458899
v -0.189688 0.443498 0.460509
v 0.022719 0.481066 0.459787
v -0.114017 0.530907 0.451882
v -0.130241 0.549085 0.481899
v -0.058707 0.531288 0.452585
v -0.244235 0.580403 0.475967
v -0.289331 0.591301 0.465413
v -0.174942 0.424235 0.447537
v -0.001905 0.428894 0.453097
v -0.188455 0.484377 0.464934
v -0.023268 0.518901 0.459113
v -0.284148 0.658914 0.475273
v -0.100609 0.367064 0.474200
v -0.004302 0.473446 0.457866
v 0.021938 0.501235 0.457849
v -0.016284 0.509564 0.465999
v -0.088754 0.538354 0.451755
v -0.087821 0.532762 0.454260
v -0.154538 0.846407 0.465194
v 0.001131 0.388852 0.463416
v -0.143957 0.396551 0.461328
v 0.000598 0.450891 0.473385
v -0.166721 0.474470 0.458609
v -0.155725 0.509347 0.465761
v -0.106532 0.519995 0.485653
v -0.084421 0.548800 0.489299
v -0.047874 0.552643 0.495002
v -0.182040 0.552340 0.465625
v -0.278283 0.591053 0.478149
v -0.277141 0.621724 0.481916
v -0.153359 0.397070 0.457918
v -0.029323 0.403301 0.462872
v -0.004896 0.420449 0.472066
v -0.086292 0.517473 0.453532
v -0.074457 0.525060 0.469208
v 0.101009 0.626778 0.487970
v -0.275952 0.666840 0.486671
v 0.101030 0.669815 0.488947
v 0.091359 0.702924 0.478643
v -0.027221 0.846285 0.469311
v -0.016944 0.846028 0.466609
v -0.085859 0.365003 0.469909
v -0.039513 0.385261 0.480007
v -0.176010 0.393176 0.469950
v -0.134731 0.381115 0.476999
v -0.141142 0.404618 0.465794
v -0.166459 0.412585 0.479772
v -0.165622 0.435616 0.462172
v -0.161102 0.467769 0.474130
v -0.002762 0.486264 0.466786
v -0.152844 0.512811 0.477674
v -0.045498 0.523822 0.479029
v -0.187102 0.812785 0.492076
v -0.174883 0.449296 0.468871
v -0.018162 0.488824 0.468630
v -0.009351 0.466947 0.482786
v -0.156164 0.486044 0.464229
v -0.100735 0.513079 0.474939
v 0.100914 0.605472 0.493614
v -0.264115 0.695952 0.482306
v 0.005420 0.818077 0.493906
v -0.059738 0.386842 0.470485
v -0.112588 0.382673 0.468663
v -0.131475 0.389769 0.481187
v -0.019092 0.433771 0.477710
v -0.015205 0.441876 0.473177
v -0.023627 0.497379 0.463463
v -0.140605 0.499423 0.466198
v -0.133546 0.505532 0.472027
v -0.019227 0.509073 0.472667
v -0.040261 0.500164 0.475741
v -0.069900 0.512414 0.478682
v -0.086723 0.507315 0.468491
v -0.116499 0.389363 0.472866
v -0.011417 0.413249 0.479564
v -0.172422 0.482071 0.499316
v -0.043605 0.506945 0.477428
v -0.141420 0.519056 0.500424
v 0.074869 0.587195 0.485885
v -0.064662 0.842479 0.494013
v -0.134990 0.428577 0.480283
v -0.038900 0.415527 0.472654
v -0.166792 0.450859 0.480806
v -0.129795 0.500069 0.476132
v -0.124860 0.503927 0.474922
v -0.088341 0.496596 0.473233
v -0.081373 0.500910 0.475608
v -0.142798 0.511231 0.496421
v -0.246180 0.712878 0.491491
v -0.239297 0.735406 0.486644
v -0.222967 0.769828 0.494207
v -0.105979 0.398989 0.476383
v -0.016809 0.490462 0.487144
v -0.145956 0.561922 0.505703
v 0.064603 0.737399 0.488691
v 0.020268 0.792705 0.510848
v -0.033803 0.836055 0.492482
v -0.093991 0.403993 0.489768
v -0.077580 0.402301 0.489363
v -0.102730 0.415950 0.477139
v -0.126542 0.428397 0.479377
v -0.033012 0.436793 0.486382
v -0.044173 0.430230 0.480087
v -0.144324 0.437929 0.484006
v -0.026686 0.438310 0.485544
v -0.022301 0.454237 0.484019
v -0.150437 0.454799 0.483724
v -0.001677 0.477863 0.494564
v -0.085482 0.485346 0.482184
v -0.111232 0.505037 0.482928
v -0.112600 0.509032 0.480422
v -0.059893 0.504368 0.485190
v -0.056838 0.511093 0.483980
v -0.127707 0.509117 0.481374
v -0.079365 0.506889 0.496643
v -0.057332 0.519298 0.494035
v -0.150875 0.827944 0.499612
v -0.068205 0.413574 0.477640
v -0.051180 0.421032 0.491028
v -0.156096 0.472602 0.490364
v -0.072333 0.495061 0.494095
v -0.030934 0.513766 0.502401
v -0.010333 0.566534 0.504141
v -0.120622 0.421852 0.491154
v -0.087217 0.416570 0.497979
v -0.071767 0.431330 0.481750
v -0.093985 0.428313 0.490814
v -0.104913 0.434060 0.485706
v -0.096855 0.494715 0.489154
v -0.093389 0.505977 0.496926
v -0.030475 0.519442 0.497865
v 0.073322 0.600211 0.505944
v 0.039923 0.767202 0.508087
v -0.066035 0.436037 0.493583
v -0.137181 0.436112 0.497951
v -0.105808 0.435923 0.496198
v -0.036064 0.435470 0.497431
v -0.139264 0.463068 0.486993
v -0.030776 0.473504 0.491287
v -0.161198 0.490138 0.507578
v -0.122999 0.515980 0.492485
v -0.237571 0.599364 0.508836
v 0.081971 0.641841 0.514818
v 0.064465 0.720789 0.495087
v -0.203438 0.785591 0.505504
v -0.074638 0.490779 0.494671
v -0.047965 0.518082 0.491254
v -0.266638 0.609974 0.500760
v -0.027897 0.820970 0.513556
v -0.012975 0.438022 0.506960
v -0.162723 0.438282 0.505277
v -0.043621 0.469455 0.500739
v -0.041824 0.473380 0.489856
v -0.129636 0.475341 0.492213
v -0.002822 0.488051 0.505640
v -0.117203 0.497406 0.501444
v -0.048433 0.495230 0.503080
v -0.069856 0.432339 0.499243
v -0.010335 0.442924 0.504887
v -0.122472 0.473602 0.500167
v -0.057311 0.482983 0.493246
v -0.043811 0.477100 0.493630
v -0.092533 0.471442 0.502407
v -0.105400 0.490071 0.494648
v -0.085231 0.431583 0.495516
v -0.123732 0.424155 0.510450
v -0.046680 0.424606 0.514049
v -0.032385 0.418870 0.511422
v -0.100104 0.454166 0.497529
v -0.104389 0.459919 0.497265
v -0.106976 0.448562 0.499401
v -0.068534 0.461977 0.499896
v -0.075983 0.458967 0.504163
v -0.067568 0.452255 0.494285
v -0.119230 0.481892 0.494055
v -0.082346 0.478813 0.495200
v -0.058032 0.492239 0.498783
v -0.125971 0.559446 0.519393
v -0.032363 0.564924 0.517471
v 0.069228 0.675471 0.520860
v 0.049266 0.718079 0.505922
v -0.136249 0.417840 0.511066
v -0.135342 0.441727 0.506377
v -0.031330 0.486169 0.518015
v -0.101088 0.479555 0.512084
v -0.077506 0.470972 0.502021
v -0.236318 0.669016 0.530188
v -0.204151 0.758780 0.516196
v -0.199795 0.774454 0.515642
v -0.158293 0.809669 0.520611
v -0.062546 0.438180 0.507191
v -0.036188 0.442110 0.507238
v -0.145921 0.455906 0.522366
v -0.066243 0.443555 0.502053
v -0.051889 0.448734 0.506901
v -0.024414 0.454735 0.521166
v -0.103793 0.471138 0.513055
v -0.069522 0.475583 0.515241
v -0.039574 0.462815 0.524279
v -0.137574 0.485819 0.516555
v -0.150513 0.488130 0.515546
v -0.245169 0.652938 0.525032
v -0.215316 0.722984 0.507100
v 0.038355 0.729823 0.509785
v -0.101488 0.828153 0.517306
v -0.108858 0.434873 0.509460
v -0.106320 0.427328 0.523645
v -0.046721 0.438811 0.512688
v -0.086158 0.468926 0.506881
v -0.118457 0.469874 0.518599
v -0.216216 0.707931 0.515238
v 0.024043 0.751763 0.521493
v -0.109784 0.438958 0.508145
v -0.151951 0.442913 0.514043
v -0.123042 0.441799 0.510681
v -0.123481 0.446603 0.507877
v -0.091189 0.460127 0.517085
v -0.165447 0.587747 0.529384
v -0.075150 0.814938 0.533523
v -0.134329 0.425274 0.517042
v -0.086001 0.441901 0.522368
v -0.066991 0.562568 0.556296
v 0.030749 0.720187 0.508804
v -0.067339 0.428460 0.524587
v -0.071180 0.445816 0.523163
v -0.133527 0.454347 0.533400
v -0.039526 0.452774 0.531340
v 0.066401 0.620524 0.526564
v -0.202562 0.727620 0.509841
v -0.200175 0.708628 0.517492
v 0.024999 0.737537 0.515830
v -0.022997 0.799874 0.533062
v 0.063751 0.653469 0.532901
v 0.021134 0.724707 0.528950
v 0.027765 0.708672 0.518173
v -0.097084 0.560452 0.556996
v 0.009284 0.601797 0.536074
v -0.230418 0.620357 0.530432
v -0.209012 0.682512 0.538602
v -0.191288 0.745252 0.520730
v -0.101680 0.435676 0.530843
v -0.071629 0.439000 0.529955
v -0.008736 0.779223 0.537754
v -0.171008 0.780510 0.533113
v -0.008253 0.593848 0.543529
v -0.190295 0.611913 0.542535
v 0.017843 0.698929 0.529110
v 0.005262 0.754961 0.524943
v 0.009138 0.762385 0.530314
v 0.037909 0.683814 0.537147
v -0.193302 0.701854 0.526376
v -0.190590 0.720265 0.531766
v -0.177173 0.754412 0.525127
v -0.175335 0.763930 0.532746
v -0.114326 0.801942 0.541212
v -0.040347 0.574765 0.557232
v 0.003997 0.621868 0.557327
v -0.225467 0.640569 0.540138
v 0.043043 0.658798 0.546515
v -0.169488 0.743503 0.537298
v 0.001189 0.737829 0.539093
v -0.153734 0.757880 0.532542
v -0.138339 0.744749 0.538748
v -0.018715 0.756521 0.532134
v 0.001866 0.611634 0.551406
v -0.182007 0.695065 0.534404
v 0.004887 0.693801 0.537343
v -0.128859 0.788094 0.546436
v -0.171695 0.604110 0.546536
v -0.157608 0.683415 0.553138
v -0.163097 0.691056 0.541052
v -0.168852 0.718307 0.544382
v -0.133153 0.689628 0.538670
v -0.125746 0.694541 0.536178
v -0.146969 0.695018 0.542662
v -0.043901 0.691021 0.538577
v -0.026059 0.689915 0.541472
v -0.046557 0.702121 0.538779
v -0.020280 0.721414 0.547579
v -0.009809 0.690797 0.541000
v -0.010476 0.710295 0.545342
v -0.030699 0.751800 0.536966
v -0.139281 0.763858 0.547695
v -0.205415 0.659896 0.551067
v -0.122904 0.691377 0.552308
v -0.042427 0.730456 0.541558
v -0.129129 0.727400 0.542024
v -0.142241 0.591759 0.574160
v -0.175736 0.628482 0.560048
v -0.117867 0.724336 0.556156
v -0.049171 0.729576 0.551603
v -0.083574 0.788948 0.553684
v -0.122327 0.572811 0.566456
v -0.009492 0.672077 0.561541
v -0.053733 0.690604 0.563256
v -0.055707 0.768996 0.556688
v -0.081538 0.568324 0.583638
v -0.168097 0.658838 0.565231
v -0.002995 0.631430 0.565147
v -0.002626 0.648748 0.565374
v -0.025201 0.684946 0.561606
v -0.075447 0.730990 0.563993
v -0.102126 0.761375 0.561532
v -0.029889 0.593137 0.574985
v -0.165439 0.622026 0.567719
v -0.157326 0.676143 0.565413
v -0.117033 0.689220 0.568532
v -0.101737 0.694856 0.577141
v -0.063990 0.703782 0.566254
v -0.021224 0.612618 0.579479
v -0.072316 0.694228 0.580535
v -0.065021 0.578063 0.591008
v -0.095130 0.706877 0.569017
v -0.101904 0.578781 0.596125
v -0.136780 0.681175 0.599333
v -0.147928 0.610515 0.582414
v -0.161750 0.648770 0.593762
v -0.157850 0.672130 0.586821
v -0.015687 0.672862 0.589104
v -0.020062 0.616512 0.594869
v -0.012489 0.658318 0.598559
v -0.063540 0.681416 0.598603
v -0.036868 0.607076 0.592288
v -0.036213 0.679934 0.601385
v -0.109030 0.673357 0.616205
v -0.129194 0.607501 0.596114
v -0.014679 0.648675 0.604965
v -0.161690 0.658363 0.599004
v -0.073854 0.592080 0.607045
v -0.048092 0.608985 0.599520
v -0.140300 0.616626 0.608382
v -0.094613 0.590409 0.607389
v -0.041176 0.611876 0.605260
v -0.154737 0.642455 0.605751
v -0.152636 0.658216 0.609224
v -0.144495 0.667277 0.612890
v -0.024286 0.666029 0.610495
v -0.098105 0.677068 0.629180
v -0.110234 0.615764 0.609309
v -0.159896 0.651880 0.613624
v -0.064679 0.616771 0.610936
v -0.030845 0.627202 0.614746
v -0.063518 0.669258 0.619824
v -0.041885 0.671491 0.616114
v -0.118214 0.628395 0.624547
v -0.147221 0.633989 0.615349
v -0.023586 0.636343 0.615992
v -0.073073 0.623893 0.614744
v -0.146835 0.647996 0.617201
v -0.021821 0.652876 0.613218
v -0.008424 0.651947 0.616127
v -0.157303 0.662774 0.617995
v -0.032411 0.659489 0.620212
v -0.072488 0.677407 0.627317
v -0.096834 0.624681 0.615029
v -0.006113 0.648357 0.625230
v -0.005132 0.662370 0.619560
v -0.101828 0.633528 0.625002
v -0.085217 0.633218 0.613772
v -0.164431 0.649266 0.623351
v -0.173183 0.651035 0.618801
v 0.004639 0.651014 0.622694
v -0.182760 0.659630 0.624704
v -0.128319 0.665872 0.620719
v -0.065681 0.636195 0.628222
v -0.139865 0.646189 0.621801
v -0.032063 0.646104 0.621261
v -0.085810 0.654278 0.622104
v -0.021256 0.645480 0.624198
v -0.187954 0.648115 0.625627
v -0.155239 0.659744 0.622717
v 0.007853 0.657183 0.631260
v -0.163465 0.658341 0.626392
v -0.168806 0.642214 0.630963
v -0.012474 0.653139 0.620405
v -0.145056 0.653056 0.618037
v -0.205617 0.654872 0.629397
v 0.020861 0.646851 0.626534
v 0.033280 0.654321 0.629554
v -0.091694 0.656694 0.626211
v -0.005132 0.657939 0.629291
v -0.106242 0.653424 0.628853
v -0.099233 0.666656 0.622747
v -0.062578 0.654680 0.628432
v -0.073741 0.666128 0.622683
v 0.002510 0.640052 0.634788
v 0.054079 0.645250 0.633278
v 0.022233 0.654774 0.634149
v -0.218005 0.642721 0.632761
v -0.245036 0.638743 0.635755
v -0.229148 0.649261 0.636824
v 0.050445 0.650993 0.638333
v -0.195272 0.654911 0.634767
v -0.270908 0.635443 0.638352
v -0.260100 0.643652 0.637991
v 0.068858 0.639750 0.634962
v 0.074943 0.645641 0.639745
v 0.097586 0.636967 0.637567
vn -0.0709 -0.1250 -0.9896
vn 0.1334 -0.0435 -0.9901
vn 0.0868 -0.3964 -0.9140
vn -0.1842 0.1096 -0.9768
vn -0.0809 0.2914 -0.9532
vn 0.1145 0.2372 -0.9647
vn -0.0677 -0.5642 -0.8229
vn 0.0827 0.5397 -0.8378
vn -0.1579 -0.0977 -0.9826
vn 0.2398 -0.2958 -0.9247
vn -0.1448 0.1983 -0.9694
vn -0.1764 0.3910 -0.9033
vn -0.1263 -0.4308 -0.8936
vn 0.3467 0.0647 -0.9357
vn -0.1335 0.5973 -0.7908
vn 0.4107 -0.4054 -0.8167
vn 0.3068 0.4493 -0.8391
vn -0.1515 -0.3064 -0.9398
vn -0.1697 0.0907 -0.9813
vn 0.5609 0.3103 -0.7675
vn 0.1351 -0.6839 -0.7169
vn -0.0950 -0.7622 -0.6403
vn 0.6397 -0.1330 -0.7570
vn -0.3865 -0.0529 -0.9208
vn -0.1730 0.4495 -0.8764
vn -0.0317 -0.8893 -0.4563
vn -0.3603 -0.4335 -0.8260
vn -0.3945 0.2766 -0.8763
vn 0.0461 0.7765 -0.6284
vn -0.1365 -0.6911 -0.7098
vn -0.1475 0.6620 -0.7348
vn 0.2313 0.7434 -0.6276
vn 0.2009 -0.9310 -0.3048
vn 0.6230 -0.5196 -0.5847
vn 0.4833 0.6813 -0.5498
vn -0.0243 -0.9875 -0.1556
vn -0.1652 0.7452 -0.6460
vn -0.1286 0.8151 -0.5648
vn -0.0573 -0.9696 -0.2379
vn -0.4840 0.1601 -0.8603
vn 0.8090 0.1013 -0.5790
vn -0.3595 0.5858 -0.7264
vn 0.8603 -0.3887 -0.3298
vn -0.4766 -0.1220 -0.8706
vn 0.1038 0.9516 -0.2894
vn 0.7266 0.4642 -0.5065
vn -0.1182 0.8470 -0.5183
vn 0.0054 0.9668 -0.2554
vn -0.2955 -0.7427 -0.6010
vn 0.5634 -0.7778 -0.2788
vn -0.4266 -0.4729 -0.7710
vn -0.2442 0.8112 -0.5313
vn -0.1369 0.9507 -0.2782
vn 0.9475 0.2201 -0.2321
vn 0.2827 0.9069 -0.3123
vn -0.4334 0.4281 -0.7930
vn -0.3548 0.6296 -0.6912
vn -0.0837 0.9630 -0.2560
vn -0.2158 -0.8982 -0.3829
vn 0.7241 0.6632 -0.1894
vn 0.4968 -0.8679 0.0029
vn 0.4826 0.8598 -0.1669
vn -0.0656 0.9408 -0.3325
vn 0.0683 -0.9207 0.3842
vn -0.4950 0.1319 -0.8588
vn -0.4862 -0.2324 -0.8424
vn -0.3325 -0.7296 -0.5976
vn 0.9752 -0.1935 0.1071
vn -0.0604 0.9891 0.1346
vn -0.6572 -0.0204 -0.7534
vn 0.0212 0.9994 0.0275
vn 0.8254 0.5345 0.1819
vn 0.0355 0.9732 0.2271
vn -0.5843 -0.3813 -0.7164
vn -0.6088 0.2617 -0.7489
vn -0.3245 0.6853 -0.6520
vn 0.2308 0.9724 0.0332
vn -0.5385 0.5429 -0.6444
vn 0.0680 0.9973 0.0276
vn -0.0289 -0.9980 -0.0568
vn 0.2515 -0.9339 0.2542
vn 0.7768 -0.5861 0.2304
vn -0.7203 0.1482 -0.6776
vn -0.3606 -0.8159 -0.4520
vn 0.9560 0.2057 0.2094
vn -0.6013 -0.5335 -0.5948
vn 0.5272 0.8292 0.1857
vn -0.0355 0.9804 -0.1940
vn 0.0340 0.8763 0.4806
vn -0.4625 0.7572 -0.4613
vn 0.2878 0.8749 0.3895
vn -0.2530 0.8910 -0.3769
vn -0.6228 0.6087 -0.4916
vn 0.1521 0.9241 0.3505
vn -0.0385 0.7770 0.6283
vn -0.7412 0.1478 -0.6549
vn 0.8821 -0.0532 0.4680
vn -0.7162 0.3736 -0.5895
vn -0.1733 -0.9717 -0.1603
vn 0.1394 -0.9369 0.3207
vn 0.0149 -0.9458 0.3243
vn 0.7626 -0.3295 0.5566
vn -0.7529 -0.1441 -0.6421
vn 0.0720 0.8058 0.5878
vn 0.7989 0.2921 0.5258
vn 0.5842 0.6270 0.5153
vn 0.2129 0.9444 0.2504
vn 0.5264 -0.5414 0.6555
vn 0.2773 0.6611 0.6972
vn -0.7277 -0.3823 -0.5695
vn 0.1583 -0.7208 0.6748
vn 0.2358 0.7232 0.6491
vn -0.1367 0.9871 -0.0829
vn -0.5197 -0.7447 -0.4187
vn 0.6524 0.0607 0.7554
vn 0.4540 0.4174 0.7872
vn 0.0696 0.6090 0.7901
vn -0.5010 0.7798 -0.3754
vn -0.3562 0.9054 -0.2312
vn 0.0817 0.9965 0.0200
vn -0.7411 0.3547 -0.5700
vn -0.6448 0.5902 -0.4857
vn 0.3708 0.7869 0.4933
vn 0.0051 0.5949 0.8038
vn 0.4292 -0.1945 0.8820
vn -0.0728 0.5030 0.8612
vn 0.0257 -0.5240 0.8513
vn 0.1926 -0.4218 0.8860
vn -0.8007 0.1130 -0.5883
vn -0.0173 0.2770 0.9607
vn 0.2345 0.4347 0.8695
vn -0.2200 -0.9645 -0.1463
vn 0.2134 -0.4949 0.8423
vn 0.2737 0.1538 0.9494
vn 0.0395 0.3856 0.9218
vn 0.1830 0.9312 0.3152
vn 0.1930 -0.1478 0.9700
vn 0.0112 -0.1289 0.9916
vn 0.0125 -0.0976 0.9951
vn 0.2903 -0.8621 0.4155
vn 0.4075 -0.5192 0.7512
vn 0.1705 0.1406 0.9753
vn 0.4585 0.5542 0.6947
vn -0.5330 0.7665 -0.3583
vn -0.1224 0.9923 0.0193
vn -0.3634 0.9025 -0.2311
vn -0.8223 -0.1756 -0.5412
vn 0.2733 -0.9195 0.2826
vn 0.4376 0.2490 0.8640
vn -0.8106 0.2444 -0.5322
vn 0.4462 -0.1552 0.8814
vn 0.4293 0.6784 0.5962
vn -0.7069 0.5233 -0.4759
vn -0.6480 -0.6334 -0.4230
vn 0.5602 0.3904 0.7306
vn 0.5361 0.4016 0.7425
vn -0.8761 -0.0406 -0.4804
vn 0.5460 -0.4721 0.6921
vn -0.7970 -0.4484 -0.4047
vn 0.5593 0.1168 0.8207
vn -0.2742 -0.9432 -0.1875
vn 0.5442 -0.2233 0.8087
vn 0.1951 0.9254 0.3248
vn 0.4374 0.7104 0.5513
vn -0.2680 0.9465 -0.1797
vn 0.0038 -1.0000 0.0039
vn -0.4149 -0.8797 -0.2324
vn -0.7488 0.4895 -0.4469
vn -0.8681 0.2764 -0.4123
vn -0.5668 0.7385 -0.3651
vn 0.5897 0.4424 0.6757
vn 0.0768 0.9933 0.0867
vn 0.6419 0.2093 0.7376
vn -0.9091 -0.2301 -0.3472
vn 0.6413 -0.1061 0.7599
vn -0.9362 0.0459 -0.3484
vn 0.4310 0.8427 0.3227
vn -0.4756 -0.8644 -0.1629
vn -0.4177 0.8867 -0.1980
vn 0.6924 -0.3925 0.6054
vn 0.4541 -0.8168 0.3559
vn -0.7366 0.6052 -0.3020
vn -0.1509 0.9866 -0.0626
vn -0.0078 1.0000 -0.0023
vn 0.6837 0.5534 0.4757
vn 0.3055 0.9490 0.0782
vn 0.7916 0.0113 0.6109
vn 0.7592 0.3481 0.5499
vn 0.7389 0.6589 0.1410
vn 0.4813 -0.8322 0.2752
vn 0.8080 -0.3138 0.4986
vn -0.7962 -0.5515 -0.2488
vn -0.8579 0.3013 -0.4162
vn -0.6528 0.5066 -0.5633
vn -0.0405 0.8724 -0.4872
vn -0.8667 -0.2251 -0.4451
vn 0.1687 0.9684 -0.1837
vn -0.4057 0.7881 -0.4630
vn -0.2437 -0.9661 -0.0848
vn 0.9282 0.2048 0.3105
vn 0.7815 -0.4973 0.3768
vn -0.7039 -0.6423 -0.3032
vn -0.8634 0.1077 -0.4930
vn 0.5777 0.6611 -0.4787
vn 0.9624 -0.1753 0.2076
vn -0.2088 0.3500 -0.9132
vn 0.4372 -0.8975 0.0580
vn 0.8946 0.1375 -0.4252
vn -0.5792 0.1953 -0.7914
vn 0.2757 0.4817 -0.8318
vn 0.0670 0.2475 -0.9666
vn -0.3273 -0.9221 -0.2063
vn -0.5496 -0.0557 -0.8336
vn -0.0303 0.0442 -0.9986
vn -0.2498 -0.0539 -0.9668
vn 0.2266 0.0685 -0.9716
vn 0.1301 0.0665 -0.9893
vn 0.1419 0.1389 -0.9801
vn 0.0341 0.1273 -0.9913
vn -0.1309 0.1495 -0.9801
vn 0.4589 -0.0460 -0.8873
vn -0.2347 0.0355 -0.9714
vn 0.0414 0.2297 -0.9724
vn 0.3090 0.0993 -0.9459
vn 0.2146 0.1799 -0.9600
vn -0.1587 0.2462 -0.9561
vn 0.8378 -0.5393 0.0851
vn 0.9754 -0.0838 -0.2040
vn -0.5352 -0.2388 -0.8103
vn 0.3859 -0.0152 -0.9224
vn -0.2716 0.2023 -0.9409
vn 0.1849 0.2916 -0.9385
vn -0.0343 0.3470 -0.9372
vn -0.2767 -0.1770 -0.9445
vn -0.3455 0.1664 -0.9235
vn 0.3665 0.2600 -0.8933
vn -0.5643 -0.5189 -0.6421
vn -0.2382 -0.0784 -0.9681
vn 0.4783 -0.0645 -0.8758
vn -0.3327 0.0811 -0.9395
vn 0.4382 0.1372 -0.8883
vn 0.3056 0.3025 -0.9028
vn 0.1049 0.3662 -0.9246
vn 0.8106 -0.4335 -0.3937
vn 0.6109 -0.2942 -0.7350
vn -0.3346 -0.3471 -0.8761
vn -0.2632 -0.0747 -0.9618
vn -0.3242 -0.2321 -0.9171
vn -0.4052 0.2223 -0.8868
vn -0.4044 0.2654 -0.8752
vn -0.2579 0.3013 -0.9180
vn -0.0016 0.4493 -0.8934
vn -0.4801 -0.0475 -0.8759
vn 0.7100 -0.6614 -0.2417
vn -0.2708 -0.4232 -0.8646
vn 0.4206 -0.2304 -0.8775
vn 0.5489 0.3019 -0.7795
vn -0.1322 0.4233 -0.8963
vn -0.3083 -0.3597 -0.8806
vn -0.5131 0.2130 -0.8315
vn 0.5595 0.0977 -0.8230
vn 0.4547 -0.3969 -0.7973
vn -0.4071 -0.1903 -0.8933
vn 0.2243 0.4264 -0.8763
vn -0.2958 -0.6083 -0.7365
vn -0.5053 0.3116 -0.8048
vn -0.2533 -0.8758 -0.4108
vn 0.4315 -0.6033 -0.6707
vn -0.4578 -0.2439 -0.8550
vn 0.5212 -0.0814 -0.8495
vn 0.4923 0.3048 -0.8153
vn -0.2910 0.4292 -0.8551
vn -0.6805 0.0141 -0.7326
vn -0.5373 0.2986 -0.7888
vn -0.4394 0.3453 -0.8292
vn 0.0725 0.4774 -0.8757
vn 0.4538 -0.1827 -0.8722
vn 0.3058 -0.3696 -0.8774
vn 0.4396 0.3711 -0.8180
vn -0.5787 -0.1219 -0.8064
vn -0.6788 -0.0088 -0.7343
vn 0.2482 -0.9391 -0.2379
vn -0.2668 -0.6298 -0.7295
vn -0.4642 -0.4495 -0.7632
vn 0.4337 -0.4443 -0.7839
vn 0.7015 0.2101 -0.6810
vn 0.3022 -0.6596 -0.6882
vn 0.6813 -0.0226 -0.7317
vn -0.0705 0.6078 -0.7910
vn 0.6135 -0.2953 -0.7324
vn -0.2227 0.5885 -0.7772
vn 0.0539 0.6287 -0.7758
vn -0.7523 -0.0228 -0.6584
vn -0.7255 0.1846 -0.6630
vn -0.0059 -0.9999 0.0110
vn 0.7769 0.1381 -0.6143
vn 0.2008 0.6322 -0.7483
vn -0.1226 -0.9442 -0.3058
vn -0.8072 0.0770 -0.5852
vn -0.6615 0.3389 -0.6690
vn 0.3683 0.5628 -0.7400
vn 0.0038 -0.9999 0.0136
vn -0.7026 -0.2504 -0.6661
vn 0.7105 0.3359 -0.6183
vn -0.4372 0.5460 -0.7147
vn -0.4113 -0.6705 -0.6175
vn 0.7610 -0.1393 -0.6336
vn 0.5549 0.3666 -0.7468
vn 0.6285 0.3339 -0.7024
vn 0.5090 0.5430 -0.6679
vn -0.1861 0.7002 -0.6892
vn 0.1969 -0.9282 -0.3157
vn 0.8059 -0.0374 -0.5909
vn 0.8297 0.1080 -0.5477
vn 0.5421 -0.6614 -0.5183
vn 0.6831 0.3275 -0.6528
vn -0.6274 0.3181 -0.7108
vn -0.5724 0.4081 -0.7112
vn -0.2680 -0.8466 -0.4598
vn -0.6282 -0.5322 -0.5676
vn -0.8130 0.2513 -0.5253
vn 0.7877 0.2655 -0.5560
vn 0.7869 -0.2900 -0.5447
vn -0.8567 -0.1396 -0.4965
vn -0.8003 0.3395 -0.4942
vn -0.1299 0.7768 -0.6162
vn 0.1368 0.7975 -0.5876
vn -0.0216 0.7688 -0.6391
vn -0.4489 -0.7746 -0.4455
vn -0.8651 0.0369 -0.5002
vn -0.7839 0.2689 -0.5597
vn -0.3611 0.6807 -0.6374
vn 0.6122 0.4329 -0.6617
vn -0.1519 -0.9658 -0.2103
vn 0.3579 0.7082 -0.6086
vn -0.0158 -0.9993 0.0343
vn 0.7946 0.2804 -0.5386
vn 0.8664 -0.1085 -0.4875
vn 0.6997 0.3466 -0.6247
vn 0.2130 -0.9531 -0.2151
vn -0.8340 -0.3500 -0.4265
vn 0.8133 0.3137 -0.4900
vn -0.5444 0.5824 -0.6037
vn -0.2757 0.7666 -0.5800
vn -0.0106 -0.9986 0.0514
vn 0.7471 0.3101 -0.5879
vn -0.6870 0.4014 -0.6057
vn 0.8934 -0.0650 -0.4445
vn 0.7725 -0.4553 -0.4427
vn 0.6228 0.5559 -0.5506
vn -0.8467 0.3325 -0.4154
vn 0.5485 0.6382 -0.5403
vn 0.6993 0.4317 -0.5697
vn -0.1121 -0.9869 -0.1160
vn -0.7133 -0.5641 -0.4159
vn 0.8913 -0.1521 -0.4270
vn 0.8680 -0.3243 -0.3760
vn -0.9145 -0.1811 -0.3617
vn -0.9165 -0.0459 -0.3974
vn -0.9100 0.0401 -0.4128
vn -0.8724 0.2001 -0.4460
vn -0.0033 -0.9998 0.0179
vn 0.7973 0.3354 -0.5018
vn -0.6736 0.5386 -0.5062
vn -0.0427 0.8637 -0.5023
vn 0.4517 0.7519 -0.4802
vn -0.3384 -0.9044 -0.2599
vn 0.9200 -0.0698 -0.3857
vn -0.4605 0.7018 -0.5435
vn -0.0204 -0.9995 0.0248
vn 0.8343 0.2210 -0.5050
vn 0.7582 0.4273 -0.4926
vn -0.8991 0.2298 -0.3726
vn -0.8290 0.3265 -0.4540
vn -0.5776 0.6381 -0.5092
vn 0.2745 0.8336 -0.4794
vn 0.9156 0.0985 -0.3899
vn -0.1979 0.8381 -0.5083
vn -0.8420 0.3906 -0.3721
vn 0.2725 -0.9397 -0.2065
vn 0.7288 0.5054 -0.4620
vn -0.0153 -0.9993 0.0354
vn -0.9010 -0.2388 -0.3621
vn 0.9018 -0.3484 -0.2557
vn 0.9275 -0.0078 -0.3737
vn -0.3592 0.8090 -0.4653
vn 0.8817 0.2150 -0.4199
vn 0.5728 0.6887 -0.4445
vn 0.0111 -0.9995 0.0309
vn 0.7418 -0.5361 -0.4029
vn 0.9257 -0.1526 -0.3460
vn -0.8852 0.3765 -0.2732
vn 0.8626 0.3462 -0.3689
vn 0.8915 0.2828 -0.3539
vn 0.1285 0.8895 -0.4385
vn -0.4572 -0.8643 -0.2096
vn 0.9060 -0.2620 -0.3324
vn 0.6740 0.6335 -0.3800
vn 0.1930 -0.9805 0.0369
vn -0.9283 -0.2622 -0.2637
vn -0.9186 0.0877 -0.3853
vn -0.9088 0.3060 -0.2837
vn -0.7951 0.4980 -0.3461
vn -0.6797 0.6404 -0.3575
vn -0.5378 0.7351 -0.4128
vn 0.5930 -0.7454 -0.3046
vn -0.2241 0.8844 -0.4095
vn -0.8145 -0.5323 -0.2308
vn 0.8371 0.4537 -0.3057
vn -0.2179 -0.9749 0.0463
vn 0.8182 -0.5397 -0.1982
vn -0.8274 0.4210 -0.3716
vn -0.0043 -0.9998 0.0170
vn -0.0764 0.9245 -0.3734
vn -0.9606 0.1929 -0.2002
vn 0.4058 -0.9139 0.0086
vn 0.1117 -0.9934 0.0269
vn -0.9461 -0.2459 -0.2106
vn 0.9250 -0.3549 -0.1360
vn -0.9318 -0.0454 -0.3601
vn 0.9379 -0.0442 -0.3441
vn -0.9050 0.2330 -0.3560
vn -0.9334 -0.2569 -0.2505
vn -0.9730 -0.0456 -0.2263
vn 0.9542 -0.2325 -0.1881
vn 0.9347 0.1274 -0.3319
vn -0.2618 -0.9650 0.0138
vn -0.9719 -0.1675 -0.1654
vn 0.8332 0.4274 -0.3508
vn 0.7621 0.5543 -0.3345
vn -0.9447 0.2921 -0.1492
vn 0.9385 0.3179 -0.1350
vn 0.5495 0.7629 -0.3406
vn -0.0203 -0.9927 0.1192
vn 0.9264 0.3092 -0.2148
vn -0.8053 0.5739 -0.1486
vn 0.3720 0.8718 -0.3188
vn 0.3377 -0.9412 -0.0117
vn 0.1202 -0.9794 0.1625
vn -0.0704 -0.9861 0.1504
vn 0.9605 -0.1421 -0.2392
vn -0.6240 0.7318 -0.2741
vn -0.4151 0.8605 -0.2952
vn 0.2400 0.9011 -0.3611
vn 0.1281 0.9318 -0.3396
vn -0.5583 -0.8259 0.0784
vn 0.0052 -0.9955 0.0944
vn -0.9325 -0.3569 -0.0553
vn -0.8894 0.4318 -0.1500
vn 0.6829 0.6940 -0.2279
vn 0.9257 0.2084 -0.3156
vn -0.9524 0.3010 -0.0483
vn 0.9384 -0.0449 -0.3426
vn 0.7852 0.5901 -0.1878
vn 0.2064 -0.9705 0.1249
vn 0.5848 -0.7814 0.2179
vn -0.7453 0.5991 -0.2927
vn -0.9868 0.1603 -0.0237
vn 0.8918 0.4473 -0.0674
vn -0.1185 -0.9715 0.2055
vn -0.8641 -0.4980 0.0726
vn 0.5232 -0.8386 0.1521
vn 0.8412 -0.5207 0.1459
vn -0.2714 0.9227 -0.2738
vn -0.9530 -0.2676 -0.1421
vn -0.7610 0.6279 -0.1635
vn 0.5063 0.8392 -0.1985
vn 0.2249 0.9228 -0.3129
vn -0.3379 -0.9340 0.1158
vn 0.6852 0.6947 -0.2187
vn 0.8008 0.5908 -0.0986
vn 0.7769 0.6130 -0.1438
vn -0.9549 0.0298 -0.2955
vn 0.8773 0.4142 -0.2425
vn 0.8284 0.5578 -0.0507
vn -0.6210 -0.7572 0.2026
vn -0.8130 0.4714 -0.3419
vn -0.7931 0.5812 -0.1821
vn -0.5993 0.7806 -0.1774
vn -0.6392 -0.7496 0.1719
vn -0.6064 -0.7932 -0.0555
vn 0.9841 -0.1661 -0.0630
vn 0.9594 -0.2567 -0.1170
vn 0.7310 0.6786 -0.0717
vn 0.5894 0.7989 -0.1199
vn 0.9422 -0.3297 -0.0597
vn 0.9442 0.3213 0.0731
vn -0.9723 -0.1163 -0.2028
vn 0.9756 0.0171 -0.2187
vn 0.0007 -1.0000 -0.0020
vn 0.5450 -0.8376 0.0377
vn 0.0379 -0.9528 0.3013
vn -0.8723 0.4886 0.0205
vn -0.4350 0.8836 -0.1733
vn 0.0552 0.9657 -0.2537
vn -0.6406 -0.7654 0.0609
vn 0.4841 -0.8653 0.1296
vn 0.9835 -0.0948 -0.1539
vn -0.7298 0.6521 -0.2052
vn -0.7840 0.6119 -0.1046
vn 0.7500 -0.6191 0.2328
vn 0.6641 -0.6808 0.3091
vn 0.8423 0.5367 -0.0496
vn 0.3085 0.9280 -0.2090
vn -0.1474 0.9569 -0.2501
vn 0.7342 -0.6771 -0.0505
vn -0.0016 -1.0000 -0.0042
vn -0.0287 -0.9619 0.2719
vn -0.5348 -0.7948 0.2869
vn 0.8927 0.4477 0.0509
vn -0.8473 0.5308 -0.0193
vn 0.8954 0.3783 -0.2350
vn -0.9262 0.3556 0.1251
vn -0.9700 -0.2380 -0.0493
vn -0.5048 -0.8457 0.1730
vn 0.8364 -0.5369 0.1102
vn -0.7952 0.6015 -0.0763
vn -0.9303 0.3456 0.1230
vn -0.9356 -0.3519 -0.0301
vn -0.5014 0.8565 -0.1226
vn 0.3766 -0.9244 0.0598
vn 0.1695 -0.9309 0.3237
vn -0.8798 -0.4561 0.1338
vn 0.9563 -0.2922 0.0094
vn 0.9552 -0.2959 0.0014
vn -0.5292 -0.8458 -0.0671
vn -0.7974 -0.5439 0.2615
vn -0.9572 -0.2845 0.0533
vn 0.9846 0.1649 -0.0586
vn -0.7045 0.7066 -0.0665
vn -0.5471 0.8322 -0.0896
vn 0.5385 -0.8118 0.2259
vn -0.3992 -0.8678 0.2957
vn -0.8677 -0.4803 0.1280
vn -0.9799 0.1238 -0.1566
vn -0.9076 0.3750 -0.1886
vn 0.4847 0.8672 -0.1143
vn -0.9861 -0.1249 0.1098
vn -0.0494 -0.9403 0.3366
vn 0.8731 -0.3808 0.3046
vn 0.8665 -0.4554 0.2046
vn -0.9967 -0.0740 -0.0348
vn 0.9324 0.2800 0.2286
vn 0.7633 0.6363 0.1121
vn 0.8887 0.4518 0.0777
vn -0.2866 0.9442 -0.1624
vn 0.1250 -0.8874 0.4438
vn -0.1489 -0.8962 0.4180
vn -0.9413 -0.2282 0.2488
vn 0.5813 -0.7404 0.3374
vn 0.7714 0.6332 -0.0635
vn 0.9235 0.3541 0.1472
vn -0.0024 0.9908 -0.1356
vn -0.8520 0.5235 0.0049
vn -0.5352 -0.7247 0.4340
vn -0.9755 0.2183 0.0275
vn 0.4179 0.9037 0.0932
vn -0.9203 -0.3583 0.1572
vn -0.2759 -0.8484 0.4518
vn 0.9985 0.0091 0.0535
vn -0.5828 -0.8061 0.1030
vn 0.6627 -0.6603 0.3533
vn 0.9969 0.0229 -0.0757
vn -0.1706 0.9785 -0.1163
vn 0.2436 -0.9698 0.0122
vn -0.6326 -0.6489 0.4228
vn -0.9131 -0.3529 0.2042
vn -0.4738 0.8806 0.0078
vn 0.1168 -0.8797 0.4609
vn 0.7164 -0.5936 0.3667
vn 0.9562 -0.2014 0.2122
vn 0.4970 0.8663 -0.0502
vn -0.9680 -0.0896 0.2345
vn -0.9957 0.0541 0.0754
vn 0.8923 0.4354 0.1192
vn -0.5761 -0.8142 0.0720
vn 0.6719 -0.7365 0.0780
vn -0.3150 0.9327 0.1759
vn -0.8991 0.4201 0.1229
vn -0.4631 0.8857 -0.0341
vn -0.0166 -0.9184 0.3954
vn -0.1009 -0.8991 0.4260
vn 0.3142 -0.7938 0.5207
vn 0.8647 -0.3340 0.3752
vn 0.9781 0.0609 0.1990
vn 0.7483 -0.5361 0.3907
vn -0.8969 0.4292 0.1068
vn -0.9836 0.0786 -0.1622
vn -0.8725 -0.3226 0.3670
vn -0.9832 -0.0002 0.1826
vn -0.7453 -0.4874 0.4549
vn -0.7056 0.7038 0.0821
vn 0.6152 0.7055 0.3519
vn 0.5770 0.8166 -0.0138
vn 0.3354 0.9403 -0.0585
vn 0.1890 0.9698 -0.1540
vn -0.5306 -0.7086 0.4651
vn 0.9181 -0.3508 0.1846
vn -0.6066 0.7435 0.2815
vn 0.8505 0.5228 0.0573
vn 0.0086 -1.0000 -0.0023
vn 0.5615 -0.8203 -0.1086
vn -0.6422 -0.7544 -0.1360
vn -0.9805 -0.0333 0.1939
vn -0.6308 0.7758 0.0152
vn -0.9869 0.0220 0.1600
vn -0.1330 -0.8415 0.5237
vn 0.9496 0.3122 0.0284
vn -0.8683 -0.4520 0.2042
vn -0.9410 -0.2154 0.2611
vn 0.9487 0.1883 0.2541
vn 0.1112 -0.8177 0.5648
vn -0.2961 -0.8146 0.4987
vn 0.7955 -0.4334 0.4234
vn -0.9497 0.1416 0.2792
vn 0.6648 0.6955 0.2727
vn 0.8528 -0.2597 0.4530
vn -0.9328 0.2709 0.2379
vn -0.7711 0.6350 0.0468
vn 0.7243 0.6799 0.1147
vn -0.9681 0.2378 0.0793
vn 0.2101 -0.7908 0.5749
vn -0.9262 0.2103 0.3129
vn 0.5228 -0.6983 0.4889
vn 0.9490 -0.0123 0.3150
vn -0.7665 0.5738 0.2886
vn -0.5678 0.7574 0.3224
vn 0.2265 -0.8006 0.5547
vn -0.9292 -0.1714 0.3274
vn -0.5568 -0.6150 0.5584
vn 0.0596 0.9367 0.3451
vn 0.3414 0.8540 0.3926
vn 0.9262 0.3093 0.2158
vn -0.9164 0.3279 0.2295
vn -0.4281 0.7948 0.4302
vn 0.7777 -0.6225 0.0874
vn -0.1509 -0.8632 0.4818
vn -0.7522 -0.4305 0.4988
vn -0.6940 -0.4304 0.5772
vn -0.1394 -0.8020 0.5809
vn -0.8263 -0.3647 0.4292
vn 0.5340 0.6774 0.5060
vn -0.1263 0.9157 0.3815
vn -0.6479 0.5887 0.4833
vn 0.9346 -0.2984 -0.1936
vn -0.1602 -0.7571 0.6334
vn -0.9439 0.2855 0.1661
vn -0.7497 -0.4684 0.4675
vn 0.8089 -0.3579 0.4664
vn 0.9562 0.1242 0.2651
vn 0.9241 0.1710 0.3418
vn -0.8561 0.4950 0.1485
vn -0.9621 0.2380 0.1331
vn 0.9239 0.3243 -0.2030
vn -0.8186 0.5342 -0.2112
vn 0.8446 -0.1987 0.4971
vn -0.9170 0.1807 0.3557
vn -0.9729 -0.1868 0.1365
vn 0.2756 -0.8263 0.4911
vn -0.3026 -0.8002 0.5178
vn 0.1359 -0.7219 0.6786
vn -0.7770 -0.4419 0.4483
vn -0.0091 -0.9999 -0.0112
vn 0.9884 -0.0769 0.1312
vn -0.8002 0.1079 0.5900
vn 0.8937 0.1524 0.4220
vn -0.8884 0.4448 0.1136
vn -0.8474 0.3421 0.4060
vn 0.8204 0.4156 0.3926
vn -0.9026 0.0726 0.4244
vn 0.1480 0.9888 -0.0178
vn -0.6796 -0.7215 -0.1326
vn -0.4124 -0.6438 0.6446
vn 0.3419 -0.6809 0.6477
vn 0.7668 -0.0968 0.6346
vn -0.6564 -0.3645 0.6605
vn -0.2068 -0.6425 0.7379
vn -0.8868 -0.0667 0.4572
vn 0.5794 0.6246 0.5236
vn -0.7102 0.6900 0.1396
vn -0.2479 0.9681 0.0360
vn 0.8419 0.5132 0.1666
vn 0.0171 -0.8607 0.5089
vn -0.2145 -0.8434 0.4926
vn -0.6569 0.5567 0.5085
vn 0.9196 0.2137 0.3298
vn 0.6150 0.7830 0.0936
vn 0.4523 0.8890 0.0710
vn 0.3773 -0.7096 0.5951
vn -0.3663 -0.5854 0.7233
vn -0.6100 -0.5116 0.6051
vn 0.8762 0.4215 0.2336
vn -0.5682 0.8203 0.0653
vn -0.7311 0.6738 0.1074
vn 0.6946 0.6880 -0.2101
vn -0.5875 -0.1035 0.8026
vn 0.2050 -0.6575 0.7250
vn 0.6147 0.6292 0.4757
vn -0.3096 0.7954 0.5210
vn -0.0658 0.8795 0.4713
vn 0.4816 -0.8709 -0.0979
vn 0.7328 0.2961 0.6126
vn 0.6046 -0.5284 0.5960
vn -0.7838 -0.2834 0.5526
vn -0.3621 0.7744 0.5189
vn -0.8334 0.4813 0.2717
vn -0.0030 -1.0000 -0.0088
vn 0.6808 0.0032 0.7325
vn -0.3238 -0.7129 0.6221
vn 0.8262 -0.1251 0.5493
vn 0.1206 0.8755 0.4679
vn 0.3535 -0.7892 0.5022
vn -0.6268 0.7295 0.2737
vn -0.5622 -0.0171 0.8268
vn 0.1367 -0.6230 0.7702
vn -0.3768 -0.4779 0.7935
vn 0.8470 0.1387 0.5132
vn 0.3607 -0.9316 0.0439
vn 0.3686 -0.5354 0.7599
vn 0.3321 -0.5132 0.7914
vn -0.8239 0.1022 0.5574
vn 0.6875 0.4917 0.5344
vn -0.0635 0.9979 0.0149
vn -0.9526 -0.2872 0.1000
vn 0.5429 0.8393 0.0286
vn -0.5665 0.5134 0.6446
vn -0.4747 0.6613 0.5808
vn 0.2286 -0.1846 0.9559
vn -0.1056 -0.5960 0.7960
vn -0.2235 0.4587 0.8601
vn 0.6952 0.3737 0.6141
vn 0.3947 0.6651 0.6339
vn -0.9040 0.3322 0.2690
vn 0.2832 0.9549 0.0891
vn 0.0895 -0.5847 0.8063
vn 0.0630 -0.5836 0.8096
vn 0.1466 0.8450 0.5143
vn 0.9170 0.0873 0.3892
vn -0.4286 0.9013 0.0635
vn -0.3071 -0.9515 0.0206
vn -0.9739 -0.0299 -0.2249
vn -0.2321 -0.8184 0.5257
vn -0.1465 0.9214 0.3600
vn -0.1070 -0.2700 0.9569
vn -0.3266 -0.2186 0.9195
vn 0.3730 0.6450 0.6670
vn 0.0200 -0.4918 0.8705
vn 0.1990 0.4863 0.8509
vn -0.2833 -0.5182 0.8070
vn 0.4797 -0.3371 0.8101
vn -0.7044 0.3105 0.6383
vn 0.8601 -0.4974 0.1133
vn -0.5421 0.8073 -0.2330
vn 0.3672 0.9184 -0.1474
vn -0.0626 0.7539 0.6540
vn -0.5253 -0.3539 0.7738
vn 0.7023 -0.3123 0.6397
vn 0.9345 0.2529 -0.2506
vn -0.3823 0.9223 -0.0559
vn 0.1966 0.9783 -0.0651
vn 0.0523 -0.5104 0.8583
vn -0.5298 0.5637 0.6337
vn -0.1723 0.9751 -0.1395
vn 0.0467 -0.5440 0.8378
vn -0.1215 -0.5119 0.8504
vn 0.4576 0.6066 0.6501
vn -0.0755 -0.5259 0.8472
vn 0.0408 -0.5581 0.8288
vn -0.0850 -0.4948 0.8649
vn -0.6688 -0.1536 0.7274
vn -0.0495 0.7681 0.6384
vn -0.7430 0.1979 0.6393
vn 0.7841 0.5769 0.2289
vn -0.7744 0.6134 0.1552
vn -0.8764 0.4290 -0.2187
vn -0.0057 0.9908 -0.1352
vn 0.6560 0.0787 0.7507
vn 0.0968 0.9923 0.0772
vn -0.1247 -0.9916 -0.0341
vn -0.7322 -0.6641 -0.1512
vn 0.1936 -0.8232 0.5337
vn -0.4993 -0.7135 0.4916
vn 0.0785 -0.5755 0.8140
vn 0.5157 -0.3776 0.7691
vn -0.5350 -0.3772 0.7560
vn -0.4654 0.5449 0.6975
vn 0.0921 0.6290 0.7719
vn 0.5866 -0.1836 0.7888
vn -0.6336 0.0926 0.7681
vn 0.9456 0.0036 0.3252
vn 0.7344 0.2079 0.6461
vn 0.3668 -0.9281 -0.0632
vn 0.9221 0.3840 0.0475
vn -0.6103 0.7878 -0.0838
vn 0.1028 -0.4545 0.8848
vn -0.1541 0.6652 0.7306
vn 0.1214 0.7179 0.6855
vn -0.8743 0.4448 0.1943
vn -0.0659 0.9978 0.0065
vn 0.8614 -0.4983 -0.0982
vn 0.6151 0.7364 -0.2817
vn 0.3533 -0.8082 0.4712
vn 0.1617 -0.6143 0.7723
vn -0.9211 0.2975 0.2510
vn 0.6832 -0.7239 0.0960
vn -0.1116 -0.5837 0.8043
vn 0.2891 -0.3390 0.8953
vn 0.7661 0.6427 0.0078
vn -0.6536 0.7569 0.0034
vn 0.0066 -0.4867 0.8736
vn 0.5069 0.3469 0.7891
vn -0.5339 0.3044 0.7888
vn -0.3564 0.4694 0.8079
vn -0.9612 0.1596 0.2250
vn -0.7320 0.6649 0.1488
vn 0.3286 0.9231 -0.1999
vn 0.5401 -0.7038 0.4615
vn 0.2430 -0.3322 0.9114
vn -0.2820 0.4770 0.8324
vn 0.0519 0.5042 0.8620
vn 0.9541 0.1148 0.2765
vn 0.9224 0.3072 0.2342
vn 0.6112 0.7912 -0.0225
vn 0.1957 -0.9021 0.3846
vn -0.8545 -0.5118 -0.0885
vn 0.8514 0.4757 0.2209
vn -0.3000 -0.8649 0.4024
vn -0.2629 -0.3237 0.9089
vn -0.4104 -0.5398 0.7350
vn 0.2115 0.4905 0.8454
vn -0.3467 -0.9359 -0.0630
vn 0.6388 -0.7276 0.2499
vn 0.3714 -0.2277 0.9001
vn -0.3730 -0.1918 0.9078
vn -0.0641 -0.4047 0.9122
vn 0.1392 -0.3446 0.9284
vn -0.8525 0.0265 0.5220
vn -0.9549 0.0535 0.2920
vn 0.0034 -0.3309 0.9437
vn -0.0377 -0.2976 0.9539
vn 0.5783 -0.5688 0.5848
vn -0.6092 0.1022 0.7864
vn -0.0689 -0.4263 0.9020
vn -0.3998 -0.0973 0.9114
vn 0.7793 0.0709 0.6227
vn -0.9767 -0.0761 0.2007
vn 0.9711 -0.1999 0.1302
vn -0.9517 0.2786 0.1293
vn 0.1034 0.9874 -0.1194
vn 0.4910 0.8497 0.1923
vn -0.6746 -0.6153 0.4079
vn 0.0667 -0.3794 0.9228
vn 0.3120 -0.0824 0.9465
vn 0.2777 0.9606 0.0116
vn -0.5707 -0.8029 0.1723
vn -0.9225 -0.1812 0.3409
vn 0.0466 -0.3199 0.9463
vn 0.2698 0.2034 0.9412
vn 0.4996 0.1248 0.8572
vn -0.0926 0.3714 0.9238
vn 0.8915 0.4529 -0.0103
vn 0.8574 0.5138 -0.0291
vn 0.5555 0.8210 -0.1320
vn 0.2302 0.9708 0.0670
vn -0.2838 0.9585 -0.0272
vn -0.0016 -0.7832 0.6218
vn 0.6673 -0.6558 0.3530
vn -0.6359 -0.5987 0.4871
vn 0.1953 -0.0995 0.9757
vn 0.0338 -0.2329 0.9719
vn -0.2643 0.1581 0.9514
vn 0.9256 -0.1107 0.3620
vn 0.8988 -0.2954 0.3238
vn 0.1888 0.9820 -0.0080
vn 0.9715 -0.1086 0.2109
vn -0.2165 -0.0836 0.9727
vn -0.1019 -0.1595 0.9819
vn 0.0571 -0.1751 0.9829
vn -0.1937 -0.2794 0.9404
vn -0.1492 0.1281 0.9805
vn -0.8260 -0.3003 0.4769
vn 0.2975 -0.0056 0.9547
vn -0.6724 -0.6632 0.3288
vn -0.9869 -0.0353 0.1574
vn -0.2033 0.9754 0.0857
vn 0.4351 -0.8412 0.3210
vn -0.7928 -0.5478 0.2672
vn 0.6306 -0.4877 0.6037
vn 0.2943 -0.1837 0.9379
vn -0.1117 0.0711 0.9912
vn 0.8056 -0.4333 0.4041
vn -0.3219 -0.1478 0.9352
vn 0.1142 0.1251 0.9856
vn -0.9592 -0.1373 0.2470
vn -0.7749 0.6285 -0.0667
vn 0.1341 -0.8684 0.4774
vn 0.9871 -0.1313 -0.0918
vn -0.8293 0.5126 0.2225
vn -0.4687 0.8381 0.2792
vn -0.1187 0.9672 0.2246
vn -0.5733 -0.7881 0.2239
vn -0.6999 -0.7114 -0.0637
vn 0.7641 -0.6327 0.1257
vn 0.9858 0.1225 -0.1148
vn -0.9646 0.1996 -0.1726
vn -0.9211 0.3742 -0.1070
vn 0.6776 -0.7346 -0.0351
vn -0.9354 0.0311 -0.3521
vn 0.9315 -0.0256 -0.3627
vn -0.9714 0.2240 -0.0789
vn 0.7073 0.6617 -0.2487
vn 0.3843 0.9230 -0.0193
vn -0.2557 0.9658 0.0425
vn -0.2053 -0.8604 0.4665
vn -0.1253 -0.9746 0.1855
vn -0.2506 -0.9196 0.3026
vn -0.6700 -0.7407 0.0502
vn 0.8302 -0.5561 -0.0390
vn 0.9290 -0.2602 -0.2632
vn -0.9370 -0.1986 -0.2873
vn -0.8493 -0.1265 -0.5125
vn 0.9775 0.1947 -0.0809
vn 0.9428 0.3119 -0.1179
vn -0.8247 0.5494 -0.1343
vn -0.8890 -0.4221 -0.1777
vn -0.8067 -0.0727 -0.5865
vn 0.8483 0.1693 -0.5017
vn -0.4681 0.8784 -0.0962
vn 0.5348 -0.8011 0.2689
vn 0.0005 -0.9205 0.3907
vn 0.3106 -0.8880 0.3390
vn -0.0126 -0.8198 0.5725
vn -0.7795 -0.6241 -0.0539
vn 0.8639 -0.4488 -0.2285
vn 0.2135 -0.9088 0.3584
vn 0.9107 0.0423 0.4109
vn 0.4838 0.8513 0.2031
vn 0.5781 -0.8090 0.1067
vn 0.8941 0.0320 -0.4468
vn 0.8797 -0.0045 -0.4756
vn -0.8594 0.2496 -0.4462
vn 0.8678 0.2655 -0.4200
vn -0.8649 0.2296 0.4463
vn 0.7326 0.5286 0.4289
vn 0.3895 0.8148 0.4294
vn 0.8645 0.4316 -0.2576
vn 0.0142 -0.9014 0.4327
vn 0.3020 -0.7748 0.5554
vn 0.5270 0.4494 0.7213
vn -0.4356 0.7421 0.5095
vn 0.2346 -0.9053 0.3541
vn -0.8364 -0.2722 -0.4758
vn 0.7942 -0.2700 -0.5444
vn 0.4773 0.8483 -0.2292
vn -0.6430 0.7250 -0.2470
vn -0.2858 0.9369 -0.2015
vn -0.5340 0.5209 0.6660
vn 0.5393 0.7915 0.2875
vn 0.5393 0.7453 0.3920
vn -0.9430 0.0525 -0.3287
vn 0.2554 0.9414 -0.2204
vn 0.5343 -0.4550 0.7124
vn 0.7189 -0.1076 0.6867
vn -0.5753 -0.0968 0.8122
vn -0.6002 0.7027 0.3820
vn -0.5903 -0.7302 -0.3441
vn -0.9253 -0.0055 -0.3791
vn 0.1703 -0.5978 0.7834
vn -0.3303 -0.6303 0.7026
vn 0.8469 -0.5314 -0.0176
vn 0.8893 0.3128 -0.3337
vn 0.3859 0.6360 0.6683
vn -0.5849 0.5315 0.6127
vn -0.4016 -0.8339 -0.3786
vn -0.7328 -0.5673 -0.3757
vn 0.7219 -0.5123 -0.4651
vn 0.9647 0.1058 -0.2413
vn 0.8537 0.3159 -0.4139
vn -0.4011 0.8725 -0.2792
vn -0.4516 -0.5925 0.6671
vn -0.6008 0.0421 0.7983
vn 0.5153 0.1179 0.8489
vn 0.6618 0.3670 0.6537
vn -0.3991 0.7309 0.5536
vn 0.1217 0.7844 0.6082
vn -0.0972 -0.8200 0.5641
vn 0.6356 -0.6663 -0.3900
vn -0.5364 -0.3260 0.7785
vn -0.1514 0.7954 0.5869
vn 0.1340 0.7002 0.7012
vn -0.0018 0.7657 0.6432
vn 0.1211 -0.8730 0.4724
vn -0.2335 -0.9334 -0.2726
vn 0.4326 -0.8412 -0.3244
vn 0.7163 -0.5175 -0.4681
vn -0.8873 0.3238 -0.3284
vn 0.3078 0.9232 -0.2301
vn -0.1676 0.9701 -0.1756
vn -0.5625 -0.3314 0.7575
vn 0.6447 -0.2224 0.7314
vn 0.5577 0.3745 0.7407
vn -0.7321 -0.5250 -0.4341
vn 0.9765 0.0888 -0.1961
vn -0.8686 0.4262 -0.2526
vn -0.5958 -0.6120 0.5200
vn -0.7647 -0.2693 0.5854
vn -0.6271 0.1621 0.7619
vn 0.5468 -0.1260 0.8278
vn -0.6810 0.2865 0.6739
vn -0.6171 0.5572 0.5556
vn 0.0156 -0.9165 0.3997
vn 0.1363 -0.9517 -0.2751
vn 0.2509 -0.9240 -0.2887
vn 0.9586 0.0067 -0.2846
vn 0.5815 -0.4764 0.6595
vn -0.8554 -0.4673 -0.2235
vn -0.7436 0.6017 -0.2916
vn 0.0847 0.9493 -0.3026
vn -0.7130 -0.1288 0.6892
vn -0.6757 0.2600 0.6898
vn -0.2273 -0.8600 0.4569
vn 0.0078 -0.9619 -0.2734
vn -0.5300 -0.6127 -0.5863
vn 0.5979 -0.5712 -0.5624
vn -0.7314 -0.4768 -0.4876
vn -0.9762 0.1964 -0.0920
vn 0.9744 0.2243 -0.0180
vn 0.7605 0.5551 -0.3369
vn -0.1861 -0.6640 0.7242
vn 0.7439 0.0209 0.6679
vn 0.7339 0.3814 0.5620
vn -0.0112 -0.8631 0.5049
vn 0.3520 -0.6597 -0.6640
vn 0.7652 -0.4749 -0.4346
vn -0.9871 0.0730 -0.1422
vn -0.1400 0.7967 -0.5880
vn 0.3195 0.7695 -0.5530
vn 0.5521 -0.2148 0.8056
vn 0.2922 0.4996 0.8155
vn 0.8846 -0.3960 -0.2462
vn -0.9923 0.1188 -0.0352
vn -0.3511 0.6576 -0.6666
vn -0.0538 -0.3164 0.9471
vn -0.1090 -0.5891 0.8007
vn -0.2800 0.3472 0.8950
vn 0.0172 0.3562 0.9343
vn 0.9775 0.1437 -0.1542
vn -0.0110 -0.2937 0.9558
vn 0.0498 -0.3154 0.9476
vn -0.1872 -0.2580 0.9478
vn -0.9458 -0.3101 -0.0965
vn -0.9390 0.3286 -0.1017
vn 0.9092 0.3670 -0.1965
vn -0.5086 0.8202 -0.2619
vn -0.5319 0.6935 -0.4860
vn 0.1108 -0.0677 0.9915
vn 0.0260 0.2777 0.9603
vn -0.1500 -0.9841 -0.0954
vn -0.3208 -0.6487 -0.6901
vn -0.0057 -0.5900 -0.8074
vn 0.8982 0.4042 -0.1726
vn 0.5768 0.7609 -0.2972
vn 0.4498 0.7734 -0.4467
vn 0.1163 0.6264 -0.7708
vn 0.0645 0.1531 0.9861
vn 0.0521 0.2321 0.9713
vn 0.0508 -0.5360 -0.8427
vn 0.0054 -0.8518 0.5239
vn -0.8694 -0.4393 -0.2260
vn 0.9801 -0.1876 -0.0648
vn 0.9896 0.1432 -0.0149
vn -0.9716 0.2359 0.0207
vn -0.2003 -0.0179 -0.9796
vn -0.0511 0.0785 -0.9956
vn -0.0303 -0.0769 -0.9966
vn 0.1237 0.0215 -0.9921
vn 0.5474 -0.7572 -0.3565
vn 0.9022 -0.3861 -0.1921
vn -0.2739 0.2732 -0.9221
vn -0.0990 0.2070 -0.9733
vn 0.1434 0.0817 -0.9863
vn 0.1948 -0.1130 -0.9743
vn 0.0845 0.1781 -0.9804
vn 0.2314 0.1417 -0.9625
vn -0.0639 0.2039 -0.9769
vn -0.3230 -0.4570 -0.8287
vn -0.4275 -0.3538 -0.8319
vn -0.6218 -0.6298 -0.4656
vn -0.8156 -0.5089 -0.2755
vn 0.3182 0.4190 -0.8504
vn -0.2158 0.1517 -0.9646
vn 0.3571 -0.3336 -0.8725
vn 0.7785 -0.5362 -0.3263
vn 0.9829 0.1839 0.0060
vn -0.2083 -0.1046 -0.9725
vn -0.3102 -0.0817 -0.9472
vn 0.3538 -0.0426 -0.9343
vn -0.1954 0.3401 -0.9199
vn -0.0076 0.3402 -0.9403
vn 0.0114 -0.3766 -0.9263
vn -0.5907 -0.5115 -0.6240
vn -0.4991 -0.8642 -0.0637
vn -0.9806 0.1958 -0.0054
vn 0.8366 0.4961 -0.2324
vn 0.5319 0.3118 -0.7873
vn 0.3687 -0.0463 -0.9284
vn 0.2083 0.3932 -0.8956
vn -0.0048 -0.3608 -0.9326
vn 0.4755 -0.4729 -0.7418
vn 0.7232 -0.5372 -0.4340
vn 0.4918 -0.8459 0.2063
vn -0.3027 -0.7863 0.5386
vn 0.9224 -0.3831 0.0491
vn -0.9264 0.3621 -0.1034
vn -0.3535 -0.1155 -0.9283
vn -0.3248 0.2838 -0.9022
vn 0.0539 0.5367 -0.8421
vn 0.8118 -0.3441 -0.4718
vn 0.6640 -0.7457 0.0557
vn 0.4818 -0.7745 0.4100
vn 0.9939 0.1096 0.0126
vn -0.4046 0.1139 -0.9074
vn 0.3661 0.2197 -0.9043
vn -0.1438 0.5531 -0.8206
vn -0.5215 -0.3945 -0.7566
vn -0.3871 -0.2479 -0.8881
vn 0.6085 -0.1986 -0.7683
vn -0.7572 -0.6519 -0.0418
vn -0.8988 -0.4219 0.1193
vn 0.9433 0.3282 -0.0494
vn -0.4730 -0.0609 -0.8790
vn 0.5340 0.1275 -0.8358
vn 0.3516 0.4509 -0.8204
vn -0.8061 -0.5690 -0.1626
vn 0.9912 0.1304 -0.0219
vn -0.4726 0.1784 -0.8630
vn -0.3122 0.5102 -0.8014
vn -0.6990 -0.1481 -0.6996
vn -0.8598 -0.4241 -0.2845
vn 0.9810 0.1938 -0.0062
vn 0.5600 0.7626 -0.3238
vn 0.4551 -0.1916 -0.8696
vn -0.4795 0.3573 -0.8015
vn 0.2189 -0.3193 -0.9220
vn -0.1990 -0.3871 -0.9003
vn 0.3488 -0.3836 -0.8551
vn 0.7854 -0.5944 -0.1726
vn 0.2796 -0.8311 0.4807
vn 0.8595 -0.5055 -0.0754
vn -0.9760 0.2162 -0.0276
vn 0.7036 0.2978 -0.6452
vn -0.4925 -0.1702 -0.8535
vn 0.5143 0.0038 -0.8576
vn -0.7845 -0.3203 -0.5310
vn 0.9214 -0.2172 -0.3223
vn -0.9523 -0.2471 -0.1789
vn -0.9854 -0.1057 0.1338
vn 0.7529 0.6293 -0.1925
vn -0.6135 0.7295 -0.3024
vn -0.7873 0.3169 -0.5289
vn -0.6768 0.1257 -0.7253
vn 0.5907 -0.0800 -0.8029
vn -0.5990 0.0140 -0.8006
vn 0.3000 0.5988 -0.7426
vn 0.1649 0.6523 -0.7398
vn -0.0357 0.7155 -0.6977
vn -0.0981 -0.3425 -0.9344
vn -0.8906 -0.4237 0.1651
vn 0.9581 0.2797 -0.0611
vn -0.7590 0.6317 -0.1578
vn 0.5156 0.1370 -0.8458
vn -0.5387 0.0372 -0.8417
vn -0.6610 0.1802 -0.7284
vn 0.4963 0.3760 -0.7825
vn 0.1538 -0.3826 -0.9110
vn -0.4482 -0.2608 -0.8550
vn 0.8415 -0.0413 -0.5387
vn 0.8614 -0.4981 0.0995
vn -0.3413 -0.8050 0.4853
vn 0.9776 0.2103 -0.0100
vn -0.3179 -0.4419 -0.8388
vn 0.8219 -0.1114 -0.5586
vn 0.9413 -0.2908 0.1713
vn -0.6848 -0.2148 -0.6963
vn 0.7124 0.1288 -0.6899
vn 0.0064 -0.7659 -0.6429
vn -0.1454 -0.5298 -0.8356
vn 0.9135 -0.3894 -0.1182
vn -0.9440 -0.3145 0.0999
vn 0.9044 -0.4034 0.1392
vn 0.5263 -0.1800 -0.8310
vn -0.5035 -0.3660 -0.7826
vn 0.6473 0.2371 -0.7244
vn 0.6866 0.2737 -0.6736
vn -0.5943 -0.3245 -0.7359
vn 0.6893 -0.3375 -0.6411
vn 0.9546 -0.2275 -0.1921
vn 0.9793 0.1682 0.1126
vn 0.5853 -0.3532 -0.7299
vn 0.5293 -0.3936 -0.7516
vn 0.9866 0.0851 0.1393
vn 0.7309 -0.1386 -0.6682
vn -0.6518 -0.4027 -0.6426
vn 0.6241 0.4026 -0.6696
vn -0.2562 0.6929 -0.6740
vn -0.4437 -0.5407 -0.7147
vn -0.7197 -0.2604 -0.6436
vn 0.8750 -0.3709 0.3111
vn 0.9770 0.0327 0.2107
vn -0.7110 -0.0903 -0.6974
vn -0.6216 0.3812 -0.6844
vn 0.4561 0.5388 -0.7083
vn 0.4402 -0.4248 -0.7911
vn -0.9852 0.1421 -0.0959
vn 0.9175 -0.3499 0.1891
vn -0.9823 -0.1817 0.0453
vn -0.9228 0.3753 0.0872
vn 0.8856 0.4451 0.1324
vn 0.8260 0.4830 -0.2905
vn 0.7367 0.2119 -0.6422
vn -0.7923 0.2134 -0.5715
vn -0.4233 0.5702 -0.7040
vn 0.1486 -0.8119 -0.5645
vn -0.9025 -0.1190 -0.4139
vn -0.8813 -0.4597 0.1098
vn -0.9790 0.1388 0.1490
vn 0.9256 0.3649 0.1008
vn -0.1211 -0.9513 -0.2834
vn 0.9557 0.0627 -0.2877
vn -0.8252 -0.3429 0.4488
vn -0.9833 0.1807 -0.0215
vn -0.8189 0.5035 -0.2756
vn -0.7251 0.2376 -0.6463
vn 0.8053 0.1892 -0.5619
vn -0.4409 0.5244 -0.7284
vn 0.2200 0.7627 -0.6082
vn 0.0649 0.8115 -0.5807
vn -0.4455 -0.6636 -0.6010
vn 0.5537 -0.6456 -0.5260
vn 0.8875 -0.2554 -0.3836
vn 0.8351 -0.5488 0.0368
vn 0.6828 0.2936 -0.6690
vn -0.7375 0.2456 -0.6291
vn -0.0985 0.8253 -0.5560
vn 0.4499 -0.8512 -0.2703
vn 0.8374 -0.3314 -0.4346
vn -0.9032 -0.4085 0.1315
vn 0.0001 -0.8108 0.5853
vn -0.9718 0.0683 0.2258
vn 0.6820 -0.2713 -0.6792
vn 0.7823 0.2872 -0.5527
vn -0.7846 0.2929 -0.5465
vn -0.6788 0.3119 -0.6648
vn -0.9785 0.0941 -0.1833
vn 0.8831 -0.4239 0.2009
vn 0.3814 -0.7694 0.5124
vn -0.8543 0.5067 0.1162
vn 0.6054 0.3702 -0.7046
vn -0.5998 -0.7188 -0.3515
vn -0.8130 -0.3429 -0.4705
vn -0.8647 -0.3507 0.3597
vn -0.8057 -0.3027 0.5091
vn 0.8372 -0.3096 0.4508
vn -0.9644 0.1642 0.2071
vn 0.4469 0.5147 -0.7317
vn 0.3096 0.6672 -0.6775
vn 0.8692 -0.2766 -0.4098
vn 0.7709 0.2363 -0.5915
vn -0.8338 -0.3976 -0.3831
vn -0.9514 -0.1856 -0.2457
vn 0.9031 -0.3076 0.2997
vn 0.9015 -0.2346 0.3637
vn 0.5997 -0.6301 -0.4933
vn -0.2711 0.6920 -0.6691
vn -0.1872 0.8244 -0.5342
vn -0.8888 -0.2220 -0.4010
vn -0.7533 -0.4800 -0.4496
vn 0.7020 -0.4486 -0.5532
vn 0.7373 -0.3003 -0.6051
vn 0.9834 0.1771 0.0387
vn 0.2667 -0.7212 0.6394
vn 0.8689 -0.2920 -0.3998
vn -0.3518 -0.9243 -0.1482
vn 0.5055 -0.8529 -0.1306
vn -0.9850 0.0362 -0.1688
vn 0.6308 0.0567 -0.7739
vn -0.9778 -0.1666 0.1273
vn 0.9813 -0.1589 -0.1087
vn 0.7915 -0.2402 0.5620
vn 0.7866 0.2145 -0.5790
vn -0.8063 0.2562 -0.5331
vn -0.0186 0.9262 -0.3766
vn 0.9344 -0.0228 0.3554
vn -0.6941 -0.3571 0.6251
vn -0.8480 -0.3041 0.4340
vn 0.8130 -0.1810 0.5535
vn 0.8240 -0.0988 0.5579
vn 0.9437 0.0950 0.3170
vn -0.9063 0.4226 -0.0034
vn 0.7019 -0.6113 -0.3655
vn 0.7254 0.4997 -0.4733
vn -0.3171 -0.9469 -0.0525
vn 0.9768 -0.1063 -0.1860
vn -0.7753 0.3950 -0.4929
vn -0.2136 -0.6858 0.6957
vn -0.7194 -0.4811 -0.5010
vn -0.6853 0.5944 -0.4208
vn 0.1012 0.9050 -0.4131
vn -0.7136 -0.1978 -0.6720
vn 0.9034 0.4214 -0.0791
vn 0.9699 -0.0847 0.2281
vn -0.9312 0.2304 0.2823
vn -0.9487 0.2376 0.2085
vn -0.7752 -0.2899 -0.5612
vn -0.7709 0.0938 -0.6300
vn 0.3420 0.5422 -0.7675
vn -0.1183 0.7285 -0.6747
vn -0.8459 -0.4572 -0.2747
vn 0.1560 -0.6261 -0.7640
vn -0.9598 0.2191 0.1752
vn 0.8315 -0.3396 0.4396
vn 0.7534 -0.2092 0.6233
vn -0.7881 -0.1449 0.5983
vn 0.9400 0.1273 0.3165
vn -0.9496 0.1192 0.2899
vn 0.9351 0.3192 0.1538
vn -0.7799 0.4230 -0.4613
vn 0.7882 0.4166 -0.4530
vn -0.8013 -0.5254 -0.2861
vn -0.9118 -0.2118 0.3518
vn -0.8185 -0.3248 0.4739
vn -0.8685 -0.0482 0.4934
vn -0.9362 0.0425 0.3489
vn 0.9685 0.0881 0.2328
vn -0.8434 0.3940 0.3653
vn 0.7736 -0.5762 -0.2636
vn -0.7723 0.1001 -0.6274
vn 0.6917 0.1317 -0.7101
vn 0.8780 0.2146 -0.4278
vn -0.8440 0.1576 -0.5126
vn 0.0814 0.6768 -0.7316
vn -0.0683 0.9283 -0.3656
vn -0.9963 -0.0768 0.0387
vn 0.0331 -0.7773 0.6283
vn 0.8014 -0.5906 -0.0952
vn -0.7278 -0.6294 -0.2723
vn -0.4760 0.3896 -0.7885
vn -0.2754 0.5718 -0.7728
vn 0.0876 0.8367 -0.5406
vn 0.8809 0.2336 0.4115
vn -0.6143 -0.3677 0.6982
vn 0.7931 -0.5227 -0.3128
vn 0.7715 -0.3874 -0.5047
vn -0.7951 0.2713 -0.5424
vn 0.7589 0.0410 -0.6499
vn 0.8120 0.1717 -0.5578
vn 0.5509 0.3753 -0.7454
vn 0.8014 -0.5646 -0.1973
vn 0.0033 -0.8073 0.5901
vn 0.1004 -0.7236 0.6829
vn 0.6406 -0.2528 0.7251
vn 0.7872 0.4643 0.4060
vn -0.9559 -0.2863 -0.0652
vn 0.6266 -0.5149 -0.5851
vn -0.7650 0.1999 -0.6122
vn 0.9116 0.2207 0.3469
vn 0.4542 -0.4850 0.7473
vn -0.5632 -0.1944 0.8031
vn -0.6230 -0.2368 0.7455
vn 0.7109 0.3960 -0.5811
vn 0.9188 0.3946 -0.0058
vn 0.8265 -0.2686 0.4947
vn 0.7273 -0.2108 0.6531
vn -0.6014 -0.5501 -0.5795
vn 0.8777 0.2212 -0.4251
vn -0.8791 0.2101 -0.4278
vn 0.2452 0.4882 -0.8376
vn -0.2978 -0.9525 -0.0632
vn -0.8269 -0.5614 -0.0333
vn -0.9883 -0.1179 -0.0971
vn 0.9907 -0.1183 -0.0666
vn -0.8512 0.2225 0.4754
vn -0.8509 0.0242 0.5248
vn -0.9132 0.1737 0.3686
vn 0.8470 -0.4670 -0.2540
vn -0.7132 -0.5859 -0.3848
vn -0.0218 0.8599 -0.5100
vn 0.0980 0.8076 0.5815
vn -0.9208 0.3607 0.1484
vn -0.1730 -0.7560 0.6313
vn 0.4615 -0.2621 0.8475
vn 0.9118 0.0904 0.4005
vn -0.8397 0.3658 0.4013
vn -0.5829 -0.1006 -0.8063
vn -0.7699 0.2009 0.6057
vn 0.7974 0.2050 0.5676
vn -0.7195 -0.1008 0.6872
vn -0.1303 -0.5888 0.7977
vn -0.4534 -0.3621 0.8144
vn -0.9006 0.1325 0.4139
vn 0.8868 0.0363 0.4608
vn 0.6780 -0.6991 -0.2271
vn -0.7933 -0.5571 -0.2457
vn 0.6307 -0.6198 -0.4670
vn -0.6157 0.0392 -0.7870
vn -0.1608 0.5286 -0.8335
vn -0.1413 0.7652 -0.6281
vn 0.8408 0.2945 0.4542
vn 0.7748 -0.0281 0.6316
vn -0.8048 -0.1168 0.5819
vn -0.6670 -0.2053 0.7162
vn 0.0219 -0.5209 0.8533
vn 0.6221 -0.3307 0.7097
vn -0.8872 -0.1680 0.4297
vn 0.8184 -0.5424 -0.1896
vn -0.1296 0.6401 -0.7573
vn -0.8058 0.2745 0.5247
vn -0.7092 0.0807 0.7004
vn -0.0336 -0.4996 0.8656
vn 0.8441 -0.0991 0.5270
vn 0.3408 -0.8098 -0.4775
vn 0.3250 -0.6408 -0.6955
vn -0.6978 0.5687 -0.4355
vn 0.4051 -0.9137 0.0322
vn 0.0390 -0.8875 -0.4592
vn 0.6746 -0.0915 0.7325
vn 0.8127 0.1439 -0.5647
vn 0.1477 0.7042 -0.6945
vn 0.0900 0.5906 -0.8019
vn 0.0303 0.9826 -0.1834
vn -0.1325 -0.9853 -0.1078
vn -0.6901 -0.1490 0.7082
vn 0.1811 -0.3503 0.9189
vn 0.4267 -0.7085 0.5621
vn -0.4968 -0.6377 0.5887
vn -0.1052 -0.2805 0.9541
vn 0.6247 -0.0875 0.7760
vn -0.7616 0.4182 0.4951
vn -0.8252 -0.5452 0.1477
vn -0.7449 -0.6361 -0.2014
vn 0.7192 -0.6683 -0.1899
vn -0.6723 -0.2407 -0.7001
vn -0.7577 -0.3809 -0.5300
vn -0.8823 -0.4617 -0.0915
vn -0.7692 0.5277 -0.3603
vn -0.8161 0.1505 -0.5580
vn 0.6378 0.2748 -0.7195
vn -0.8310 0.2441 0.4998
vn -0.8150 -0.0031 0.5795
vn 0.1410 -0.7991 0.5844
vn -0.5317 -0.4704 0.7043
vn 0.8174 0.2505 0.5187
vn 0.8759 -0.1444 0.4604
vn 0.7148 0.5414 -0.4426
vn 0.9756 0.0497 -0.2137
vn -0.9490 0.0796 -0.3051
vn -0.1650 0.9230 -0.3476
vn 0.7925 0.5153 0.3262
vn 0.6289 -0.1600 0.7608
vn -0.7225 0.1999 0.6618
vn 0.6516 0.1595 0.7416
vn -0.5865 0.1465 0.7966
vn -0.4243 -0.5945 0.6830
vn 0.3847 -0.0641 0.9208
vn -0.8987 -0.0865 0.4300
vn -0.8655 0.2654 0.4248
vn 0.7331 0.4403 0.5184
vn 0.9234 -0.1344 0.3596
vn -0.5227 -0.6362 -0.5675
vn -0.9367 0.1734 -0.3041
vn 0.9552 -0.0297 -0.2944
vn 0.9449 -0.0081 -0.3274
vn 0.4139 0.4390 -0.7975
vn -0.2286 0.5179 -0.8243
vn -0.2185 0.6948 0.6852
vn -0.7739 0.5716 0.2727
vn -0.3485 -0.7497 0.5625
vn 0.2675 -0.4614 0.8459
vn 0.0154 -0.3354 0.9420
vn 0.4012 -0.1744 0.8992
vn 0.9095 0.0205 0.4153
vn 0.8369 -0.4884 -0.2472
vn -0.6688 -0.5515 -0.4985
vn 0.6000 -0.2767 -0.7506
vn 0.9384 -0.3085 -0.1559
vn 0.0929 0.5565 -0.8256
vn 0.3963 -0.9172 0.0424
vn -0.8878 0.4576 0.0487
vn 0.8148 0.4844 0.3186
vn -0.6363 0.0232 0.7711
vn -0.5723 0.2578 0.7785
vn -0.6159 0.0948 0.7821
vn -0.5516 -0.6860 0.4745
vn -0.5118 0.2572 0.8197
vn -0.1912 -0.5212 0.8317
vn -0.4716 -0.0078 0.8818
vn 0.3328 0.0809 0.9395
vn -0.7512 -0.2171 0.6234
vn -0.8140 0.3613 0.4548
vn -0.7007 0.4719 0.5351
vn -0.8940 -0.0616 0.4438
vn 0.5871 -0.8032 0.1005
vn -0.6920 -0.7027 -0.1655
vn 0.9236 0.1944 -0.3303
vn -0.9485 0.2581 -0.1837
vn 0.0731 0.9865 -0.1463
vn -0.5527 0.3923 -0.7353
vn 0.9172 0.3983 0.0089
vn 0.6251 0.2833 0.7273
vn 0.3882 0.0029 0.9216
vn 0.5542 -0.6871 0.4698
vn 0.3603 -0.6622 0.6570
vn -0.2309 -0.2327 0.9447
vn -0.1580 -0.0920 0.9831
vn -0.2900 -0.5875 0.7555
vn 0.8097 0.3259 0.4880
vn 0.6996 0.4185 -0.5791
vn 0.1892 0.8920 -0.4105
vn -0.3739 0.7600 -0.5316
vn -0.2552 0.6779 -0.6894
vn 0.3531 0.9163 0.1887
vn -0.7774 0.5847 0.2320
vn 0.4429 0.1296 0.8872
vn 0.2886 0.1499 0.9456
vn -0.5254 0.0939 0.8456
vn 0.3582 -0.6709 0.6493
vn 0.8526 0.3728 0.3660
vn -0.7971 0.3043 0.5215
vn -0.9582 -0.2824 -0.0448
vn -0.4392 -0.8957 0.0701
vn -0.6574 0.2624 0.7064
vn -0.4411 -0.0812 0.8938
vn -0.0631 -0.3785 0.9234
vn -0.0891 -0.0798 0.9928
vn -0.2482 -0.6314 0.7346
vn -0.9038 0.1961 0.3805
vn 0.6070 -0.7918 -0.0681
vn 0.7107 -0.7005 -0.0647
vn -0.7139 0.5243 -0.4642
vn 0.9559 0.2470 -0.1587
vn -0.7979 0.3726 -0.4738
vn 0.4611 0.7382 -0.4924
vn 0.1269 0.6599 -0.7406
vn -0.7242 0.6196 0.3026
vn 0.3967 -0.1055 0.9119
vn -0.3920 -0.0759 0.9168
vn -0.0193 0.1925 0.9811
vn 0.2194 -0.6137 0.7584
vn 0.1531 -0.3651 0.9183
vn 0.0856 0.1428 0.9860
vn -0.8239 0.3508 0.4452
vn -0.8285 0.4356 0.3519
vn 0.8614 -0.1220 0.4931
vn -0.9126 -0.3815 -0.1470
vn 0.2393 -0.9544 0.1784
vn -0.3828 0.0701 0.9212
vn 0.2588 -0.7537 0.6042
vn -0.0978 0.1271 0.9871
vn -0.9408 0.1188 0.3175
vn -0.8299 -0.3856 0.4033
vn 0.7709 -0.6202 -0.1449
vn 0.7885 0.4197 -0.4496
vn -0.5669 0.2260 -0.7922
vn -0.1428 0.9892 -0.0336
vn -0.7522 0.4952 0.4346
vn -0.5848 0.6107 0.5340
vn 0.6362 0.5915 0.4954
vn 0.5157 0.0966 0.8513
vn -0.3802 0.2126 0.9001
vn 0.3520 0.1172 0.9286
vn 0.3579 -0.0819 0.9302
vn 0.3474 0.1060 0.9317
vn -0.0760 0.1090 0.9911
vn -0.3742 -0.6800 0.6305
vn 0.7559 -0.3769 0.5353
vn 0.6306 0.5478 0.5498
vn -0.9293 -0.3372 -0.1506
vn 0.6893 0.3222 -0.6489
vn -0.5536 0.7089 -0.4370
vn 0.2960 0.5913 -0.7502
vn 0.9680 0.0980 0.2310
vn -0.1692 0.2262 0.9593
vn 0.2089 0.2510 0.9452
vn 0.0246 0.0002 0.9997
vn -0.0703 0.0024 0.9975
vn -0.0135 -0.0047 0.9999
vn -0.1197 0.0392 0.9920
vn -0.4262 -0.7548 0.4986
vn 0.4565 -0.7380 0.4969
vn 0.9152 -0.0017 0.4030
vn -0.4422 -0.8956 -0.0493
vn -0.7649 0.6276 -0.1452
vn -0.8556 0.2469 -0.4550
vn -0.6351 0.7637 -0.1160
vn 0.7861 0.6009 0.1444
vn 0.6757 0.7349 -0.0578
vn 0.3405 0.2313 0.9113
vn -0.2743 0.1522 0.9495
vn -0.0581 -0.7795 0.6237
vn 0.5672 -0.5786 0.5861
vn -0.7923 -0.3547 0.4964
vn 0.8168 0.4571 0.3520
vn 0.4933 -0.8591 0.1363
vn 0.8070 -0.5591 -0.1904
vn 0.9623 -0.1645 -0.2165
vn 0.9950 -0.0212 -0.0971
vn -0.9881 -0.0448 -0.1468
vn 0.9358 0.0732 -0.3447
vn -0.2468 0.6504 -0.7184
vn -0.0375 0.6917 -0.7212
vn -0.2647 0.8083 0.5260
vn 0.5510 0.6523 0.5205
vn -0.5603 0.6004 0.5706
vn 0.8444 0.1151 0.5233
vn 0.9419 0.0858 0.3246
vn 0.7439 -0.4922 -0.4520
vn -0.9884 0.0507 -0.1431
vn 0.6681 -0.2072 -0.7146
vn -0.6088 -0.0432 -0.7921
vn -0.3227 0.6333 -0.7035
vn 0.6475 -0.0118 -0.7620
vn -0.9928 -0.0018 -0.1198
vn 0.4801 0.8492 -0.2200
vn 0.0376 0.9990 0.0252
vn 0.1521 -0.9263 0.3448
vn -0.9849 -0.0671 0.1593
vn -0.4187 0.9081 0.0031
vn 0.3599 0.9314 0.0553
vn -0.3054 0.7435 0.5949
vn -0.0398 0.2313 0.9721
vn -0.7008 -0.6437 -0.3073
vn 0.8149 0.0601 -0.5765
vn -0.8255 0.5057 -0.2507
vn -0.9293 0.0349 -0.3677
vn 0.4980 0.8184 -0.2868
vn 0.8215 0.5193 -0.2354
vn -0.1779 -0.0073 0.9840
vn 0.2036 -0.2855 0.9365
vn 0.4638 0.3805 0.8001
vn 0.4157 0.0455 0.9084
vn -0.2566 0.1631 0.9527
vn 0.1363 -0.3701 0.9189
vn 0.7800 -0.1717 0.6018
vn -0.9149 0.3565 -0.1894
vn 0.9381 0.3061 -0.1623
vn 0.6707 -0.7142 -0.2000
vn 0.9404 0.3245 0.1022
vn -0.9601 0.2796 0.0052
vn 0.0961 0.5861 0.8045
vn -0.4609 0.7414 0.4878
vn -0.6525 0.4007 0.6432
vn -0.2806 0.3662 0.8872
vn 0.6761 -0.1753 0.7156
vn -0.3880 -0.3577 0.8494
vn -0.3564 -0.4608 0.8128
vn 0.8859 0.2618 -0.3829
vn -0.3244 0.9047 0.2763
vn -0.3614 0.5107 0.7801
vn 0.0136 0.2294 0.9732
vn 0.4706 -0.6615 0.5839
vn 0.9227 0.1771 0.3424
vn -0.9032 0.2368 0.3581
vn -0.7664 0.2050 0.6088
vn -0.5897 -0.7526 0.2930
vn -0.8552 0.5139 0.0675
vn 0.3592 0.7863 0.5027
vn 0.7227 0.5223 0.4526
vn -0.7225 -0.1109 0.6824
vn 0.4711 -0.3286 0.8186
vn 0.0089 0.9883 0.1525
vn -0.1019 0.9858 0.1332
vn 0.4649 0.7322 -0.4978
vn -0.5533 0.8307 0.0619
vn -0.1620 0.8784 0.4496
vn 0.2972 0.7559 0.5833
vn 0.3879 0.7870 0.4798
vn 0.1794 0.5905 0.7869
vn 0.0374 0.1650 0.9856
vn -0.4913 -0.6722 0.5539
vn -0.4077 -0.6945 0.5928
vn -0.6058 -0.4959 0.6222
vn 0.8389 -0.3236 0.4377
vn -0.9629 0.1213 0.2410
vn -0.8175 -0.5549 0.1540
vn 0.8781 0.0984 0.4682
vn 0.9654 -0.1454 0.2165
vn 0.7510 0.2967 0.5899
vn 0.7436 -0.0957 0.6617
vn -0.7859 -0.1007 0.6101
vn 0.1257 -0.5990 0.7908
vn -0.4764 0.7462 -0.4650
vn -0.6993 0.6148 0.3647
vn 0.5100 0.7899 0.3406
vn -0.0101 0.8463 0.5327
vn -0.3741 -0.7231 0.5807
vn -0.7255 0.5474 0.4171
vn 0.2261 -0.6757 -0.7017
vn -0.9665 -0.2544 -0.0331
vn 0.9587 0.2706 -0.0878
vn -0.9087 0.3974 0.1281
vn 0.0574 0.7799 0.6233
vn -0.4503 0.5901 0.6701
vn -0.6231 0.7420 0.2472
vn -0.6597 0.6697 0.3410
vn -0.8101 0.1112 0.5757
vn 0.4324 -0.5225 0.7349
vn 0.3810 0.9211 0.0799
vn 0.6905 0.7221 -0.0425
vn -0.6982 0.6865 -0.2030
vn 0.7273 -0.5576 0.4002
vn 0.8885 -0.4219 0.1805
vn 0.2756 0.9526 0.1286
vn -0.2350 0.9473 0.2177
vn 0.4124 -0.6939 0.5903
vn -0.9013 -0.0478 0.4306
vn 0.8829 0.3205 0.3433
vn 0.1828 -0.9652 -0.1871
vn -0.7922 -0.5473 -0.2701
vn 0.7103 -0.6590 -0.2474
vn 0.8867 -0.4567 0.0724
vn 0.8766 -0.1308 0.4632
vn -0.6355 -0.4804 0.6045
vn 0.5887 0.4823 -0.6487
vn 0.1830 0.7645 -0.6181
vn -0.1076 0.9856 0.1301
vn -0.4135 -0.6923 0.5914
vn -0.7856 -0.5268 -0.3246
vn 0.9377 0.2558 0.2352
vn 0.6081 0.7668 0.2055
vn -0.2098 -0.2182 0.9531
vn -0.4981 0.8496 0.1735
vn 0.0559 -0.5675 0.8215
vn -0.8528 -0.3413 0.3953
vn -0.3514 0.8654 0.3573
vn 0.1278 0.9785 0.1616
vn -0.2709 0.9283 0.2548
vn 0.6119 -0.5655 0.5529
vn -0.8751 0.2809 0.3941
vn -0.5737 0.5590 0.5987
vn -0.6779 -0.2775 -0.6808
vn 0.8590 -0.5092 0.0525
vn 0.8180 0.5374 0.2053
vn 0.1565 0.6867 0.7099
vn 0.4003 0.7870 0.4695
vn 0.7423 0.5742 0.3454
vn -0.4505 -0.3812 0.8073
vn -0.8274 0.4365 -0.3534
vn -0.7307 0.6737 -0.1106
vn -0.4856 -0.8178 0.3090
vn -0.4715 -0.3968 0.7876
vn 0.7551 0.4643 0.4629
vn -0.6345 0.6421 0.4302
vn -0.6749 -0.4111 0.6128
vn -0.5558 -0.7293 -0.3990
vn -0.1946 -0.8098 -0.5535
vn 0.3139 -0.7038 -0.6373
vn -0.3415 -0.6288 0.6985
vn 0.7053 0.6947 -0.1412
vn 0.7712 0.1579 0.6167
vn 0.4024 -0.6340 0.6604
vn 0.8645 -0.3144 0.3922
vn 0.9655 -0.0595 0.2535
vn 0.5611 0.7378 0.3752
vn -0.6562 -0.4486 0.6067
vn 0.6082 -0.6661 0.4318
vn 0.6586 0.2704 0.7022
vn -0.3312 -0.9306 0.1560
vn -0.9058 -0.3529 -0.2346
vn -0.9236 0.3799 0.0507
vn 0.7444 0.6059 0.2805
vn -0.4991 0.7527 0.4293
vn -0.0903 0.1496 0.9846
vn 0.5159 -0.0840 0.8525
vn 0.0885 0.9729 0.2134
vn -0.2530 -0.8506 0.4609
vn 0.3615 -0.6986 0.6175
vn -0.3634 -0.9090 0.2043
vn -0.7584 -0.5197 0.3933
vn -0.4501 0.6581 0.6036
vn -0.8470 0.1993 0.4929
vn 0.5744 -0.3114 -0.7571
vn -0.7273 -0.6685 0.1557
vn 0.9533 0.3008 0.0284
vn -0.9426 0.1472 0.2999
vn 0.7835 0.3081 0.5396
vn -0.7868 0.4880 0.3779
vn -0.8038 0.1561 0.5740
vn -0.8314 -0.1748 0.5275
vn -0.8440 0.3601 0.3975
vn 0.3532 -0.4384 0.8265
vn -0.4962 0.5536 -0.6688
vn 0.4817 -0.6303 0.6089
vn 0.3890 0.7033 0.5950
vn 0.4160 0.7495 0.5150
vn -0.1570 0.7939 0.5874
vn -0.6879 -0.4981 0.5278
vn 0.7024 -0.4985 -0.5081
vn 0.7659 -0.3164 0.5597
vn 0.1731 0.5904 0.7883
vn -0.3496 -0.1100 0.9304
vn -0.5359 0.7820 0.3182
vn 0.8987 -0.1061 0.4256
vn 0.6296 -0.5520 0.5467
vn -0.1307 -0.5974 0.7912
vn 0.8265 0.4270 -0.3668
vn 0.5309 0.7856 -0.3178
vn 0.6589 0.2972 -0.6911
vn 0.0648 0.4739 -0.8782
vn -0.2126 -0.8571 0.4692
vn 0.7996 -0.1964 0.5675
vn 0.8563 0.1641 0.4897
vn -0.7954 0.1116 0.5957
vn 0.2626 0.6505 0.7127
vn 0.7797 0.3967 0.4845
vn -0.5356 0.7400 0.4068
vn 0.3634 -0.8962 0.2545
vn 0.9162 -0.3891 -0.0953
vn -0.5301 -0.3005 -0.7929
vn 0.2415 0.0414 0.9695
vn 0.6440 0.7508 0.1470
vn -0.2011 -0.4635 0.8630
vn 0.3585 -0.6989 0.6189
vn 0.2772 0.7675 0.5780
vn 0.2943 0.7539 0.5874
vn -0.3257 -0.6467 0.6897
vn 0.4830 -0.6944 0.5334
vn 0.8154 0.4404 0.3757
vn 0.2452 -0.9643 0.1004
vn -0.0637 -0.9977 0.0248
vn 0.3880 -0.9100 0.1459
vn -0.8172 -0.0590 0.5733
vn -0.8291 0.3566 0.4307
vn 0.1384 0.9461 0.2928
vn 0.9497 0.0364 0.3111
vn -0.6367 -0.5790 0.5093
vn 0.2940 -0.8421 0.4521
vn -0.3210 -0.5970 0.7352
vn 0.5723 -0.1825 0.7995
vn -0.6510 0.1420 0.7457
vn -0.3510 0.7993 0.4877
vn -0.4395 -0.6368 0.6335
vn 0.1387 -0.8096 0.5704
vn 0.6676 -0.4785 0.5704
vn 0.9054 -0.3736 0.2018
vn 0.5091 -0.8366 0.2025
vn 0.4545 0.0055 -0.8907
vn -0.5644 -0.8092 0.1633
vn -0.4575 -0.4041 -0.7921
vn -0.6226 0.4912 -0.6092
vn -0.9106 -0.2083 0.3570
vn 0.8490 -0.5221 0.0813
vn 0.9168 0.3108 0.2506
vn 0.7288 -0.0616 0.6820
vn 0.6786 0.5675 0.4663
vn 0.7231 0.6121 0.3200
vn -0.5790 -0.1870 0.7936
vn -0.1464 0.9459 0.2895
vn -0.4568 -0.6207 0.6372
vn -0.7878 0.5809 0.2049
vn -0.9793 0.1695 0.1107
vn 0.9573 0.2365 0.1665
vn 0.0556 0.9898 -0.1314
vn -0.2925 0.7975 -0.5276
vn 0.9313 0.3304 -0.1536
vn 0.1003 -0.0872 -0.9911
vn -0.4546 -0.3583 0.8155
vn -0.3547 0.5332 0.7680
vn -0.2193 -0.7668 0.6032
vn -0.6123 0.3108 0.7270
vn 0.6381 0.5661 0.5218
vn 0.6661 -0.4380 0.6037
vn 0.5813 0.7205 0.3782
vn 0.2294 -0.1644 0.9594
vn 0.4483 -0.6359 0.6282
vn -0.5018 0.7866 -0.3597
vn 0.3870 0.4570 0.8009
vn 0.4180 -0.6263 0.6581
vn 0.8422 0.1463 0.5189
vn -0.4935 0.5849 0.6437
vn -0.7343 0.5945 0.3277
vn -0.8276 -0.3559 0.4340
vn -0.1265 -0.1820 0.9751
vn 0.2413 -0.5853 0.7741
vn -0.4165 0.3988 0.8170
vn -0.4188 0.5052 0.7546
vn 0.0432 -0.6923 0.7203
vn 0.8131 -0.1708 0.5565
vn -0.8745 0.2502 0.4155
vn -0.6631 0.5783 0.4753
vn -0.6785 -0.4662 0.5677
vn -0.5719 0.6146 0.5433
vn 0.9638 0.2357 0.1247
vn -0.7969 -0.3424 0.4977
vn -0.9083 -0.2600 0.3277
vn 0.9658 0.0628 0.2515
vn 0.7971 0.5303 0.2889
vn -0.7564 0.1254 0.6419
vn 0.1841 0.9315 0.3137
vn -0.6338 0.7721 -0.0469
vn 0.4045 -0.0464 0.9134
vn -0.0174 0.5257 0.8505
vn -0.3988 -0.8760 0.2712
vn 0.8574 -0.4804 0.1846
vn -0.8991 0.0486 0.4350
vn -0.7620 0.6213 0.1825
vn 0.6860 -0.0349 0.7267
vn 0.7561 0.3970 0.5203
vn -0.7072 0.4902 0.5094
vn -0.5403 0.6914 0.4796
vn -0.5733 -0.0726 0.8161
vn -0.2876 0.0123 0.9577
vn 0.4278 0.3264 0.8429
vn -0.5929 0.3391 0.7304
vn -0.5402 -0.4700 0.6981
vn 0.3779 -0.5215 0.7650
vn -0.4353 0.8676 0.2403
vn -0.8060 0.2605 0.5315
vn 0.7046 0.4502 0.5485
vn 0.4675 -0.6891 0.5537
vn 0.3068 -0.9142 0.2649
vn -0.4237 -0.8578 0.2911
vn -0.7361 0.1826 0.6518
vn 0.6904 0.6345 0.3474
vn 0.6355 0.4092 0.6548
vn 0.1998 -0.1743 0.9642
vn -0.5723 -0.2358 0.7854
vn -0.4711 -0.0223 0.8818
vn 0.4367 -0.0049 0.8996
vn 0.6354 -0.1382 0.7597
vn 0.5172 -0.1844 0.8358
vn 0.3149 -0.7158 0.6233
vn 0.4691 -0.6052 0.6432
vn -0.6164 -0.4190 0.6667
vn -0.4634 -0.6957 0.5489
vn 0.7639 0.3715 0.5277
vn -0.7614 0.3805 0.5249
vn 0.7875 0.3894 0.4777
vn 0.7175 0.4267 0.5506
vn -0.1506 0.9534 0.2614
vn -0.5219 -0.0589 0.8510
vn -0.7124 0.5160 0.4757
vn -0.7232 0.4534 0.5210
vn 0.0471 -0.5226 0.8513
vn -0.4494 -0.1986 0.8710
vn -0.3512 -0.6235 0.6985
vn 0.4792 -0.7364 0.4776
vn 0.5931 -0.5969 0.5403
vn 0.8191 -0.2878 0.4962
vn 0.3772 0.8657 0.3290
vn -0.2241 -0.9169 0.3302
vn 0.3515 -0.8906 0.2887
vn -0.9104 -0.3763 0.1719
vn 0.7444 -0.2738 0.6090
vn -0.7223 0.1700 0.6703
vn 0.4460 -0.2258 0.8661
vn 0.5841 0.7207 0.3734
vn 0.3928 -0.0458 0.9185
vn -0.2647 -0.6912 0.6724
vn -0.3519 -0.7315 0.5840
vn -0.7033 0.3238 0.6329
vn -0.7402 0.0572 0.6699
vn 0.7342 0.0499 0.6771
vn -0.8043 0.5198 0.2878
vn -0.7641 0.3863 0.5167
vn 0.6285 0.6966 0.3460
vn -0.2672 -0.4689 0.8419
vn -0.0362 -0.5559 0.8305
vn -0.3898 -0.5950 0.7029
vn 0.6573 -0.0761 0.7498
vn 0.2994 0.8599 0.4134
vn -0.7594 0.4714 0.4484
vn 0.5650 -0.4983 0.6576
vn -0.4540 -0.4444 0.7723
vn 0.6803 0.3214 0.6587
vn 0.0393 0.8659 0.4987
vn 0.1635 0.2074 0.9645
vn -0.4956 0.2765 0.8233
vn 0.2573 -0.8749 0.4102
vn 0.9094 -0.1466 0.3893
vn -0.6761 -0.4145 0.6091
vn -0.7657 0.1106 0.6337
vn 0.8073 0.2264 0.5450
vn 0.7970 0.3747 0.4738
vn -0.6631 0.6099 0.4339
vn -0.4358 0.7004 0.5653
vn -0.0857 -0.1994 0.9762
vn -0.1097 0.0302 0.9935
vn 0.4025 -0.6211 0.6725
vn 0.2531 -0.3359 0.9073
vn 0.6676 0.2795 0.6901
vn 0.6504 0.0216 0.7593
vn -0.5700 -0.5667 0.5949
vn 0.4730 0.0240 0.8807
vn 0.2123 -0.8303 0.5153
vn 0.6968 -0.3900 0.6020
vn 0.7564 0.4136 0.5068
vn 0.9179 0.0387 0.3949
vn 0.5589 -0.2041 0.8037
vn -0.0556 0.1374 0.9889
vn -0.2456 -0.6191 0.7459
vn 0.0778 -0.6801 0.7290
vn 0.0219 -0.7304 0.6827
vn 0.5316 -0.5399 0.6526
vn -0.2161 -0.4781 0.8513
vn -0.7750 0.3748 0.5088
vn 0.7580 0.3928 0.5208
vn 0.7263 0.4909 0.4811
vn -0.0123 0.9337 0.3578
vn 0.3153 0.6328 0.7073
vn 0.2170 0.0202 0.9760
vn 0.2203 -0.6419 0.7345
vn 0.6071 -0.2757 0.7453
vn -0.4054 0.7961 0.4494
vn -0.2174 -0.7667 0.6041
vn -0.7522 0.2364 0.6151
vn 0.7186 0.2120 0.6623
vn 0.2607 0.8315 0.4905
vn -0.2596 0.1217 0.9580
vn 0.1309 -0.2539 0.9583
vn -0.4177 0.6181 0.6659
vn -0.1861 0.3443 0.9202
vn -0.7071 0.1511 0.6908
vn -0.4891 -0.0606 0.8701
vn -0.6235 -0.1262 0.7716
vn 0.2126 -0.6574 0.7229
vn 0.4052 0.4557 0.7926
vn -0.7425 0.4030 0.5351
vn 0.7302 0.3787 0.5687
vn 0.2905 0.4808 0.8273
vn -0.2369 -0.4931 0.8371
vn 0.6672 0.3393 0.6631
vn 0.3154 -0.2190 0.9233
vn 0.6029 0.4653 0.6481
vn -0.3944 0.1768 0.9018
vn 0.6627 -0.5582 0.4992
vn 0.7190 -0.1676 0.6745
vn 0.2672 -0.5004 0.8236
vn -0.0043 -0.6108 0.7918
vn 0.6473 0.1802 0.7407
vn -0.3022 -0.1589 0.9399
vn -0.4794 0.5734 0.6643
vn -0.2373 -0.5739 0.7838
vn 0.2247 -0.4885 0.8432
vn 0.6412 0.6095 0.4661
vn -0.1587 0.8989 0.4085
vn -0.0608 0.8886 0.4546
vn -0.1358 -0.5233 0.8413
vn 0.2389 -0.3716 0.8971
vn -0.5556 0.1760 0.8126
vn 0.4306 -0.3801 0.8186
vn -0.2142 0.8046 0.5539
vn -0.1163 -0.9377 0.3273
vn 0.2466 0.7757 0.5810
vn -0.2943 -0.8700 0.3956
vn -0.8525 -0.2529 0.4575
vn -0.6303 0.0450 0.7751
vn 0.6410 -0.0071 0.7675
vn -0.3182 -0.3070 0.8969
vn 0.4357 0.8587 0.2698
vn -0.7942 0.0335 0.6067
vn -0.3002 -0.4992 0.8128
vn 0.6076 -0.1078 0.7869
vn 0.3767 0.4094 0.8310
vn 0.4439 0.4649 0.7661
vn -0.0526 -0.4463 0.8933
vn 0.1438 0.4542 0.8792
vn -0.2865 0.7096 0.6438
vn -0.2299 -0.7661 0.6002
vn -0.6536 -0.2022 0.7293
vn 0.6331 0.0251 0.7737
vn -0.5098 -0.0531 0.8586
vn -0.4740 -0.2028 0.8569
vn 0.5266 0.2250 0.8198
vn -0.0073 -0.9725 0.2327
vn 0.1483 -0.9431 0.2975
vn -0.2736 -0.8654 0.4197
vn -0.4458 -0.6984 0.5599
vn -0.8426 -0.0218 0.5382
vn 0.0519 -0.7172 0.6949
vn 0.2554 -0.4874 0.8350
vn 0.6492 0.4717 0.5967
vn -0.2361 0.4674 0.8519
vn -0.5124 0.6340 0.5792
vn 0.8443 -0.0117 0.5358
vn -0.7924 0.1825 0.5821
vn 0.7640 0.1876 0.6173
vn 0.7068 0.3346 0.6232
vn 0.1770 0.9034 0.3906
vn 0.1629 0.7795 0.6048
vn -0.0055 -0.5524 0.8336
vn 0.3063 -0.3484 0.8859
vn 0.1405 -0.7050 0.6952
vn -0.2204 -0.4624 0.8589
vn -0.3963 -0.3787 0.8364
vn -0.4642 0.0559 0.8839
vn -0.5298 -0.3812 0.7576
vn -0.8583 0.2578 0.4436
vn 0.1169 -0.0679 0.9908
vn -0.8896 0.2701 0.3683
vn 0.0823 0.9613 0.2631
vn -0.5042 0.7066 0.4965
vn -0.5554 -0.1858 0.8106
vn 0.7240 0.5925 0.3534
vn 0.7206 -0.1775 0.6702
vn -0.6330 0.1756 0.7540
vn 0.5672 0.4669 0.6784
vn 0.7584 -0.1792 0.6267
vn -0.7325 0.3408 0.5893
vn 0.4443 0.7225 0.5297
vn 0.3031 -0.3426 0.8892
vn -0.2435 -0.3793 0.8927
vn -0.2673 -0.2635 0.9269
vn 0.6830 0.0788 0.7262
vn 0.5911 -0.2885 0.7532
vn 0.4529 -0.0065 0.8915
vn -0.5970 0.5330 0.5996
vn -0.3470 -0.5718 0.7434
vn 0.7832 -0.1753 0.5965
vn 0.5047 0.5164 0.6919
vn -0.5364 0.4517 0.7130
vn 0.1226 0.7024 0.7012
vn 0.2145 -0.3561 0.9095
vn 0.1349 -0.2617 0.9557
vn -0.9529 -0.0242 0.3023
vn 0.2615 -0.5179 0.8145
vn -0.3336 0.5544 0.7625
vn 0.2702 -0.8389 0.4724
vn 0.1023 0.8628 0.4950
vn 0.0209 -0.6591 0.7518
vn 0.3866 -0.3052 0.8703
vn -0.6246 -0.2644 0.7348
vn -0.3193 0.8145 0.4844
vn -0.3760 -0.0101 0.9266
vn 0.1936 0.5122 0.8368
vn -0.8171 0.0620 0.5731
vn -0.2342 -0.8214 0.5201
vn -0.6350 0.4102 0.6546
vn -0.6880 0.2279 0.6889
vn -0.7269 0.3476 0.5922
vn -0.5486 -0.0846 0.8318
vn 0.4701 0.8782 -0.0883
vn -0.3065 -0.8402 0.4473
vn 0.6631 0.2106 0.7183
vn 0.5653 0.5434 0.6207
vn 0.2071 0.8529 0.4792
vn -0.3376 -0.3286 0.8821
vn 0.5142 -0.1931 0.8356
vn -0.1883 -0.2593 0.9473
vn -0.4706 -0.6715 0.5723
vn 0.3073 -0.7547 0.5796
vn 0.6080 -0.6680 0.4292
vn -0.7081 -0.5317 0.4647
vn 0.7790 -0.5988 0.1861
vn 0.7491 -0.0059 0.6625
vn -0.5583 -0.3404 0.7566
vn 0.9089 -0.3528 0.2223
vn -0.3033 0.6784 0.6691
vn -0.3035 0.7676 0.5646
vn 0.1469 -0.4122 0.8992
vn 0.3063 0.5900 0.7471
vn -0.1705 -0.4781 0.8616
vn 0.0367 -0.8746 0.4834
vn -0.5376 0.2531 0.8043
vn -0.3065 0.1718 0.9362
vn -0.3148 0.7984 0.5132
vn 0.0367 -0.2513 0.9672
vn 0.1070 -0.7997 0.5908
vn -0.2498 -0.6317 0.7338
vn -0.7032 0.0516 0.7092
vn 0.0100 -0.4585 0.8886
vn 0.3037 -0.8316 0.4650
vn -0.2071 -0.7886 0.5789
vn -0.2841 -0.0537 0.9573
vn 0.3938 -0.5578 0.7306
vn -0.5028 -0.7612 0.4097
vn 0.1988 -0.8200 0.5367
vn 0.8010 0.2322 0.5518
vn 0.5075 0.4165 0.7543
vn 0.3759 0.8275 0.4171
vn 0.3318 -0.7127 0.6180
vn 0.6604 0.2677 0.7016
vn -0.1604 -0.9515 0.2626
vn -0.5994 -0.7574 0.2589
vn 0.0408 -0.9978 0.0529
vn 0.8489 -0.5220 0.0825
vn -0.6194 0.4200 0.6633
vn 0.0108 -0.6932 0.7207
vn -0.4084 0.8458 0.3433
vn 0.3514 -0.2704 0.8963
vn -0.3246 -0.7154 0.6187
vn 0.7660 0.0102 0.6427
vn 0.6092 0.3763 0.6980
vn -0.5938 0.5179 0.6158
vn -0.5143 0.3799 0.7689
vn -0.2238 0.4272 0.8760
vn -0.6812 -0.2545 0.6865
vn 0.2735 0.7684 0.5785
vn 0.4176 -0.8467 0.3298
vn -0.7522 -0.5493 0.3641
vn 0.6577 0.7137 0.2411
vn 0.5523 -0.0969 0.8280
vn -0.2204 -0.3491 0.9108
vn 0.5655 0.7773 0.2758
vn 0.1070 0.5218 0.8463
vn 0.0653 0.8508 0.5214
vn 0.4630 -0.8830 -0.0767
vn 0.9794 0.1830 -0.0856
vn -0.5401 0.7225 0.4317
vn 0.2847 0.4930 0.8221
vn 0.0464 -0.4875 0.8719
vn 0.2712 0.2660 0.9250
vn 0.1763 0.0589 0.9826
vn -0.0285 -0.8580 0.5129
vn 0.5215 -0.6666 0.5326
vn -0.4711 -0.5499 0.6897
vn 0.7365 -0.4061 0.5410
vn -0.4106 0.3914 0.8236
vn 0.3513 -0.3035 0.8857
vn 0.1446 0.4123 0.8995
vn -0.3210 -0.5176 0.7931
vn 0.7172 0.3175 0.6203
vn 0.1263 0.0856 0.9883
vn -0.0369 0.0989 0.9944
vn -0.3134 0.6936 0.6486
vn -0.3661 -0.2753 0.8889
vn -0.3033 -0.9061 0.2949
vn 0.3934 -0.8535 0.3416
vn 0.5914 0.3811 0.7106
vn 0.3775 0.3859 0.8418
vn -0.3886 -0.8958 0.2157
vn 0.0260 -0.7791 0.6263
vn -0.1693 -0.4888 0.8558
vn 0.0790 0.6365 0.7673
vn -0.1883 0.2557 0.9482
vn -0.5918 0.3228 0.7386
vn -0.5420 0.0026 0.8404
vn -0.5949 0.2734 0.7559
vn -0.3588 0.6440 0.6757
vn 0.3733 -0.0982 0.9225
vn 0.2278 -0.7745 0.5901
vn -0.6661 0.5682 0.4831
vn 0.4182 0.7069 0.5704
vn -0.4975 0.0049 0.8674
vn 0.6923 0.4378 0.5737
vn 0.6001 -0.3058 0.7392
vn -0.3881 0.3485 0.8532
vn 0.4000 0.7763 0.4872
vn 0.2885 -0.5946 0.7505
vn -0.3232 0.3043 0.8961
vn -0.7140 -0.0004 0.7002
vn -0.3975 0.2395 0.8858
vn 0.3733 -0.1234 0.9195
vn -0.1135 0.7892 0.6035
vn -0.8016 -0.1077 0.5881
vn -0.2137 -0.9198 0.3292
vn 0.2188 0.1916 0.9568
vn 0.0285 0.6640 0.7472
vn -0.1254 0.7363 0.6649
vn -0.3291 0.5655 0.7562
vn 0.3925 -0.2102 0.8954
vn 0.1797 0.3640 0.9139
vn -0.2907 -0.6679 0.6851
vn -0.1697 0.2610 0.9503
vn 0.4587 -0.0952 0.8835
vn -0.3629 0.6270 0.6893
vn -0.4596 -0.7467 0.4808
vn 0.0731 0.7066 0.7038
vn -0.1804 -0.0132 0.9835
vn 0.0201 -0.6535 0.7566
vn 0.2437 -0.9307 0.2727
vn 0.5613 0.0792 0.8238
vn 0.4884 -0.7739 0.4031
vn 0.7265 0.5578 0.4013
vn 0.0972 -0.3480 0.9324
vn -0.1936 -0.4667 0.8630
vn 0.5289 -0.2883 0.7982
vn -0.4663 0.0160 0.8845
vn -0.5675 0.3345 0.7524
vn 0.4900 -0.0998 0.8660
vn 0.3164 0.5671 0.7605
vn 0.6558 0.0769 0.7510
vn 0.7320 0.1379 0.6672
vn 0.5024 0.4257 0.7526
vn -0.1436 -0.9509 0.2743
vn 0.4595 -0.6405 0.6153
vn -0.4775 -0.4033 0.7806
vn -0.2959 0.5454 0.7842
vn -0.5780 0.0154 0.8159
vn -0.4112 0.1870 0.8922
vn 0.1079 0.1854 0.9767
vn 0.4414 0.0609 0.8952
vn -0.4478 0.3195 0.8351
vn 0.5501 -0.6941 0.4643
vn -0.3606 -0.6123 0.7036
vn 0.4813 0.3182 0.8168
vn 0.3827 -0.0380 0.9231
vn 0.3239 -0.2607 0.9095
vn 0.3047 0.5628 0.7684
vn -0.4370 0.4101 0.8005
vn -0.6666 0.0790 0.7412
vn -0.2631 -0.0611 0.9628
vn -0.3393 -0.2956 0.8930
vn -0.1508 0.6213 0.7689
vn 0.4943 -0.7904 0.3618
vn 0.4571 -0.3982 0.7953
vn -0.5299 -0.0922 0.8430
vn 0.4610 0.1216 0.8790
vn -0.3418 0.3851 0.8572
vn 0.3791 0.2579 0.8887
vn -0.3382 -0.2018 0.9192
vn -0.4316 -0.0267 0.9017
vn 0.2513 0.0061 0.9679
vn 0.5948 -0.4897 0.6375
vn -0.3608 0.3346 0.8705
vn 0.3432 0.2846 0.8951
vn -0.2652 0.3876 0.8829
vn -0.5844 -0.5616 0.5857
vn -0.2862 0.7378 0.6113
vn -0.1269 0.4289 0.8944
vn -0.2066 0.0402 0.9776
vn -0.0449 0.5789 0.8142
vn -0.3459 0.2443 0.9059
vn 0.1278 -0.1587 0.9790
vn 0.3372 0.7341 0.5893
vn -0.0773 0.2890 0.9542
vn 0.4459 -0.0555 0.8934
vn -0.0084 0.1141 0.9934
vn 0.2024 0.4828 0.8520
vn 0.2247 -0.1065 0.9686
vn 0.4450 -0.0782 0.8921
vn -0.4697 -0.1588 0.8684
vn -0.4198 0.1457 0.8959
vn -0.5256 0.7577 0.3867
vn 0.3746 -0.0852 0.9233
vn -0.4530 -0.0732 0.8885
vn -0.6175 -0.5768 0.5348
vn -0.4704 -0.2852 0.8351
vn -0.5386 0.0506 0.8410
vn 0.6941 -0.0205 0.7196
vn 0.0167 0.4610 0.8873
vn -0.4454 -0.8201 0.3591
vn 0.4741 0.5980 0.6463
vn 0.5914 0.6697 0.4492
vn 0.3154 0.1215 0.9412
vn 0.0771 -0.8420 0.5340
vn -0.7275 0.2991 0.6175
vn 0.8208 -0.2751 0.5006
vn 0.7974 0.1227 0.5908
vn 0.2946 0.9221 0.2508
vn 0.1103 0.1361 0.9845
vn -0.1475 0.1504 0.9776
vn 0.6176 -0.5812 0.5298
vn -0.7952 -0.3423 0.5005
vn -0.5718 0.7834 0.2434
vn -0.2584 0.9227 0.2862
vn -0.3927 0.7259 0.5647
vn 0.3894 0.3699 0.8435
vn 0.6989 -0.5588 0.4464
vn 0.2645 0.7793 0.5681
vn 0.4087 -0.7245 0.5551
vn -0.0210 0.5097 0.8601
vn -0.3407 -0.7283 0.5945
vn -0.2746 0.8930 0.3567
vn -0.6145 -0.6248 0.4817
vn -0.9728 -0.0373 0.2286
vn -0.7886 0.5523 0.2704
vn 0.7395 0.6090 0.2866
vn 0.6569 -0.6361 0.4048
vn 0.9040 0.2002 0.3778
vn 0.2766 0.8926 0.3559
vn 0.4664 -0.6737 0.5733
vn 0.2341 0.8880 0.3958
vn -0.3476 0.6680 0.6580
vn -0.4245 -0.6048 0.6738
vn 0.8804 -0.1073 0.4619
vn -0.9071 0.1337 0.3990
vn 0.2754 -0.4548 0.8469
vn 0.2562 -0.6694 0.6973
vn -0.4623 -0.6548 0.5980
vn -0.1490 -0.4351 0.8880
vn 0.1952 -0.7993 0.5683
vn -0.8804 -0.2759 0.3857
vn -0.8538 0.5179 -0.0526
vn -0.3522 0.7372 0.5766
vn 0.6987 0.6334 0.3326
vn -0.3447 0.5799 0.7382
vn -0.0722 -0.6301 0.7731
vn -0.6594 -0.4341 -0.6138
vn 0.1037 -0.5774 0.8099
vn 0.4280 -0.5442 0.7215
vn 0.2578 0.5823 0.7710
vn 0.2223 0.6442 0.7318
vn -0.0886 -0.4561 0.8855
vn -0.6455 -0.2772 0.7117
vn 0.6833 -0.4446 0.5791
vn -0.0710 -0.3091 0.9484
vn -0.5521 -0.8221 0.1390
vn 0.8366 -0.4944 -0.2357
vn 0.3055 -0.4178 -0.8556
vn 0.8805 -0.1071 0.4617
vn 0.8365 -0.4944 -0.2362
vn 0.8365 -0.4945 -0.2361
vn -0.3615 0.8894 -0.2798
vn 0.0978 0.3273 0.9398
vn 0.4391 0.1818 0.8799
vn 0.0872 -0.3365 0.9376
vn 0.3054 -0.4179 -0.8556
vn -0.0735 -0.9307 0.3584
vn 0.3707 0.8913 -0.2612
vn 0.3124 -0.4211 0.8515
vn 0.0067 -0.3613 0.9324
vn 0.1405 -0.7612 0.6332
vn -0.3055 -0.2835 -0.9090
vn 0.4788 -0.8675 0.1351
vn -0.2768 0.8598 -0.4292
vn -0.2384 0.4910 0.8379
vn -0.0873 -0.3310 0.9396
vn -0.2361 -0.0303 0.9712
vn 0.0515 -0.0859 0.9950
vn 0.0662 -0.2021 0.9771
vn 0.3311 -0.2101 0.9199
vn -0.0791 -0.9398 -0.3326
vn 0.3122 0.3445 0.8854
vn 0.3551 0.9256 -0.1311
vn 0.2165 0.3096 0.9259
vn -0.1704 -0.8913 -0.4202
vn -0.3093 0.0685 0.9485
vn 0.0524 0.2632 0.9633
vn -0.3184 0.6006 -0.7334
vn 0.4787 -0.8675 0.1349
vn 0.3547 0.9257 -0.1312
vn -0.1930 -0.8807 -0.4327
vn 0.2156 0.8159 -0.5365
vn 0.1443 -0.2050 0.9681
vn -0.2326 -0.0895 0.9684
vn -0.0510 0.1830 0.9818
vn -0.4431 0.0681 0.8939
vn 0.0168 0.2898 0.9569
vn 0.2117 -0.1089 0.9712
vn -0.0739 -0.9309 0.3577
vn 0.1237 0.0004 -0.9923
vn 0.3310 -0.2100 0.9200
vn 0.2900 0.2585 -0.9214
vn -0.2190 -0.0287 0.9753
vn -0.1278 -0.9521 -0.2778
vn -0.4439 0.8384 0.3163
vn -0.0841 -0.1056 0.9909
vn 0.1118 0.3175 0.9417
vn -0.1125 0.1047 -0.9881
vn -0.0000 0.2424 0.9702
vn 0.3714 -0.5571 0.7428
vn -0.4437 0.8385 0.3163
vn -0.2361 -0.7988 0.5534
vn 0.2896 0.2587 -0.9215
vn 0.2982 0.6423 -0.7061
vn -0.2364 -0.7984 0.5538
vn 0.2978 0.6421 -0.7064
vn 0.1278 0.5422 -0.8305
vn -0.1276 -0.9520 -0.2783
vn -0.4438 0.8384 0.3166
vn 0.3712 -0.5570 0.7430
vn -0.0839 -0.1056 0.9909
vt 0.885459 0.068839
vt 0.880966 0.049177
vt 0.895378 0.048594
vt 0.879541 0.074563
vt 0.868997 0.069495
vt 0.870838 0.049498
vt 0.899504 0.068781
vt 0.858055 0.054625
vt 0.884806 0.097738
vt 0.892417 0.027750
vt 0.875547 0.098550
vt 0.866475 0.098288
vt 0.895512 0.097552
vt 0.878641 0.020359
vt 0.855393 0.073090
vt 0.895840 0.018573
vt 0.864349 0.023059
vt 0.894508 0.120406
vt 0.877768 0.123563
vt 0.871350 0.010641
vt 0.905991 0.036101
vt 0.905079 0.095962
vt 0.885518 0.007214
vt 0.884247 0.139881
vt 0.865251 0.128056
vt 0.907099 0.067127
vt 0.896733 0.137739
vt 0.872394 0.140543
vt 0.150163 0.830092
vt 0.161394 0.840947
vt 0.155494 0.847937
vt 0.906022 0.122999
vt 0.857523 0.099636
vt 0.852254 0.028116
vt 0.045444 0.612034
vt 0.026401 0.611624
vt 0.074563 0.601256
vt 0.907842 0.018595
vt 0.900131 0.006203
vt 0.856051 0.014844
vt 0.086998 0.591826
vt 0.100319 0.588090
vt 0.852587 0.128575
vt 0.144000 0.803603
vt 0.159273 0.827259
vt 0.178586 0.866456
vt 0.128317 0.570206
vt 0.875659 0.161820
vt 0.879137 0.000000
vt 0.860870 0.141780
vt 0.124535 0.575842
vt 0.644995 0.977927
vt 0.661165 0.972244
vt 0.661384 0.979008
vt 0.887026 0.163380
vt 0.180889 0.846480
vt 0.864107 0.004128
vt 0.153223 0.799938
vt 0.174328 0.833561
vt 0.907254 0.141764
vt 0.643914 0.967970
vt 0.632977 0.970116
vt 0.632977 0.956582
vt 0.013328 0.612534
vt 0.012415 0.604965
vt 0.495958 0.991504
vt 0.484947 0.982799
vt 0.495958 0.972401
vt 0.139338 0.562398
vt 0.899216 0.158032
vt 0.130000 0.763543
vt 0.143356 0.751267
vt 0.138855 0.774131
vt 0.168544 0.819504
vt 0.646820 0.957456
vt 0.192444 0.859715
vt 0.187176 0.876993
vt 0.867144 0.163945
vt 0.856014 0.155972
vt 0.161499 0.797441
vt 0.146891 0.551406
vt 0.485160 0.971698
vt 0.634361 0.943167
vt 0.136617 0.744818
vt 0.005220 0.593100
vt 0.205609 0.880443
vt 0.194047 0.885430
vt 0.201666 0.872374
vt 0.151752 0.770178
vt 0.077862 0.538709
vt 0.877316 0.181094
vt 0.890872 0.179381
vt 0.672309 0.975930
vt 0.908221 0.152890
vt 0.907907 0.173138
vt 0.662961 0.954256
vt 0.181559 0.813963
vt 0.886922 0.191029
vt 0.168476 0.790296
vt 0.644081 0.936872
vt 0.199616 0.840234
vt 0.895199 0.188809
vt 0.871310 0.190238
vt 0.852254 0.171137
vt 0.200388 0.854924
vt 0.680388 0.964901
vt 0.860683 0.186720
vt 0.167102 0.770044
vt 0.152762 0.533924
vt 0.008218 0.574568
vt 0.679114 0.959333
vt 0.878697 0.193630
vt 0.162690 0.536506
vt 0.924795 0.158708
vt 0.908221 0.166495
vt 0.909226 0.155171
vt 0.654065 0.942315
vt 0.139892 0.726574
vt 0.914226 0.150352
vt 0.213849 0.865992
vt 0.158109 0.745657
vt 0.169878 0.525217
vt 0.184498 0.793600
vt 0.132780 0.712528
vt 0.142782 0.712287
vt 0.213861 0.854526
vt 0.216552 0.879085
vt 0.150624 0.717760
vt 0.137271 0.709897
vt 0.180901 0.785068
vt 0.197575 0.814943
vt 0.933233 0.157509
vt 0.942560 0.129299
vt 0.941355 0.153334
vt 0.669529 0.941570
vt 0.949760 0.133474
vt 0.947381 0.155450
vt 0.910157 0.137866
vt 0.101138 0.518978
vt 0.046286 0.555029
vt 0.000000 0.590016
vt 0.678761 0.943772
vt 0.933760 0.122012
vt 0.217046 0.845258
vt 0.660184 0.932604
vt 0.176012 0.507957
vt 0.635988 0.927693
vt 0.650876 0.923990
vt 0.175543 0.750143
vt 0.393288 0.657405
vt 0.397517 0.671692
vt 0.390704 0.674195
vt 0.405251 0.662714
vt 0.955838 0.153340
vt 0.225274 0.865184
vt 0.223537 0.852699
vt 0.923505 0.119957
vt 0.137568 0.690178
vt 0.392984 0.687624
vt 0.192086 0.782033
vt 0.163244 0.714471
vt 0.913708 0.119270
vt 0.668720 0.927673
vt 0.661042 0.919493
vt 0.196435 0.795847
vt 0.152999 0.692904
vt 0.161103 0.695694
vt 0.171406 0.724865
vt 0.016046 0.563183
vt 0.413658 0.657286
vt 0.423302 0.669053
vt 0.950846 0.116818
vt 0.426083 0.660251
vt 0.433235 0.676438
vt 0.958360 0.148437
vt 0.959456 0.112437
vt 0.186422 0.752286
vt 0.441717 0.680592
vt 0.437260 0.668132
vt 0.222066 0.839090
vt 0.414165 0.680060
vt 0.967790 0.331978
vt 0.967236 0.352763
vt 0.956214 0.335185
vt 0.041943 0.550958
vt 0.403215 0.687579
vt 0.942725 0.115092
vt 0.956214 0.368361
vt 0.151518 0.674026
vt 0.976942 0.356885
vt 0.432945 0.739520
vt 0.433610 0.753599
vt 0.423937 0.751429
vt 0.185960 0.489257
vt 0.184886 0.484598
vt 0.384980 0.749686
vt 0.393161 0.714801
vt 0.392966 0.748544
vt 0.424948 0.685111
vt 0.421736 0.721775
vt 0.963611 0.375141
vt 0.438348 0.694370
vt 0.431333 0.695049
vt 0.181073 0.720926
vt 0.384764 0.780197
vt 0.404628 0.747916
vt 0.406737 0.716142
vt 0.414384 0.698911
vt 0.120563 0.493479
vt 0.390926 0.780603
vt 0.412484 0.747782
vt 0.192445 0.753066
vt 0.163770 0.664931
vt 0.174211 0.689534
vt 0.432470 0.782506
vt 0.166190 0.678329
vt 0.930862 0.102530
vt 0.131706 0.472700
vt 0.420052 0.777394
vt 0.947176 0.097365
vt 0.405034 0.780650
vt 0.192502 0.726214
vt 0.957093 0.094352
vt 0.916574 0.097753
vt 0.260809 0.899966
vt 0.263692 0.909603
vt 0.260809 0.915682
vt 0.158999 0.656428
vt 0.192279 0.467655
vt 0.386515 0.811820
vt 0.432141 0.803188
vt 0.425711 0.783304
vt 0.269636 0.989627
vt 0.263751 0.974355
vt 0.277086 0.974355
vt 0.936937 0.084230
vt 0.395926 0.821263
vt 0.921901 0.079280
vt 0.416030 0.801156
vt 0.911938 0.114479
vt 0.912565 0.091574
vt 0.404536 0.800979
vt 0.186485 0.695737
vt 0.197883 0.702337
vt 0.177179 0.661658
vt 0.164428 0.438825
vt 0.190312 0.461767
vt 0.913137 0.080329
vt 0.958124 0.076977
vt 0.949717 0.073417
vt 0.173660 0.645440
vt 0.441717 0.809039
vt 0.429500 0.831670
vt 0.186898 0.670535
vt 0.420673 0.826123
vt 0.167657 0.640740
vt 0.389006 0.834147
vt 0.929096 0.061725
vt 0.439699 0.832529
vt 0.411093 0.822574
vt 0.938078 0.050481
vt 0.200982 0.679799
vt 0.912068 0.059456
vt 0.185205 0.639643
vt 0.401323 0.841192
vt 0.390909 0.845456
vt 0.183130 0.628198
vt 0.193488 0.450544
vt 0.191681 0.643623
vt 0.195536 0.650804
vt 0.133585 0.959709
vt 0.140631 0.937019
vt 0.147065 0.954222
vt 0.208007 0.654069
vt 0.416960 0.848017
vt 0.961544 0.057363
vt 0.210433 0.679478
vt 0.135822 0.460535
vt 0.156755 0.956280
vt 0.150378 0.936697
vt 0.218379 0.661403
vt 0.140694 0.441553
vt 0.405044 0.853418
vt 0.394131 0.861966
vt 0.194040 0.429812
vt 0.918395 0.049920
vt 0.430000 0.850111
vt 0.951084 0.032928
vt 0.178564 0.946704
vt 0.164777 0.936683
vt 0.177621 0.933957
vt 0.959206 0.037002
vt 0.212535 0.633647
vt 0.929462 0.025931
vt 0.216368 0.644919
vt 0.130000 0.945743
vt 0.133573 0.921267
vt 0.196378 0.612831
vt 0.202759 0.619641
vt 0.189867 0.400201
vt 0.154225 0.913667
vt 0.908811 0.029571
vt 0.403001 0.870125
vt 0.913609 0.026166
vt 0.944644 0.029526
vt 0.225274 0.653545
vt 0.168692 0.909327
vt 0.206198 0.612534
vt 0.400099 0.888186
vt 0.142584 0.907096
vt 0.963376 0.026101
vt 0.567113 0.539997
vt 0.560455 0.535748
vt 0.572809 0.526363
vt 0.577024 0.532478
vt 0.130000 0.911471
vt 0.605556 0.535379
vt 0.612505 0.534948
vt 0.616638 0.540234
vt 0.223915 0.648915
vt 0.598381 0.525088
vt 0.594108 0.531642
vt 0.145294 0.408075
vt 0.908221 0.012472
vt 0.183494 0.917625
vt 0.554531 0.556574
vt 0.550327 0.544819
vt 0.581429 0.488729
vt 0.549266 0.521426
vt 0.618154 0.530216
vt 0.619629 0.506082
vt 0.611649 0.482194
vt 0.589747 0.473026
vt 0.575635 0.469532
vt 0.955832 0.019862
vt 0.632860 0.541765
vt 0.537110 0.492167
vt 0.594468 0.460419
vt 0.638033 0.506283
vt 0.627542 0.491480
vt 0.572870 0.453302
vt 0.252286 0.983596
vt 0.254329 0.967696
vt 0.263130 0.967333
vt 0.159099 0.903715
vt 0.941974 0.012649
vt 0.639740 0.521745
vt 0.623292 0.553471
vt 0.540431 0.464874
vt 0.611139 0.456739
vt 0.584916 0.447421
vt 0.182127 0.902052
vt 0.531571 0.536804
vt 0.530343 0.475684
vt 0.644656 0.478766
vt 0.924706 0.008956
vt 0.523362 0.514519
vt 0.541424 0.559891
vt 0.667239 0.529437
vt 0.510629 0.490263
vt 0.652611 0.501402
vt 0.636095 0.440770
vt 0.607850 0.428174
vt 0.170800 0.895253
vt 0.630263 0.565457
vt 0.622742 0.569979
vt 0.531324 0.561795
vt 0.508119 0.514774
vt 0.508062 0.527836
vt 0.512892 0.472059
vt 0.533527 0.441925
vt 0.550794 0.430914
vt 0.594805 0.404213
vt 0.541267 0.576951
vt 0.494051 0.500961
vt 0.186447 0.885430
vt 0.513648 0.557847
vt 0.651982 0.555219
vt 0.673647 0.485947
vt 0.562287 0.403175
vt 0.497752 0.553933
vt 0.487536 0.476790
vt 0.676264 0.508694
vt 0.252286 0.951586
vt 0.635269 0.570755
vt 0.491990 0.524572
vt 0.636270 0.414444
vt 0.514886 0.578010
vt 0.153934 0.897782
vt 0.621264 0.581519
vt 0.503881 0.451763
vt 0.910207 0.000000
vt 0.988420 0.407497
vt 0.994634 0.396856
vt 0.994634 0.416174
vt 0.481276 0.548536
vt 0.674694 0.537094
vt 0.663772 0.452141
vt 0.548855 0.399228
vt 0.988362 0.937249
vt 0.994111 0.941331
vt 0.988362 0.954910
vt 0.480776 0.488594
vt 0.515047 0.424571
vt 0.537547 0.405088
vt 0.608022 0.402838
vt 0.666993 0.563120
vt 0.653436 0.580764
vt 0.652595 0.422109
vt 0.623785 0.588104
vt 0.475708 0.527315
vt 0.645540 0.695434
vt 0.634744 0.721047
vt 0.626396 0.697275
vt 0.988420 0.416174
vt 0.993268 0.432289
vt 0.988420 0.440637
vt 0.540957 0.590504
vt 0.495224 0.574693
vt 0.474982 0.555939
vt 0.663036 0.585825
vt 0.686269 0.500375
vt 0.647520 0.597451
vt 0.682753 0.542934
vt 0.628604 0.684671
vt 0.589989 0.384188
vt 0.131514 0.387077
vt 0.672944 0.580251
vt 0.557681 0.385999
vt 0.605957 0.381231
vt 0.624264 0.995209
vt 0.624264 0.979747
vt 0.629479 0.985409
vt 0.616201 0.706259
vt 0.612602 0.671368
vt 0.629910 0.673868
vt 0.154473 0.364233
vt 0.191087 0.383204
vt 0.375353 0.001388
vt 0.358907 0.009343
vt 0.332479 0.000000
vt 0.636236 0.391084
vt 0.717722 0.966664
vt 0.717722 0.987899
vt 0.702940 0.968784
vt 0.607867 0.601452
vt 0.602479 0.687581
vt 0.489198 0.451964
vt 0.648744 0.400934
vt 0.184641 0.334034
vt 0.198015 0.370695
vt 0.637020 0.749267
vt 0.620437 0.742206
vt 0.642602 0.741609
vt 0.687741 0.478627
vt 0.538652 0.385181
vt 0.217263 0.346961
vt 0.238548 0.344358
vt 0.221789 0.356062
vt 0.479242 0.571845
vt 0.685559 0.571789
vt 0.661440 0.424174
vt 0.678491 0.442967
vt 0.662204 0.405045
vt 0.572500 0.375470
vt 0.094107 0.397913
vt 0.093828 0.385915
vt 0.304685 0.011362
vt 0.333728 0.011911
vt 0.355519 0.019829
vt 0.474293 0.472459
vt 0.676237 0.603065
vt 0.685541 0.461033
vt 0.498050 0.424017
vt 0.517572 0.397731
vt 0.648354 0.769680
vt 0.638577 0.779508
vt 0.635111 0.766908
vt 0.615815 0.760239
vt 0.594768 0.667497
vt 0.397861 0.012007
vt 0.382993 0.015224
vt 0.237542 0.333935
vt 0.687741 0.586564
vt 0.612394 0.654034
vt 0.605752 0.742399
vt 0.585933 0.649183
vt 0.343387 0.647008
vt 0.354053 0.635166
vt 0.361134 0.657286
vt 0.376915 0.653561
vt 0.388268 0.632493
vt 0.408214 0.654449
vt 0.368378 0.635848
vt 0.615232 0.770774
vt 0.594184 0.699616
vt 0.583997 0.629670
vt 0.599933 0.631238
vt 0.310891 0.647792
vt 0.316486 0.634545
vt 0.329325 0.655953
vt 0.678618 0.418624
vt 0.237717 0.323011
vt 0.421693 0.657286
vt 0.423520 0.632005
vt 0.436087 0.650636
vt 0.092026 0.344492
vt 0.375607 0.028847
vt 0.059087 0.389324
vt 0.314157 0.022457
vt 0.684977 0.426735
vt 0.063907 0.377351
vt 0.600413 0.754687
vt 0.290763 0.020935
vt 0.409688 0.033698
vt 0.523753 0.380870
vt 0.323701 0.620113
vt 0.205261 0.299126
vt 0.432757 0.015289
vt 0.431508 0.029023
vt 0.415437 0.015733
vt 0.574891 0.610525
vt 0.450362 0.027830
vt 0.495203 0.397233
vt 0.296687 0.631905
vt 0.333800 0.033169
vt 0.259992 0.311470
vt 0.273494 0.025449
vt 0.280203 0.032345
vt 0.459539 0.631633
vt 0.454560 0.644776
vt 0.574792 0.662625
vt 0.449257 0.623791
vt 0.457678 0.025160
vt 0.456317 0.035442
vt 0.251060 0.304206
vt 0.592795 0.769683
vt 0.298475 0.035409
vt 0.287069 0.037152
vt 0.564800 0.740205
vt 0.573941 0.728286
vt 0.573129 0.695387
vt 0.571498 0.681401
vt 0.146965 0.322687
vt 0.448629 0.045628
vt 0.467416 0.037218
vt 0.270895 0.624580
vt 0.271707 0.614848
vt 0.369868 0.611907
vt 0.436728 0.611261
vt 0.590523 0.783321
vt 0.320725 0.049757
vt 0.307443 0.611616
vt 0.117403 0.341473
vt 0.608868 0.782962
vt 0.376353 0.044512
vt 0.396105 0.051756
vt 0.564911 0.637180
vt 0.562152 0.614915
vt 0.293407 0.612794
vt 0.424551 0.609108
vt 0.366096 0.055293
vt 0.329676 0.606142
vt 0.563442 0.651009
vt 0.043919 0.366010
vt 0.464593 0.052423
vt 0.099467 0.330696
vt 0.565127 0.604239
vt 0.573847 0.765391
vt 0.296537 0.051718
vt 0.348047 0.056940
vt 0.313544 0.597649
vt 0.387132 0.056981
vt 0.448737 0.607116
vt 0.178030 0.305475
vt 0.269543 0.053085
vt 0.307517 0.064149
vt 0.550616 0.647744
vt 0.410325 0.056018
vt 0.437263 0.057924
vt 0.388848 0.590699
vt 0.035502 0.368539
vt 0.576392 0.784475
vt 0.283342 0.054271
vt 0.474293 0.616581
vt 0.464301 0.602480
vt 0.210102 0.294121
vt 0.574886 0.752682
vt 0.543784 0.689079
vt 0.545644 0.616351
vt 0.550604 0.604175
vt 0.281781 0.591813
vt 0.266211 0.601457
vt 0.299605 0.589266
vt 0.031660 0.361122
vt 0.325431 0.591300
vt 0.565881 0.777210
vt 0.461104 0.063778
vt 0.258823 0.285963
vt 0.253274 0.255460
vt 0.263751 0.271838
vt 0.271159 0.070132
vt 0.530859 0.663407
vt 0.118591 0.312953
vt 0.368068 0.576047
vt 0.534955 0.626554
vt 0.485634 0.064445
vt 0.029397 0.355546
vt 0.030653 0.340835
vt 0.263751 0.062272
vt 0.550139 0.739598
vt 0.309385 0.074806
vt 0.530866 0.712673
vt 0.343540 0.074711
vt 0.517154 0.679455
vt 0.554232 0.770280
vt 0.537017 0.763391
vt 0.296610 0.075501
vt 0.370871 0.088015
vt 0.081023 0.325813
vt 0.545505 0.754605
vt 0.399146 0.071452
vt 0.411550 0.071203
vt 0.535313 0.646965
vt 0.445351 0.077007
vt 0.448313 0.587670
vt 0.166151 0.279771
vt 0.993593 0.476561
vt 0.983433 0.457996
vt 0.993593 0.452214
vt 0.421522 0.073380
vt 0.266106 0.576821
vt 0.434620 0.580424
vt 0.199011 0.269741
vt 0.095336 0.307231
vt 0.086725 0.322748
vt 0.282506 0.079601
vt 0.294502 0.575903
vt 0.312181 0.575132
vt 0.423414 0.586380
vt 0.383449 0.571987
vt 0.262096 0.260277
vt 0.137849 0.291298
vt 0.564989 0.786946
vt 0.538852 0.749763
vt 0.525548 0.613636
vt 0.526848 0.603065
vt 0.458124 0.582187
vt 0.019398 0.355555
vt 0.385657 0.080271
vt 0.521005 0.620895
vt 0.329605 0.083974
vt 0.472641 0.075613
vt 0.195242 0.272499
vt 0.022779 0.346751
vt 0.666875 0.713853
vt 0.675803 0.711015
vt 0.687668 0.726229
vt 0.532111 0.654730
vt 0.521991 0.634357
vt 0.459534 0.085947
vt 0.502037 0.083146
vt 0.177209 0.270531
vt 0.539525 0.771376
vt 0.026362 0.339237
vt 0.281195 0.090905
vt 0.331404 0.558537
vt 0.265510 0.078521
vt 0.523640 0.727939
vt 0.280349 0.567350
vt 0.446131 0.569803
vt 0.412266 0.566321
vt 0.082877 0.309560
vt 0.417108 0.100419
vt 0.422838 0.096333
vt 0.492439 0.089078
vt 0.509202 0.697087
vt 0.403244 0.097417
vt 0.485162 0.095499
vt 0.258328 0.241320
vt 0.498492 0.665061
vt 0.511071 0.650284
vt 0.297330 0.560289
vt 0.252926 0.244363
vt 0.447459 0.741440
vt 0.459124 0.740512
vt 0.441717 0.767024
vt 0.687260 0.726229
vt 0.686920 0.747253
vt 0.680357 0.741382
vt 0.299388 0.102212
vt 0.325941 0.091237
vt 0.506634 0.115368
vt 0.455671 0.555625
vt 0.545879 0.784669
vt 0.312891 0.099029
vt 0.426917 0.100740
vt 0.512745 0.715242
vt 0.358734 0.103840
vt 0.683321 0.711181
vt 0.678233 0.685673
vt 0.200928 0.234347
vt 0.022478 0.323081
vt 0.117910 0.276961
vt 0.650114 0.686179
vt 0.383535 0.726547
vt 0.364020 0.710134
vt 0.384764 0.719067
vt 0.316160 0.548703
vt 0.379852 0.544830
vt 0.245950 0.870769
vt 0.251268 0.860818
vt 0.250659 0.879234
vt 0.188957 0.261441
vt 0.345524 0.101962
vt 0.654156 0.675877
vt 0.379449 0.705194
vt 0.286633 0.546714
vt 0.512478 0.108751
vt 0.018419 0.325873
vt 0.004703 0.320867
vt 0.498728 0.116931
vt 0.415826 0.539824
vt 0.365828 0.545345
vt 0.185743 0.245221
vt 0.035534 0.293422
vt 0.137083 0.271022
vt 0.226388 0.735210
vt 0.233932 0.749299
vt 0.225274 0.752180
vt 0.252030 0.214352
vt 0.465148 0.108882
vt 0.263751 0.551717
vt 0.275738 0.542692
vt 0.226882 0.612534
vt 0.233309 0.622523
vt 0.226677 0.640209
vt 0.003928 0.337207
vt 0.396703 0.110541
vt 0.493423 0.651593
vt 0.515249 0.752448
vt 0.080128 0.299402
vt 0.678071 0.751249
vt 0.228668 0.761118
vt 0.501648 0.650999
vt 0.355777 0.719409
vt 0.684154 0.756275
vt 0.662140 0.669088
vt 0.246013 0.237639
vt 0.020992 0.312444
vt 0.093450 0.290288
vt 0.679211 0.756433
vt 0.307461 0.110675
vt 0.329501 0.113534
vt 0.687467 0.770167
vt 0.241245 0.884509
vt 0.496522 0.734025
vt 0.377751 0.115014
vt 0.362087 0.751275
vt 0.291141 0.536084
vt 0.300852 0.534091
vt 0.236004 0.631746
vt 0.675952 0.758579
vt 0.245729 0.229764
vt 0.518855 0.783681
vt 0.523162 0.767855
vt 0.418986 0.972758
vt 0.428175 0.987045
vt 0.418986 0.994963
vt 0.492423 0.687439
vt 0.491412 0.668236
vt 0.440682 0.544136
vt 0.244288 0.894428
vt 0.149919 0.257196
vt 0.238966 0.762436
vt 0.298463 0.113981
vt 0.993449 0.668943
vt 0.983169 0.657548
vt 0.993449 0.642433
vt 0.077446 0.305154
vt 0.185232 0.252614
vt 0.078423 0.291771
vt 0.499437 0.707073
vt 0.677018 0.675370
vt 0.443434 0.128963
vt 0.426745 0.115977
vt 0.480826 0.135004
vt 0.339681 0.526292
vt 0.017537 0.314799
vt 0.090891 0.275965
vt 0.167173 0.249497
vt 0.368878 0.987187
vt 0.374455 0.986792
vt 0.374707 0.993528
vt 0.001658 0.305231
vt 0.411297 0.122147
vt 0.462344 0.122706
vt 0.376710 0.516342
vt 0.015271 0.312449
vt 0.225274 0.884871
vt 0.225274 0.860818
vt 0.234778 0.876141
vt 0.350249 0.694244
vt 0.330171 0.682425
vt 0.346148 0.676764
vt 0.239604 0.216651
vt 0.261147 0.829096
vt 0.263456 0.822783
vt 0.261656 0.835815
vt 0.482599 0.677870
vt 0.490950 0.657987
vt 0.461320 0.715730
vt 0.675438 0.766381
vt 0.074175 0.280177
vt 0.671909 0.769517
vt 0.365583 0.122037
vt 0.070966 0.282805
vt 0.251211 0.900715
vt 0.239126 0.640479
vt 0.235095 0.650400
vt 0.181724 0.244159
vt 0.450328 0.721637
vt 0.369163 0.512478
vt 0.016826 0.288736
vt 0.515330 0.781140
vt 0.495832 0.745415
vt 0.674590 0.664944
vt 0.676339 0.666150
vt 0.234752 0.217204
vt 0.106110 0.263063
vt 0.180664 0.237771
vt 0.284090 0.106056
vt 0.286084 0.121782
vt 0.343892 0.135100
vt 0.429497 0.519977
vt 0.374707 0.979972
vt 0.242469 0.646457
vt 0.261147 0.822200
vt 0.484745 0.695138
vt 0.403664 0.127188
vt 0.473322 0.722197
vt 0.221979 0.194325
vt 0.015278 0.293624
vt 0.666278 0.656379
vt 0.335314 0.707729
vt 0.330064 0.510475
vt 0.123313 0.249939
vt 0.145471 0.244508
vt 0.177532 0.233375
vt 0.253237 0.211019
vt 0.242522 0.773268
vt 0.235733 0.784481
vt 0.299811 0.132184
vt 0.475544 0.671331
vt 0.283410 0.519903
vt 0.679274 0.790985
vt 0.459561 0.864604
vt 0.462072 0.859234
vt 0.461029 0.867153
vt 0.663513 0.883841
vt 0.663513 0.876433
vt 0.665926 0.880833
vt 0.498937 0.769666
vt 0.650564 0.661241
vt 0.425491 0.132156
vt 0.451045 0.527298
vt 0.417801 0.516811
vt 0.403058 0.520757
vt 0.225909 0.782733
vt 0.673390 0.772497
vt 0.234675 0.207590
vt 0.326230 0.129774
vt 0.656717 0.803675
vt 0.653290 0.790989
vt 0.663345 0.791731
vt 0.676002 0.655876
vt 0.499010 0.141490
vt 0.463183 0.549565
vt 0.050437 0.260699
vt 0.226299 0.661361
vt 0.687142 0.788329
vt 0.233448 0.210856
vt 0.014435 0.300943
vt 0.474293 0.708585
vt 0.295286 0.520366
vt 0.241783 0.902797
vt 0.237715 0.897668
vt 0.162788 0.232853
vt 0.244825 0.651267
vt 0.243708 0.659429
vt 0.850080 0.265161
vt 0.852009 0.258232
vt 0.852009 0.269815
vt 0.478201 0.723140
vt 0.382108 0.143867
vt 0.450359 0.705314
vt 0.454244 0.862480
vt 0.086775 0.259364
vt 0.067651 0.267568
vt 0.013760 0.287999
vt 0.661895 0.834562
vt 0.644279 0.825063
vt 0.663345 0.815247
vt 0.414012 0.137768
vt 0.472382 0.705779
vt 0.068276 0.264956
vt 0.247872 0.659209
vt 0.065826 0.271220
vt 0.331041 0.720564
vt 0.286866 0.517467
vt 0.463633 0.514329
vt 0.671280 0.782801
vt 0.670189 0.778215
vt 0.172671 0.218839
vt 0.178540 0.224380
vt 0.353601 0.754010
vt 0.347846 0.748206
vt 0.245662 0.785512
vt 0.005131 0.281797
vt 0.362294 0.141581
vt 0.647398 0.794039
vt 0.655064 0.649046
vt 0.094104 0.248767
vt 0.463480 0.852441
vt 0.228595 0.204810
vt 0.238837 0.191763
vt 0.637065 0.919493
vt 0.619505 0.902803
vt 0.631743 0.903152
vt 0.648354 0.653501
vt 0.456500 0.698978
vt 0.464506 0.695671
vt 0.467334 0.146184
vt 0.464564 0.846907
vt 0.649471 0.842955
vt 0.347411 0.757045
vt 0.508090 0.150646
vt 0.011732 0.277019
vt 0.131849 0.241861
vt 0.464872 0.859283
vt 0.466117 0.849088
vt 0.061262 0.264749
vt 0.065782 0.260233
vt 0.666273 0.781124
vt 0.474293 0.741508
vt 0.449629 0.696237
vt 0.251691 0.924720
vt 0.680388 0.994260
vt 0.684289 0.989093
vt 0.685516 0.995971
vt 0.665869 0.641216
vt 0.676429 0.648944
vt 0.338427 0.761271
vt 0.228407 0.678993
vt 0.152398 0.219687
vt 0.683045 0.986638
vt 0.488602 0.760606
vt 0.327641 0.150126
vt 0.175123 0.226660
vt 0.226011 0.799846
vt 0.177927 0.215798
vt 0.226424 0.200885
vt 0.438339 0.147734
vt 0.421793 0.141323
vt 0.317918 0.685856
vt 0.326298 0.678024
vt 0.455584 0.832427
vt 0.236990 0.673467
vt 0.734954 0.911036
vt 0.740408 0.930608
vt 0.734954 0.934899
vt 0.247534 0.793534
vt 0.250616 0.667274
vt 0.717415 0.365522
vt 0.698672 0.372624
vt 0.696993 0.355313
vt 0.678310 0.639743
vt 0.312560 0.725723
vt 0.245597 0.927684
vt 0.098356 0.226290
vt 0.137332 0.215257
vt 0.014048 0.279327
vt 0.072202 0.252066
vt 0.056963 0.258205
vt 0.173668 0.178067
vt 0.232142 0.814502
vt 0.468587 0.839017
vt 0.016647 0.938886
vt 0.025688 0.931494
vt 0.023318 0.938034
vt 0.685516 0.982100
vt 0.880544 0.375278
vt 0.877486 0.374637
vt 0.880544 0.370435
vt 0.629516 0.891399
vt 0.637600 0.808367
vt 0.397446 0.149182
vt 0.323665 0.760580
vt 0.393527 0.494291
vt 0.686886 0.801178
vt 0.547745 0.995461
vt 0.542423 0.986409
vt 0.547745 0.979669
vt 0.663879 0.992836
vt 0.656103 0.981970
vt 0.663623 0.987744
vt 0.725549 0.372624
vt 0.730932 0.361047
vt 0.053102 0.254834
vt 0.064491 0.249361
vt 0.646680 0.858225
vt 0.635245 0.838511
vt 0.418514 0.149244
vt 0.309552 0.672076
vt 0.295629 0.501546
vt 0.358329 0.482529
vt 0.673705 0.807393
vt 0.239883 0.810731
vt 0.106034 0.210999
vt 0.115491 0.209273
vt 0.939657 0.927751
vt 0.929018 0.929900
vt 0.936905 0.920086
vt 0.627803 0.798117
vt 0.641292 0.786946
vt 0.448464 0.688284
vt 0.462172 0.165332
vt 0.441220 0.497391
vt 0.425107 0.483035
vt 0.951448 0.909067
vt 0.956196 0.941141
vt 0.051540 0.246531
vt 0.604320 0.884084
vt 0.490224 0.162840
vt 0.321186 0.491848
vt 0.066105 0.252321
vt 0.462268 0.826102
vt 0.247356 0.689617
vt 0.177769 0.994809
vt 0.172805 0.994809
vt 0.174354 0.983701
vt 0.608626 0.915346
vt 0.599663 0.903161
vt 0.010662 0.926105
vt 0.407405 0.154591
vt 0.662418 0.629066
vt 0.456228 0.676927
vt 0.225913 0.688173
vt 0.449956 0.839319
vt 0.249838 0.797666
vt 0.252286 0.804617
vt 0.687307 0.918805
vt 0.684096 0.919279
vt 0.687730 0.913742
vt 0.720772 0.338258
vt 0.000000 0.941855
vt 0.630898 0.870179
vt 0.622695 0.860811
vt 0.620025 0.787709
vt 0.474108 0.689781
vt 0.329868 0.765459
vt 0.307630 0.685582
vt 0.024859 0.240036
vt 0.028812 0.924870
vt 0.166029 0.208061
vt 0.154461 0.201685
vt 0.357551 0.159159
vt 0.680004 0.630923
vt 0.449436 0.684062
vt 0.160850 0.203364
vt 0.893092 0.618141
vt 0.890893 0.600596
vt 0.897215 0.613915
vt 0.086732 0.231975
vt 0.685070 0.909830
vt 0.663879 0.979008
vt 0.046993 0.252327
vt 0.940663 0.909487
vt 0.960860 0.490712
vt 0.968076 0.485411
vt 0.971732 0.497810
vt 0.378668 0.158180
vt 0.007394 0.257349
vt 0.742399 0.925665
vt 0.687402 0.907088
vt 0.022946 0.911210
vt 0.730010 0.337663
vt 0.627960 0.823669
vt 0.447033 0.678292
vt 0.368813 0.489235
vt 0.247444 0.940455
vt 0.250710 0.822975
vt 0.902315 0.608368
vt 0.938382 0.618141
vt 0.934277 0.611735
vt 0.943200 0.594982
vt 0.685377 0.903496
vt 0.737444 0.367225
vt 0.744352 0.365085
vt 0.248199 0.982775
vt 0.242664 0.991276
vt 0.235127 0.977542
vt 0.235127 0.991047
vt 0.052743 0.914875
vt 0.047341 0.915518
vt 0.054131 0.896556
vt 0.065710 0.231787
vt 0.699650 0.322795
vt 0.394703 0.162239
vt 0.465194 0.673234
vt 0.311901 0.703439
vt 0.408163 0.482455
vt 0.740681 0.352215
vt 0.006322 0.907675
vt 0.046885 0.975374
vt 0.046885 0.991768
vt 0.037741 0.981003
vt 0.937391 0.908396
vt 0.850080 0.312706
vt 0.850080 0.305594
vt 0.851853 0.310480
vt 0.448865 0.677646
vt 0.437056 0.170233
vt 0.336801 0.473816
vt 0.208138 0.169769
vt 0.676949 0.822659
vt 0.115888 0.195331
vt 0.260809 0.936558
vt 0.260809 0.927054
vt 0.263748 0.929085
vt 0.039301 0.914861
vt 0.687159 0.899328
vt 0.751466 0.364527
vt 0.755087 0.359557
vt 0.033187 0.920299
vt 0.590679 0.885766
vt 0.015938 0.899077
vt 0.621354 0.811082
vt 0.226425 0.819794
vt 0.743763 0.901322
vt 0.777012 0.926506
vt 0.785614 0.913538
vt 0.781988 0.931231
vt 0.923481 0.603772
vt 0.935313 0.587924
vt 0.929371 0.605716
vt 0.915922 0.602595
vt 0.914859 0.604507
vt 0.684096 0.895862
vt 0.687510 0.890902
vt 0.760731 0.364561
vt 0.768020 0.367604
vt 0.763683 0.363747
vt 0.775320 0.361986
vt 0.956553 0.471184
vt 0.701812 0.291172
vt 0.715210 0.307271
vt 0.006006 0.258097
vt 0.240524 0.702820
vt 0.900542 0.586292
vt 0.763698 0.916935
vt 0.776113 0.907896
vt 0.770078 0.923752
vt 0.027907 0.899806
vt 0.236780 0.969031
vt 0.322391 0.770002
vt 0.749212 0.919157
vt 0.756673 0.897294
vt 0.005157 0.897968
vt 0.968596 0.474290
vt 0.940570 0.897317
vt 0.446123 0.671957
vt 0.907416 0.607986
vt 0.755646 0.918222
vt 0.769119 0.343045
vt 0.752428 0.345724
vt 0.035371 0.889049
vt 0.605138 0.844517
vt 0.406719 0.168978
vt 0.672101 0.614854
vt 0.312829 0.772886
vt 0.505839 0.177074
vt 0.282193 0.677753
vt 0.735523 0.884880
vt 0.917854 0.585514
vt 0.777497 0.342921
vt 0.701881 0.270995
vt 0.722327 0.272958
vt 0.459091 0.488383
vt 0.390650 0.479275
vt 0.061128 0.234516
vt 0.062100 0.229925
vt 0.099513 0.208435
vt 0.141619 0.185560
vt 0.968102 0.466657
vt 0.725414 0.318865
vt 0.598950 0.867050
vt 0.375159 0.177283
vt 0.607657 0.798926
vt 0.681249 0.623139
vt 0.458187 0.663111
vt 0.240350 0.933911
vt 0.668408 0.832938
vt 0.941890 0.889846
vt 0.723175 0.294218
vt 0.604614 0.824960
vt 0.410665 0.165642
vt 0.425602 0.190408
vt 0.405581 0.175891
vt 0.415787 0.159050
vt 0.225274 0.706192
vt 0.685634 0.823777
vt 0.242401 0.833611
vt 0.743438 0.877820
vt 0.743988 0.332996
vt 0.310722 0.778717
vt 0.252286 0.950508
vt 0.163421 0.194770
vt 0.445360 0.665356
vt 0.442142 0.661214
vt 0.288101 0.688212
vt 0.380488 0.450779
vt 0.227819 0.712122
vt 0.946215 0.578954
vt 0.078408 0.208848
vt 0.967409 0.460425
vt 0.601401 0.792350
vt 0.684805 0.612259
vt 0.291561 0.704981
vt 0.003853 0.244231
vt 0.056255 0.885397
vt 0.570138 0.989324
vt 0.570138 0.965555
vt 0.577897 0.987674
vt 0.003868 0.890896
vt 0.005542 0.885715
vt 0.525497 0.166135
vt 0.512675 0.194060
vt 0.324348 0.463472
vt 0.151561 0.187677
vt 0.164184 0.211432
vt 0.145122 0.183097
vt 0.966446 0.453739
vt 0.710940 0.256268
vt 0.730307 0.263840
vt 0.602684 0.812803
vt 0.728665 0.246683
vt 0.305357 0.782916
vt 0.290555 0.721543
vt 0.225891 0.833945
vt 0.249871 0.704594
vt 0.890636 0.570425
vt 0.933688 0.568948
vt 0.062179 0.205484
vt 0.738221 0.308608
vt 0.595931 0.803990
vt 0.679045 0.603065
vt 0.450613 0.191395
vt 0.478390 0.187498
vt 0.528961 0.196733
vt 0.435112 0.466695
vt 0.151913 0.162207
vt 0.683273 0.840157
vt 0.247387 0.849836
vt 0.123018 0.172778
vt 0.969159 0.893859
vt 0.589116 0.853105
vt 0.002956 0.877209
vt 0.300481 0.974355
vt 0.304189 0.977864
vt 0.302090 0.984364
vt 0.687393 0.819450
vt 0.687668 0.833117
vt 0.000000 0.227097
vt 0.013354 0.875875
vt 0.776104 0.316234
vt 0.045925 0.850745
vt 0.955843 0.444104
vt 0.964492 0.442483
vt 0.004578 0.875522
vt 0.441717 0.657286
vt 0.298641 0.786023
vt 0.294545 0.746088
vt 0.263751 0.657286
vt 0.020940 0.864243
vt 0.583479 0.985397
vt 0.769010 0.307053
vt 0.942202 0.866515
vt 0.944985 0.858603
vt 0.943266 0.877333
vt 0.687668 0.608126
vt 0.298311 0.791457
vt 0.003419 0.870464
vt 0.590830 0.832197
vt 0.740351 0.251128
vt 0.303897 0.990534
vt 0.290454 0.770100
vt 0.232117 0.719720
vt 0.459531 0.806312
vt 0.466506 0.802781
vt 0.773788 0.884428
vt 0.787630 0.884076
vt 0.553735 0.965555
vt 0.570138 0.973457
vt 0.553735 0.987109
vt 0.941993 0.859100
vt 0.740156 0.280273
vt 0.011131 0.817223
vt 0.001569 0.824037
vt 0.000000 0.817773
vt 0.584721 0.804704
vt 0.406713 0.451429
vt 0.252286 0.967815
vt 0.245210 0.969031
vt 0.964037 0.434906
vt 0.003869 0.863520
vt 0.742771 0.269659
vt 0.300481 0.995046
vt 0.971732 0.385646
vt 0.956597 0.392149
vt 0.964389 0.375470
vt 0.497188 0.198619
vt 0.235127 0.963858
vt 0.247360 0.718113
vt 0.253813 0.714445
vt 0.924606 0.561174
vt 0.758662 0.877917
vt 0.095730 0.180347
vt 0.942673 0.883792
vt 0.964524 0.879616
vt 0.283625 0.850136
vt 0.263751 0.846446
vt 0.281668 0.839600
vt 0.280104 0.823786
vt 0.283236 0.834157
vt 0.015796 0.853876
vt 0.938615 0.846057
vt 0.586570 0.819925
vt 0.929018 0.819112
vt 0.933797 0.815516
vt 0.934298 0.820488
vt 0.388157 0.186210
vt 0.394316 0.184986
vt 0.392067 0.190389
vt 0.966152 0.394720
vt 0.754167 0.267178
vt 0.386272 0.450701
vt 0.232132 0.846767
vt 0.943995 0.568959
vt 0.950380 0.433121
vt 0.952313 0.426843
vt 0.027103 0.843513
vt 0.758153 0.293679
vt 0.283824 0.828905
vt 0.962609 0.421471
vt 0.286579 0.818192
vt 0.293224 0.802060
vt 0.291420 0.797821
vt 0.932125 0.826900
vt 0.061043 0.213404
vt 0.058584 0.221189
vt 0.054380 0.205089
vt 0.675281 0.849242
vt 0.799224 0.889746
vt 0.913368 0.562221
vt 0.064361 0.193711
vt 0.037927 0.830644
vt 0.004632 0.850230
vt 0.283742 0.814833
vt 0.938539 0.840267
vt 0.934332 0.834077
vt 0.962491 0.409314
vt 0.952495 0.410326
vt 0.964082 0.402289
vt 0.936303 0.829735
vt 0.289795 0.808857
vt 0.015819 0.833748
vt 0.004132 0.832946
vt 0.289562 0.790675
vt 0.303548 0.470167
vt 0.314636 0.454985
vt 0.076445 0.185522
vt 0.769137 0.300482
vt 0.004114 0.840150
vt 0.027117 0.823129
vt 0.410039 0.196396
vt 0.740890 0.868924
vt 0.901731 0.564981
vt 0.767511 0.873358
vt 0.134144 0.160674
vt 0.827368 0.568151
vt 0.803130 0.558486
vt 0.811192 0.549968
vt 0.805210 0.521446
vt 0.800861 0.522002
vt 0.800137 0.510907
vt 0.762551 0.284846
vt 0.369408 0.190339
vt 0.378602 0.191399
vt 0.365543 0.195309
vt 0.444635 0.195516
vt 0.286030 0.733221
vt 0.276290 0.694438
vt 0.666167 0.848387
vt 0.943877 0.844464
vt 0.962089 0.869942
vt 0.354473 0.188208
vt 0.791052 0.465344
vt 0.786578 0.448168
vt 0.791943 0.441562
vt 0.425032 0.196173
vt 0.289171 0.751746
vt 0.279970 0.715366
vt 0.519548 0.209607
vt 0.426275 0.458440
vt 0.364774 0.449934
vt 0.048078 0.202689
vt 0.182226 0.150793
vt 0.041215 0.204651
vt 0.225274 0.851775
vt 0.802917 0.545225
vt 0.387228 0.190708
vt 0.366722 0.203577
vt 0.395449 0.201731
vt 0.792735 0.485035
vt 0.786367 0.481173
vt 0.786229 0.462192
vt 0.459190 0.199584
vt 0.483089 0.200726
vt 0.790065 0.420133
vt 0.778560 0.416942
vt 0.793755 0.404930
vt 0.270776 0.683785
vt 0.797356 0.491610
vt 0.782363 0.499062
vt 0.782730 0.457592
vt 0.442590 0.199367
vt 0.327519 0.445651
vt 0.144753 0.169445
vt 0.225274 0.725849
vt 0.016102 0.205251
vt 0.001086 0.222273
vt 0.105496 0.170149
vt 0.789222 0.521026
vt 0.382195 0.206991
vt 0.783913 0.431858
vt 0.264533 0.667550
vt 0.200753 0.153188
vt 0.011802 0.216237
vt 0.238008 0.726834
vt 0.939592 0.557695
vt 0.950452 0.564748
vt 0.616474 0.982167
vt 0.624264 0.990182
vt 0.023392 0.210224
vt 0.016315 0.203641
vt 0.043327 0.200295
vt 0.430765 0.205453
vt 0.416158 0.207301
vt 0.768199 0.431235
vt 0.457416 0.203276
vt 0.687668 0.849544
vt 0.456800 0.798681
vt 0.448310 0.803815
vt 0.248672 0.728996
vt 0.256138 0.726150
vt 0.785507 0.872626
vt 0.050364 0.202388
vt 0.494022 0.209144
vt 0.165736 0.148974
vt 0.154838 0.150370
vt 0.796763 0.879851
vt 0.752735 0.866805
vt 0.066651 0.184359
vt 0.770988 0.479496
vt 0.985800 0.722293
vt 0.974440 0.727835
vt 0.972842 0.712976
vt 0.529414 0.215039
vt 0.318257 0.444218
vt 0.350941 0.443475
vt 0.893315 0.558480
vt 0.929713 0.549412
vt 0.933387 0.553921
vt 0.767940 0.441662
vt 0.439283 0.448378
vt 0.402789 0.445600
vt 0.230130 0.732511
vt 0.235002 0.860818
vt 0.449629 0.791656
vt 0.757690 0.865816
vt 0.787996 0.544897
vt 0.972842 0.741934
vt 0.771284 0.461986
vt 0.399336 0.210117
vt 0.003901 0.217182
vt 0.442056 0.792043
vt 0.441717 0.803793
vt 0.463631 0.791503
vt 0.048489 0.191293
vt 0.368492 0.210534
vt 0.478274 0.215550
vt 0.191263 0.145664
vt 0.166145 0.982360
vt 0.162191 0.983701
vt 0.166088 0.971805
vt 0.946102 0.554425
vt 0.938990 0.551974
vt 0.465693 0.785870
vt 0.474257 0.792167
vt 0.789040 0.549861
vt 0.783427 0.530759
vt 0.382392 0.214015
vt 0.444776 0.214776
vt 0.456937 0.214744
vt 0.327599 0.437834
vt 0.408430 0.992314
vt 0.409114 0.990032
vt 0.418211 0.989864
vt 0.000676 0.965825
vt 0.006057 0.960968
vt 0.010527 0.968391
vt 0.699265 0.243229
vt 0.713825 0.232062
vt 0.710848 0.246093
vt 0.000000 0.951612
vt 0.009626 0.950892
vt 0.721462 0.241725
vt 0.727075 0.229952
vt 0.726351 0.972948
vt 0.720225 0.982316
vt 0.763254 0.859746
vt 0.775687 0.866461
vt 0.977348 0.193630
vt 0.988448 0.205231
vt 0.977348 0.212448
vt 0.026679 0.190562
vt 0.167972 0.993904
vt 0.162191 0.991052
vt 0.167972 0.983701
vt 0.171481 0.980604
vt 0.698122 0.236524
vt 0.247924 0.858892
vt 0.789709 0.873854
vt 0.914816 0.548900
vt 0.771016 0.861612
vt 0.922642 0.546142
vt 0.102891 0.152451
vt 0.126711 0.148182
vt 0.038615 0.185677
vt 0.357242 0.217515
vt 0.759450 0.409721
vt 0.429146 0.441418
vt 0.374757 0.440492
vt 0.408912 0.982345
vt 0.015884 0.957554
vt 0.240411 0.735210
vt 0.020904 0.941855
vt 0.019591 0.946622
vt 0.015835 0.941924
vt 0.350846 0.215610
vt 0.769155 0.509408
vt 0.422430 0.217399
vt 0.780661 0.399343
vt 0.758659 0.392727
vt 0.779947 0.391586
vt 0.852121 0.290060
vt 0.852121 0.297020
vt 0.850080 0.291344
vt 0.704711 0.227185
vt 0.697703 0.231064
vt 0.705812 0.220417
vt 0.418986 0.981570
vt 0.459269 0.782030
vt 0.165761 0.960162
vt 0.178090 0.965931
vt 0.175051 0.959709
vt 0.007682 0.943425
vt 0.717792 0.224652
vt 0.725439 0.225176
vt 0.469535 0.777903
vt 0.904450 0.549446
vt 0.084624 0.172564
vt 0.064267 0.163208
vt 0.115770 0.145824
vt 0.048515 0.179072
vt 0.405283 0.218163
vt 0.302825 0.453000
vt 0.176817 0.144204
vt 0.012260 0.204146
vt 0.020904 0.969285
vt 0.443351 0.785180
vt 0.441717 0.778164
vt 0.449670 0.781830
vt 0.178090 0.981539
vt 0.762962 0.488352
vt 0.307371 0.417985
vt 0.387825 0.435909
vt 0.983169 0.712976
vt 0.983169 0.697263
vt 0.992082 0.705779
vt 0.453206 0.774691
vt 0.408430 0.972758
vt 0.663879 0.992000
vt 0.671678 0.984653
vt 0.718920 0.216684
vt 0.075418 0.162682
vt 0.987185 0.223725
vt 0.054381 0.171947
vt 0.777711 0.547551
vt 0.727899 0.867993
vt 0.733589 0.859746
vt 0.734954 0.876692
vt 0.771526 0.527177
vt 0.759064 0.433547
vt 0.456561 0.221815
vt 0.518843 0.229677
vt 0.029918 0.197143
vt 0.696993 0.217703
vt 0.717722 0.989568
vt 0.723559 0.989888
vt 0.980279 0.233339
vt 0.987496 0.233408
vt 0.977348 0.245355
vt 0.977348 0.225184
vt 0.982832 0.223725
vt 0.726575 0.217370
vt 0.088356 0.162468
vt 0.142009 0.146151
vt 0.723955 0.891472
vt 0.717912 0.881008
vt 0.358957 0.226962
vt 0.750274 0.472976
vt 0.369181 0.431939
vt 0.413054 0.433347
vt 0.984572 0.247304
vt 0.978340 0.256213
vt 0.931253 0.542635
vt 0.783057 0.860984
vt 0.395450 0.220014
vt 0.751573 0.450710
vt 0.748324 0.375470
vt 0.351991 0.426519
vt 0.036290 0.970180
vt 0.020904 0.972703
vt 0.029453 0.962214
vt 0.993470 0.518879
vt 0.997081 0.513960
vt 0.997081 0.524658
vt 0.730968 0.985851
vt 0.909450 0.542476
vt 0.027397 0.941855
vt 0.026185 0.948674
vt 0.020904 0.943572
vt 0.707647 0.887928
vt 0.341169 0.226698
vt 0.410272 0.226698
vt 0.495958 0.971698
vt 0.484680 0.970373
vt 0.493398 0.960445
vt 0.486593 0.959602
vt 0.475890 0.967881
vt 0.449831 0.767024
vt 0.703596 0.214620
vt 0.687741 0.970763
vt 0.693200 0.969252
vt 0.687741 0.983694
vt 0.993188 0.955092
vt 0.990964 0.963421
vt 0.984317 0.962570
vt 0.749269 0.482635
vt 0.753031 0.418764
vt 0.483769 0.228022
vt 0.313961 0.418079
vt 0.329033 0.413731
vt 0.694901 0.984825
vt 0.688005 0.987480
vt 0.037741 0.962001
vt 0.699235 0.976647
vt 0.464492 0.768954
vt 0.466986 0.982521
vt 0.463576 0.970882
vt 0.470610 0.970162
vt 0.057660 0.167130
vt 0.194234 0.885430
vt 0.208041 0.893777
vt 0.190449 0.896890
vt 0.700205 0.891585
vt 0.710821 0.895620
vt 0.502852 0.229185
vt 0.529691 0.236352
vt 0.434900 0.422204
vt 0.396082 0.430072
vt 0.474293 0.956219
vt 0.475042 0.943038
vt 0.480917 0.948568
vt 0.984653 0.974239
vt 0.489333 0.940872
vt 0.495958 0.946985
vt 0.487803 0.948593
vt 0.460403 0.986655
vt 0.713722 0.210685
vt 0.034664 0.951634
vt 0.482641 0.937839
vt 0.727075 0.211318
vt 0.777323 0.562165
vt 0.453646 0.426920
vt 0.447359 0.454729
vt 0.988838 0.982411
vt 0.993188 0.977758
vt 0.702940 0.966664
vt 0.470610 0.993402
vt 0.204862 0.902509
vt 0.216948 0.896678
vt 0.084729 0.150017
vt 0.754109 0.526057
vt 0.400251 0.235059
vt 0.431745 0.227063
vt 0.741618 0.419863
vt 0.604673 0.077785
vt 0.623412 0.092780
vt 0.597106 0.099736
vt 0.611442 0.118929
vt 0.107927 0.143423
vt 0.362799 0.240765
vt 0.566136 0.080034
vt 0.558718 0.090560
vt 0.556009 0.073120
vt 0.567909 0.095686
vt 0.562090 0.117134
vt 0.571306 0.110878
vt 0.597354 0.129267
vt 0.633481 0.114113
vt 0.629098 0.130342
vt 0.638190 0.098752
vt 0.195221 0.916436
vt 0.697270 0.906412
vt 0.979692 0.542188
vt 0.982758 0.528320
vt 0.987626 0.528079
vt 0.766487 0.561139
vt 0.754179 0.543982
vt 0.418672 0.422960
vt 0.629283 0.074760
vt 0.216375 0.914189
vt 0.341270 0.238465
vt 0.463600 0.238194
vt 0.983433 0.476777
vt 0.971732 0.490576
vt 0.971732 0.452214
vt 0.562704 0.139140
vt 0.576590 0.083854
vt 0.599707 0.068150
vt 0.602869 0.144441
vt 0.646038 0.074684
vt 0.648742 0.101475
vt 0.710780 0.917470
vt 0.772908 0.583135
vt 0.768946 0.570154
vt 0.062138 0.158915
vt 0.740214 0.458106
vt 0.522930 0.241408
vt 0.429367 0.420281
vt 0.572832 0.146421
vt 0.651792 0.127313
vt 0.204674 0.923775
vt 0.727503 0.903939
vt 0.223265 0.897469
vt 0.974373 0.528079
vt 0.834636 0.989372
vt 0.821840 0.982861
vt 0.834636 0.970069
vt 0.103703 0.142404
vt 0.072164 0.150483
vt 0.377312 0.245662
vt 0.743687 0.387577
vt 0.573808 0.061429
vt 0.638855 0.061390
vt 0.662801 0.106660
vt 0.102652 0.140702
vt 0.099491 0.139109
vt 0.094283 0.137447
vt 0.407336 0.242117
vt 0.627120 0.048498
vt 0.637237 0.150501
vt 0.665379 0.088842
vt 0.188533 0.928874
vt 0.186447 0.904532
vt 0.697919 0.921602
vt 0.222960 0.921138
vt 0.064429 0.152264
vt 0.740187 0.498906
vt 0.857312 0.228293
vt 0.855525 0.227369
vt 0.860252 0.226037
vt 0.484358 0.242959
vt 0.988420 0.375470
vt 0.994087 0.389962
vt 0.988420 0.396856
vt 0.603581 0.041423
vt 0.624222 0.166079
vt 0.654041 0.144482
vt 0.853044 0.228556
vt 0.854568 0.253536
vt 0.820948 0.967672
vt 0.750629 0.561281
vt 0.437410 0.245922
vt 0.549901 0.049529
vt 0.562757 0.057796
vt 0.658911 0.062960
vt 0.687741 0.917739
vt 0.688398 0.894216
vt 0.750758 0.568281
vt 0.425401 0.241376
vt 0.444411 0.417150
vt 0.583823 0.160616
vt 0.644450 0.044559
vt 0.211998 0.944506
vt 0.201191 0.944296
vt 0.721393 0.928457
vt 0.325011 0.247261
vt 0.332083 0.249849
vt 0.085794 0.127782
vt 0.345690 0.254553
vt 0.722228 0.423338
vt 0.443729 0.410382
vt 0.559195 0.149770
vt 0.582820 0.046884
vt 0.600646 0.168067
vt 0.763878 0.595425
vt 0.750134 0.603995
vt 0.095226 0.818887
vt 0.096158 0.842396
vt 0.087324 0.818030
vt 0.863830 0.223947
vt 0.865935 0.226821
vt 0.065490 0.143606
vt 0.729639 0.477529
vt 0.527202 0.258861
vt 0.319484 0.404701
vt 0.819151 0.366567
vt 0.814009 0.349023
vt 0.822090 0.358463
vt 0.828460 0.365328
vt 0.564991 0.159717
vt 0.601603 0.034676
vt 0.665356 0.141701
vt 0.671584 0.116125
vt 0.677151 0.098203
vt 0.706776 0.939766
vt 0.330413 0.230782
vt 0.318101 0.241418
vt 0.852174 0.258232
vt 0.850080 0.249324
vt 0.852174 0.246683
vt 0.972842 0.782065
vt 0.981064 0.741934
vt 0.981064 0.787436
vt 0.509597 0.259318
vt 0.726083 0.376959
vt 0.302329 0.396284
vt 0.597875 0.177735
vt 0.593000 0.027125
vt 0.620820 0.032608
vt 0.649943 0.157024
vt 0.715978 0.953065
vt 0.697203 0.946708
vt 0.864551 0.251732
vt 0.869673 0.222216
vt 0.092322 0.132409
vt 0.064260 0.131060
vt 0.470037 0.258668
vt 0.556424 0.048337
vt 0.195527 0.964301
vt 0.233354 0.917772
vt 0.231264 0.948424
vt 0.065208 0.140763
vt 0.399050 0.252889
vt 0.465272 0.404624
vt 0.318892 0.397809
vt 0.554955 0.163565
vt 0.820377 0.346193
vt 0.846026 0.350161
vt 0.617832 0.175116
vt 0.646247 0.348415
vt 0.664154 0.344654
vt 0.659766 0.357722
vt 0.204535 0.969141
vt 0.708397 0.964375
vt 0.322839 0.261073
vt 0.735875 0.521375
vt 0.347244 0.260330
vt 0.593196 0.184507
vt 0.580665 0.026307
vt 0.603370 0.177677
vt 0.641492 0.171315
vt 0.187205 0.950505
vt 0.731325 0.931029
vt 0.873250 0.222189
vt 0.428850 0.262548
vt 0.579015 0.178189
vt 0.557064 0.038253
vt 0.218872 0.968257
vt 0.876627 0.219669
vt 0.452028 0.261016
vt 0.560363 0.168416
vt 0.835393 0.322894
vt 0.842412 0.331543
vt 0.652803 0.167787
vt 0.618181 0.372624
vt 0.616100 0.354663
vt 0.642534 0.362865
vt 0.700493 0.965909
vt 0.110010 0.868692
vt 0.103156 0.878541
vt 0.291931 0.256062
vt 0.386470 0.258130
vt 0.410056 0.261138
vt 0.588217 0.011192
vt 0.646621 0.035932
vt 0.662907 0.155268
vt 0.728522 0.958670
vt 0.077802 0.818389
vt 0.063581 0.828279
vt 0.074038 0.817223
vt 0.380687 0.920223
vt 0.382430 0.916322
vt 0.384515 0.923312
vt 0.065019 0.818866
vt 0.063255 0.817350
vt 0.715864 0.407196
vt 0.521697 0.278983
vt 0.543437 0.251633
vt 0.535973 0.265114
vt 0.537727 0.245446
vt 0.608890 0.191903
vt 0.858024 0.952072
vt 0.857321 0.929203
vt 0.870136 0.932851
vt 0.664306 0.047993
vt 0.721530 0.962308
vt 0.093141 0.878604
vt 0.733955 0.542293
vt 0.724656 0.456976
vt 0.485905 0.268792
vt 0.456407 0.397591
vt 0.873158 0.629257
vt 0.859911 0.629680
vt 0.876404 0.626788
vt 0.758860 0.617315
vt 0.873605 0.261647
vt 0.717548 0.485552
vt 0.721613 0.391183
vt 0.312251 0.389384
vt 0.834666 0.942623
vt 0.847843 0.967672
vt 0.821590 0.805239
vt 0.810910 0.783352
vt 0.820908 0.785301
vt 0.669741 0.034185
vt 0.598987 0.367344
vt 0.668349 0.321242
vt 0.685535 0.330905
vt 0.651215 0.329895
vt 0.186447 0.965912
vt 0.114359 0.887809
vt 0.734954 0.958406
vt 0.290948 0.265403
vt 0.333872 0.261898
vt 0.593239 0.195130
vt 0.839284 0.967448
vt 0.826206 0.945697
vt 0.629880 0.340135
vt 0.319287 0.925485
vt 0.316860 0.918013
vt 0.332444 0.930686
vt 0.705431 0.966664
vt 0.270599 0.269068
vt 0.265180 0.265013
vt 0.735755 0.562755
vt 0.065945 0.112216
vt 0.717505 0.472940
vt 0.813808 0.356238
vt 0.806251 0.341091
vt 0.590208 0.195099
vt 0.956137 0.176086
vt 0.962958 0.166495
vt 0.962958 0.192810
vt 0.832363 0.797466
vt 0.839098 0.937785
vt 0.860220 0.909643
vt 0.860600 0.282552
vt 0.075364 0.863092
vt 0.333312 0.269038
vt 0.380522 0.912312
vt 0.706191 0.382087
vt 0.665079 0.177337
vt 0.886689 0.618602
vt 0.880997 0.626549
vt 0.852046 0.627713
vt 0.845357 0.623274
vt 0.745332 0.624415
vt 0.881480 0.219496
vt 0.056255 0.819431
vt 0.819478 0.375174
vt 0.819478 0.366920
vt 0.821356 0.374298
vt 0.828422 0.176443
vt 0.826959 0.145458
vt 0.844924 0.160243
vt 0.834062 0.139823
vt 0.404167 0.266492
vt 0.705838 0.426374
vt 0.839348 0.804453
vt 0.672881 0.166109
vt 0.695056 0.319945
vt 0.686240 0.307179
vt 0.106551 0.893018
vt 0.755718 0.632880
vt 0.857513 0.307714
vt 0.852254 0.302115
vt 0.864253 0.301217
vt 0.548781 0.256333
vt 0.850080 0.319088
vt 0.824424 0.768039
vt 0.654316 0.022572
vt 0.099875 0.892188
vt 0.741534 0.602577
vt 0.382505 0.908973
vt 0.059805 0.123822
vt 0.367508 0.270204
vt 0.252286 0.838618
vt 0.256986 0.832297
vt 0.261147 0.854705
vt 0.696993 0.298897
vt 0.580275 0.360452
vt 0.589496 0.350547
vt 0.610700 0.342825
vt 0.083127 0.119296
vt 0.850109 0.139684
vt 0.840650 0.129185
vt 0.806799 0.332010
vt 0.819873 0.317982
vt 0.562591 0.189470
vt 0.583299 0.195944
vt 0.576116 0.191522
vt 0.883974 0.268300
vt 0.380355 0.904294
vt 0.537539 0.272051
vt 0.548781 0.177423
vt 0.351378 0.930686
vt 0.363469 0.918313
vt 0.832998 0.596451
vt 0.732243 0.617931
vt 0.877554 0.286701
vt 0.729040 0.592282
vt 0.295249 0.274126
vt 0.890796 0.218078
vt 0.080620 0.110899
vt 0.696519 0.798396
vt 0.687741 0.780157
vt 0.701997 0.779954
vt 0.597956 0.198806
vt 0.832327 0.922674
vt 0.807267 0.771614
vt 0.630333 0.321337
vt 0.383333 0.903550
vt 0.056678 0.119354
vt 0.802928 0.185133
vt 0.398175 0.276830
vt 0.377976 0.279628
vt 0.415516 0.277395
vt 0.442230 0.279343
vt 0.309844 0.375470
vt 0.325166 0.994315
vt 0.312999 0.990018
vt 0.326072 0.989122
vt 0.977633 0.328361
vt 0.983061 0.317106
vt 0.980516 0.329268
vt 0.976772 0.315120
vt 0.807205 0.954396
vt 0.800774 0.972108
vt 0.800774 0.942343
vt 0.890636 0.596093
vt 0.738504 0.633372
vt 0.276424 0.280219
vt 0.076573 0.876565
vt 0.138355 0.996513
vt 0.135616 0.985165
vt 0.140145 0.985165
vt 0.298280 0.376810
vt 0.831074 0.303212
vt 0.992632 0.331868
vt 0.992632 0.314219
vt 0.997283 0.320116
vt 0.650710 0.313292
vt 0.083420 0.884587
vt 0.881675 0.283194
vt 0.297614 0.284859
vt 0.897401 0.217109
vt 0.929018 0.890770
vt 0.915871 0.893818
vt 0.926962 0.877002
vt 0.815621 0.193054
vt 0.846624 0.052711
vt 0.838251 0.038324
vt 0.848674 0.033379
vt 0.842087 0.302012
vt 0.822707 0.933183
vt 0.680662 0.165560
vt 0.678551 0.152519
vt 0.591916 0.342374
vt 0.733616 0.626430
vt 0.877342 0.300332
vt 0.064306 0.869857
vt 0.800929 0.206987
vt 0.352762 0.280279
vt 0.382897 0.896801
vt 0.923036 0.872942
vt 0.914607 0.865911
vt 0.920624 0.869045
vt 0.469098 0.282797
vt 0.852254 0.075696
vt 0.838587 0.072262
vt 0.710816 0.399876
vt 0.696071 0.391150
vt 0.530913 0.283073
vt 0.797866 0.329212
vt 0.993268 0.435621
vt 0.993268 0.416174
vt 0.996554 0.418295
vt 0.821079 0.919316
vt 0.853316 0.787186
vt 0.814444 0.751613
vt 0.087553 0.901689
vt 0.989582 0.358668
vt 0.976942 0.356993
vt 0.982036 0.344830
vt 0.989582 0.331978
vt 0.827314 0.122303
vt 0.847681 0.113390
vt 0.830614 0.092387
vt 0.501858 0.280689
vt 0.832026 0.053043
vt 0.472637 0.385104
vt 0.935767 0.969394
vt 0.948043 0.963021
vt 0.948981 0.971281
vt 0.727075 0.232725
vt 0.733354 0.222372
vt 0.728260 0.240492
vt 0.602198 0.210685
vt 0.843301 0.772418
vt 0.845532 0.907321
vt 0.682798 0.293681
vt 0.693846 0.293181
vt 0.612987 0.323694
vt 0.263751 0.292254
vt 0.727679 0.607935
vt 0.381694 0.890989
vt 0.461663 0.380208
vt 0.533795 0.283873
vt 0.804700 0.318000
vt 0.683616 0.019401
vt 0.681361 0.032364
vt 0.681022 0.046424
vt 0.665310 0.298181
vt 0.082232 0.891305
vt 0.078383 0.878591
vt 0.262329 0.848155
vt 0.261147 0.840340
vt 0.263345 0.836858
vt 0.781460 0.230134
vt 0.788287 0.207323
vt 0.913876 0.926920
vt 0.902888 0.236880
vt 0.818594 0.125072
vt 0.118349 0.801506
vt 0.130000 0.801514
vt 0.123588 0.804377
vt 0.321906 0.984082
vt 0.990054 0.770085
vt 0.984262 0.775390
vt 0.981064 0.763735
vt 0.989552 0.310303
vt 0.837662 0.286402
vt 0.845746 0.301980
vt 0.982919 0.304398
vt 0.810897 0.934797
vt 0.680388 0.966268
vt 0.687145 0.955588
vt 0.687145 0.982100
vt 0.674966 0.189140
vt 0.682616 0.184439
vt 0.882814 0.312682
vt 0.902609 0.212877
vt 0.054608 0.116234
vt 0.058794 0.090980
vt 0.913746 0.861030
vt 0.702205 0.767365
vt 0.689619 0.765300
vt 0.489754 0.287658
vt 0.798564 0.324355
vt 0.929018 0.968285
vt 0.933896 0.946818
vt 0.253426 0.810339
vt 0.858450 0.800001
vt 0.668506 0.012903
vt 0.261147 0.835815
vt 0.896778 0.273028
vt 0.384515 0.889648
vt 0.996812 0.663266
vt 0.993449 0.668259
vt 0.993580 0.663218
vt 0.810825 0.132305
vt 0.985903 0.514255
vt 0.987112 0.510429
vt 0.992839 0.524659
vt 0.646408 0.184024
vt 0.282750 0.293969
vt 0.336799 0.284743
vt 0.358345 0.294007
vt 0.830042 0.289341
vt 0.989507 0.305519
vt 0.993471 0.506694
vt 0.976772 0.302791
vt 0.833132 0.911277
vt 0.697525 0.169337
vt 0.574557 0.352120
vt 0.088315 0.907125
vt 0.718454 0.635098
vt 0.714768 0.632896
vt 0.713498 0.626849
vt 0.270958 0.297746
vt 0.904698 0.868117
vt 0.820013 0.106124
vt 0.828155 0.040806
vt 0.702258 0.406716
vt 0.990054 0.756407
vt 0.821296 0.293893
vt 0.597960 0.328127
vt 0.852081 0.290060
vt 0.850080 0.288043
vt 0.852081 0.280455
vt 0.717564 0.615242
vt 0.912209 0.861309
vt 0.080074 0.098733
vt 0.076628 0.095615
vt 0.049282 0.107605
vt 0.082801 0.097086
vt 0.991184 0.995481
vt 0.992641 0.985433
vt 0.996118 0.994197
vt 0.513957 0.291471
vt 0.841453 0.019603
vt 0.827802 0.011969
vt 0.835099 0.008263
vt 0.261147 0.804995
vt 0.814477 0.927732
vt 0.820916 0.735356
vt 0.688941 0.155122
vt 0.904996 0.885936
vt 0.922036 0.219689
vt 0.909360 0.210196
vt 0.796544 0.156624
vt 0.993449 0.656124
vt 0.809863 0.126311
vt 0.827804 0.072937
vt 0.497794 0.293481
vt 0.111519 0.808349
vt 0.330209 0.979409
vt 0.812137 0.302218
vt 0.940982 0.947410
vt 0.809270 0.931901
vt 0.693203 0.031873
vt 0.686847 0.052039
vt 0.666561 0.287780
vt 0.070195 0.884253
vt 0.898510 0.284871
vt 0.308698 0.297604
vt 0.778996 0.202806
vt 0.793071 0.195722
vt 0.786292 0.176758
vt 0.916261 0.204963
vt 0.991184 0.982411
vt 0.705236 0.742813
vt 0.692406 0.400216
vt 0.328889 0.974369
vt 0.727075 0.213014
vt 0.858452 0.886951
vt 0.674419 0.283891
vt 0.905614 0.920607
vt 0.902751 0.854428
vt 0.907735 0.855097
vt 0.903880 0.850754
vt 0.442049 0.294850
vt 0.789270 0.324034
vt 0.319200 0.971750
vt 0.733594 0.218832
vt 0.652305 0.785941
vt 0.648354 0.777963
vt 0.656074 0.777963
vt 0.792519 0.375286
vt 0.785767 0.368913
vt 0.792519 0.366820
vt 0.812939 0.916121
vt 0.691511 0.278667
vt 0.319733 0.875448
vt 0.312999 0.889351
vt 0.078448 0.903992
vt 0.885263 0.310975
vt 0.918770 0.203014
vt 0.738359 0.806033
vt 0.715015 0.796105
vt 0.728166 0.791730
vt 0.816088 0.729008
vt 0.823760 0.726445
vt 0.570379 0.343865
vt 0.583033 0.332307
vt 0.711915 0.032573
vt 0.698573 0.048176
vt 0.634429 0.301146
vt 0.889284 0.314599
vt 0.837141 0.641392
vt 0.827369 0.629680
vt 0.839050 0.629680
vt 0.888210 0.288810
vt 0.773176 0.194153
vt 0.746128 0.828435
vt 0.729259 0.817567
vt 0.924656 0.198310
vt 0.042144 0.106179
vt 0.040721 0.095848
vt 0.263626 0.854632
vt 0.261147 0.852506
vt 0.263626 0.848155
vt 0.900225 0.845012
vt 0.717967 0.769686
vt 0.808408 0.048048
vt 0.831905 0.025537
vt 0.787912 0.318093
vt 0.801834 0.302589
vt 0.948981 0.941142
vt 0.994831 0.918670
vt 0.990616 0.910103
vt 0.995307 0.908498
vt 0.655314 0.783564
vt 0.988362 0.916545
vt 0.827368 0.369307
vt 0.833497 0.366904
vt 0.833497 0.374124
vt 0.362908 0.976989
vt 0.359790 0.967156
vt 0.363050 0.964832
vt 0.684974 0.006477
vt 0.692311 0.190239
vt 0.313052 0.882250
vt 0.076027 0.908760
vt 0.913279 0.944497
vt 0.902670 0.938364
vt 0.762640 0.228731
vt 0.045558 0.068604
vt 0.802692 0.112862
vt 0.477144 0.295907
vt 0.507035 0.298452
vt 0.821501 0.007371
vt 0.832933 0.004532
vt 0.987517 0.741934
vt 0.254509 0.804672
vt 0.963376 0.193488
vt 0.963493 0.181215
vt 0.969638 0.190907
vt 0.866426 0.776359
vt 0.842456 0.748533
vt 0.841190 0.886291
vt 0.650778 0.289882
vt 0.291247 0.303559
vt 0.762559 0.246482
vt 0.757069 0.819535
vt 0.894818 0.866821
vt 0.915339 0.239520
vt 0.774403 0.774135
vt 0.779768 0.769495
vt 0.777041 0.778539
vt 0.769412 0.769618
vt 0.896674 0.844609
vt 0.267370 0.890544
vt 0.263751 0.894978
vt 0.267917 0.881909
vt 0.270889 0.882965
vt 0.814670 0.086273
vt 0.817873 0.041372
vt 0.517774 0.306473
vt 0.528102 0.297582
vt 0.747863 0.994863
vt 0.748298 0.986953
vt 0.753214 0.986565
vt 0.834729 0.280048
vt 0.732198 0.210685
vt 0.983169 0.696542
vt 0.983414 0.689022
vt 0.988985 0.691197
vt 0.834731 0.734227
vt 0.710321 0.183118
vt 0.710800 0.021717
vt 0.907653 0.953754
vt 0.757452 0.241843
vt 0.070959 0.074716
vt 0.764376 0.763708
vt 0.896652 0.837997
vt 0.767217 0.769502
vt 0.759769 0.760786
vt 0.717086 0.753146
vt 0.458721 0.309308
vt 0.326270 0.966760
vt 0.745779 0.981034
vt 0.987943 0.193128
vt 0.987943 0.185056
vt 0.994634 0.187024
vt 0.985903 0.497810
vt 0.990205 0.684152
vt 0.992881 0.696542
vt 0.817600 0.716225
vt 0.712322 0.169549
vt 0.700602 0.151585
vt 0.263789 0.313227
vt 0.940835 0.252409
vt 0.962824 0.256115
vt 0.977348 0.265469
vt 0.900599 0.299744
vt 0.757977 0.220098
vt 0.769020 0.847063
vt 0.895186 0.897324
vt 0.893029 0.881266
vt 0.930148 0.193630
vt 0.632977 0.994397
vt 0.632977 0.979008
vt 0.640574 0.987482
vt 0.882661 0.839081
vt 0.893968 0.833628
vt 0.273169 0.871852
vt 0.791173 0.133475
vt 0.725901 0.762334
vt 0.800635 0.099089
vt 0.696348 0.732862
vt 0.807063 0.064533
vt 0.813182 0.020110
vt 0.816175 0.010429
vt 0.105746 0.811147
vt 0.099443 0.800999
vt 0.811285 0.282718
vt 0.753214 0.975918
vt 0.260117 0.793774
vt 0.971985 0.180569
vt 0.828252 0.893875
vt 0.602983 0.312433
vt 0.706480 0.010883
vt 0.284154 0.316242
vt 0.891295 0.300010
vt 0.910351 0.271759
vt 0.744906 0.782716
vt 0.772812 0.752923
vt 0.756049 0.753960
vt 0.754178 0.756681
vt 0.312999 0.856273
vt 0.293982 0.856301
vt 0.305481 0.850136
vt 0.489514 0.307823
vt 0.993201 0.177293
vt 0.862611 0.769624
vt 0.859448 0.865307
vt 0.597707 0.317583
vt 0.660157 0.280591
vt 0.723268 0.162711
vt 0.374187 0.901481
vt 0.695434 0.618001
vt 0.969291 0.331978
vt 0.971940 0.327987
vt 0.976772 0.330899
vt 0.284211 0.902306
vt 0.271366 0.908402
vt 0.282265 0.869435
vt 0.885714 0.865176
vt 0.078024 0.069088
vt 0.093607 0.070494
vt 0.087304 0.076172
vt 0.888983 0.828255
vt 0.787522 0.119882
vt 0.799444 0.118497
vt 0.721445 0.741260
vt 0.496203 0.301122
vt 0.695258 0.412355
vt 0.808673 0.012447
vt 0.825373 0.287534
vt 0.839777 0.280923
vt 0.988362 0.898898
vt 0.017562 0.992768
vt 0.011192 0.990644
vt 0.020123 0.985678
vt 0.071043 0.921841
vt 0.897437 0.306711
vt 0.893568 0.928703
vt 0.763461 0.189985
vt 0.085456 0.088108
vt 0.280820 0.864197
vt 0.744677 0.752756
vt 0.288566 0.855072
vt 0.807811 0.073491
vt 0.331091 0.956364
vt 0.883889 0.808993
vt 0.877000 0.815516
vt 0.877171 0.803784
vt 0.867009 0.809819
vt 0.873064 0.798904
vt 0.970577 0.165033
vt 0.011192 0.969285
vt 0.854501 0.755348
vt 0.816852 0.898669
vt 0.584909 0.316257
vt 0.720201 0.034031
vt 0.705594 0.056824
vt 0.565538 0.331034
vt 0.677054 0.262404
vt 0.902138 0.953340
vt 0.753027 0.238369
vt 0.752362 0.793817
vt 0.275544 0.927630
vt 0.774527 0.170784
vt 0.263468 0.767925
vt 0.261879 0.770841
vt 0.261879 0.751598
vt 0.880564 0.821801
vt 0.872137 0.833720
vt 0.738750 0.747639
vt 0.730724 0.749514
vt 0.729221 0.752053
vt 0.793679 0.052789
vt 0.803807 0.044714
vt 0.525670 0.307125
vt 0.107738 0.792874
vt 0.316104 0.960039
vt 0.772259 0.988295
vt 0.758676 0.987491
vt 0.772936 0.981322
vt 0.342407 0.968456
vt 0.341156 0.948309
vt 0.351307 0.968131
vt 0.835315 0.270998
vt 0.578804 0.962058
vt 0.579596 0.947167
vt 0.584626 0.953536
vt 0.882733 0.886015
vt 0.039149 0.067710
vt 0.780907 0.133202
vt 0.808048 0.040770
vt 0.988362 0.918670
vt 0.995527 0.932612
vt 0.808394 0.009139
vt 0.087084 0.810244
vt 0.522812 0.967408
vt 0.528803 0.980917
vt 0.520854 0.977346
vt 0.989569 0.668943
vt 0.872265 0.782885
vt 0.864962 0.800856
vt 0.975028 0.167350
vt 0.977985 0.187301
vt 0.642362 0.281518
vt 0.830936 0.575692
vt 0.064539 0.916876
vt 0.895504 0.947280
vt 0.746694 0.233595
vt 0.924243 0.978300
vt 0.924243 0.991604
vt 0.914919 0.984804
vt 0.780730 0.859746
vt 0.785529 0.846172
vt 0.908149 0.295325
vt 0.883827 0.927972
vt 0.780409 0.832902
vt 0.765616 0.812578
vt 0.288982 0.922221
vt 0.280076 0.955403
vt 0.770842 0.146334
vt 0.296822 0.868929
vt 0.870136 0.815516
vt 0.108928 0.057071
vt 0.118112 0.043019
vt 0.128744 0.052348
vt 0.708486 0.726950
vt 0.823943 0.031456
vt 0.516902 0.322575
vt 0.537089 0.977796
vt 0.359962 0.948391
vt 0.808755 0.903316
vt 0.714016 0.192814
vt 0.664377 0.269711
vt 0.734123 0.183308
vt 0.279601 0.323058
vt 0.878146 0.906473
vt 0.293088 0.945219
vt 0.774423 0.808621
vt 0.757434 0.182548
vt 0.764325 0.163998
vt 0.294725 0.883539
vt 0.873407 0.865354
vt 0.745858 0.763233
vt 0.092977 0.053061
vt 0.100650 0.063581
vt 0.956214 0.348043
vt 0.944025 0.359750
vt 0.937171 0.344876
vt 0.930148 0.371200
vt 0.687741 0.416693
vt 0.503672 0.313786
vt 0.100461 0.785743
vt 0.777497 0.313676
vt 0.785778 0.291909
vt 0.353430 0.959314
vt 0.878890 0.785281
vt 0.810590 0.888024
vt 0.870136 0.850536
vt 0.861969 0.836423
vt 0.650515 0.267999
vt 0.915340 0.304769
vt 0.289247 0.313641
vt 0.967003 0.273942
vt 0.956517 0.266505
vt 0.976772 0.265469
vt 0.286917 0.974355
vt 0.294344 0.959082
vt 0.748438 0.207239
vt 0.874522 0.888326
vt 0.050459 0.056129
vt 0.727737 0.723809
vt 0.797014 0.088669
vt 0.697954 0.711760
vt 0.473696 0.312977
vt 0.085585 0.789162
vt 0.316672 0.948460
vt 0.537089 0.964328
vt 0.758676 0.966799
vt 0.892061 0.797485
vt 0.879045 0.792830
vt 0.840629 0.870774
vt 0.827272 0.701128
vt 0.734123 0.012580
vt 0.733894 0.174872
vt 0.954235 0.331294
vt 0.963209 0.193630
vt 0.977348 0.200293
vt 0.968970 0.205645
vt 0.788820 0.851165
vt 0.887786 0.941532
vt 0.299590 0.919996
vt 0.300060 0.899738
vt 0.765768 0.787471
vt 0.789122 0.745121
vt 0.084089 0.085143
vt 0.483947 0.317338
vt 0.495855 0.318405
vt 0.663345 0.805884
vt 0.663345 0.786946
vt 0.666129 0.795089
vt 0.261879 0.735210
vt 0.263746 0.741489
vt 0.869401 0.773703
vt 0.340165 0.993946
vt 0.341003 0.983727
vt 0.348282 0.986671
vt 0.866253 0.639079
vt 0.866253 0.629745
vt 0.875366 0.638205
vt 0.340165 0.976989
vt 0.850512 0.843772
vt 0.588703 0.308137
vt 0.627017 0.284162
vt 0.815658 0.690709
vt 0.343704 0.854647
vt 0.692218 0.627294
vt 0.940611 0.243041
vt 0.959624 0.250650
vt 0.957315 0.245901
vt 0.959620 0.282578
vt 0.949513 0.273167
vt 0.738023 0.229960
vt 0.875752 0.922913
vt 0.305997 0.943216
vt 0.955248 0.331978
vt 0.331382 0.949199
vt 0.794472 0.285221
vt 0.927498 0.369608
vt 0.929287 0.375432
vt 0.925571 0.375432
vt 0.363050 0.938004
vt 0.529354 0.990024
vt 0.520854 0.983977
vt 0.529354 0.980917
vt 0.969444 0.978757
vt 0.975322 0.971984
vt 0.981114 0.983340
vt 0.863035 0.756772
vt 0.431945 0.965435
vt 0.442157 0.957227
vt 0.444636 0.962529
vt 0.962567 0.791511
vt 0.947105 0.789251
vt 0.950258 0.778297
vt 0.890364 0.572834
vt 0.954326 0.239037
vt 0.789701 0.821002
vt 0.094073 0.778182
vt 0.348770 0.943536
vt 0.352545 0.952897
vt 0.885714 0.787152
vt 0.963376 0.154159
vt 0.665968 0.809747
vt 0.663345 0.813836
vt 0.664345 0.805884
vt 0.591502 0.994471
vt 0.593023 0.985805
vt 0.597528 0.989424
vt 0.984317 0.972989
vt 0.814569 0.883910
vt 0.948073 0.712976
vt 0.942376 0.712620
vt 0.954023 0.702404
vt 0.940579 0.710253
vt 0.953396 0.696866
vt 0.428847 0.970162
vt 0.450352 0.956349
vt 0.432026 0.952380
vt 0.963856 0.695735
vt 0.821412 0.684931
vt 0.957769 0.310919
vt 0.958851 0.308869
vt 0.961477 0.315386
vt 0.881983 0.937642
vt 0.799695 0.843281
vt 0.799018 0.833375
vt 0.774985 0.741004
vt 0.465392 0.331206
vt 0.799036 0.030628
vt 0.796367 0.011007
vt 0.793304 0.007451
vt 0.146472 0.985258
vt 0.148728 0.971183
vt 0.156354 0.981411
vt 0.969159 0.970027
vt 0.694089 0.259415
vt 0.678685 0.265802
vt 0.691916 0.255529
vt 0.672278 0.264144
vt 0.988515 0.070079
vt 0.981444 0.055549
vt 0.993899 0.065532
vt 0.959201 0.777393
vt 0.993382 0.052701
vt 0.942087 0.778355
vt 0.636226 0.275392
vt 0.603902 0.287550
vt 0.097420 0.990789
vt 0.087616 0.970633
vt 0.096821 0.965339
vt 0.952295 0.320868
vt 0.966295 0.322837
vt 0.882237 0.939812
vt 0.874573 0.937315
vt 0.956354 0.288747
vt 0.294155 0.969055
vt 0.299876 0.966321
vt 0.870136 0.933375
vt 0.794866 0.847628
vt 0.734123 0.221437
vt 0.303386 0.958749
vt 0.076398 0.054043
vt 0.090256 0.044608
vt 0.788426 0.108987
vt 0.786501 0.091175
vt 0.441333 0.308235
vt 0.457567 0.327603
vt 0.793833 0.036178
vt 0.353547 0.939733
vt 0.861036 0.772177
vt 0.869529 0.765644
vt 0.872387 0.771722
vt 0.857985 0.728541
vt 0.849718 0.721578
vt 0.972842 0.791994
vt 0.965473 0.795287
vt 0.968080 0.784017
vt 0.956854 0.688371
vt 0.442592 0.938466
vt 0.670816 0.248962
vt 0.945502 0.326275
vt 0.955546 0.194663
vt 0.962385 0.211207
vt 0.309897 0.963747
vt 0.312999 0.963714
vt 0.065114 0.058220
vt 0.791890 0.023992
vt 0.524887 0.315689
vt 0.120638 0.638665
vt 0.130000 0.657483
vt 0.115665 0.662490
vt 0.665780 0.875304
vt 0.663512 0.876432
vt 0.663512 0.868502
vt 0.799189 0.366820
vt 0.806173 0.367033
vt 0.799189 0.374317
vt 0.878698 0.782860
vt 0.877651 0.768544
vt 0.591502 0.979747
vt 0.046885 0.985052
vt 0.048589 0.975374
vt 0.055206 0.980735
vt 0.055206 0.993281
vt 0.970225 0.796728
vt 0.990046 0.590808
vt 0.992595 0.594598
vt 0.990419 0.595931
vt 0.983756 0.074233
vt 0.977971 0.074743
vt 0.566394 0.324808
vt 0.548781 0.311986
vt 0.566715 0.316366
vt 0.978838 0.063658
vt 0.450812 0.961095
vt 0.447175 0.947768
vt 0.593654 0.294830
vt 0.579290 0.302642
vt 0.656741 0.262064
vt 0.581730 0.938564
vt 0.269617 0.321664
vt 0.958743 0.216463
vt 0.952864 0.212404
vt 0.944435 0.232715
vt 0.953037 0.229420
vt 0.954177 0.226422
vt 0.807267 0.844416
vt 0.930148 0.334201
vt 0.792094 0.043638
vt 0.504947 0.318004
vt 0.076407 0.804127
vt 0.810248 0.269702
vt 0.821342 0.262251
vt 0.536767 0.947303
vt 0.886711 0.780718
vt 0.665968 0.822472
vt 0.951794 0.688820
vt 0.882773 0.324269
vt 0.888005 0.344386
vt 0.877486 0.325670
vt 0.967540 0.679951
vt 0.733854 0.190400
vt 0.088585 0.944617
vt 0.097009 0.952816
vt 0.911547 0.311923
vt 0.943638 0.224349
vt 0.101331 0.033768
vt 0.755252 0.727142
vt 0.222663 0.988392
vt 0.211301 0.992531
vt 0.213152 0.979897
vt 0.866999 0.738217
vt 0.549786 0.332312
vt 0.677604 0.250812
vt 0.967613 0.032262
vt 0.633873 0.264763
vt 0.949860 0.755118
vt 0.688222 0.635378
vt 0.944934 0.319209
vt 0.951088 0.287411
vt 0.955313 0.301969
vt 0.943390 0.304411
vt 0.749104 0.736981
vt 0.709442 0.704729
vt 0.715525 0.710052
vt 0.780576 0.064609
vt 0.790567 0.016957
vt 0.965299 0.815467
vt 0.955910 0.796728
vt 0.968352 0.796728
vt 0.792583 0.281197
vt 0.525790 0.953038
vt 0.937527 0.993070
vt 0.932385 0.987294
vt 0.936225 0.978907
vt 0.649090 0.994524
vt 0.649568 0.982441
vt 0.656103 0.991861
vt 0.926771 0.980447
vt 0.162191 0.969515
vt 0.162191 0.982353
vt 0.969159 0.955092
vt 0.651961 0.772687
vt 0.652211 0.768599
vt 0.663161 0.777964
vt 0.841789 0.724873
vt 0.846946 0.712991
vt 0.854123 0.726137
vt 0.880577 0.344521
vt 0.981839 0.031277
vt 0.708604 0.000000
vt 0.730896 0.002199
vt 0.661848 0.242335
vt 0.380017 0.868162
vt 0.377816 0.899424
vt 0.687741 0.642433
vt 0.578804 0.937839
vt 0.286430 0.328422
vt 0.934815 0.243441
vt 0.772150 0.097595
vt 0.775913 0.072247
vt 0.907194 0.375409
vt 0.903322 0.368733
vt 0.908332 0.368733
vt 0.078503 0.811476
vt 0.672621 0.979008
vt 0.677817 0.984970
vt 0.672621 0.991821
vt 0.788197 0.283478
vt 0.882880 0.780802
vt 0.848594 0.638149
vt 0.856917 0.629745
vt 0.856917 0.641392
vt 0.940579 0.754185
vt 0.584721 0.979747
vt 0.584745 0.935448
vt 0.592388 0.967254
vt 0.683707 0.247673
vt 0.057186 0.920939
vt 0.850080 0.314016
vt 0.852047 0.312707
vt 0.852047 0.317727
vt 0.294214 0.320693
vt 0.787047 0.723423
vt 0.488862 0.327645
vt 0.496531 0.323674
vt 0.513823 0.328710
vt 0.783621 0.008386
vt 0.259233 0.672818
vt 0.261360 0.672740
vt 0.259335 0.683168
vt 0.086401 0.769013
vt 0.099419 0.635969
vt 0.680388 0.985778
vt 0.791387 0.270466
vt 0.343418 0.930686
vt 0.977304 0.957761
vt 0.870709 0.742937
vt 0.989506 0.580827
vt 0.992752 0.581387
vt 0.945247 0.639780
vt 0.946818 0.630410
vt 0.949420 0.636228
vt 0.963376 0.076341
vt 0.648354 0.758904
vt 0.663822 0.740291
vt 0.617097 0.264786
vt 0.368636 0.859329
vt 0.334268 0.851588
vt 0.321028 0.860098
vt 0.064482 0.928492
vt 0.056255 0.928383
vt 0.913116 0.318908
vt 0.914450 0.317598
vt 0.937839 0.311201
vt 0.778124 0.046844
vt 0.522611 0.325597
vt 0.787541 0.282209
vt 0.317471 0.933254
vt 0.312999 0.933109
vt 0.340165 0.936879
vt 0.892175 0.778415
vt 0.663513 0.868502
vt 0.663513 0.859072
vt 0.666147 0.861694
vt 0.978157 0.987865
vt 0.984317 0.983340
vt 0.984317 0.993679
vt 0.882672 0.759805
vt 0.997181 0.959192
vt 0.993188 0.971190
vt 0.818676 0.872249
vt 0.831944 0.856369
vt 0.951221 0.668005
vt 0.957198 0.738683
vt 0.813748 0.667050
vt 0.112901 0.955836
vt 0.676113 0.231457
vt 0.827369 0.566446
vt 0.835867 0.556554
vt 0.938461 0.205665
vt 0.945494 0.203059
vt 0.933161 0.235793
vt 0.289688 0.976340
vt 0.277086 0.988824
vt 0.534203 0.942061
vt 0.937527 0.971281
vt 0.865979 0.761897
vt 0.876887 0.752557
vt 0.950094 0.623801
vt 0.963856 0.082415
vt 0.844844 0.409045
vt 0.831654 0.421007
vt 0.834861 0.402110
vt 0.963523 0.063058
vt 0.549625 0.296374
vt 0.840107 0.695705
vt 0.459664 0.932469
vt 0.980867 0.683280
vt 0.949364 0.738598
vt 0.428847 0.930312
vt 0.818427 0.665053
vt 0.107904 0.949784
vt 0.690226 0.241872
vt 0.688714 0.227114
vt 0.694751 0.235161
vt 0.683998 0.233429
vt 0.887662 0.562656
vt 0.870991 0.552505
vt 0.269729 0.330168
vt 0.921980 0.318595
vt 0.954659 0.174266
vt 0.946049 0.179761
vt 0.948476 0.166495
vt 0.937272 0.274023
vt 0.952054 0.622609
vt 0.956083 0.607608
vt 0.976228 0.600161
vt 0.784998 0.018539
vt 0.073324 0.765154
vt 0.340165 0.950727
vt 0.335120 0.937507
vt 0.806099 0.259339
vt 0.129816 0.944184
vt 0.117085 0.938465
vt 0.127757 0.936267
vt 0.665375 0.761683
vt 0.653627 0.253298
vt 0.578070 0.290477
vt 0.431439 0.907173
vt 0.348888 0.851873
vt 0.829638 0.558040
vt 0.911883 0.321658
vt 0.938139 0.171098
vt 0.935371 0.288977
vt 0.938636 0.281579
vt 0.049541 0.037680
vt 0.911395 0.618141
vt 0.928533 0.618141
vt 0.922233 0.640998
vt 0.469987 0.337321
vt 0.062707 0.796279
vt 0.120142 0.626470
vt 0.110178 0.625666
vt 0.122586 0.620492
vt 0.077239 0.817223
vt 0.068229 0.812557
vt 0.889371 0.982451
vt 0.894895 0.990078
vt 0.889371 0.994810
vt 0.222551 0.976927
vt 0.656103 0.979008
vt 0.905854 0.375470
vt 0.902015 0.386682
vt 0.899524 0.381764
vt 0.890323 0.388347
vt 0.865141 0.397135
vt 0.879921 0.397441
vt 0.866304 0.403958
vt 0.587575 0.278545
vt 0.469264 0.948475
vt 0.833247 0.680710
vt 0.974456 0.673301
vt 0.815020 0.652988
vt 0.847491 0.550757
vt 0.890636 0.555944
vt 0.880598 0.550403
vt 0.872921 0.359060
vt 0.867546 0.372611
vt 0.865050 0.360687
vt 0.926220 0.324269
vt 0.956137 0.183072
vt 0.964931 0.516434
vt 0.966900 0.497810
vt 0.972066 0.502418
vt 0.959124 0.505450
vt 0.922528 0.304670
vt 0.942136 0.267144
vt 0.935333 0.223606
vt 0.068046 0.035173
vt 0.747623 0.707055
vt 0.735380 0.711186
vt 0.726068 0.705081
vt 0.952444 0.612550
vt 0.950452 0.602924
vt 0.529353 0.989482
vt 0.535062 0.980917
vt 0.535062 0.994132
vt 0.429837 0.981419
vt 0.434846 0.993389
vt 0.428847 0.986328
vt 0.813038 0.255695
vt 0.887480 0.988353
vt 0.887609 0.996403
vt 0.882070 0.985253
vt 0.383743 0.984434
vt 0.377466 0.992513
vt 0.377466 0.979972
vt 0.135616 0.994406
vt 0.130000 0.989089
vt 0.527229 0.939888
vt 0.900500 0.789009
vt 0.901712 0.782995
vt 0.891557 0.774554
vt 0.561059 0.987109
vt 0.561059 0.996120
vt 0.557891 0.994241
vt 0.203000 0.982940
vt 0.209224 0.982426
vt 0.201853 0.993315
vt 0.889384 0.771510
vt 0.807267 0.880491
vt 0.945247 0.618141
vt 0.686078 0.890901
vt 0.683986 0.870639
vt 0.687730 0.869914
vt 0.867924 0.708888
vt 0.858422 0.722914
vt 0.852017 0.712036
vt 0.839753 0.840676
vt 0.626028 0.256177
vt 0.140525 0.985165
vt 0.130000 0.974601
vt 0.146472 0.975585
vt 0.645925 0.244393
vt 0.855840 0.819265
vt 0.867339 0.815516
vt 0.824244 0.663526
vt 0.107706 0.936865
vt 0.976942 0.358668
vt 0.981424 0.359257
vt 0.981806 0.368494
vt 0.956137 0.190870
vt 0.952400 0.192317
vt 0.974373 0.510104
vt 0.932021 0.229639
vt 0.970454 0.934060
vt 0.985752 0.952718
vt 0.082756 0.021438
vt 0.776210 0.009045
vt 0.953252 0.590866
vt 0.263751 0.661278
vt 0.261046 0.663933
vt 0.324821 0.930686
vt 0.884077 0.383646
vt 0.157369 0.959709
vt 0.664555 0.233327
vt 0.847038 0.702909
vt 0.451695 0.910288
vt 0.087616 0.932510
vt 0.100303 0.931597
vt 0.983674 0.373423
vt 0.989020 0.368772
vt 0.945303 0.195191
vt 0.783147 0.934899
vt 0.775006 0.944796
vt 0.771114 0.936816
vt 0.776243 0.722748
vt 0.487780 0.339014
vt 0.800670 0.256368
vt 0.813155 0.366920
vt 0.815991 0.374150
vt 0.989454 0.440637
vt 0.994124 0.441329
vt 0.988420 0.444852
vt 0.987943 0.163665
vt 0.990465 0.154159
vt 0.994232 0.162086
vt 0.986952 0.573630
vt 0.981995 0.576379
vt 0.841478 0.425401
vt 0.312999 0.994476
vt 0.304188 0.989516
vt 0.312999 0.974355
vt 0.569179 0.295399
vt 0.963376 0.052086
vt 0.960600 0.667610
vt 0.847387 0.827986
vt 0.439674 0.910900
vt 0.980382 0.126982
vt 0.983597 0.105668
vt 0.994675 0.129080
vt 0.976942 0.375417
vt 0.974136 0.521956
vt 0.952391 0.520041
vt 0.952235 0.508698
vt 0.939788 0.181659
vt 0.932981 0.176823
vt 0.930148 0.305359
vt 0.035681 0.042414
vt 0.463705 0.337570
vt 0.774483 0.026235
vt 0.772106 0.009594
vt 0.771672 0.006510
vt 0.439395 0.981178
vt 0.994124 0.452075
vt 0.683986 0.849544
vt 0.989552 0.329268
vt 0.989552 0.308397
vt 0.992632 0.311329
vt 0.639761 0.244644
vt 0.665375 0.726229
vt 0.820305 0.648311
vt 0.379174 0.864365
vt 0.930148 0.313874
vt 0.778867 0.042576
vt 0.082491 0.760576
vt 0.789272 0.255809
vt 0.535546 0.937839
vt 0.895953 0.771111
vt 0.665621 0.786319
vt 0.663321 0.783143
vt 0.665621 0.777963
vt 0.907443 0.390832
vt 0.900319 0.400135
vt 0.852407 0.407941
vt 0.851551 0.402149
vt 0.867579 0.703741
vt 0.384764 0.889648
vt 0.380355 0.880451
vt 0.384198 0.869660
vt 0.614197 0.253273
vt 0.991989 0.294501
vt 0.669183 0.225345
vt 0.911372 0.975857
vt 0.906013 0.969007
vt 0.915105 0.967276
vt 0.908943 0.953837
vt 0.860631 0.366547
vt 0.856315 0.354365
vt 0.930148 0.214267
vt 0.712887 0.694907
vt 0.507000 0.350513
vt 0.089383 0.641068
vt 0.971597 0.874063
vt 0.984662 0.862124
vt 0.976133 0.879595
vt 0.904868 0.791108
vt 0.907598 0.787723
vt 0.904592 0.804219
vt 0.151170 0.996016
vt 0.146472 0.992966
vt 0.151170 0.985258
vt 0.211301 0.969141
vt 0.923691 0.384212
vt 0.921963 0.397460
vt 0.918310 0.387370
vt 0.127738 0.928492
vt 0.894147 0.768059
vt 0.904732 0.398113
vt 0.210833 0.973904
vt 0.888385 0.737654
vt 0.994232 0.168575
vt 0.992752 0.569809
vt 0.562694 0.273666
vt 0.997751 0.139717
vt 0.978259 0.135825
vt 0.972842 0.746870
vt 0.130744 0.962874
vt 0.807267 0.643769
vt 0.773359 0.966799
vt 0.773219 0.956763
vt 0.783147 0.964678
vt 0.942464 0.190237
vt 0.917242 0.953754
vt 0.932266 0.184819
vt 0.729158 0.240492
vt 0.733077 0.246520
vt 0.727075 0.246520
vt 0.769033 0.947207
vt 0.794126 0.719132
vt 0.978638 0.918541
vt 0.068395 0.018024
vt 0.722751 0.692367
vt 0.087616 0.975334
vt 0.072103 0.979307
vt 0.085474 0.970893
vt 0.767713 0.007286
vt 0.261850 0.654783
vt 0.074886 0.751635
vt 0.109082 0.668675
vt 0.052827 0.789898
vt 0.094704 0.614538
vt 0.910093 0.799672
vt 0.893859 0.406485
vt 0.857057 0.415397
vt 0.380618 0.864164
vt 0.608016 0.953516
vt 0.598702 0.936572
vt 0.830743 0.666510
vt 0.969287 0.013396
vt 0.977656 0.009235
vt 0.768147 0.961422
vt 0.289688 0.989310
vt 0.289688 0.976203
vt 0.298343 0.985210
vt 0.990238 0.353495
vt 0.989582 0.341301
vt 0.994453 0.344400
vt 0.877486 0.345181
vt 0.876950 0.350679
vt 0.863382 0.347060
vt 0.995134 0.363173
vt 0.990134 0.372048
vt 0.989582 0.363685
vt 0.922909 0.969564
vt 0.924148 0.978300
vt 0.906013 0.982451
vt 0.906013 0.994979
vt 0.900548 0.990684
vt 0.769932 0.707818
vt 0.756825 0.708678
vt 0.439395 0.970711
vt 0.450079 0.970162
vt 0.450079 0.992741
vt 0.765572 0.003578
vt 0.259158 0.653719
vt 0.887609 0.979474
vt 0.252286 0.788793
vt 0.261879 0.788925
vt 0.254888 0.793774
vt 0.905105 0.769017
vt 0.121466 0.921652
vt 0.875235 0.731739
vt 0.992239 0.177293
vt 0.594391 0.272393
vt 0.605061 0.963474
vt 0.799695 0.899436
vt 0.799224 0.876124
vt 0.803469 0.887195
vt 0.975578 0.109080
vt 0.961430 0.726519
vt 0.806954 0.875187
vt 0.799224 0.859746
vt 0.689083 0.230588
vt 0.854398 0.544570
vt 0.974373 0.528254
vt 0.963873 0.533703
vt 0.962552 0.526811
vt 0.924148 0.959762
vt 0.994453 0.331978
vt 0.368878 0.993782
vt 0.363050 0.981788
vt 0.368878 0.979972
vt 0.675926 0.905302
vt 0.683986 0.916824
vt 0.666167 0.912534
vt 0.740725 0.699660
vt 0.980010 0.436770
vt 0.985931 0.427501
vt 0.988420 0.452214
vt 0.381596 0.979972
vt 0.376706 0.962885
vt 0.383743 0.969412
vt 0.499821 0.348453
vt 0.970388 0.589406
vt 0.085720 0.991746
vt 0.956267 0.584129
vt 0.099113 0.675199
vt 0.086415 0.670249
vt 0.048241 0.812092
vt 0.045170 0.807965
vt 0.782206 0.256326
vt 0.913771 0.790334
vt 0.199426 0.969141
vt 0.862059 0.727008
vt 0.869954 0.725927
vt 0.951539 0.651371
vt 0.384764 0.850136
vt 0.824694 0.652335
vt 0.993660 0.859499
vt 0.993660 0.845753
vt 0.996655 0.847038
vt 0.116015 0.940324
vt 0.868150 0.542476
vt 0.866949 0.340746
vt 0.300469 0.974355
vt 0.989582 0.353495
vt 0.950380 0.529493
vt 0.158224 0.989679
vt 0.162191 0.985258
vt 0.162191 0.996241
vt 0.760164 0.943297
vt 0.969303 0.908778
vt 0.971732 0.417168
vt 0.973691 0.446719
vt 0.767696 0.058186
vt 0.768509 0.042044
vt 0.260574 0.779101
vt 0.129816 0.920170
vt 0.898153 0.405986
vt 0.895569 0.764156
vt 0.864450 0.429040
vt 0.573591 0.278824
vt 0.578804 0.959414
vt 0.567626 0.955467
vt 0.572861 0.946192
vt 0.975302 0.000000
vt 0.948167 0.721984
vt 0.430742 0.897752
vt 0.629479 0.996048
vt 0.629479 0.979747
vt 0.632717 0.984030
vt 0.369743 0.852261
vt 0.362218 0.850136
vt 0.668035 0.901658
vt 0.083491 0.006677
vt 0.731313 0.696187
vt 0.963774 0.578479
vt 0.092083 0.676618
vt 0.851116 0.431015
vt 0.617913 0.958164
vt 0.466155 0.920710
vt 0.146472 0.959709
vt 0.824177 0.642433
vt 0.676335 0.219746
vt 0.689969 0.226328
vt 0.908221 0.192375
vt 0.911606 0.182902
vt 0.917444 0.190920
vt 0.852254 0.341052
vt 0.908221 0.173837
vt 0.921831 0.178305
vt 0.916349 0.166495
vt 0.799759 0.969876
vt 0.793481 0.981170
vt 0.786680 0.967710
vt 0.369995 0.964533
vt 0.756412 0.002934
vt 0.053853 0.754689
vt 0.397894 0.972758
vt 0.397894 0.988621
vt 0.384764 0.980586
vt 0.883485 0.640195
vt 0.875366 0.633548
vt 0.883485 0.629745
vt 0.932728 0.392819
vt 0.922908 0.405600
vt 0.915869 0.777376
vt 0.909377 0.778466
vt 0.907620 0.403623
vt 0.897738 0.751970
vt 0.840405 0.438644
vt 0.634598 0.243249
vt 0.975378 0.142005
vt 0.993952 0.151328
vt 0.185498 0.974770
vt 0.178090 0.988148
vt 0.178090 0.959709
vt 0.556208 0.954044
vt 0.652924 0.233688
vt 0.100848 0.928492
vt 0.681371 0.215428
vt 0.877081 0.331475
vt 0.758676 0.954636
vt 0.932266 0.175487
vt 0.770852 0.694961
vt 0.732816 0.690467
vt 0.721237 0.681338
vt 0.472164 0.349544
vt 0.591502 0.992936
vt 0.584721 0.984927
vt 0.977985 0.176764
vt 0.986407 0.171766
vt 0.978058 0.186747
vt 0.081782 0.959381
vt 0.958044 0.575418
vt 0.260499 0.646216
vt 0.257691 0.645999
vt 0.778081 0.257602
vt 0.914919 0.988887
vt 0.906013 0.992661
vt 0.906013 0.978300
vt 0.905845 0.759971
vt 0.885175 0.359282
vt 0.903322 0.342346
vt 0.902960 0.358011
vt 0.473279 0.930408
vt 0.971111 0.657551
vt 0.983169 0.661803
vt 0.584721 0.919493
vt 0.952328 0.712976
vt 0.867466 0.329898
vt 0.877486 0.324268
vt 0.954452 0.542319
vt 0.857454 0.329888
vt 0.675604 0.893699
vt 0.773514 0.983161
vt 0.783147 0.966799
vt 0.783147 0.993064
vt 0.753082 0.696194
vt 0.988362 0.929322
vt 0.986000 0.919454
vt 0.742903 0.693909
vt 0.537089 0.979669
vt 0.539349 0.970320
vt 0.553471 0.964467
vt 0.981995 0.567121
vt 0.992629 0.560015
vt 0.992307 0.569809
vt 0.765482 0.034284
vt 0.086946 1.000000
vt 0.067013 0.989807
vt 0.977853 0.854214
vt 0.253501 0.771670
vt 0.885505 0.423216
vt 0.889806 0.723949
vt 0.883925 0.711734
vt 0.829874 0.436077
vt 0.596570 0.252485
vt 0.612860 0.952443
vt 0.443243 0.888186
vt 0.931136 0.188535
vt 0.779383 0.698202
vt 0.761736 0.694259
vt 0.783147 0.961422
vt 0.490234 0.348725
vt 0.073387 0.962183
vt 0.756091 0.000000
vt 0.937662 0.397681
vt 0.944252 0.409425
vt 0.934595 0.407827
vt 0.355070 0.976989
vt 0.363050 0.988182
vt 0.355070 0.993118
vt 0.909121 0.415071
vt 0.261879 0.763605
vt 0.618769 0.968157
vt 0.632977 0.961183
vt 0.849066 0.374960
vt 0.849066 0.366904
vt 0.852159 0.372576
vt 0.973621 0.121052
vt 0.258519 0.735105
vt 0.257691 0.713390
vt 0.263454 0.728919
vt 0.456058 0.901427
vt 0.973267 0.085162
vt 0.968785 0.084827
vt 0.435147 0.888706
vt 0.564589 0.938147
vt 0.667341 0.220429
vt 0.114405 0.933666
vt 0.127951 0.852348
vt 0.114359 0.868829
vt 0.116724 0.857346
vt 0.974272 0.409558
vt 0.986969 0.417930
vt 0.983744 0.558877
vt 0.978669 0.165624
vt 0.258895 0.635471
vt 0.261968 0.635011
vt 0.083917 0.682669
vt 0.070288 0.744684
vt 0.911751 0.766126
vt 0.128015 0.906391
vt 0.895589 0.418724
vt 0.904959 0.735324
vt 0.970106 0.143897
vt 0.972802 0.129706
vt 0.470584 0.922076
vt 0.673288 0.216062
vt 0.806593 0.703695
vt 0.807267 0.716040
vt 0.075593 0.015187
vt 0.984145 0.909069
vt 0.739486 0.684913
vt 0.739489 0.679602
vt 0.764964 0.064494
vt 0.483059 0.358171
vt 0.955666 0.564338
vt 0.974964 0.996986
vt 0.973882 0.987492
vt 0.978157 0.996764
vt 0.989271 0.855009
vt 0.263102 0.890428
vt 0.252286 0.899966
vt 0.262522 0.876196
vt 0.252286 0.885269
vt 0.975231 0.641744
vt 0.975231 0.622609
vt 0.981831 0.638175
vt 0.263309 0.715943
vt 0.262502 0.701895
vt 0.967810 0.097907
vt 0.258759 0.688191
vt 0.789595 0.689585
vt 0.758083 0.687407
vt 0.553735 0.957068
vt 0.987063 0.412650
vt 0.983243 0.553947
vt 0.063414 0.979045
vt 0.978157 0.983340
vt 0.258440 0.626838
vt 0.040622 0.808061
vt 0.635042 0.235059
vt 0.877486 0.370435
vt 0.580995 0.253271
vt 0.986051 0.153927
vt 0.973269 0.154159
vt 0.929018 0.970065
vt 0.924326 0.958724
vt 0.929018 0.953754
vt 0.263454 0.683168
vt 0.963376 0.082415
vt 0.992005 0.542476
vt 0.734277 0.672042
vt 0.752538 0.046845
vt 0.758397 0.037129
vt 0.373039 0.953202
vt 0.084659 0.948403
vt 0.383645 0.930634
vt 0.380355 0.923312
vt 0.384144 0.923312
vt 0.075267 0.696987
vt 0.060835 0.687151
vt 0.261728 0.626163
vt 0.073983 0.633024
vt 0.950380 0.412879
vt 0.947771 0.424317
vt 0.254198 0.760199
vt 0.987569 0.401143
vt 0.745562 0.673321
vt 0.981995 0.542922
vt 0.383743 0.956903
vt 0.754888 0.026945
vt 0.967241 0.569165
vt 0.956635 0.555352
vt 0.777497 0.246682
vt 0.914670 0.428825
vt 0.940579 0.650097
vt 0.575776 0.268944
vt 0.666505 0.882343
vt 0.540595 0.959386
vt 0.751473 0.050431
vt 0.736173 0.665423
vt 0.381212 0.943042
vt 0.764134 0.021342
vt 0.363050 0.961758
vt 0.976602 0.589109
vt 0.971347 0.570670
vt 0.993852 0.725450
vt 0.993965 0.712976
vt 0.996912 0.725450
vt 0.993593 0.466240
vt 0.996607 0.466240
vt 0.996233 0.475868
vt 0.261500 0.612534
vt 0.263751 0.612744
vt 0.071245 0.710410
vt 0.890044 0.365012
vt 0.624425 0.243830
vt 0.941740 0.642433
vt 0.967072 0.654043
vt 0.797393 0.958572
vt 0.789490 0.952937
vt 0.980710 0.901174
vt 0.798948 0.950388
vt 0.484822 0.365046
vt 0.496018 0.357607
vt 0.987943 0.159421
vt 0.977985 0.154159
vt 0.068589 0.956444
vt 0.082926 0.940527
vt 0.070372 0.930218
vt 0.087616 0.928492
vt 0.067888 0.725644
vt 0.052285 0.708215
vt 0.070445 0.733926
vt 0.045261 0.724992
vt 0.074019 0.664179
vt 0.083166 0.612534
vt 0.075950 0.616406
vt 0.932757 0.433946
vt 0.994968 0.264194
vt 0.987496 0.264194
vt 0.992933 0.247177
vt 0.802320 0.685366
vt 0.257637 0.612534
vt 0.257637 0.626088
vt 0.256138 0.616727
vt 0.763222 0.679646
vt 0.799759 0.942184
vt 0.537089 0.949603
vt 0.546852 0.946555
vt 0.364165 0.950783
vt 0.989086 0.598188
vt 0.983027 0.606405
vt 0.981995 0.595931
vt 0.950452 0.542476
vt 0.959593 0.544754
vt 0.450079 0.993192
vt 0.458741 0.970162
vt 0.460403 0.993192
vt 0.910710 0.435536
vt 0.928737 0.753152
vt 0.261834 0.735210
vt 0.622686 0.236608
vt 0.963376 0.153800
vt 0.795586 0.688744
vt 0.474293 0.994991
vt 0.474293 0.981703
vt 0.484164 0.986779
vt 0.772893 0.683254
vt 0.072005 0.000890
vt 0.080249 0.000000
vt 0.969159 0.900798
vt 0.063612 0.010070
vt 0.984019 0.904133
vt 0.981576 0.896597
vt 0.974681 0.392673
vt 0.987613 0.391200
vt 0.977348 0.265392
vt 0.977348 0.256213
vt 0.985881 0.262878
vt 0.740864 0.031819
vt 0.748773 0.029992
vt 0.374457 0.940247
vt 0.063894 0.952455
vt 0.970631 0.554811
vt 0.836926 0.466570
vt 0.568491 0.267587
vt 0.627760 0.235424
vt 0.785209 0.989269
vt 0.791721 0.981170
vt 0.791721 0.992750
vt 0.128645 0.844937
vt 0.743297 0.660192
vt 0.745333 0.042229
vt 0.503910 0.363317
vt 0.492940 0.369962
vt 0.938514 0.981189
vt 0.948981 0.991950
vt 0.937527 0.988825
vt 0.375758 0.932988
vt 0.663345 0.822472
vt 0.666062 0.830799
vt 0.663345 0.835411
vt 0.987626 0.527390
vt 0.994836 0.525205
vt 0.989672 0.538286
vt 0.994836 0.542188
vt 0.993660 0.836047
vt 0.984167 0.830906
vt 0.969159 0.850682
vt 0.969823 0.836849
vt 0.896086 0.437801
vt 0.631648 0.220036
vt 0.780416 0.682012
vt 0.117061 0.843975
vt 0.970192 0.895963
vt 0.974373 0.513862
vt 0.985903 0.517939
vt 0.745321 0.686603
vt 0.752194 0.689367
vt 0.056418 0.008158
vt 0.544772 0.939230
vt 0.540468 0.937839
vt 0.751791 0.662394
vt 0.785767 0.370562
vt 0.777497 0.375286
vt 0.777497 0.366568
vt 0.373192 0.930686
vt 0.746300 0.011898
vt 0.945273 0.972284
vt 0.366228 0.931776
vt 0.990053 0.757965
vt 0.992974 0.753436
vt 0.994726 0.763250
vt 0.807205 0.992999
vt 0.800374 0.991927
vt 0.807193 0.982985
vt 0.992528 0.642152
vt 0.987615 0.638988
vt 0.989080 0.635963
vt 0.894962 0.994648
vt 0.894962 0.982451
vt 0.900548 0.986600
vt 0.987781 0.612778
vt 0.992820 0.604465
vt 0.260560 0.854705
vt 0.915641 0.742075
vt 0.548781 0.265282
vt 0.675864 0.879977
vt 0.129971 0.981259
vt 0.117085 0.967595
vt 0.127388 0.968170
vt 0.476589 0.971698
vt 0.119655 0.840526
vt 0.787290 0.941795
vt 0.476811 0.357252
vt 0.927123 0.351474
vt 0.929585 0.359026
vt 0.913603 0.368733
vt 0.976527 0.497725
vt 0.976527 0.490936
vt 0.981340 0.496609
vt 0.804394 0.980541
vt 0.920166 0.332406
vt 0.922918 0.325278
vt 0.929585 0.324269
vt 0.056255 0.942261
vt 0.033430 0.784217
vt 0.600874 0.234781
vt 0.755692 0.674231
vt 0.047366 0.970491
vt 0.037741 0.955394
vt 0.045457 0.944385
vt 0.799271 0.934899
vt 0.738697 0.040070
vt 0.743113 0.048269
vt 0.744533 0.023163
vt 0.990237 0.750770
vt 0.992221 0.749441
vt 0.122937 0.871832
vt 0.119691 0.874019
vt 0.118351 0.868829
vt 0.199426 0.981540
vt 0.186447 0.991359
vt 0.186447 0.980169
vt 0.981995 0.640023
vt 0.887425 0.447011
vt 0.876153 0.447466
vt 0.858957 0.455375
vt 0.127992 0.840153
vt 0.115584 0.834950
vt 0.051638 0.960165
vt 0.052024 0.975374
vt 0.960840 0.975018
vt 0.968614 0.980863
vt 0.960840 0.993906
vt 0.758676 0.942494
vt 0.754897 0.953326
vt 0.749553 0.942091
vt 0.263520 0.770841
vt 0.263520 0.783378
vt 0.261879 0.775653
vt 0.050407 0.676874
vt 0.910668 0.724239
vt 0.905169 0.693936
vt 0.614694 0.228698
vt 0.795146 0.667012
vt 0.671088 0.863410
vt 0.788098 0.669699
vt 0.676670 0.870626
vt 0.677646 0.877424
vt 0.680573 0.863114
vt 0.750661 0.673193
vt 0.976347 0.506060
vt 0.755435 0.664678
vt 0.042338 0.941855
vt 0.762185 0.660163
vt 0.766645 0.671375
vt 0.767451 0.662939
vt 0.980393 0.378059
vt 0.759020 0.660371
vt 0.754222 0.654150
vt 0.610604 0.979746
vt 0.616474 0.985494
vt 0.610604 0.993795
vt 0.498055 0.375470
vt 0.746420 0.934898
vt 0.126643 0.877725
vt 0.992721 0.741934
vt 0.994726 0.743236
vt 0.807205 0.972108
vt 0.803780 0.973047
vt 0.188109 0.969141
vt 0.190386 0.976203
vt 0.186646 0.975737
vt 0.744889 0.972735
vt 0.753203 0.967783
vt 0.758676 0.975918
vt 0.973930 0.546243
vt 0.562495 0.252926
vt 0.780594 0.667975
vt 0.983577 0.499365
vt 0.052024 0.943691
vt 0.976687 0.497810
vt 0.746197 0.650265
vt 0.734123 0.028150
vt 0.118982 0.884018
vt 0.886977 0.633162
vt 0.883485 0.642010
vt 0.949308 0.809143
vt 0.940579 0.800681
vt 0.922135 0.375432
vt 0.922832 0.369093
vt 0.981995 0.621217
vt 0.035771 0.741752
vt 0.114359 0.826691
vt 0.125104 0.823186
vt 0.129229 0.955527
vt 0.670609 0.855391
vt 0.779717 0.659005
vt 0.975786 0.879596
vt 0.982523 0.881416
vt 0.677926 0.853687
vt 0.683986 0.854865
vt 0.834636 0.973252
vt 0.835918 0.967672
vt 0.840606 0.978721
vt 0.846818 0.976671
vt 0.604114 0.991647
vt 0.609554 0.987823
vt 0.610604 0.988891
vt 0.603650 0.985355
vt 0.909541 0.329962
vt 0.989104 0.622195
vt 0.023185 0.781117
vt 0.564122 0.937839
vt 0.554149 0.921869
vt 0.558733 0.907605
vt 0.910753 0.705861
vt 0.891534 0.687590
vt 0.119162 0.950670
vt 0.117045 0.817223
vt 0.124154 0.944184
vt 0.129971 0.947021
vt 0.997324 0.008515
vt 0.993899 0.010886
vt 0.993899 0.000000
vt 0.021340 0.992898
vt 0.023771 0.986791
vt 0.026752 0.991101
vt 0.821628 0.374666
vt 0.822040 0.368139
vt 0.827368 0.366904
vt 0.985292 0.490666
vt 0.992648 0.484337
vt 0.990128 0.496481
vt 0.983433 0.484299
vt 0.755665 0.643373
vt 0.928533 0.641341
vt 0.934693 0.635359
vt 0.942832 0.640097
vt 0.834636 0.980305
vt 0.908601 0.363637
vt 0.921741 0.346698
vt 0.955910 0.812364
vt 0.992528 0.621217
vt 0.063927 0.936054
vt 0.981995 0.556810
vt 0.056348 0.632363
vt 0.969159 0.816122
vt 0.987881 0.815516
vt 0.917797 0.729261
vt 0.850849 0.465883
vt 0.791060 0.660739
vt 0.739757 0.986613
vt 0.745779 0.977879
vt 0.745779 0.989022
vt 0.827368 0.375470
vt 0.692079 0.991667
vt 0.687741 0.996470
vt 0.687741 0.987480
vt 0.981489 0.812283
vt 0.973980 0.811529
vt 0.983935 0.801108
vt 0.121203 0.884262
vt 0.890290 0.641369
vt 0.195519 0.972488
vt 0.917257 0.337965
vt 0.750336 0.963048
vt 0.974929 0.550935
vt 0.947748 0.432564
vt 0.938453 0.444249
vt 0.612670 0.219080
vt 0.868150 0.988518
vt 0.856083 0.985956
vt 0.870136 0.986107
vt 0.640574 0.979007
vt 0.649090 0.989763
vt 0.640574 0.991953
vt 0.893083 0.982068
vt 0.906013 0.976723
vt 0.904515 0.982451
vt 0.257403 0.983596
vt 0.257403 0.995543
vt 0.252394 0.986325
vt 0.760409 0.642433
vt 0.983433 0.476561
vt 0.813155 0.374317
vt 0.806173 0.372176
vt 0.909001 0.341842
vt 0.741967 0.957778
vt 0.140145 0.991125
vt 0.144311 0.987562
vt 0.142661 0.997498
vt 0.890636 0.623254
vt 0.896583 0.620156
vt 0.899137 0.621940
vt 0.603650 0.979746
vt 0.603650 0.991202
vt 0.597528 0.984465
vt 0.987496 0.247177
vt 0.988694 0.235612
vt 0.991365 0.240203
vt 0.980912 0.193303
vt 0.977985 0.186747
vt 0.981032 0.186747
vt 0.838634 0.991735
vt 0.987881 0.715478
vt 0.993852 0.712976
vt 0.987869 0.720730
vt 0.993660 0.830944
vt 0.993660 0.815516
vt 0.996568 0.825047
vt 0.675207 0.849544
vt 0.026777 0.976495
vt 0.031648 0.984818
vt 0.787362 0.654819
vt 0.897619 0.629554
vt 0.866253 0.639714
vt 0.856917 0.632894
vt 0.117085 0.981259
vt 0.124509 0.985879
vt 0.117085 0.991301
vt 0.809383 0.982263
vt 0.820948 0.988315
vt 0.807267 0.989440
vt 0.948981 0.949509
vt 0.952052 0.949056
vt 0.949583 0.953894
vt 0.993531 0.651564
vt 0.997222 0.649262
vt 0.996502 0.656124
vt 0.252286 0.983655
vt 0.993017 0.235040
vt 0.991184 0.992471
vt 0.984317 0.985493
vt 0.990203 0.986390
vt 0.997149 0.677611
vt 0.996978 0.684013
vt 0.992881 0.674639
vt 0.127716 0.884190
vt 0.997149 0.668943
vt 0.117645 0.890565
vt 0.041912 0.684932
vt 0.032041 0.729779
vt 0.940579 0.740919
vt 0.504854 0.897032
vt 0.497749 0.897153
vt 0.506894 0.888354
vt 0.734954 0.975918
vt 0.811851 0.978391
vt 0.602220 0.993346
vt 0.460710 0.886690
vt 0.460710 0.873021
vt 0.471672 0.884738
vt 0.986555 0.795133
vt 0.987692 0.797145
vt 0.972842 0.792749
vt 0.987496 0.223725
vt 0.129816 0.889384
vt 0.995234 0.228859
vt 0.993731 0.725539
vt 0.985800 0.728177
vt 0.114359 0.880505
vt 0.996900 0.871686
vt 0.993660 0.862192
vt 0.996900 0.859499
vt 0.996659 0.816654
vt 0.909100 0.464334
vt 0.864121 0.469636
vt 0.856325 0.470783
vt 0.554770 0.246567
vt 0.988236 0.787021
vt 0.981064 0.775731
vt 0.988236 0.775390
vt 0.857047 0.638661
vt 0.852017 0.275271
vt 0.850080 0.280455
vt 0.850080 0.269815
vt 0.890259 0.969872
vt 0.458764 0.873234
vt 0.452931 0.877431
vt 0.456716 0.868233
vt 0.473677 0.873982
vt 0.011192 0.973702
vt 0.010224 0.976706
vt 0.004228 0.969285
vt 0.953460 0.941142
vt 0.959004 0.945564
vt 0.993449 0.645537
vt 0.125089 0.895414
vt 0.992752 0.576501
vt 0.996590 0.569809
vt 0.996590 0.587745
vt 0.845159 0.991454
vt 0.993623 0.220453
vt 0.997251 0.213136
vt 0.997251 0.223725
vt 0.408430 0.989128
vt 0.400647 0.992513
vt 0.397895 0.983437
vt 0.993852 0.738395
vt 0.114401 0.894451
vt 0.740485 0.935534
vt 0.904323 0.358836
vt 0.565872 0.996900
vt 0.568385 0.987109
vt 0.570138 0.996900
vt 0.917146 0.459653
vt 0.881828 0.462993
vt 0.502383 0.881903
vt 0.579824 0.233975
vt 0.537714 0.990609
vt 0.542300 0.979669
vt 0.542300 0.996857
vt 0.537089 0.983963
vt 0.903251 0.618141
vt 0.993899 0.018311
vt 0.997303 0.013429
vt 0.997303 0.021618
vt 0.863788 0.977602
vt 0.451936 0.867153
vt 0.000801 0.971237
vt 0.470329 0.867153
vt 0.997222 0.642433
vt 0.986376 0.982411
vt 0.991184 0.982835
vt 0.960738 0.941721
vt 0.945246 0.626717
vt 0.898916 0.959317
vt 0.906013 0.953754
vt 0.905030 0.965897
vt 0.929681 0.623332
vt 0.928533 0.618140
vt 0.942611 0.620955
vt 0.889320 0.465670
vt 0.492777 0.871638
vt 0.838016 0.486476
vt 0.031648 0.972703
vt 0.851708 0.305594
vt 0.850080 0.298428
vt 0.851708 0.297020
vt 0.020904 0.980927
vt 0.799759 0.981170
vt 0.796305 0.990776
vt 0.820342 0.981332
vt 0.808983 0.972693
vt 0.955648 0.960652
vt 0.949204 0.958434
vt 0.256452 0.636176
vt 0.256452 0.626088
vt 0.257637 0.634936
vt 0.261879 0.783378
vt 0.263731 0.786218
vt 0.261879 0.791234
vt 0.499574 0.970358
vt 0.505761 0.970489
vt 0.500117 0.976049
vt 0.000000 0.976123
vt 0.847853 0.366904
vt 0.849066 0.374616
vt 0.844398 0.374616
vt 0.758365 0.975918
vt 0.758365 0.994484
vt 0.753214 0.990269
vt 0.987692 0.787436
vt 0.261147 0.808630
vt 0.263518 0.814714
vt 0.903322 0.352589
vt 0.734954 0.949701
vt 0.039505 0.664662
vt 0.522796 0.897307
vt 0.587731 0.221658
vt 0.848594 0.641392
vt 0.844506 0.639535
vt 0.848594 0.630992
vt 0.895297 0.633969
vt 0.911395 0.629272
vt 0.911395 0.639324
vt 0.954573 0.962222
vt 0.459398 0.877241
vt 0.248730 0.990399
vt 0.248199 0.983266
vt 0.252057 0.976213
vt 0.663512 0.884033
vt 0.666155 0.883841
vt 0.666155 0.889143
vt 0.455049 0.883230
vt 0.994367 0.010886
vt 0.114359 0.906391
vt 0.017731 0.708984
vt 0.942946 0.457208
vt 0.507881 0.879445
vt 0.484993 0.880198
vt 0.948981 0.968447
vt 0.953902 0.972017
vt 0.950729 0.975018
vt 0.911067 0.620206
vt 0.500465 0.979671
vt 0.504794 0.988504
vt 0.495958 0.979694
vt 0.839050 0.632875
vt 0.509341 0.981180
vt 0.808417 0.973544
vt 0.444697 0.887339
vt 0.994388 0.314219
vt 0.992632 0.302703
vt 0.997048 0.313836
vt 0.443923 0.868031
vt 0.993623 0.223725
vt 0.988448 0.223725
vt 0.991344 0.214263
vt 0.510110 0.967272
vt 0.964111 0.951340
vt 0.548108 0.898944
vt 0.879243 0.468303
vt 0.888566 0.471987
vt 0.499827 0.874232
vt 0.997169 0.640106
vt 0.992528 0.636010
vt 0.997169 0.621217
vt 0.610669 0.210685
vt 0.151170 0.996358
vt 0.155311 0.990280
vt 0.460710 0.887339
vt 0.011192 0.986577
vt 0.537467 0.906604
vt 0.524699 0.918140
vt 0.532499 0.894095
vt 0.985934 0.285155
vt 0.994365 0.278973
vt 0.992405 0.288482
vt 0.985934 0.275789
vt 0.634612 0.210687
vt 0.966731 0.962410
vt 0.020892 0.694562
vt 0.562813 0.873189
vt 0.584721 0.873483
vt 0.932749 0.466967
vt 0.901851 0.476549
vt 0.870443 0.475797
vt 0.873403 0.996680
vt 0.870136 0.984890
vt 0.875689 0.992065
vt 0.510110 0.985835
vt 0.006335 0.991628
vt 0.001477 0.988541
vt 0.441717 0.882568
vt 0.512672 0.877100
vt 0.475260 0.869098
vt 0.482402 0.851902
vt 0.852789 0.486737
vt 0.856083 0.967672
vt 0.868963 0.971947
vt 0.248199 0.969031
vt 0.997048 0.295162
vt 0.972516 0.805413
vt 0.968352 0.811906
vt 0.988645 0.213064
vt 0.014957 0.738088
vt 0.034288 0.651073
vt 0.043830 0.633157
vt 0.517328 0.871247
vt 0.504968 0.870845
vt 0.987134 0.265469
vt 0.493234 0.862420
vt 0.488785 0.862515
vt 0.875689 0.979474
vt 0.889371 0.961888
vt 0.567903 0.864537
vt 0.521123 0.879611
vt 0.976771 0.302791
vt 0.976771 0.290826
vt 0.985934 0.291404
vt 0.891802 0.477521
vt 0.882787 0.480138
vt 0.348328 0.994634
vt 0.350078 0.986895
vt 0.355069 0.984411
vt 0.861016 0.485289
vt 0.840846 0.508906
vt 0.827369 0.504752
vt 0.972284 0.814962
vt 0.993084 0.294501
vt 0.013444 0.721465
vt 0.552039 0.865140
vt 0.922845 0.471840
vt 0.531200 0.881841
vt 0.663826 0.835411
vt 0.666062 0.840047
vt 0.663826 0.847675
vt 0.870907 0.489106
vt 0.865628 0.482105
vt 0.569217 0.228030
vt 0.500297 0.859050
vt 0.863379 0.492743
vt 0.869458 0.500356
vt 0.494715 0.850279
vt 0.348328 0.976989
vt 0.557635 0.866130
vt 0.978772 0.284210
vt 0.894914 0.484285
vt 0.520475 0.864256
vt 0.475001 0.845028
vt 0.848087 0.505848
vt 0.030908 0.659600
vt 0.900178 0.499348
vt 0.979169 0.276801
vt 0.896439 0.493170
vt 0.883306 0.492053
vt 0.428847 0.972758
vt 0.420674 0.960719
vt 0.426075 0.963461
vt 0.874292 0.979474
vt 0.870136 0.977747
vt 0.880841 0.976040
vt 0.527574 0.842665
vt 0.525635 0.850049
vt 0.522719 0.840639
vt 0.509697 0.849075
vt 0.523297 0.857255
vt 0.513892 0.854666
vt 0.497889 0.844367
vt 0.860247 0.502941
vt 0.912974 0.482363
vt 0.888263 0.977770
vt 0.427705 0.948836
vt 0.421103 0.943632
vt 0.428750 0.945180
vt 0.889371 0.964471
vt 0.520417 0.992405
vt 0.510110 0.980692
vt 0.520417 0.978307
vt 0.870136 0.961505
vt 0.872520 0.953755
vt 0.519820 0.967272
vt 0.886636 0.953862
vt 0.992648 0.486087
vt 0.997155 0.476561
vt 0.997155 0.495647
vt 0.015510 0.670752
vt 0.935929 0.485123
vt 0.927641 0.496067
vt 0.994748 0.207908
vt 0.988448 0.212125
vt 0.988448 0.193630
vt 0.877735 0.504858
vt 0.879101 0.513694
vt 0.508779 0.839833
vt 0.509019 0.834913
vt 0.474293 0.820798
vt 0.485409 0.814955
vt 0.018323 0.681325
vt 0.985280 0.265469
vt 0.977308 0.269622
vt 0.950452 0.641862
vt 0.950646 0.636357
vt 0.962843 0.641862
vt 0.951894 0.622609
vt 0.957026 0.622882
vt 0.490997 0.828125
vt 0.846514 0.524000
vt 0.833314 0.519627
vt 0.006021 0.698954
vt 0.529935 0.854665
vt 0.895318 0.510963
vt 0.939285 0.493020
vt 0.912643 0.500188
vt 0.547677 0.859791
vt 0.539563 0.858640
vt 0.124509 0.994880
vt 0.124509 0.981259
vt 0.129834 0.990731
vt 0.428127 0.888366
vt 0.427731 0.896331
vt 0.418205 0.895730
vt 0.428847 0.905095
vt 0.510336 0.820731
vt 0.860614 0.520611
vt 0.002565 0.724291
vt 0.944865 0.512928
vt 0.930613 0.502358
vt 0.903883 0.503790
vt 0.413395 0.940588
vt 0.409098 0.932926
vt 0.526534 0.833426
vt 0.521363 0.827331
vt 0.416721 0.909622
vt 0.893345 0.526872
vt 0.499702 0.807213
vt 0.567768 0.848752
vt 0.557222 0.850255
vt 0.799189 0.375344
vt 0.792519 0.368817
vt 0.519352 0.804047
vt 0.000000 0.705917
vt 0.415094 0.960520
vt 0.887180 0.526203
vt 0.874778 0.531001
vt 0.523437 0.812800
vt 0.001622 0.687733
vt 0.398570 0.949991
vt 0.935948 0.513637
vt 0.917753 0.512407
vt 0.906129 0.511095
vt 0.404877 0.960569
vt 0.419140 0.888186
vt 0.405592 0.890884
vt 0.553735 0.994977
vt 0.547745 0.984481
vt 0.553735 0.979669
vt 0.495958 0.957979
vt 0.510476 0.966009
vt 0.502866 0.967272
vt 0.496710 0.949545
vt 0.513591 0.945942
vt 0.495958 0.937839
vt 0.509640 0.938392
vt 0.892886 0.538220
vt 0.407865 0.918478
vt 0.399874 0.914115
vt 0.560438 0.841193
vt 0.398958 0.900711
vt 0.577465 0.831139
vt 0.391140 0.936286
vt 0.950380 0.534634
vt 0.937079 0.524903
vt 0.994328 0.813811
vt 0.987692 0.809776
vt 0.994096 0.804166
vt 0.516425 0.950847
vt 0.996869 0.982411
vt 0.993188 0.979417
vt 0.996869 0.971292
vt 0.570448 0.823009
vt 0.560204 0.834652
vt 0.846818 0.981248
vt 0.855355 0.981596
vt 0.847183 0.992422
vt 0.581109 0.813775
vt 0.584721 0.826029
vt 0.573712 0.813894
vt 0.994328 0.797574
vt 0.989913 0.798599
vt 0.995690 0.771363
vt 0.990054 0.780610
vt 0.990054 0.763250
vt 0.920800 0.519064
vt 0.913123 0.514149
vt 0.913074 0.520831
vt 0.908463 0.524823
vt 0.901280 0.522628
vt 0.933073 0.525236
vt 0.520108 0.942358
vt 0.384764 0.930736
vt 0.944632 0.540947
vt 0.846818 0.969583
vt 0.702940 0.995138
vt 0.699795 0.991161
vt 0.702940 0.987480
vt 0.395431 0.894923
vt 0.932680 0.535953
vt 0.557478 0.824477
vt 0.553758 0.847410
vt 0.548146 0.837895
vt 0.557456 0.836349
vt 0.390197 0.913994
vt 0.392168 0.903413
vt 0.855783 0.967672
vt 0.994070 0.787436
vt 0.537168 0.845417
vt 0.992881 0.689426
vt 0.996551 0.684013
vt 0.996551 0.698424
vt 0.663826 0.859071
vt 0.666147 0.855465
vt 0.554815 0.819487
vt 0.656074 0.785630
vt 0.659728 0.779813
vt 0.663321 0.786065
vt 0.833497 0.374662
vt 0.838549 0.368951
vt 0.992945 0.894234
vt 0.995477 0.898717
vt 0.913417 0.368733
vt 0.913417 0.375141
vt 0.908332 0.373087
vt 0.520854 0.948945
vt 0.804316 0.935629
vt 0.804258 0.942343
vt 0.800774 0.939228
vt 0.528775 0.829503
vt 0.532798 0.833748
vt 0.529728 0.838798
vt 0.996756 0.698531
vt 0.996756 0.712976
vt 0.992082 0.709566
vt 0.928020 0.542476
vt 0.969159 0.990226
vt 0.973000 0.988313
vt 0.969159 0.996922
vt 0.981032 0.190094
vt 0.984183 0.186747
vt 0.984183 0.192105
vt 0.882070 0.979474
vt 0.875759 0.987840
vt 0.875689 0.981277
vt 0.880870 0.988938
vt 0.385989 0.918204
vt 0.557307 0.808878
vt 0.563641 0.804755
vt 0.552823 0.804033
vt 0.557243 0.797263
vt 0.552053 0.813635
vt 0.990279 0.889947
vt 0.994291 0.887399
vt 0.685170 0.928168
vt 0.680858 0.919493
vt 0.685747 0.921609
vt 0.875689 0.994219
vt 0.680388 0.932143
vt 0.392618 0.953773
vt 0.389094 0.945771
vt 0.965236 0.640682
vt 0.962843 0.631656
vt 0.971458 0.639836
vt 0.561893 0.996927
vt 0.561893 0.987109
vt 0.565872 0.994393
vt 0.542895 0.840184
vt 0.538872 0.834673
vt 0.541521 0.810167
vt 0.537559 0.838905
vt 0.844398 0.366904
vt 0.844398 0.373385
vt 0.838549 0.372611
vt 0.970929 0.983340
vt 0.685515 0.935645
vt 0.806653 0.935855
vt 0.917541 0.375432
vt 0.917541 0.369476
vt 0.922135 0.373411
vt 0.806954 0.931467
vt 0.031648 0.993060
vt 0.035945 0.980367
vt 0.037067 0.990552
vt 0.546875 0.819160
vt 0.996608 0.504374
vt 0.993470 0.513618
vt 0.993470 0.497810
vt 0.975231 0.630060
vt 0.263715 0.927054
vt 0.260809 0.923872
vt 0.263715 0.915682
vt 0.995477 0.879595
vt 0.973792 0.995743
vt 0.988451 0.302791
vt 0.986503 0.298448
vt 0.989546 0.295333
vt 0.254269 0.911974
vt 0.254977 0.901991
vt 0.258935 0.906974
vt 0.533307 0.842980
vt 0.680857 0.943647
vt 0.226688 0.991807
vt 0.222663 0.989679
vt 0.231265 0.983609
vt 0.233933 0.991502
vt 0.971732 0.490936
vt 0.976526 0.490936
vt 0.975964 0.497810
vt 0.996811 0.542476
vt 0.996811 0.555028
vt 0.992629 0.549388
vt 0.954288 0.988513
vt 0.948981 0.975018
vt 0.996625 0.843073
vt 0.540709 0.806571
vt 0.252286 0.900675
vt 0.985934 0.292629
vt 0.258947 0.911429
vt 0.993593 0.457083
vt 0.996925 0.452214
vt 0.996925 0.466240
vt 0.803168 0.922785
vt 0.222929 0.975024
vt 0.229355 0.972975
vt 0.233933 0.977603
vt 0.532077 0.819371
vt 0.537889 0.819135
vt 0.233488 0.969141
vt 0.528643 0.813317
vt 0.534492 0.814515
vt 0.997045 0.733282
vt 0.993852 0.726454
vt 0.993367 0.565624
vt 0.261147 0.796857
vt 0.263697 0.793774
vt 0.263697 0.808630
vt 0.543736 0.799858
vt 0.257698 0.984966
vt 0.261809 0.983596
vt 0.257403 0.993037
vt 0.913417 0.375432
vt 0.917541 0.371710
vt 0.685747 0.950710
vt 0.989546 0.289247
vt 0.254380 0.923190
vt 0.967263 0.623614
vt 0.537337 0.803204
vt 0.031648 0.979029
vt 0.032740 0.972703
vt 0.052410 0.974786
vt 0.052055 0.967660
vt 0.055001 0.962584
vt 0.551877 0.786946
vt 0.681763 0.955588
vt 0.261702 0.990734
vt 0.261809 0.997155
vt 0.052024 0.953756
vt 0.055001 0.952402
vt 0.259031 0.927578
vt 0.801419 0.911482
vt 0.805544 0.915418
vt 0.223734 0.970544
vt 0.473616 0.991527
vt 0.470610 0.985593
vt 0.474235 0.978727
vt 0.253338 0.938462
vt 0.992820 0.603405
vt 0.994811 0.595931
vt 0.995830 0.606047
vt 0.731643 0.973856
vt 0.734747 0.975160
vt 0.730968 0.990413
vt 0.992820 0.617538
vt 0.171105 0.983701
vt 0.172805 0.995663
vt 0.167972 0.995663
vt 0.800774 0.899436
vt 0.531730 0.801655
vt 0.257145 0.943794
vt 0.730968 0.966664
vt 0.053181 0.941855
vt 0.557891 0.997293
vt 0.553735 0.997238
vt 0.557891 0.987109
s 1
usemtl Material
f 1/1/1 2/2/2 3/3/3
f 4/4/4 5/5/5 1/1/1
f 1/1/1 6/6/6 2/2/2
f 1/1/1 5/5/5 6/6/6
f 7/7/7 1/1/1 3/3/3
f 6/6/6 5/5/5 8/8/8
f 9/9/9 4/4/4 1/1/1
f 3/3/3 2/2/2 10/10/10
f 9/9/9 11/11/11 4/4/4
f 12/12/12 5/5/5 4/4/4
f 1/1/1 7/7/7 13/13/13
f 2/2/2 14/14/14 10/10/10
f 2/2/2 6/6/6 14/14/14
f 4/4/4 11/11/11 12/12/12
f 13/13/13 9/9/9 1/1/1
f 12/12/12 15/15/15 5/5/5
f 5/5/5 15/15/15 8/8/8
f 10/10/10 14/14/14 16/16/16
f 6/6/6 17/17/17 14/14/14
f 13/13/13 18/18/18 9/9/9
f 19/19/19 9/9/9 18/18/18
f 11/11/11 9/9/9 19/19/19
f 14/14/14 17/17/17 20/20/20
f 6/6/6 8/8/8 17/17/17
f 3/3/3 21/21/21 7/7/7
f 7/7/7 22/22/22 13/13/13
f 14/14/14 23/23/23 16/16/16
f 18/18/18 24/24/24 19/19/19
f 14/14/14 20/20/20 23/23/23
f 19/19/19 25/25/25 11/11/11
f 25/25/25 12/12/12 11/11/11
f 7/7/7 21/21/21 26/26/26
f 7/7/7 26/26/26 22/22/22
f 10/10/10 21/21/21 3/3/3
f 27/27/27 24/24/24 18/18/18
f 24/24/24 28/28/28 19/19/19
f 15/29/15 29/30/29 8/31/8
f 10/10/10 16/16/16 21/21/21
f 30/32/30 13/13/13 22/22/22
f 18/18/18 13/13/13 30/32/30
f 28/28/28 25/25/25 19/19/19
f 25/25/25 31/33/31 12/12/12
f 31/33/31 15/15/15 12/12/12
f 8/8/8 32/34/32 17/17/17
f 21/35/21 33/36/33 26/37/26
f 21/21/21 16/16/16 33/38/33
f 16/16/16 23/23/23 34/39/34
f 17/17/17 35/40/35 20/20/20
f 26/37/26 33/36/33 36/41/36
f 26/37/26 36/41/36 22/42/22
f 37/43/37 31/33/31 25/25/25
f 15/29/15 31/44/31 38/45/38
f 29/30/29 32/46/32 8/31/8
f 15/29/15 38/45/38 29/30/29
f 22/42/22 36/41/36 39/47/39
f 27/27/27 18/18/18 30/32/30
f 16/16/16 34/39/34 33/38/33
f 24/24/24 40/48/40 28/28/28
f 23/23/23 20/20/20 41/49/41
f 28/28/28 42/50/42 25/25/25
f 32/34/32 35/40/35 17/17/17
f 22/42/22 39/47/39 30/51/30
f 23/52/23 43/53/43 34/54/34
f 27/27/27 44/55/44 24/24/24
f 29/30/29 45/56/45 32/46/32
f 44/55/44 40/48/40 24/24/24
f 35/40/35 46/57/46 20/20/20
f 42/50/42 37/43/37 25/25/25
f 31/44/31 47/58/47 38/45/38
f 48/59/48 45/56/45 29/30/29
f 29/30/29 38/45/38 48/59/48
f 30/32/30 49/60/49 27/27/27
f 41/61/41 20/62/20 46/63/46
f 33/36/33 34/64/34 50/65/50
f 27/66/27 49/67/49 51/68/51
f 30/51/30 39/47/39 49/69/49
f 51/70/51 44/55/44 27/27/27
f 42/71/42 52/72/52 37/73/37
f 47/58/47 31/44/31 37/73/37
f 53/74/53 38/45/38 47/58/47
f 43/53/43 23/52/23 41/61/41
f 41/61/41 46/63/46 54/75/54
f 32/46/32 55/76/55 35/77/35
f 38/45/38 53/74/53 48/59/48
f 42/50/42 28/28/28 56/78/56
f 42/50/42 56/78/56 57/79/57
f 47/58/47 58/80/58 53/74/53
f 59/81/59 49/69/49 39/47/39
f 49/67/49 59/82/59 51/68/51
f 40/48/40 56/78/56 28/28/28
f 46/63/46 60/83/60 54/75/54
f 57/84/57 52/72/52 42/71/42
f 45/56/45 55/76/55 32/46/32
f 50/65/50 61/85/61 33/36/33
f 35/77/35 60/86/60 46/87/46
f 55/76/55 62/88/62 35/77/35
f 37/73/37 63/89/63 47/58/47
f 43/53/43 41/61/41 54/75/54
f 60/86/60 35/77/35 62/88/62
f 36/41/36 64/90/64 39/47/39
f 65/91/65 44/55/44 66/92/66
f 44/55/44 65/91/65 40/48/40
f 63/89/63 58/80/58 47/58/47
f 34/54/34 43/53/43 50/93/50
f 44/55/44 51/70/51 66/92/66
f 59/94/59 67/95/67 51/70/51
f 67/95/67 66/92/66 51/70/51
f 43/53/43 54/75/54 68/96/68
f 58/80/58 69/97/69 53/74/53
f 66/92/66 70/98/70 65/91/65
f 65/91/65 56/78/56 40/48/40
f 63/89/63 71/99/71 58/80/58
f 54/75/54 60/83/60 72/100/72
f 37/73/37 52/72/52 63/89/63
f 53/74/53 69/97/69 48/59/48
f 48/59/48 73/101/73 45/56/45
f 66/92/66 67/95/67 74/102/74
f 66/92/66 74/102/74 70/98/70
f 75/103/75 56/78/56 65/91/65
f 56/78/56 76/104/76 57/79/57
f 45/56/45 73/101/73 77/105/77
f 50/93/50 43/53/43 61/106/61
f 70/98/70 75/103/75 65/91/65
f 75/103/75 78/107/78 56/78/56
f 56/78/56 78/107/78 76/104/76
f 63/89/63 79/108/79 71/99/71
f 45/56/45 77/105/77 55/76/55
f 48/59/48 69/97/69 73/101/73
f 59/81/59 39/47/39 80/109/80
f 33/36/33 61/85/61 81/110/81
f 43/53/43 82/111/82 61/106/61
f 70/98/70 83/112/83 75/103/75
f 55/76/55 77/105/77 62/88/62
f 58/80/58 71/99/71 69/97/69
f 59/81/59 80/109/80 67/113/67
f 74/114/74 67/115/67 84/116/84
f 43/53/43 68/96/68 82/111/82
f 54/75/54 72/100/72 85/117/85
f 57/84/57 76/118/76 52/72/52
f 54/75/54 85/117/85 68/96/68
f 84/116/84 86/119/86 74/114/74
f 60/86/60 62/88/62 87/120/87
f 87/120/87 62/88/62 77/105/77
f 52/72/52 88/121/88 63/89/63
f 67/113/67 80/109/80 84/122/84
f 71/99/71 89/123/89 69/97/69
f 78/124/78 90/125/90 76/118/76
f 73/101/73 91/126/91 77/105/77
f 63/89/63 88/121/88 79/108/79
f 60/86/60 87/120/87 72/127/72
f 77/105/77 91/126/91 87/120/87
f 76/118/76 92/128/92 52/72/52
f 78/124/78 93/129/93 90/125/90
f 94/130/94 89/123/89 71/99/71
f 92/128/92 88/121/88 52/72/52
f 89/123/89 95/131/95 69/97/69
f 69/97/69 95/131/95 73/101/73
f 70/132/70 96/133/96 83/134/83
f 85/117/85 97/135/97 68/96/68
f 83/134/83 98/136/98 75/137/75
f 90/125/90 92/128/92 76/118/76
f 79/108/79 94/130/94 71/99/71
f 84/116/84 99/138/99 86/119/86
f 64/90/64 100/139/100 39/47/39
f 36/41/36 101/140/101 64/90/64
f 61/85/61 82/141/82 81/110/81
f 82/111/82 68/96/68 102/142/102
f 70/132/70 103/143/103 96/133/96
f 73/101/73 104/144/104 91/126/91
f 39/47/39 100/139/100 80/109/80
f 102/142/102 68/96/68 97/135/97
f 72/100/72 105/145/105 85/117/85
f 95/131/95 104/144/104 73/101/73
f 84/122/84 80/109/80 99/146/99
f 33/36/33 81/110/81 36/41/36
f 74/114/74 103/143/103 70/132/70
f 83/134/83 96/133/96 98/136/98
f 87/147/87 106/148/106 72/100/72
f 88/121/88 107/149/107 79/108/79
f 86/119/86 103/143/103 74/114/74
f 85/117/85 105/145/105 97/135/97
f 82/150/82 108/151/108 81/152/81
f 108/151/108 82/150/82 102/153/102
f 75/137/75 98/136/98 78/154/78
f 91/126/91 106/155/106 87/120/87
f 109/156/109 106/155/106 91/126/91
f 79/108/79 107/149/107 94/130/94
f 80/109/80 100/139/100 99/146/99
f 86/119/86 110/157/110 103/143/103
f 78/124/78 98/158/98 93/129/93
f 81/152/81 108/151/108 111/159/111
f 72/100/72 106/148/106 105/145/105
f 112/160/112 89/123/89 94/130/94
f 92/128/92 113/161/113 88/121/88
f 36/41/36 81/110/81 101/140/101
f 99/138/99 114/162/114 86/119/86
f 97/135/97 105/145/105 115/163/115
f 105/145/105 106/148/106 116/164/116
f 117/165/117 95/131/95 89/123/89
f 117/165/117 89/123/89 112/160/112
f 104/144/104 109/156/109 91/126/91
f 112/160/112 94/130/94 107/149/107
f 118/166/118 119/167/119 90/125/90
f 119/167/119 92/128/92 90/125/90
f 113/161/113 120/168/120 88/121/88
f 90/125/90 93/129/93 118/166/118
f 92/128/92 119/167/119 113/161/113
f 88/121/88 120/168/120 107/149/107
f 81/110/81 111/169/111 101/140/101
f 97/170/97 115/171/115 102/153/102
f 96/133/96 121/172/121 98/136/98
f 105/173/105 116/174/116 115/171/115
f 93/175/93 98/136/98 122/176/122
f 123/177/123 112/160/112 107/149/107
f 109/178/109 116/174/116 106/179/106
f 104/144/104 95/131/95 124/180/124
f 102/153/102 115/171/115 125/181/125
f 117/182/117 126/183/126 95/184/95
f 127/185/127 64/90/64 101/140/101
f 101/140/101 111/169/111 127/185/127
f 114/162/114 110/157/110 86/119/86
f 111/159/111 108/151/108 128/186/128
f 102/153/102 125/181/125 108/151/108
f 96/133/96 129/187/129 121/172/121
f 121/172/121 122/176/122 98/136/98
f 126/183/126 124/188/124 95/184/95
f 124/180/124 109/156/109 104/144/104
f 122/189/122 118/166/118 93/129/93
f 108/151/108 125/181/125 128/186/128
f 103/143/103 129/187/129 96/133/96
f 117/182/117 130/190/130 126/183/126
f 117/191/117 112/192/112 131/193/131
f 114/194/114 99/146/99 132/195/132
f 64/196/64 127/197/127 133/198/133
f 115/171/115 134/199/134 125/181/125
f 115/171/115 116/174/116 134/199/134
f 131/193/131 130/200/130 117/191/117
f 135/201/135 126/183/126 130/190/130
f 124/188/124 126/183/126 135/201/135
f 124/202/124 135/203/135 109/178/109
f 109/178/109 135/203/135 116/174/116
f 136/204/136 123/177/123 107/149/107
f 120/168/120 136/204/136 107/149/107
f 64/196/64 133/198/133 100/205/100
f 111/159/111 128/186/128 127/197/127
f 127/197/127 137/206/137 133/198/133
f 127/197/127 138/207/138 137/206/137
f 127/197/127 139/208/139 138/207/138
f 128/186/128 139/208/139 127/197/127
f 116/174/116 135/203/135 134/199/134
f 100/139/100 140/209/140 99/146/99
f 100/205/100 133/198/133 141/210/141
f 128/186/128 125/181/125 139/208/139
f 138/207/138 130/200/130 142/211/142
f 142/211/142 130/200/130 131/193/131
f 139/208/139 135/203/135 130/200/130
f 123/177/123 143/212/143 112/160/112
f 122/189/122 144/213/144 118/166/118
f 119/167/119 145/214/145 113/161/113
f 137/206/137 138/207/138 142/211/142
f 125/181/125 134/199/134 139/208/139
f 130/200/130 138/207/138 139/208/139
f 139/208/139 134/199/134 135/203/135
f 131/193/131 112/192/112 143/215/143
f 144/213/144 146/216/146 118/166/118
f 136/204/136 120/168/120 113/161/113
f 147/217/147 103/143/103 110/157/110
f 147/217/147 129/187/129 103/143/103
f 99/146/99 148/218/148 132/195/132
f 142/211/142 131/193/131 149/219/149
f 129/187/129 150/220/150 121/172/121
f 146/216/146 119/167/119 118/166/118
f 133/198/133 137/206/137 151/221/151
f 137/206/137 142/211/142 149/219/149
f 149/219/149 131/193/131 143/215/143
f 123/177/123 136/204/136 152/222/152
f 150/220/150 153/223/153 121/172/121
f 153/223/153 122/176/122 121/172/121
f 152/222/152 143/212/143 123/177/123
f 113/161/113 145/214/145 136/204/136
f 114/162/114 154/224/154 110/157/110
f 141/210/141 133/198/133 151/221/151
f 137/206/137 149/219/149 151/221/151
f 143/225/143 155/226/155 149/227/149
f 122/189/122 153/228/153 144/213/144
f 154/224/154 147/217/147 110/157/110
f 147/217/147 150/220/150 129/187/129
f 119/167/119 146/216/146 145/214/145
f 114/194/114 132/195/132 154/229/154
f 100/205/100 141/210/141 140/230/140
f 143/215/143 156/231/156 155/232/155
f 143/233/143 152/234/152 156/235/156
f 140/209/140 148/218/148 99/146/99
f 147/217/147 157/236/157 150/220/150
f 140/230/140 141/210/141 158/237/158
f 154/224/154 159/238/159 147/217/147
f 149/219/149 160/239/160 151/221/151
f 149/219/149 155/232/155 160/239/160
f 132/240/132 161/241/161 154/224/154
f 141/210/141 151/221/151 162/242/162
f 163/243/163 164/244/164 136/204/136
f 145/214/145 163/243/163 136/204/136
f 141/210/141 162/242/162 158/237/158
f 151/221/151 160/239/160 162/242/162
f 144/213/144 165/245/165 146/216/146
f 136/204/136 164/244/164 152/222/152
f 146/216/146 165/245/165 145/214/145
f 155/232/155 156/231/156 160/239/160
f 166/246/166 161/247/161 132/195/132
f 154/224/154 161/241/161 167/248/167
f 154/224/154 167/248/167 159/238/159
f 147/217/147 159/238/159 157/236/157
f 150/220/150 168/249/168 153/223/153
f 169/250/169 168/249/168 150/220/150
f 144/213/144 170/251/170 165/245/165
f 132/195/132 148/218/148 166/246/166
f 157/236/157 169/250/169 150/220/150
f 156/231/156 152/252/152 171/253/171
f 145/214/145 172/254/172 163/243/163
f 156/231/156 173/255/173 160/239/160
f 170/251/170 153/228/153 168/256/168
f 153/228/153 170/251/170 144/213/144
f 140/230/140 158/237/158 148/257/148
f 174/258/174 157/236/157 159/238/159
f 164/259/164 171/253/171 152/252/152
f 175/260/175 158/237/158 162/242/162
f 176/261/176 169/250/169 157/236/157
f 165/245/165 172/254/172 145/214/145
f 175/260/175 162/242/162 160/239/160
f 156/231/156 171/253/171 173/255/173
f 177/262/177 164/244/164 163/243/163
f 160/239/160 173/255/173 175/260/175
f 167/248/167 178/263/178 159/238/159
f 170/251/170 179/264/179 165/245/165
f 148/257/148 158/237/158 180/265/180
f 174/258/174 176/261/176 157/236/157
f 148/257/148 180/265/180 181/266/181
f 175/260/175 180/265/180 158/237/158
f 168/256/168 182/267/182 170/251/170
f 161/247/161 166/246/166 167/268/167
f 179/264/179 183/269/183 165/245/165
f 172/254/172 177/262/177 163/243/163
f 172/254/172 165/245/165 184/270/184
f 164/271/164 185/272/185 171/273/171
f 172/254/172 184/270/184 186/274/186
f 175/260/175 187/275/187 180/265/180
f 169/250/169 182/276/182 168/249/168
f 164/244/164 177/262/177 185/277/185
f 172/254/172 186/274/186 177/262/177
f 148/218/148 181/278/181 166/246/166
f 170/251/170 182/267/182 179/264/179
f 175/260/175 173/255/173 187/275/187
f 165/245/165 183/269/183 184/270/184
f 173/279/173 171/273/171 188/280/188
f 177/262/177 186/274/186 189/281/189
f 181/278/181 190/282/190 166/246/166
f 181/266/181 191/283/191 190/284/190
f 167/268/167 166/246/166 178/285/178
f 181/266/181 180/265/180 191/283/191
f 192/286/192 174/258/174 159/238/159
f 173/255/173 188/287/188 187/275/187
f 169/250/169 193/288/193 182/276/182
f 180/289/180 187/290/187 191/291/191
f 171/273/171 185/272/185 188/280/188
f 178/263/178 192/286/192 159/238/159
f 193/288/193 194/292/194 182/276/182
f 183/269/183 179/264/179 195/293/195
f 196/294/196 174/258/174 192/286/192
f 184/270/184 183/269/183 197/295/197
f 184/270/184 197/295/197 186/274/186
f 177/296/177 189/297/189 185/272/185
f 194/298/194 198/299/198 182/267/182
f 166/246/166 199/300/199 178/285/178
f 176/261/176 193/288/193 169/250/169
f 185/272/185 200/301/200 188/280/188
f 199/302/199 192/286/192 178/263/178
f 201/303/201 190/284/190 191/283/191
f 202/304/202 196/294/196 192/286/192
f 198/299/198 179/264/179 182/267/182
f 195/293/195 179/264/179 198/299/198
f 197/295/197 183/269/183 195/293/195
f 187/290/187 188/280/188 200/301/200
f 174/258/174 196/294/196 176/261/176
f 187/290/187 200/301/200 191/291/191
f 176/261/176 203/305/203 193/288/193
f 189/297/189 200/301/200 185/272/185
f 203/305/203 176/261/176 196/294/196
f 186/274/186 204/306/204 189/281/189
f 197/295/197 204/306/204 186/274/186
f 199/302/199 202/304/202 192/286/192
f 191/291/191 200/301/200 205/307/205
f 198/299/198 206/308/206 195/293/195
f 190/284/190 201/303/201 207/309/207
f 189/297/189 208/310/208 200/301/200
f 194/292/194 193/288/193 209/311/209
f 194/312/194 209/313/209 206/314/206
f 194/312/194 206/314/206 198/315/198
f 193/288/193 203/305/203 209/311/209
f 204/316/204 208/310/208 189/297/189
f 197/317/197 210/318/210 204/319/204
f 195/293/195 210/320/210 197/295/197
f 206/314/206 211/321/211 195/322/195
f 190/282/190 207/323/207 166/246/166
f 202/304/202 199/302/199 212/324/212
f 201/325/201 191/291/191 205/307/205
f 203/326/203 213/327/213 209/313/209
f 195/322/195 211/321/211 210/318/210
f 206/314/206 214/328/214 211/321/211
f 209/313/209 215/329/215 206/314/206
f 210/318/210 211/321/211 216/330/216
f 215/329/215 214/328/214 206/314/206
f 211/321/211 217/331/217 216/330/216
f 211/321/211 214/328/214 217/331/217
f 217/331/217 214/328/214 218/332/218
f 214/328/214 219/333/219 218/332/218
f 220/334/220 219/333/219 214/328/214
f 166/246/166 207/323/207 199/300/199
f 196/294/196 213/335/213 203/305/203
f 210/318/210 221/336/221 204/319/204
f 210/318/210 216/330/216 221/336/221
f 215/329/215 222/337/222 214/328/214
f 222/337/222 220/334/220 214/328/214
f 219/333/219 220/334/220 223/338/223
f 213/327/213 215/329/215 209/313/209
f 216/330/216 217/331/217 224/339/224
f 217/331/217 225/340/225 224/339/224
f 217/331/217 218/332/218 225/340/225
f 219/333/219 223/338/223 218/332/218
f 220/334/220 226/341/226 223/338/223
f 201/342/201 227/343/227 207/344/207
f 205/307/205 200/301/200 228/345/228
f 196/294/196 229/346/229 213/335/213
f 200/301/200 208/310/208 228/345/228
f 216/330/216 224/339/224 230/347/230
f 204/319/204 221/336/221 208/348/208
f 221/336/221 216/330/216 230/347/230
f 222/337/222 231/349/231 220/334/220
f 231/349/231 226/341/226 220/334/220
f 218/332/218 232/350/232 225/340/225
f 218/332/218 223/338/223 232/350/232
f 226/341/226 233/351/233 223/338/223
f 201/325/201 205/307/205 227/352/227
f 215/329/215 213/327/213 234/353/234
f 235/354/235 231/349/231 222/337/222
f 225/340/225 236/355/236 224/339/224
f 225/340/225 232/350/232 236/355/236
f 232/350/232 223/338/223 233/351/233
f 196/294/196 202/304/202 237/356/237
f 237/356/237 229/346/229 196/294/196
f 238/357/238 222/337/222 215/329/215
f 234/353/234 213/327/213 229/358/229
f 234/353/234 238/357/238 215/329/215
f 230/347/230 239/359/239 221/336/221
f 222/337/222 240/360/240 235/354/235
f 241/361/241 224/339/224 236/355/236
f 236/355/236 232/350/232 242/362/242
f 232/350/232 233/351/233 243/363/243
f 205/307/205 244/364/244 227/352/227
f 205/307/205 228/345/228 244/364/244
f 208/348/208 245/365/245 228/366/228
f 229/358/229 246/367/246 234/353/234
f 208/348/208 221/336/221 245/365/245
f 247/368/247 240/360/240 238/357/238
f 238/357/238 240/360/240 222/337/222
f 246/367/246 248/369/248 234/353/234
f 238/357/238 234/353/234 247/368/247
f 249/370/249 235/354/235 240/360/240
f 250/371/250 231/349/231 235/354/235
f 231/349/231 251/372/251 226/341/226
f 251/372/251 233/351/233 226/341/226
f 233/351/233 252/373/252 243/363/243
f 202/304/202 212/324/212 237/356/237
f 246/367/246 229/358/229 237/374/237
f 234/353/234 248/369/248 247/368/247
f 230/347/230 241/361/241 239/359/239
f 230/347/230 224/339/224 241/361/241
f 232/350/232 243/363/243 242/362/242
f 248/369/248 253/375/253 247/368/247
f 247/368/247 253/375/253 240/360/240
f 235/354/235 249/370/249 250/371/250
f 250/371/250 251/372/251 231/349/231
f 227/352/227 244/364/244 254/376/254
f 255/377/255 248/369/248 246/367/246
f 245/365/245 221/336/221 256/378/256
f 241/361/241 236/355/236 257/379/257
f 258/380/258 233/351/233 251/372/251
f 259/381/259 248/369/248 255/377/255
f 240/360/240 260/382/260 249/370/249
f 241/361/241 257/379/257 261/383/261
f 233/351/233 258/380/258 252/373/252
f 207/344/207 227/343/227 254/384/254
f 262/385/262 245/365/245 256/378/256
f 259/381/259 263/386/263 248/369/248
f 221/336/221 239/359/239 256/378/256
f 263/386/263 253/375/253 248/369/248
f 243/363/243 264/387/264 242/362/242
f 237/374/237 265/388/265 246/367/246
f 244/364/244 228/345/228 245/389/245
f 244/390/244 245/365/245 262/385/262
f 253/375/253 260/382/260 240/360/240
f 239/359/239 241/361/241 261/383/261
f 266/391/266 250/371/250 249/370/249
f 267/392/267 237/356/237 212/324/212
f 244/393/244 262/394/262 268/395/268
f 269/396/269 263/386/263 259/381/259
f 239/359/239 270/397/270 256/378/256
f 236/355/236 242/362/242 271/398/271
f 272/399/272 258/380/258 251/372/251
f 244/400/244 268/401/268 254/402/254
f 246/367/246 265/388/265 255/377/255
f 273/403/273 260/382/260 253/375/253
f 266/391/266 274/404/274 250/371/250
f 250/371/250 275/405/275 251/372/251
f 275/405/275 272/399/272 251/372/251
f 252/373/252 276/406/276 243/363/243
f 256/378/256 270/397/270 277/407/277
f 249/370/249 260/382/260 266/391/266
f 243/363/243 276/406/276 264/387/264
f 262/385/262 256/378/256 278/408/278
f 239/359/239 261/383/261 270/397/270
f 242/362/242 279/409/279 271/398/271
f 262/385/262 278/408/278 268/410/268
f 278/408/278 256/378/256 277/407/277
f 269/396/269 280/411/280 263/386/263
f 280/411/280 253/375/253 263/386/263
f 253/412/253 280/413/280 281/414/281
f 257/379/257 236/355/236 271/398/271
f 242/362/242 264/387/264 279/409/279
f 207/415/207 254/416/254 282/417/282
f 267/418/267 265/388/265 237/374/237
f 255/377/255 283/419/283 259/381/259
f 269/396/269 259/381/259 284/420/284
f 278/408/278 277/407/277 285/421/285
f 286/422/286 261/383/261 257/379/257
f 268/410/268 278/408/278 287/423/287
f 270/397/270 288/424/288 277/407/277
f 253/412/253 281/414/281 273/425/273
f 250/371/250 274/404/274 275/405/275
f 258/380/258 289/426/289 252/373/252
f 207/323/207 282/427/282 199/300/199
f 283/419/283 255/377/255 265/388/265
f 283/419/283 284/420/284 259/381/259
f 285/421/285 277/407/277 290/428/290
f 277/407/277 288/424/288 290/428/290
f 261/383/261 288/424/288 270/397/270
f 261/383/261 286/422/286 288/424/288
f 272/399/272 291/429/291 258/380/258
f 258/380/258 291/429/291 289/426/289
f 276/406/276 252/373/252 292/430/292
f 268/431/268 282/432/282 254/433/254
f 287/423/287 278/408/278 285/421/285
f 280/413/280 293/434/293 281/414/281
f 273/425/273 294/435/294 260/436/260
f 199/300/199 295/437/295 212/438/212
f 286/439/286 296/440/296 288/441/288
f 264/387/264 276/406/276 297/442/297
f 289/426/289 292/430/292 252/373/252
f 265/443/265 267/444/267 298/445/298
f 268/410/268 287/423/287 282/446/282
f 281/414/281 299/447/299 273/425/273
f 260/382/260 300/448/300 266/391/266
f 264/387/264 301/449/301 279/409/279
f 276/406/276 292/430/292 297/442/297
f 212/438/212 302/450/302 267/451/267
f 284/452/284 303/453/303 269/454/269
f 269/454/269 303/453/303 280/413/280
f 257/379/257 304/455/304 286/422/286
f 305/456/305 272/399/272 275/405/275
f 264/387/264 297/442/297 301/449/301
f 298/457/298 283/458/283 265/459/265
f 284/420/284 283/419/283 306/460/306
f 290/428/290 288/424/288 307/461/307
f 303/453/303 293/434/293 280/413/280
f 308/462/308 271/398/271 279/409/279
f 299/447/299 294/435/294 273/425/273
f 271/398/271 309/463/309 257/379/257
f 279/409/279 301/449/301 310/464/310
f 289/426/289 291/429/291 311/465/311
f 267/451/267 302/450/302 298/457/298
f 282/427/282 287/466/287 312/467/312
f 307/468/307 288/441/288 313/469/313
f 288/441/288 296/440/296 314/470/314
f 300/448/300 260/382/260 294/471/294
f 295/437/295 199/300/199 282/427/282
f 285/421/285 315/472/315 287/423/287
f 257/379/257 309/463/309 316/473/316
f 266/391/266 317/474/317 274/404/274
f 271/398/271 308/462/308 309/463/309
f 274/404/274 318/475/318 275/405/275
f 275/405/275 318/475/318 305/456/305
f 212/438/212 295/437/295 302/450/302
f 283/476/283 319/477/319 306/478/306
f 306/478/306 320/479/320 284/452/284
f 294/435/294 299/447/299 321/480/321
f 286/439/286 304/481/304 322/482/322
f 304/455/304 257/379/257 316/473/316
f 279/409/279 310/464/310 308/462/308
f 272/399/272 305/456/305 291/429/291
f 283/458/283 298/457/298 319/483/319
f 307/461/307 323/484/323 290/428/290
f 288/441/288 314/470/314 313/469/313
f 293/434/293 299/447/299 281/414/281
f 321/480/321 300/485/300 294/435/294
f 300/448/300 317/474/317 266/391/266
f 285/421/285 290/428/290 315/472/315
f 324/486/324 293/434/293 303/453/303
f 300/485/300 321/480/321 325/487/325
f 274/404/274 317/474/317 318/475/318
f 311/488/311 326/489/326 289/490/289
f 292/491/292 327/492/327 297/493/297
f 289/490/289 326/489/326 328/494/328
f 329/495/329 320/479/320 306/478/306
f 330/496/330 299/447/299 293/434/293
f 286/439/286 322/482/322 296/440/296
f 300/485/300 331/497/331 317/498/317
f 305/499/305 332/500/332 291/501/291
f 291/501/291 332/500/332 311/488/311
f 289/490/289 328/494/328 292/491/292
f 320/479/320 303/453/303 284/452/284
f 308/462/308 310/464/310 333/502/333
f 319/483/319 298/457/298 334/503/334
f 309/463/309 308/462/308 333/502/333
f 301/504/301 335/505/335 310/506/310
f 297/493/297 335/505/335 301/504/301
f 282/427/282 336/507/336 295/437/295
f 306/478/306 319/477/319 329/495/329
f 290/428/290 323/484/323 315/472/315
f 322/482/322 337/508/337 296/440/296
f 312/467/312 336/507/336 282/427/282
f 312/467/312 287/466/287 315/509/315
f 324/486/324 330/496/330 293/434/293
f 307/468/307 313/469/313 338/510/338
f 325/487/325 331/497/331 300/485/300
f 333/502/333 339/511/339 309/463/309
f 312/467/312 315/509/315 340/512/340
f 320/479/320 341/513/341 303/453/303
f 307/468/307 338/510/338 323/514/323
f 322/482/322 304/481/304 342/515/342
f 305/456/305 318/475/318 343/516/343
f 332/500/332 344/517/344 311/488/311
f 344/517/344 326/489/326 311/488/311
f 328/494/328 327/492/327 292/491/292
f 298/457/298 302/450/302 345/518/345
f 296/440/296 337/508/337 314/470/314
f 309/519/309 346/520/346 316/521/316
f 331/497/331 347/522/347 317/498/317
f 309/519/309 339/523/339 346/520/346
f 318/475/318 317/474/317 347/524/347
f 318/475/318 347/524/347 343/516/343
f 305/499/305 343/525/343 332/500/332
f 338/510/338 313/469/313 348/526/348
f 313/469/313 314/470/314 348/526/348
f 327/492/327 335/505/335 297/493/297
f 298/457/298 345/518/345 334/503/334
f 319/483/319 334/503/334 329/527/329
f 315/528/315 323/514/323 349/529/349
f 310/506/310 350/530/350 333/531/333
f 324/486/324 303/453/303 341/513/341
f 325/487/325 321/480/321 351/532/351
f 350/530/350 310/506/310 352/533/352
f 310/506/310 335/505/335 352/533/352
f 312/467/312 340/512/340 336/507/336
f 316/521/316 346/520/346 304/481/304
f 339/523/339 333/534/333 353/535/353
f 329/527/329 334/503/334 354/536/354
f 320/479/320 355/537/355 341/513/341
f 338/510/338 356/538/356 323/514/323
f 329/495/329 355/537/355 320/479/320
f 349/529/349 323/514/323 357/539/357
f 323/514/323 356/538/356 357/539/357
f 324/486/324 358/540/358 359/541/359
f 324/486/324 359/541/359 330/496/330
f 360/542/360 361/543/361 330/496/330
f 330/496/330 361/543/361 299/447/299
f 346/520/346 342/515/342 304/481/304
f 295/437/295 362/544/362 302/450/302
f 322/482/322 342/515/342 337/508/337
f 346/520/346 339/523/339 363/545/363
f 353/535/353 333/534/333 350/546/350
f 347/547/347 364/548/364 343/525/343
f 327/492/327 328/494/328 365/549/365
f 299/447/299 361/543/361 321/480/321
f 339/523/339 353/535/353 363/545/363
f 335/505/335 366/550/366 352/533/352
f 329/495/329 367/551/367 355/537/355
f 338/510/338 368/552/368 356/538/356
f 343/525/343 369/553/369 332/500/332
f 326/489/326 365/549/365 328/494/328
f 334/503/334 345/518/345 354/536/354
f 295/437/295 336/507/336 370/554/370
f 354/555/354 367/551/367 329/495/329
f 341/513/341 358/540/358 324/486/324
f 314/470/314 337/508/337 371/556/371
f 337/508/337 342/515/342 372/557/372
f 325/487/325 373/558/373 331/497/331
f 331/497/331 374/559/374 347/522/347
f 343/525/343 364/548/364 375/560/375
f 332/500/332 369/553/369 344/517/344
f 327/492/327 376/561/376 335/505/335
f 314/470/314 371/556/371 377/562/377
f 337/508/337 372/557/372 371/556/371
f 344/517/344 378/563/378 326/489/326
f 326/489/326 378/563/378 365/549/365
f 338/510/338 348/526/348 368/552/368
f 330/496/330 359/541/359 360/542/360
f 331/497/331 373/558/373 374/559/374
f 346/520/346 363/545/363 342/515/342
f 343/525/343 375/560/375 369/553/369
f 295/437/295 370/554/370 362/544/362
f 325/487/325 351/532/351 379/564/379
f 340/512/340 315/509/315 380/565/380
f 353/535/353 350/546/350 381/566/381
f 336/507/336 382/567/382 370/554/370
f 325/487/325 379/564/379 373/558/373
f 347/522/347 374/559/374 364/568/364
f 353/535/353 381/566/381 363/545/363
f 340/512/340 380/565/380 336/507/336
f 355/537/355 383/569/383 341/513/341
f 357/539/357 356/538/356 384/570/384
f 348/526/348 314/470/314 385/571/385
f 361/543/361 351/532/351 321/480/321
f 335/505/335 376/561/376 366/550/366
f 344/517/344 369/553/369 386/572/386
f 314/470/314 377/562/377 385/571/385
f 371/556/371 372/557/372 387/573/387
f 366/550/366 388/574/388 352/533/352
f 389/575/389 345/518/345 302/450/302
f 390/576/390 315/528/315 349/529/349
f 390/576/390 349/529/349 357/539/357
f 384/570/384 356/538/356 391/577/391
f 356/538/356 368/552/368 391/577/391
f 392/578/392 373/558/373 379/564/379
f 393/579/393 342/515/342 394/580/394
f 394/580/394 342/515/342 363/545/363
f 365/549/365 395/581/395 327/492/327
f 315/509/315 390/582/390 380/565/380
f 396/583/396 355/537/355 367/551/367
f 397/584/397 357/539/357 384/570/384
f 377/562/377 371/556/371 387/573/387
f 381/585/381 350/530/350 398/586/398
f 350/530/350 352/533/352 398/586/398
f 386/572/386 378/563/378 344/517/344
f 345/518/345 399/587/399 354/536/354
f 362/544/362 389/575/389 302/450/302
f 400/588/400 358/540/358 341/513/341
f 348/526/348 385/571/385 368/552/368
f 360/542/360 401/589/401 361/543/361
f 342/515/342 393/579/393 372/557/372
f 373/558/373 402/590/402 374/559/374
f 374/559/374 403/591/403 364/568/364
f 364/548/364 404/592/404 375/560/375
f 403/593/403 404/592/404 364/548/364
f 352/533/352 388/574/388 398/586/398
f 369/553/369 405/594/405 386/572/386
f 380/565/380 390/582/390 406/595/406
f 375/560/375 405/594/405 369/553/369
f 341/513/341 383/569/383 400/588/400
f 378/563/378 407/596/407 365/549/365
f 355/537/355 408/597/408 383/569/383
f 390/576/390 357/539/357 397/584/397
f 374/559/374 402/590/402 403/591/403
f 363/545/363 381/566/381 409/598/409
f 378/563/378 386/572/386 407/596/407
f 327/492/327 395/581/395 376/561/376
f 367/599/367 410/600/410 396/601/396
f 367/599/367 354/536/354 410/600/410
f 394/580/394 363/545/363 409/598/409
f 404/592/404 405/594/405 375/560/375
f 390/576/390 397/584/397 411/602/411
f 361/543/361 412/603/412 351/532/351
f 362/544/362 370/554/370 413/604/413
f 355/537/355 396/583/396 408/597/408
f 414/605/414 395/581/395 365/549/365
f 379/564/379 412/603/412 392/578/392
f 392/578/392 415/606/415 373/558/373
f 381/566/381 398/607/398 409/598/409
f 380/565/380 416/608/416 417/609/417
f 380/565/380 406/595/406 416/608/416
f 390/576/390 411/602/411 406/610/406
f 400/588/400 418/611/418 358/540/358
f 391/577/391 419/612/419 384/570/384
f 359/541/359 420/613/420 360/542/360
f 385/571/385 421/614/421 368/552/368
f 401/589/401 422/615/422 361/543/361
f 373/558/373 415/606/415 402/590/402
f 365/549/365 407/596/407 414/605/414
f 408/597/408 423/616/423 383/569/383
f 424/617/424 400/588/400 383/569/383
f 384/570/384 425/618/425 397/584/397
f 377/562/377 426/619/426 385/571/385
f 422/615/422 412/603/412 361/543/361
f 370/554/370 382/567/382 413/604/413
f 336/507/336 417/609/417 427/620/427
f 336/507/336 380/565/380 417/609/417
f 400/588/400 428/621/428 418/611/418
f 372/557/372 429/622/429 387/573/387
f 372/557/372 393/579/393 430/623/430
f 431/624/431 415/606/415 392/578/392
f 409/598/409 432/625/432 394/580/394
f 366/550/366 433/626/433 388/574/388
f 389/575/389 362/544/362 434/627/434
f 384/570/384 419/612/419 425/618/425
f 379/564/379 351/532/351 412/603/412
f 372/628/372 430/629/430 429/630/429
f 393/579/393 435/631/435 430/623/430
f 393/579/393 394/580/394 435/631/435
f 436/632/436 404/592/404 403/593/403
f 376/561/376 437/633/437 366/550/366
f 366/550/366 437/633/437 433/626/433
f 438/634/438 354/536/354 399/587/399
f 439/635/439 382/567/382 336/507/336
f 440/636/440 336/507/336 427/620/427
f 411/602/411 397/584/397 441/637/441
f 404/592/404 442/638/442 405/594/405
f 386/572/386 443/639/443 407/596/407
f 437/633/437 376/561/376 444/640/444
f 444/640/444 376/561/376 395/581/395
f 414/605/414 445/641/445 395/581/395
f 446/642/446 396/601/396 410/600/410
f 362/544/362 413/604/413 447/643/447
f 424/617/424 428/621/428 400/588/400
f 360/542/360 420/613/420 401/589/401
f 405/594/405 443/639/443 386/572/386
f 446/644/446 408/597/408 396/583/396
f 383/569/383 423/616/423 424/617/424
f 428/621/428 448/645/448 418/611/418
f 402/590/402 449/646/449 403/591/403
f 403/591/403 449/646/449 436/647/436
f 388/574/388 433/626/433 398/586/398
f 398/586/398 433/626/433 450/648/450
f 406/595/406 411/649/411 416/608/416
f 397/584/397 425/618/425 441/637/441
f 358/540/358 418/611/418 359/541/359
f 387/573/387 451/650/451 377/562/377
f 429/622/429 451/650/451 387/573/387
f 394/580/394 432/625/432 435/631/435
f 415/606/415 452/651/452 402/590/402
f 336/507/336 440/636/440 439/635/439
f 368/552/368 453/652/453 391/577/391
f 426/619/426 377/562/377 451/650/451
f 409/598/409 398/607/398 454/653/454
f 354/536/354 438/634/438 410/600/410
f 362/544/362 447/643/447 434/627/434
f 399/587/399 345/518/345 455/654/455
f 416/608/416 411/649/411 456/655/456
f 412/656/412 457/657/457 392/658/392
f 392/578/392 457/659/457 431/624/431
f 431/624/431 458/660/458 415/606/415
f 402/590/402 452/651/452 449/646/449
f 409/598/409 459/661/459 432/625/432
f 405/594/405 442/638/442 443/639/443
f 418/611/418 420/613/420 359/541/359
f 421/614/421 385/571/385 426/619/426
f 398/607/398 450/662/450 454/653/454
f 389/575/389 460/663/460 345/518/345
f 446/644/446 461/664/461 408/597/408
f 408/597/408 461/664/461 423/616/423
f 456/655/456 462/665/462 416/608/416
f 411/602/411 441/637/441 463/666/463
f 443/639/443 464/667/464 407/596/407
f 416/608/416 462/665/462 417/609/417
f 411/602/411 463/666/463 456/668/456
f 418/611/418 465/669/465 420/613/420
f 409/598/409 454/653/454 459/661/459
f 436/632/436 466/670/466 404/592/404
f 404/592/404 466/670/466 442/638/442
f 433/626/433 437/633/437 467/671/467
f 395/581/395 468/672/468 444/640/444
f 389/575/389 434/627/434 460/663/460
f 399/587/399 455/654/455 438/634/438
f 440/636/440 427/620/427 469/673/469
f 391/577/391 453/652/453 419/612/419
f 429/622/429 430/623/430 470/674/470
f 395/581/395 445/641/445 468/672/468
f 430/623/430 435/631/435 471/675/471
f 450/662/450 472/676/472 454/653/454
f 413/604/413 439/635/439 447/643/447
f 401/589/401 420/613/420 473/677/473
f 451/650/451 429/622/429 474/678/474
f 454/653/454 475/679/475 459/661/459
f 382/567/382 439/635/439 413/604/413
f 476/680/476 446/642/446 410/600/410
f 455/654/455 345/518/345 460/663/460
f 422/615/422 477/681/477 412/603/412
f 431/624/431 478/682/478 458/660/458
f 458/660/458 452/651/452 415/606/415
f 443/639/443 442/638/442 479/683/479
f 464/667/464 414/605/414 407/596/407
f 476/680/476 410/600/410 480/684/480
f 429/622/429 470/674/470 474/678/474
f 471/685/471 470/686/470 430/687/430
f 454/653/454 472/676/472 475/679/475
f 466/670/466 479/683/479 442/638/442
f 433/626/433 467/671/467 450/648/450
f 427/688/427 481/689/481 469/690/469
f 440/636/440 469/673/469 439/635/439
f 423/616/423 461/664/461 424/617/424
f 482/691/482 441/637/441 425/618/425
f 419/612/419 453/652/453 483/692/483
f 368/552/368 421/614/421 453/652/453
f 450/662/450 484/693/484 472/676/472
f 450/648/450 467/671/467 485/694/485
f 446/644/446 476/695/476 461/664/461
f 419/612/419 483/692/483 486/696/486
f 435/631/435 432/625/432 471/675/471
f 432/625/432 459/661/459 487/697/487
f 419/612/419 486/696/486 425/618/425
f 420/613/420 465/669/465 488/698/488
f 426/619/426 489/699/489 421/614/421
f 431/700/431 457/657/457 478/701/478
f 444/640/444 468/672/468 437/633/437
f 438/634/438 490/702/490 410/600/410
f 417/609/417 462/665/462 491/703/491
f 473/677/473 422/615/422 401/589/401
f 439/635/439 492/704/492 447/643/447
f 441/637/441 482/691/482 463/666/463
f 488/698/488 473/677/473 420/613/420
f 477/705/477 457/657/457 412/656/412
f 432/625/432 487/697/487 471/675/471
f 452/706/452 493/707/493 449/708/449
f 443/639/443 479/683/479 494/709/494
f 414/605/414 495/710/495 445/641/445
f 480/711/480 410/712/410 496/713/496
f 455/654/455 497/714/497 438/634/438
f 460/663/460 497/714/497 455/654/455
f 483/692/483 453/652/453 498/715/498
f 453/652/453 421/614/421 498/715/498
f 478/701/478 457/657/457 499/716/499
f 449/708/449 493/707/493 436/717/436
f 466/670/466 500/718/500 479/683/479
f 450/662/450 485/719/485 484/693/484
f 443/639/443 494/709/494 464/667/464
f 456/655/456 501/720/501 462/665/462
f 456/655/456 502/721/502 501/720/501
f 418/611/418 448/645/448 465/669/465
f 421/614/421 489/699/489 498/715/498
f 484/693/484 503/722/503 472/676/472
f 468/672/468 504/723/504 437/633/437
f 464/667/464 505/724/505 414/605/414
f 438/634/438 506/725/506 490/702/490
f 491/703/491 507/726/507 417/609/417
f 447/643/447 508/727/508 434/627/434
f 462/728/462 501/729/501 491/730/491
f 476/680/476 480/684/480 509/731/509
f 459/661/459 510/732/510 487/697/487
f 475/679/475 510/732/510 459/661/459
f 436/632/436 493/733/493 511/734/511
f 436/632/436 511/734/511 466/670/466
f 438/735/438 497/736/497 506/737/506
f 463/738/463 502/721/502 456/655/456
f 425/618/425 486/696/486 482/691/482
f 426/619/426 451/650/451 512/739/512
f 451/650/451 474/678/474 512/739/512
f 458/660/458 513/740/513 452/651/452
f 475/679/475 472/676/472 503/722/503
f 505/724/505 495/710/495 414/605/414
f 424/617/424 514/741/514 428/621/428
f 469/673/469 515/742/515 439/635/439
f 481/689/481 515/743/515 469/690/469
f 491/730/491 501/729/501 516/744/516
f 428/621/428 514/741/514 448/645/448
f 457/657/457 477/705/477 499/716/499
f 478/682/478 517/745/517 458/660/458
f 452/706/452 518/746/518 493/707/493
f 504/723/504 467/671/467 437/633/437
f 417/609/417 507/726/507 427/620/427
f 481/689/481 519/747/519 515/743/515
f 499/716/499 520/748/520 478/701/478
f 490/702/490 496/749/496 410/600/410
f 507/726/507 491/703/491 521/750/521
f 439/635/439 522/751/522 492/704/492
f 439/635/439 515/742/515 522/751/522
f 519/747/519 523/752/523 515/743/515
f 482/691/482 486/696/486 524/753/524
f 483/692/483 525/754/525 486/696/486
f 517/745/517 513/740/513 458/660/458
f 481/689/481 526/755/526 519/747/519
f 447/643/447 492/704/492 508/727/508
f 496/713/496 527/756/527 480/711/480
f 461/664/461 514/741/514 424/617/424
f 465/669/465 528/757/528 488/698/488
f 489/699/489 426/619/426 529/758/529
f 513/759/513 518/746/518 452/706/452
f 500/718/500 530/760/530 479/683/479
f 494/709/494 479/683/479 531/761/531
f 504/723/504 468/672/468 445/641/445
f 495/710/495 504/723/504 445/641/445
f 532/762/532 506/737/506 497/736/497
f 533/763/533 515/743/515 523/752/523
f 509/731/509 480/684/480 527/764/527
f 509/765/509 534/766/534 476/695/476
f 534/767/534 461/768/461 476/769/476
f 473/677/473 535/770/535 422/615/422
f 422/615/422 536/771/536 477/681/477
f 537/772/537 467/671/467 504/723/504
f 538/773/538 527/756/527 496/713/496
f 460/663/460 434/627/434 539/774/539
f 501/729/501 540/775/540 516/744/516
f 463/666/463 482/691/482 541/776/541
f 482/691/482 524/753/524 541/776/541
f 448/645/448 514/741/514 465/669/465
f 511/777/511 500/778/500 466/779/466
f 427/620/427 507/726/507 481/780/481
f 460/663/460 532/781/532 497/714/497
f 515/742/515 533/782/533 522/751/522
f 461/664/461 534/766/534 514/741/514
f 488/698/488 542/783/542 473/677/473
f 426/619/426 512/739/512 529/758/529
f 478/701/478 520/748/520 517/784/517
f 539/774/539 434/627/434 508/727/508
f 483/692/483 498/715/498 525/754/525
f 542/783/542 535/770/535 473/677/473
f 422/615/422 535/770/535 536/771/536
f 487/697/487 543/785/543 544/786/544
f 475/679/475 503/722/503 545/787/545
f 464/667/464 494/709/494 546/788/546
f 464/667/464 546/788/546 505/724/505
f 491/703/491 516/789/516 521/750/521
f 522/751/522 547/790/547 492/704/492
f 532/781/532 460/663/460 548/791/548
f 538/792/538 549/793/549 527/794/527
f 501/720/501 502/721/502 550/795/550
f 470/674/470 551/796/551 474/678/474
f 487/697/487 544/786/544 471/675/471
f 510/732/510 552/797/552 487/697/487
f 530/760/530 531/761/531 479/683/479
f 467/671/467 537/772/537 485/694/485
f 495/710/495 505/724/505 553/798/553
f 540/799/540 501/720/501 550/795/550
f 463/800/463 541/801/541 502/802/502
f 465/669/465 514/741/514 528/757/528
f 528/757/528 542/783/542 488/698/488
f 474/678/474 551/796/551 512/739/512
f 487/697/487 552/797/552 543/785/543
f 475/679/475 545/787/545 510/732/510
f 511/803/511 554/804/554 500/805/500
f 527/764/527 555/806/555 509/731/509
f 549/807/549 555/808/555 527/809/527
f 535/770/535 556/810/556 536/771/536
f 536/771/536 499/811/499 477/681/477
f 471/685/471 557/812/557 470/686/470
f 519/747/519 558/813/558 523/752/523
f 533/782/533 559/814/559 522/751/522
f 523/752/523 558/813/558 533/763/533
f 533/763/533 558/813/558 559/815/559
f 486/696/486 525/754/525 524/753/524
f 498/715/498 489/699/489 560/816/560
f 526/817/526 481/780/481 507/726/507
f 538/773/538 496/713/496 561/818/561
f 532/762/532 562/819/562 563/820/563
f 562/821/562 532/781/532 548/791/548
f 560/816/560 489/699/489 529/758/529
f 471/685/471 544/822/544 557/812/557
f 505/724/505 564/823/564 553/798/553
f 521/750/521 565/824/565 507/726/507
f 460/663/460 539/774/539 548/791/548
f 522/751/522 559/814/559 547/790/547
f 534/766/534 509/765/509 566/825/566
f 566/825/566 567/826/567 534/766/534
f 534/766/534 567/826/567 514/741/514
f 517/784/517 520/748/520 568/827/568
f 517/784/517 568/827/568 513/828/513
f 490/702/490 561/829/561 496/749/496
f 521/750/521 516/789/516 565/824/565
f 532/762/532 563/820/563 506/737/506
f 569/830/569 492/704/492 547/790/547
f 562/821/562 548/791/548 570/831/570
f 502/832/502 541/776/541 550/833/550
f 498/715/498 560/816/560 571/834/571
f 504/723/504 572/835/572 537/772/537
f 549/793/549 538/792/538 573/836/573
f 562/819/562 570/837/570 563/820/563
f 549/807/549 573/838/573 555/808/555
f 542/783/542 574/839/574 535/770/535
f 529/758/529 512/739/512 575/840/575
f 470/686/470 557/812/557 551/841/551
f 561/829/561 490/702/490 576/842/576
f 516/789/516 577/843/577 565/824/565
f 514/741/514 567/826/567 528/757/528
f 512/739/512 551/796/551 575/840/575
f 520/748/520 578/844/578 568/827/568
f 518/746/518 579/845/579 493/707/493
f 579/845/579 511/803/511 493/707/493
f 494/709/494 531/761/531 580/846/580
f 505/724/505 546/788/546 564/823/564
f 508/727/508 492/704/492 581/847/581
f 548/791/548 539/774/539 582/848/582
f 548/791/548 583/849/583 570/831/570
f 509/731/509 555/806/555 566/850/566
f 584/851/584 585/852/585 540/775/540
f 541/776/541 586/853/586 550/833/550
f 587/854/587 499/811/499 536/771/536
f 500/718/500 554/855/554 530/760/530
f 526/755/526 588/856/588 519/747/519
f 516/744/516 540/775/540 585/852/585
f 581/847/581 539/774/539 508/727/508
f 573/857/573 589/858/589 555/859/555
f 558/860/558 590/861/590 559/862/559
f 591/863/591 567/826/567 566/825/566
f 574/839/574 556/810/556 535/770/535
f 587/854/587 536/771/536 556/810/556
f 592/864/592 520/748/520 499/716/499
f 544/786/544 543/785/543 593/865/593
f 552/797/552 510/732/510 545/787/545
f 579/845/579 554/804/554 511/803/511
f 594/866/594 485/694/485 537/772/537
f 572/835/572 504/723/504 595/867/595
f 504/723/504 495/710/495 596/868/596
f 553/798/553 596/868/596 495/710/495
f 516/744/516 585/852/585 577/869/577
f 588/856/588 590/870/590 558/813/558
f 597/871/597 566/850/566 555/806/555
f 524/753/524 525/754/525 598/872/598
f 525/754/525 571/834/571 598/872/598
f 525/754/525 498/715/498 571/834/571
f 587/873/587 592/874/592 499/875/499
f 568/827/568 599/876/599 513/828/513
f 503/722/503 484/693/484 600/877/600
f 485/694/485 594/866/594 484/878/484
f 494/709/494 580/846/580 546/788/546
f 507/726/507 601/879/601 526/817/526
f 506/737/506 563/820/563 602/880/602
f 526/755/526 603/881/603 588/856/588
f 519/747/519 588/856/588 558/813/558
f 555/806/555 589/882/589 597/871/597
f 540/799/540 550/795/550 584/883/584
f 586/853/586 541/776/541 598/872/598
f 524/753/524 598/872/598 541/776/541
f 542/783/542 604/884/604 574/839/574
f 530/760/530 605/885/605 531/761/531
f 538/773/538 606/886/606 573/887/573
f 581/847/581 582/848/582 539/774/539
f 548/791/548 607/888/607 583/849/583
f 583/889/583 608/890/608 570/837/570
f 590/891/590 609/892/609 559/893/559
f 528/757/528 610/894/610 542/783/542
f 529/758/529 611/895/611 560/816/560
f 578/844/578 599/876/599 568/827/568
f 593/896/593 557/812/557 544/822/544
f 572/835/572 594/866/594 537/772/537
f 561/818/561 606/886/606 538/773/538
f 573/857/573 606/897/606 589/858/589
f 547/790/547 612/898/612 569/830/569
f 582/848/582 607/888/607 548/791/548
f 547/790/547 559/814/559 613/899/613
f 550/795/550 614/900/614 584/883/584
f 574/901/574 615/902/615 556/903/556
f 529/758/529 575/840/575 611/895/611
f 551/796/551 616/904/616 575/840/575
f 520/748/520 592/864/592 578/844/578
f 557/812/557 616/905/616 551/841/551
f 526/817/526 601/879/601 603/906/603
f 570/837/570 608/890/608 563/820/563
f 583/889/583 617/907/617 608/890/608
f 609/908/609 613/899/613 559/814/559
f 528/757/528 567/826/567 610/894/610
f 542/783/542 610/894/610 604/884/604
f 513/759/513 618/909/618 518/746/518
f 530/760/530 554/855/554 619/910/619
f 530/760/530 619/910/619 605/885/605
f 484/878/484 594/866/594 620/911/620
f 531/761/531 605/885/605 580/846/580
f 590/870/590 621/912/621 609/913/609
f 583/849/583 622/914/622 617/915/617
f 583/849/583 607/888/607 622/914/622
f 599/916/599 623/917/623 513/759/513
f 503/722/503 600/877/600 545/787/545
f 504/723/504 596/868/596 595/867/595
f 581/847/581 492/704/492 569/830/569
f 585/852/585 584/851/584 614/918/614
f 614/900/614 550/795/550 624/919/624
f 560/816/560 625/920/625 571/834/571
f 587/873/587 626/921/626 592/874/592
f 592/864/592 627/922/627 578/844/578
f 628/923/628 569/830/569 612/898/612
f 629/924/629 589/858/589 606/897/606
f 629/925/629 597/871/597 589/882/589
f 547/790/547 613/899/613 612/898/612
f 597/871/597 630/926/630 566/850/566
f 566/927/566 630/928/630 591/929/591
f 560/816/560 611/895/611 625/920/625
f 626/930/626 627/922/627 592/864/592
f 593/896/593 631/931/631 557/812/557
f 557/812/557 631/931/631 632/932/632
f 513/759/513 623/917/623 618/909/618
f 543/785/543 552/797/552 633/933/633
f 606/897/606 634/934/634 629/924/629
f 574/901/574 604/935/604 615/902/615
f 635/936/635 623/917/623 599/916/599
f 552/797/552 545/787/545 633/933/633
f 620/937/620 600/877/600 484/693/484
f 565/824/565 577/843/577 636/938/636
f 582/848/582 581/847/581 637/939/637
f 597/940/597 629/924/629 638/941/638
f 613/899/613 639/942/639 640/943/640
f 609/913/609 621/912/621 613/944/613
f 567/826/567 641/945/641 610/894/610
f 615/902/615 587/873/587 556/903/556
f 642/946/642 631/931/631 593/896/593
f 576/947/576 606/886/606 561/818/561
f 637/939/637 607/888/607 582/848/582
f 621/948/621 639/949/639 613/950/613
f 640/943/640 612/898/612 613/899/613
f 627/922/627 643/951/643 578/844/578
f 599/876/599 578/844/578 635/952/635
f 635/936/635 644/953/644 623/917/623
f 602/880/602 563/820/563 645/954/645
f 629/924/629 634/934/634 638/941/638
f 637/939/637 646/955/646 607/888/607
f 621/948/621 647/956/647 639/949/639
f 591/863/591 648/957/648 567/826/567
f 598/872/598 571/834/571 649/958/649
f 557/812/557 632/932/632 616/905/616
f 578/844/578 643/951/643 635/952/635
f 506/725/506 602/959/602 490/702/490
f 577/869/577 585/852/585 636/960/636
f 590/870/590 588/856/588 621/912/621
f 617/915/617 622/914/622 650/961/650
f 638/962/638 630/926/630 597/871/597
f 593/865/593 651/963/651 642/964/642
f 593/865/593 543/785/543 651/963/651
f 652/965/652 619/966/619 554/804/554
f 653/967/653 634/934/634 606/897/606
f 563/820/563 608/890/608 654/968/654
f 655/969/655 647/970/647 621/971/621
f 585/852/585 614/918/614 656/972/656
f 608/890/608 617/907/617 650/973/650
f 646/955/646 622/914/622 607/888/607
f 624/974/624 550/975/550 586/976/586
f 635/952/635 643/951/643 644/977/644
f 623/917/623 657/978/657 618/909/618
f 518/746/518 618/909/618 579/845/579
f 576/947/576 658/979/658 606/886/606
f 569/830/569 628/923/628 659/980/659
f 637/939/637 660/981/660 646/955/646
f 614/900/614 624/919/624 656/982/656
f 612/898/612 661/983/661 628/923/628
f 640/943/640 639/942/639 662/984/662
f 649/958/649 586/853/586 598/872/598
f 543/785/543 633/933/633 651/963/651
f 602/959/602 663/985/663 490/702/490
f 636/960/636 585/852/585 664/986/664
f 634/934/634 665/987/665 638/941/638
f 622/988/622 666/989/666 650/990/650
f 647/956/647 662/991/662 639/949/639
f 667/992/667 662/993/662 647/994/647
f 612/898/612 640/943/640 661/983/661
f 630/928/630 648/995/648 591/929/591
f 648/957/648 641/945/641 567/826/567
f 587/873/587 668/996/668 626/921/626
f 575/840/575 616/904/616 669/997/669
f 644/953/644 670/998/670 623/917/623
f 553/798/553 671/999/671 596/868/596
f 603/881/603 672/1000/672 588/856/588
f 638/1001/638 665/1002/665 673/1003/673
f 656/1004/656 674/1005/674 675/1006/675
f 656/1007/656 624/974/624 674/1008/674
f 640/943/640 676/1009/676 677/1010/677
f 662/984/662 676/1009/676 640/943/640
f 610/1011/610 678/1012/678 604/935/604
f 575/840/575 669/997/669 611/895/611
f 642/964/642 651/963/651 679/1013/679
f 554/804/554 579/845/579 652/965/652
f 652/965/652 680/1014/680 619/966/619
f 619/910/619 680/1015/680 605/885/605
f 546/788/546 580/846/580 681/1016/681
f 546/788/546 681/1016/681 564/823/564
f 596/868/596 671/999/671 595/867/595
f 588/856/588 655/1017/655 621/912/621
f 585/852/585 656/972/656 682/1018/682
f 581/847/581 569/830/569 683/1019/683
f 684/1020/684 660/981/660 637/939/637
f 661/1021/661 640/1022/640 677/1023/677
f 626/921/626 685/1024/685 627/1025/627
f 642/946/642 679/1026/679 631/931/631
f 633/933/633 686/1027/686 651/963/651
f 594/866/594 687/1028/687 620/911/620
f 572/835/572 595/867/595 688/1029/688
f 490/702/490 663/985/663 576/842/576
f 661/1021/661 689/1030/689 628/1031/628
f 676/1009/676 690/1032/690 677/1010/677
f 630/928/630 691/1033/691 648/995/648
f 678/1012/678 615/902/615 604/935/604
f 587/873/587 615/902/615 668/996/668
f 545/787/545 600/877/600 692/1034/692
f 580/846/580 605/885/605 693/1035/693
f 594/866/594 572/835/572 687/1028/687
f 603/906/603 601/879/601 672/1036/672
f 653/967/653 694/1037/694 634/934/634
f 650/973/650 695/1038/695 608/890/608
f 665/1039/665 696/1040/696 673/1041/673
f 638/1042/638 673/1043/673 630/928/630
f 622/988/622 697/1044/697 666/989/666
f 669/997/669 616/904/616 698/1045/698
f 627/922/627 699/1046/699 643/951/643
f 679/1026/679 700/1047/700 631/931/631
f 623/917/623 670/998/670 657/978/657
f 602/880/602 645/954/645 701/1048/701
f 606/897/606 658/1049/658 653/967/653
f 675/1050/675 682/1018/682 656/972/656
f 675/1050/675 702/1051/702 682/1018/682
f 662/1052/662 667/1053/667 676/1054/676
f 624/974/624 703/1055/703 674/1008/674
f 622/988/622 646/1056/646 697/1044/697
f 641/1057/641 704/1058/704 610/1011/610
f 704/1058/704 678/1012/678 610/1011/610
f 685/1024/685 699/1059/699 627/1025/627
f 616/905/616 632/932/632 698/1060/698
f 644/953/644 705/1061/705 670/998/670
f 600/877/600 620/937/620 692/1034/692
f 652/965/652 706/1062/706 680/1014/680
f 680/1015/680 693/1035/693 605/885/605
f 565/824/565 707/1063/707 507/726/507
f 563/820/563 654/968/654 645/954/645
f 581/847/581 683/1019/683 637/939/637
f 666/989/666 697/1044/697 708/1064/708
f 630/928/630 673/1043/673 691/1033/691
f 697/1065/697 646/955/646 709/1066/709
f 624/974/624 586/976/586 703/1055/703
f 571/834/571 625/920/625 710/1067/710
f 626/921/626 668/996/668 685/1024/685
f 643/951/643 705/1068/705 644/977/644
f 711/1069/711 700/1047/700 679/1026/679
f 700/1047/700 632/932/632 631/931/631
f 633/933/633 545/787/545 692/1034/692
f 572/835/572 688/1029/688 687/1028/687
f 602/959/602 701/1070/701 663/985/663
f 634/934/634 694/1037/694 665/987/665
f 569/830/569 659/980/659 683/1019/683
f 665/1071/665 694/1072/694 696/1073/696
f 628/923/628 712/1074/712 659/980/659
f 667/1053/667 713/1075/713 676/1054/676
f 675/1006/675 674/1005/674 702/1076/702
f 676/1009/676 714/1077/714 690/1032/690
f 677/1023/677 715/1078/715 661/1021/661
f 690/1079/690 716/1080/716 677/1081/677
f 691/1033/691 641/1057/641 648/995/648
f 571/834/571 710/1067/710 649/958/649
f 611/895/611 669/997/669 717/1082/717
f 565/824/565 718/1083/718 707/1063/707
f 565/824/565 636/938/636 718/1083/718
f 585/852/585 682/1018/682 664/986/664
f 647/970/647 655/969/655 667/1084/667
f 713/1075/713 714/1085/714 676/1054/676
f 708/1064/708 697/1044/697 719/1086/719
f 709/1066/709 646/955/646 660/981/660
f 703/1055/703 720/1087/720 674/1008/674
f 715/1078/715 689/1030/689 661/1021/661
f 611/895/611 717/1082/717 625/920/625
f 615/902/615 721/1088/721 668/996/668
f 679/1026/679 722/1089/722 711/1069/711
f 692/1034/692 686/1027/686 633/933/633
f 553/798/553 723/1090/723 671/999/671
f 576/947/576 724/1091/724 658/979/658
f 608/890/608 695/1038/695 654/968/654
f 702/1051/702 725/1092/725 682/1018/682
f 696/1073/696 694/1072/694 726/1093/726
f 650/1094/650 666/1095/666 695/1096/695
f 714/1085/714 713/1075/713 727/1097/727
f 702/1098/702 674/1008/674 728/1099/728
f 673/1100/673 696/1101/696 729/1102/729
f 726/1103/726 729/1102/729 696/1101/696
f 726/1104/726 730/1105/730 729/1106/729
f 689/1107/689 712/1074/712 628/923/628
f 586/976/586 649/1108/649 703/1055/703
f 678/1012/678 721/1088/721 615/902/615
f 731/1109/731 669/997/669 698/1045/698
f 699/1046/699 705/1068/705 643/951/643
f 732/1110/732 632/932/632 700/1047/700
f 706/1062/706 652/965/652 733/1111/733
f 688/1029/688 595/867/595 734/1112/734
f 723/1090/723 564/823/564 681/1016/681
f 564/823/564 723/1090/723 553/798/553
f 707/1063/707 601/879/601 507/726/507
f 735/1113/735 728/1099/728 674/1008/674
f 697/1044/697 736/1114/736 719/1086/719
f 736/1115/736 697/1116/697 709/1117/709
f 715/1078/715 677/1023/677 716/1118/716
f 691/1033/691 704/1058/704 641/1057/641
f 717/1082/717 669/997/669 731/1109/731
f 737/1119/737 711/1120/711 722/1121/722
f 737/1122/737 700/1047/700 711/1069/711
f 738/1123/738 679/1013/679 651/963/651
f 733/1111/733 652/965/652 579/845/579
f 580/846/580 693/1035/693 739/1124/739
f 580/846/580 739/1124/739 681/1016/681
f 663/985/663 740/1125/740 576/842/576
f 588/856/588 741/1126/741 655/1017/655
f 742/1127/742 660/981/660 684/1020/684
f 730/1128/730 743/1129/743 744/1130/744
f 729/1106/729 730/1105/730 744/1131/744
f 727/1097/727 745/1132/745 714/1085/714
f 746/1133/746 728/1099/728 747/1134/747
f 748/1135/748 708/1064/708 719/1086/719
f 673/1043/673 749/1136/749 691/1033/691
f 719/1086/719 736/1114/736 750/1137/750
f 710/1067/710 625/920/625 717/1082/717
f 668/996/668 751/1138/751 685/1024/685
f 618/909/618 733/1111/733 579/845/579
f 636/960/636 664/986/664 752/1139/752
f 667/1084/667 655/969/655 753/1140/753
f 728/1141/728 725/1142/725 702/1143/702
f 748/1144/748 754/1145/754 708/1146/708
f 743/1147/743 748/1144/748 744/1148/744
f 727/1097/727 755/1149/755 745/1132/745
f 755/1149/755 747/1150/747 745/1132/745
f 746/1133/746 747/1134/747 755/1151/755
f 735/1113/735 747/1134/747 728/1099/728
f 714/1152/714 745/1153/745 690/1154/690
f 716/1080/716 690/1079/690 756/1155/756
f 649/1108/649 710/1156/710 757/1157/757
f 668/996/668 721/1088/721 751/1138/751
f 632/932/632 732/1110/732 698/1060/698
f 636/938/636 752/1158/752 718/1083/718
f 654/968/654 695/1038/695 758/1159/758
f 694/1072/694 759/1160/759 726/1093/726
f 755/1161/755 760/1162/760 746/1163/746
f 744/1131/744 748/1135/748 761/1164/761
f 674/1008/674 720/1087/720 735/1113/735
f 673/1100/673 729/1102/729 749/1165/749
f 762/1166/762 670/998/670 705/1061/705
f 651/963/651 686/1027/686 738/1123/738
f 588/856/588 672/1000/672 741/1126/741
f 654/968/654 758/1159/758 645/954/645
f 667/1084/667 753/1140/753 713/1167/713
f 713/1167/713 753/1140/753 763/1168/763
f 736/1114/736 764/1169/764 750/1137/750
f 716/1080/716 756/1155/756 765/1170/765
f 715/1078/715 716/1118/716 765/1171/765
f 737/1122/737 722/1089/722 766/1172/766
f 666/1095/666 754/1145/754 695/1096/695
f 726/1093/726 759/1160/759 730/1173/730
f 713/1167/713 763/1168/763 727/1174/727
f 730/1173/730 759/1160/759 743/1147/743
f 748/1135/748 719/1086/719 761/1164/761
f 745/1153/745 767/1175/767 690/1154/690
f 747/1134/747 767/1175/767 745/1153/745
f 747/1134/747 735/1113/735 768/1176/768
f 744/1131/744 769/1177/769 729/1106/729
f 715/1078/715 765/1171/765 689/1030/689
f 704/1058/704 770/1178/770 678/1012/678
f 678/1012/678 770/1178/770 721/1088/721
f 731/1109/731 698/1045/698 732/1179/732
f 699/1046/699 771/1180/771 705/1068/705
f 762/1166/762 772/1181/772 670/998/670
f 618/909/618 657/978/657 733/1111/733
f 692/1034/692 620/937/620 773/1182/773
f 774/1183/774 680/1014/680 706/1062/706
f 775/1184/775 753/1140/753 655/969/655
f 754/1145/754 666/1095/666 708/1146/708
f 728/1141/728 746/1163/746 725/1142/725
f 637/939/637 683/1019/683 684/1020/684
f 759/1160/759 776/1185/776 743/1147/743
f 690/1154/690 767/1175/767 756/1186/756
f 649/1108/649 757/1157/757 703/1055/703
f 710/1156/710 717/1187/717 777/1188/777
f 737/1122/737 766/1172/766 700/1047/700
f 620/911/620 687/1028/687 773/1189/773
f 671/999/671 723/1090/723 778/1190/778
f 779/1191/779 780/1192/780 672/1036/672
f 683/1019/683 659/980/659 781/1193/781
f 727/1174/727 763/1168/763 755/1161/755
f 744/1131/744 761/1164/761 769/1177/769
f 660/981/660 782/1194/782 709/1066/709
f 765/1170/765 756/1155/756 783/1195/783
f 703/1055/703 784/1196/784 720/1087/720
f 691/1033/691 785/1197/785 704/1058/704
f 731/1109/731 777/1198/777 717/1082/717
f 685/1024/685 786/1199/786 699/1059/699
f 705/1068/705 771/1180/771 762/1200/762
f 700/1047/700 787/1201/787 732/1110/732
f 671/999/671 734/1112/734 595/867/595
f 658/979/658 724/1091/724 653/1202/653
f 741/1126/741 775/1203/775 655/1017/655
f 743/1147/743 776/1185/776 748/1144/748
f 767/1175/767 747/1134/747 768/1176/768
f 765/1171/765 783/1204/783 689/1030/689
f 703/1055/703 757/1157/757 784/1196/784
f 710/1156/710 788/1205/788 757/1157/757
f 721/1088/721 789/1206/789 751/1138/751
f 766/1207/766 790/1208/790 791/1209/791
f 766/1207/766 722/1210/722 790/1208/790
f 722/1210/722 679/1013/679 790/1208/790
f 679/1013/679 738/1123/738 790/1208/790
f 601/879/601 779/1191/779 672/1036/672
f 645/954/645 792/1211/792 701/1048/701
f 672/1000/672 780/1212/780 741/1126/741
f 682/1018/682 793/1213/793 664/986/664
f 753/1140/753 775/1184/775 794/1214/794
f 725/1092/725 793/1213/793 682/1018/682
f 746/1163/746 760/1162/760 725/1142/725
f 720/1087/720 795/1215/795 735/1113/735
f 786/1199/786 685/1024/685 751/1138/751
f 796/1216/796 772/1181/772 762/1166/762
f 724/1091/724 576/947/576 740/1217/740
f 754/1145/754 748/1144/748 776/1185/776
f 750/1137/750 761/1164/761 719/1086/719
f 736/1218/736 709/1066/709 782/1194/782
f 749/1136/749 785/1197/785 691/1033/691
f 770/1178/770 704/1058/704 785/1197/785
f 788/1205/788 710/1156/710 777/1188/777
f 770/1178/770 789/1206/789 721/1088/721
f 797/1219/797 766/1172/766 791/1220/791
f 797/1219/797 700/1047/700 766/1172/766
f 798/1221/798 774/1183/774 706/1062/706
f 681/1016/681 799/1222/799 723/1090/723
f 645/954/645 758/1159/758 800/1223/800
f 695/1096/695 754/1145/754 801/1224/801
f 660/981/660 742/1127/742 782/1194/782
f 712/1074/712 689/1107/689 802/1225/802
f 735/1113/735 795/1215/795 768/1176/768
f 756/1155/756 803/1226/803 783/1195/783
f 699/1059/699 786/1199/786 771/1227/771
f 771/1180/771 796/1228/796 762/1200/762
f 797/1219/797 787/1201/787 700/1047/700
f 733/1111/733 804/1229/804 706/1062/706
f 799/1222/799 778/1190/778 723/1090/723
f 718/1083/718 752/1158/752 805/1230/805
f 755/1161/755 763/1168/763 760/1162/760
f 729/1106/729 769/1177/769 749/1231/749
f 736/1232/736 782/1233/782 764/1234/764
f 806/1235/806 750/1137/750 764/1169/764
f 806/1235/806 807/1236/807 750/1137/750
f 657/978/657 804/1229/804 733/1111/733
f 773/1182/773 687/1237/687 808/1238/808
f 680/1015/680 809/1239/809 693/1035/693
f 663/985/663 701/1070/701 792/1240/792
f 601/879/601 707/1063/707 779/1191/779
f 792/1240/792 645/1241/645 800/1242/800
f 659/980/659 802/1225/802 781/1193/781
f 803/1226/803 756/1155/756 810/1243/810
f 777/1188/777 731/1244/731 811/1245/811
f 812/1246/812 786/1199/786 751/1138/751
f 731/1244/731 732/1247/732 811/1245/811
f 796/1216/796 813/1248/813 772/1181/772
f 814/1249/814 804/1229/804 657/978/657
f 671/999/671 778/1190/778 734/1112/734
f 718/1083/718 805/1230/805 707/1063/707
f 805/1250/805 752/1139/752 664/986/664
f 758/1159/758 695/1038/695 801/1251/801
f 694/1072/694 815/1252/815 759/1160/759
f 776/1185/776 816/1253/816 754/1145/754
f 689/1107/689 817/1254/817 802/1225/802
f 720/1087/720 818/1255/818 795/1215/795
f 757/1157/757 788/1205/788 784/1196/784
f 786/1199/786 819/1256/819 771/1227/771
f 771/1180/771 820/1257/820 796/1228/796
f 821/1258/821 686/1027/686 822/1259/822
f 692/1034/692 822/1259/822 686/1027/686
f 687/1237/687 823/1260/823 808/1238/808
f 823/1261/823 687/1028/687 688/1029/688
f 663/985/663 792/1240/792 824/1262/824
f 780/1212/780 825/1263/825 741/1126/741
f 793/1213/793 725/1092/725 826/1264/826
f 754/1145/754 816/1253/816 801/1224/801
f 712/1074/712 802/1225/802 659/980/659
f 742/1127/742 827/1265/827 782/1194/782
f 689/1030/689 783/1204/783 817/1266/817
f 795/1215/795 767/1175/767 768/1176/768
f 749/1136/749 828/1267/828 785/1197/785
f 807/1236/807 806/1235/806 829/1268/829
f 797/1269/797 791/1270/791 830/1271/830
f 706/1062/706 804/1229/804 798/1221/798
f 693/1035/693 809/1239/809 739/1124/739
f 779/1272/779 831/1273/831 780/1212/780
f 805/1230/805 832/1274/832 707/1063/707
f 761/1164/761 750/1137/750 833/1275/833
f 756/1186/756 767/1175/767 834/1276/834
f 749/1231/749 769/1177/769 828/1277/828
f 750/1137/750 807/1236/807 833/1275/833
f 756/1155/756 834/1278/834 810/1243/810
f 720/1087/720 784/1196/784 818/1255/818
f 810/1243/810 834/1278/834 835/1279/835
f 807/1236/807 829/1268/829 836/1280/836
f 751/1138/751 789/1206/789 812/1246/812
f 797/1219/797 830/1281/830 787/1201/787
f 813/1248/813 837/1282/837 772/1181/772
f 670/998/670 838/1283/838 657/978/657
f 680/1014/680 774/1183/774 809/1284/809
f 761/1164/761 833/1275/833 839/1285/839
f 764/1234/764 782/1233/782 806/1286/806
f 767/1175/767 840/1287/840 834/1276/834
f 807/1236/807 836/1280/836 833/1275/833
f 835/1288/835 841/1289/841 810/1290/810
f 828/1267/828 770/1178/770 785/1197/785
f 786/1199/786 812/1246/812 819/1256/819
f 796/1228/796 820/1257/820 813/1291/813
f 813/1248/813 842/1292/842 837/1282/837
f 686/1027/686 821/1258/821 738/1123/738
f 773/1182/773 822/1259/822 692/1034/692
f 818/1255/818 784/1196/784 788/1205/788
f 836/1280/836 829/1268/829 843/1293/843
f 770/1178/770 844/1294/844 789/1206/789
f 732/1247/732 787/1295/787 811/1245/811
f 830/1271/830 791/1270/791 845/1296/845
f 772/1181/772 846/1297/846 670/998/670
f 800/1223/800 758/1159/758 847/1298/847
f 653/967/653 848/1299/848 694/1037/694
f 848/1299/848 815/1300/815 694/1037/694
f 849/1301/849 850/1302/850 760/1162/760
f 684/1020/684 683/1019/683 742/1127/742
f 782/1303/782 851/1304/851 806/1305/806
f 769/1177/769 761/1164/761 839/1285/839
f 769/1177/769 839/1285/839 828/1277/828
f 836/1280/836 843/1293/843 833/1275/833
f 841/1289/841 835/1288/835 852/1306/852
f 818/1255/818 788/1205/788 853/1307/853
f 828/1267/828 844/1294/844 770/1178/770
f 853/1307/853 788/1205/788 777/1188/777
f 820/1308/820 842/1309/842 813/1310/813
f 771/1227/771 819/1256/819 820/1311/820
f 838/1283/838 670/998/670 846/1297/846
f 854/1312/854 688/1029/688 734/1112/734
f 740/1217/740 855/1313/855 724/1091/724
f 855/1313/855 856/1314/856 724/1091/724
f 767/1175/767 795/1215/795 840/1287/840
f 840/1287/840 795/1215/795 818/1255/818
f 834/1278/834 852/1315/852 835/1279/835
f 843/1293/843 857/1316/857 833/1275/833
f 811/1245/811 787/1295/787 858/1317/858
f 859/1318/859 830/1271/830 845/1296/845
f 830/1319/830 860/1320/860 787/1321/787
f 837/1282/837 846/1297/846 772/1181/772
f 738/1123/738 821/1258/821 790/1208/790
f 822/1259/822 773/1182/773 861/1322/861
f 780/1212/780 831/1273/831 825/1263/825
f 724/1091/724 848/1323/848 653/1202/653
f 801/1251/801 862/1324/862 758/1159/758
f 801/1251/801 863/1325/863 862/1324/862
f 776/1185/776 864/1326/864 816/1253/816
f 753/1140/753 865/1327/865 763/1168/763
f 763/1168/763 849/1301/849 760/1162/760
f 781/1193/781 866/1328/866 683/1019/683
f 783/1204/783 803/1329/803 817/1266/817
f 803/1329/803 810/1290/810 867/1330/867
f 806/1331/806 851/1332/851 829/1333/829
f 841/1289/841 867/1330/867 810/1290/810
f 829/1333/829 868/1334/868 843/1335/843
f 833/1275/833 857/1316/857 869/1336/869
f 852/1306/852 870/1337/870 841/1289/841
f 777/1188/777 858/1317/858 853/1307/853
f 811/1245/811 858/1317/858 777/1188/777
f 844/1294/844 871/1338/871 789/1206/789
f 789/1206/789 871/1338/871 812/1246/812
f 812/1246/812 871/1338/871 819/1256/819
f 859/1339/859 872/1340/872 873/1341/873
f 859/1342/859 845/1343/845 872/1344/872
f 859/1345/859 860/1320/860 830/1319/830
f 858/1317/858 787/1295/787 860/1346/860
f 657/978/657 838/1283/838 814/1249/814
f 778/1190/778 874/1347/874 734/1112/734
f 805/1250/805 664/986/664 875/1348/875
f 725/1142/725 760/1162/760 850/1302/850
f 816/1253/816 863/1349/863 801/1224/801
f 829/1333/829 851/1332/851 868/1334/868
f 840/1350/840 876/1351/876 834/1278/834
f 828/1277/828 839/1285/839 877/1352/877
f 833/1275/833 869/1336/869 839/1285/839
f 818/1255/818 878/1353/878 840/1287/840
f 843/1335/843 868/1334/868 857/1354/857
f 852/1315/852 834/1278/834 870/1355/870
f 834/1278/834 876/1351/876 870/1355/870
f 857/1354/857 868/1334/868 879/1356/879
f 880/1357/880 881/1358/881 842/1292/842
f 859/1339/859 873/1341/873 882/1359/882
f 820/1311/820 819/1256/819 871/1338/871
f 808/1238/808 861/1322/861 773/1182/773
f 825/1360/825 831/1361/831 883/1362/883
f 741/1126/741 825/1263/825 884/1363/884
f 664/986/664 793/1213/793 875/1348/875
f 741/1126/741 884/1363/884 775/1203/775
f 725/1142/725 850/1302/850 826/1364/826
f 776/1185/776 885/1365/885 864/1326/864
f 866/1328/866 742/1127/742 683/1019/683
f 802/1225/802 817/1254/817 886/1366/886
f 877/1352/877 844/1367/844 828/1277/828
f 857/1316/857 879/1368/879 869/1336/869
f 868/1334/868 887/1369/887 879/1356/879
f 888/1370/888 870/1337/870 889/1371/889
f 889/1372/889 890/1373/890 882/1374/882
f 889/1371/889 891/1375/891 888/1370/888
f 891/1375/891 889/1371/889 882/1359/882
f 880/1357/880 892/1376/892 881/1358/881
f 893/1377/893 880/1378/880 820/1308/820
f 882/1359/882 873/1341/873 891/1375/891
f 882/1374/882 860/1320/860 859/1345/859
f 842/1309/842 820/1308/820 880/1378/880
f 881/1358/881 894/1379/894 842/1292/842
f 842/1292/842 894/1379/894 837/1282/837
f 837/1282/837 894/1379/894 846/1297/846
f 774/1380/774 895/1381/895 809/1239/809
f 778/1190/778 799/1222/799 874/1347/874
f 724/1091/724 856/1314/856 848/1323/848
f 776/1185/776 759/1160/759 885/1365/885
f 865/1327/865 849/1301/849 763/1168/763
f 802/1225/802 896/1382/896 781/1193/781
f 867/1330/867 817/1266/817 803/1329/803
f 869/1336/869 877/1352/877 839/1285/839
f 840/1287/840 878/1353/878 876/1383/876
f 818/1255/818 853/1307/853 878/1353/878
f 888/1370/888 841/1289/841 870/1337/870
f 876/1351/876 890/1373/890 870/1355/870
f 869/1336/869 879/1368/879 893/1377/893
f 879/1368/879 892/1384/892 893/1377/893
f 870/1355/870 890/1373/890 889/1372/889
f 887/1369/887 892/1376/892 879/1356/879
f 892/1384/892 880/1378/880 893/1377/893
f 890/1373/890 860/1320/860 882/1374/882
f 893/1377/893 820/1308/820 871/1385/871
f 791/1209/791 790/1208/790 897/1386/897
f 847/1298/847 758/1159/758 862/1324/862
f 898/1387/898 794/1214/794 775/1184/775
f 899/1388/899 885/1365/885 759/1160/759
f 794/1214/794 865/1327/865 753/1140/753
f 900/1389/900 849/1301/849 865/1327/865
f 896/1382/896 866/1328/866 781/1193/781
f 802/1225/802 886/1366/886 896/1382/896
f 827/1265/827 901/1390/901 782/1194/782
f 782/1391/782 901/1392/901 851/1393/851
f 868/1394/868 902/1395/902 887/1396/887
f 869/1336/869 893/1377/893 877/1352/877
f 876/1383/876 878/1353/878 890/1397/890
f 878/1353/878 853/1307/853 890/1397/890
f 877/1352/877 871/1385/871 844/1367/844
f 877/1352/877 893/1377/893 871/1385/871
f 888/1398/888 891/1399/891 903/1400/903
f 890/1397/890 853/1307/853 858/1317/858
f 890/1397/890 858/1317/858 860/1346/860
f 887/1369/887 881/1358/881 892/1376/892
f 845/1343/845 791/1209/791 897/1386/897
f 790/1208/790 821/1258/821 904/1401/904
f 838/1283/838 905/1402/905 814/1249/814
f 906/1403/906 798/1221/798 804/1229/804
f 884/1363/884 898/1404/898 775/1203/775
f 867/1330/867 841/1289/841 903/1405/903
f 867/1330/867 903/1405/903 907/1406/907
f 888/1398/888 903/1400/903 841/1407/841
f 846/1408/846 908/1409/908 838/1410/838
f 897/1386/897 790/1208/790 909/1411/909
f 790/1208/790 904/1401/904 909/1411/909
f 908/1412/908 905/1402/905 838/1283/838
f 804/1229/804 910/1413/910 906/1403/906
f 823/1260/823 911/1414/911 808/1238/808
f 912/1415/912 823/1261/823 688/1029/688
f 739/1124/739 913/1416/913 681/1016/681
f 779/1191/779 914/1417/914 831/1361/831
f 663/985/663 915/1418/915 740/1125/740
f 779/1191/779 707/1063/707 916/1419/916
f 805/1250/805 875/1348/875 832/1420/832
f 815/1252/815 899/1388/899 759/1160/759
f 901/1392/901 917/1421/917 851/1393/851
f 851/1393/851 917/1421/917 868/1394/868
f 868/1394/868 917/1421/917 902/1395/902
f 891/1399/891 873/1422/873 918/1423/918
f 873/1422/873 872/1344/872 919/1424/919
f 845/1343/845 897/1386/897 872/1344/872
f 894/1425/894 920/1426/920 846/1408/846
f 921/1427/921 908/1409/908 846/1408/846
f 822/1259/822 922/1428/922 821/1258/821
f 822/1259/822 923/1429/923 922/1428/922
f 814/1430/814 910/1431/910 804/1432/804
f 822/1259/822 861/1322/861 923/1429/923
f 798/1221/798 906/1403/906 924/1433/924
f 798/1221/798 924/1433/924 774/1183/774
f 734/1112/734 874/1347/874 854/1312/854
f 831/1361/831 914/1417/914 883/1362/883
f 793/1213/793 826/1264/826 875/1348/875
f 903/1400/903 891/1399/891 918/1423/918
f 881/1434/881 925/1435/925 894/1425/894
f 846/1408/846 920/1426/920 921/1427/921
f 921/1427/921 926/1436/926 908/1409/908
f 904/1401/904 927/1437/927 909/1411/909
f 821/1258/821 922/1428/922 904/1401/904
f 809/1239/809 928/1438/928 739/1124/739
f 800/1242/800 929/1439/929 792/1240/792
f 800/1223/800 847/1298/847 929/1440/929
f 707/1063/707 930/1441/930 916/1419/916
f 832/1274/832 931/1442/931 707/1063/707
f 742/1127/742 866/1328/866 932/1443/932
f 887/1396/887 933/1444/933 925/1435/925
f 887/1396/887 925/1435/925 881/1434/881
f 873/1422/873 919/1424/919 934/1445/934
f 872/1344/872 897/1386/897 919/1424/919
f 905/1446/905 910/1431/910 814/1430/814
f 924/1433/924 895/1447/895 774/1183/774
f 681/1016/681 913/1416/913 799/1222/799
f 740/1125/740 915/1418/915 855/1448/855
f 779/1191/779 916/1419/916 914/1417/914
f 707/1063/707 935/1449/935 930/1441/930
f 707/1063/707 931/1442/931 935/1449/935
f 862/1324/862 936/1450/936 847/1298/847
f 863/1349/863 937/1451/937 862/1452/862
f 816/1253/816 864/1326/864 937/1451/937
f 863/1349/863 816/1253/816 937/1451/937
f 867/1453/867 907/432/907 938/1454/938
f 903/1455/903 918/1456/918 907/1457/907
f 894/1425/894 925/1435/925 920/1426/920
f 909/1411/909 939/1458/939 940/1459/940
f 908/1409/908 941/1460/941 905/1446/905
f 904/1401/904 942/1461/942 927/1437/927
f 904/1401/904 922/1428/922 942/1461/942
f 824/1262/824 792/1240/792 929/1439/929
f 883/1462/883 884/1363/884 825/1263/825
f 943/1463/943 848/1299/848 856/1464/856
f 944/1465/944 862/1324/862 937/1466/937
f 945/1467/945 850/1302/850 849/1301/849
f 886/1366/886 817/1254/817 867/1468/867
f 933/1444/933 887/1396/887 902/1395/902
f 918/1423/918 873/1422/873 934/1445/934
f 897/1386/897 909/1411/909 940/1459/940
f 939/1458/939 909/1411/909 927/1437/927
f 861/1322/861 808/1238/808 946/1469/946
f 663/985/663 947/1470/947 915/1418/915
f 824/1262/824 948/1471/948 663/985/663
f 826/1364/826 850/1302/850 949/1472/949
f 794/1214/794 950/1473/950 865/1327/865
f 849/1301/849 900/1389/900 945/1467/945
f 886/1366/886 951/1474/951 896/1382/896
f 920/1426/920 952/1475/952 921/1427/921
f 953/1476/953 919/1477/919 897/1478/897
f 808/1238/808 911/1414/911 946/1469/946
f 823/1260/823 954/1479/954 911/1414/911
f 809/1239/809 955/1480/955 928/1438/928
f 895/1381/895 955/1480/955 809/1239/809
f 739/1124/739 928/1438/928 956/1481/956
f 663/985/663 948/1471/948 947/1470/947
f 862/1324/862 944/1465/944 936/1450/936
f 815/1252/815 957/1482/957 899/1388/899
f 958/1483/958 959/1484/959 864/1326/864
f 926/1436/926 960/1485/960 908/1409/908
f 823/1261/823 912/1415/912 954/1486/954
f 739/1124/739 956/1481/956 913/1416/913
f 854/1312/854 912/1415/912 688/1029/688
f 854/1312/854 874/1347/874 961/1487/961
f 847/1298/847 962/1488/962 929/1440/929
f 832/1420/832 875/1348/875 963/1489/963
f 856/1464/856 964/1490/964 943/1463/943
f 875/1348/875 826/1264/826 963/1489/963
f 848/1299/848 943/1463/943 815/1300/815
f 794/1214/794 898/1387/898 950/1473/950
f 959/1484/959 937/1451/937 864/1326/864
f 950/1473/950 965/1491/965 865/1327/865
f 742/1127/742 932/1443/932 827/1265/827
f 917/1421/917 966/1492/966 902/1395/902
f 919/1477/919 953/1476/953 934/1493/934
f 952/1475/952 967/1494/967 921/1427/921
f 953/1495/953 897/1386/897 940/1459/940
f 908/1409/908 960/1485/960 941/1460/941
f 923/1429/923 861/1322/861 946/1469/946
f 935/1449/935 931/1442/931 968/1496/968
f 969/1497/969 856/1464/856 855/1498/855
f 847/1298/847 936/1450/936 962/1488/962
f 943/1463/943 957/1499/957 815/1300/815
f 867/1468/867 938/1500/938 886/1366/886
f 902/1395/902 966/1492/966 933/1444/933
f 970/1501/970 918/1423/918 934/1445/934
f 925/1435/925 952/1475/952 920/1426/920
f 921/1427/921 967/1494/967 926/1436/926
f 942/1461/942 922/1428/922 971/1502/971
f 922/1428/922 923/1429/923 971/1502/971
f 915/1418/915 969/1503/969 855/1448/855
f 856/1464/856 969/1497/969 964/1490/964
f 931/1504/931 832/1505/832 963/1506/963
f 944/1507/944 937/1451/937 972/1508/972
f 957/1499/957 973/1509/973 899/1510/899
f 972/1508/972 937/1451/937 959/1484/959
f 974/1511/974 966/1492/966 917/1421/917
f 933/1444/933 975/1512/975 925/1435/925
f 934/1445/934 953/1495/953 976/1513/976
f 927/1437/927 977/1514/977 939/1458/939
f 978/1515/978 942/1461/942 971/1502/971
f 923/1429/923 946/1469/946 971/1502/971
f 928/1438/928 979/1516/979 956/1481/956
f 915/1517/915 980/1518/980 969/1519/969
f 929/1520/929 962/1521/962 824/1522/824
f 883/1523/883 981/1524/981 884/1525/884
f 936/1526/936 982/1527/982 962/1521/962
f 898/1528/898 981/1524/981 950/1529/950
f 850/443/850 945/1530/945 983/1531/983
f 965/1491/965 984/1532/984 900/1389/900
f 965/1491/965 900/1389/900 865/1327/865
f 900/1389/900 985/1533/985 945/1467/945
f 896/1534/896 986/1535/986 866/1536/866
f 907/1457/907 918/1456/918 987/1537/987
f 967/1494/967 960/1485/960 926/1436/926
f 927/1437/927 978/1515/978 977/1514/977
f 927/1437/927 942/1461/942 978/1515/978
f 914/1538/914 916/1539/916 988/1540/988
f 931/1504/931 963/1506/963 968/1541/968
f 883/1523/883 914/1542/914 981/1524/981
f 826/1264/826 949/1543/949 963/1489/963
f 884/1525/884 981/1524/981 898/1528/898
f 850/1302/850 983/1544/983 949/1472/949
f 899/1388/899 989/1545/989 885/1365/885
f 990/1546/990 985/1533/985 900/1389/900
f 864/1326/864 991/1547/991 958/1483/958
f 827/1265/827 932/1443/932 992/1548/992
f 901/1390/901 827/1265/827 993/1549/993
f 917/1421/917 901/1392/901 974/1511/974
f 938/1500/938 907/1457/907 994/1550/994
f 934/1445/934 995/1551/995 970/1501/970
f 905/1446/905 996/1552/996 910/1431/910
f 912/1415/912 997/1553/997 954/1486/954
f 854/1312/854 997/1553/997 912/1415/912
f 913/1416/913 998/1554/998 799/1222/799
f 980/1518/980 999/1555/999 969/1519/969
f 962/1521/962 1000/1556/1000 824/1522/824
f 943/1463/943 964/1490/964 957/1499/957
f 936/1450/936 944/1465/944 982/1557/982
f 959/1558/959 1001/1559/1001 972/1560/972
f 989/1545/989 991/1547/991 885/1365/885
f 991/1547/991 864/1326/864 885/1365/885
f 933/1444/933 966/1492/966 975/1512/975
f 918/1423/918 970/1501/970 987/1561/987
f 970/1501/970 995/1551/995 987/1561/987
f 995/1551/995 934/1445/934 976/1513/976
f 925/1435/925 1002/1562/1002 952/1475/952
f 940/1459/940 939/1458/939 1003/1563/1003
f 939/1458/939 977/1514/977 1003/1563/1003
f 905/1446/905 941/1460/941 996/1552/996
f 906/1564/906 1004/1565/1004 924/1566/924
f 956/1481/956 998/1554/998 913/1416/913
f 915/1567/915 1005/1568/1005 980/1569/980
f 988/1570/988 916/1571/916 1006/1572/1006
f 969/1519/969 999/1555/999 964/1573/964
f 957/1499/957 964/1490/964 1007/1574/1007
f 963/1506/963 949/1575/949 1008/1576/1008
f 957/1499/957 1007/1574/1007 973/1509/973
f 983/1577/983 1008/1576/1008 949/1575/949
f 944/1578/944 972/1560/972 982/1527/982
f 981/1524/981 1009/1579/1009 950/1529/950
f 950/1529/950 1009/1579/1009 965/1580/965
f 973/1509/973 1010/1581/1010 899/1510/899
f 899/1388/899 1010/1582/1010 989/1545/989
f 986/1583/986 896/1382/896 1011/1584/1011
f 896/1382/896 951/1474/951 1011/1584/1011
f 827/1265/827 1012/1585/1012 993/1549/993
f 886/1366/886 938/1500/938 1013/1586/1013
f 907/1457/907 987/1537/987 994/1550/994
f 925/1435/925 975/1512/975 1002/1562/1002
f 953/1495/953 940/1459/940 1014/1587/1014
f 910/1431/910 996/1552/996 906/1564/906
f 895/1381/895 924/1588/924 955/1480/955
f 961/1487/961 997/1553/997 854/1312/854
f 947/1470/947 1005/1589/1005 915/1418/915
f 935/1449/935 1015/1590/1015 930/1441/930
f 948/1591/948 824/1522/824 1000/1556/1000
f 980/1592/980 1005/1593/1005 999/1594/999
f 914/1542/914 988/1570/988 981/1524/981
f 935/1595/935 968/1541/968 1008/1576/1008
f 1001/1559/1001 982/1527/982 972/1560/972
f 938/1500/938 994/1550/994 1013/1586/1013
f 1002/1562/1002 1016/1596/1016 952/1475/952
f 924/1588/924 1017/1597/1017 955/1480/955
f 874/1347/874 1018/1598/1018 961/1487/961
f 935/1599/935 1008/1600/1008 1015/1601/1015
f 1005/1593/1005 1019/1602/1019 999/1594/999
f 968/1541/968 963/1506/963 1008/1576/1008
f 999/1555/999 1007/1603/1007 964/1573/964
f 962/1521/962 982/1527/982 1000/1556/1000
f 988/1604/988 1009/1076/1009 981/1605/981
f 1000/1556/1000 982/1527/982 1001/1559/1001
f 973/1509/973 1007/1574/1007 1010/1581/1010
f 1009/1579/1009 1020/1606/1020 965/1580/965
f 1011/1584/1011 1021/1607/1021 986/1583/986
f 932/1608/932 866/1536/866 986/1535/986
f 886/1366/886 1022/1609/1022 951/1474/951
f 886/1366/886 1013/1586/1013 1022/1609/1022
f 974/1511/974 1023/1610/1023 966/1492/966
f 987/1611/987 995/1612/995 1024/1613/1024
f 975/1512/975 1025/1614/1025 1002/1562/1002
f 940/1459/940 1003/1563/1003 1014/1587/1014
f 960/1485/960 1026/1615/1026 941/1460/941
f 977/1514/977 978/1515/978 1027/1616/1027
f 906/1564/906 996/1552/996 1004/1565/1004
f 946/1469/946 911/1414/911 1028/1617/1028
f 998/1554/998 1018/1598/1018 799/1222/799
f 799/1222/799 1018/1598/1018 874/1347/874
f 930/1441/930 1029/1618/1029 916/1419/916
f 916/1571/916 1029/1619/1029 1006/1572/1006
f 1008/1620/1008 983/1531/983 1030/1621/1030
f 1001/1622/1001 1031/1623/1031 1000/1624/1000
f 1001/1622/1001 959/1625/959 1031/1623/1031
f 959/1625/959 958/1626/958 1031/1623/1031
f 1020/1606/1020 984/1627/984 965/1580/965
f 900/1389/900 984/1532/984 990/1546/990
f 827/1265/827 992/1548/992 1012/1585/1012
f 986/1583/986 1032/1628/1032 932/1443/932
f 901/1390/901 993/1549/993 974/1629/974
f 1033/1630/1033 994/1631/994 987/1611/987
f 995/1551/995 976/1513/976 1034/1632/1034
f 952/1475/952 1035/1633/1035 967/1494/967
f 941/1460/941 1026/1615/1026 996/1552/996
f 955/1480/955 979/1516/979 928/1438/928
f 998/1554/998 956/1481/956 1036/1634/1036
f 961/1487/961 1037/1635/1037 997/1553/997
f 1000/1624/1000 1038/1636/1038 948/1637/948
f 999/1594/999 1019/1602/1019 1007/1574/1007
f 988/1570/988 1006/1572/1006 1009/1579/1009
f 958/1483/958 991/1547/991 1031/1638/1031
f 945/1467/945 985/1533/985 1039/1639/1039
f 932/1443/932 1032/1628/1032 992/1548/992
f 1021/1607/1021 1032/1628/1032 986/1583/986
f 987/1611/987 1024/1613/1024 1033/1630/1033
f 966/1492/966 1023/1610/1023 975/1512/975
f 976/1513/976 953/1495/953 1040/1640/1040
f 953/1495/953 1014/1587/1014 1040/1640/1040
f 967/1494/967 1041/1641/1041 960/1485/960
f 1041/1641/1041 1026/1615/1026 960/1485/960
f 924/1566/924 1004/1565/1004 1017/1642/1017
f 1042/1643/1042 1036/1634/1036 956/1481/956
f 1029/1644/1029 930/1645/930 1043/1646/1043
f 1044/1647/1044 1043/1648/1043 930/1649/930
f 1006/1572/1006 1020/1606/1020 1009/1579/1009
f 1000/1624/1000 1031/1623/1031 1038/1636/1038
f 983/1531/983 945/1530/945 1039/1650/1039
f 1045/1651/1045 989/1545/989 1010/1582/1010
f 990/1652/990 1046/1653/1046 985/1654/985
f 994/1631/994 1033/1630/1033 1013/1655/1013
f 1023/1610/1023 1025/1614/1025 975/1512/975
f 995/1551/995 1034/1632/1034 1024/1656/1024
f 1014/1587/1014 1003/1563/1003 1047/1657/1047
f 1018/1598/1018 1037/1635/1037 961/1487/961
f 1005/1658/1005 947/1659/947 1048/1660/1048
f 947/1659/947 1049/1661/1049 1048/1660/1048
f 947/1659/947 948/1662/948 1049/1661/1049
f 1019/1602/1019 1005/1593/1005 1048/1663/1048
f 1029/1619/1029 1050/1664/1050 1006/1572/1006
f 1008/1665/1008 1030/1666/1030 1015/1667/1015
f 983/1531/983 1039/1650/1039 1030/1621/1030
f 985/1668/985 1046/1669/1046 1039/1670/1039
f 976/1513/976 1040/1640/1040 1034/1632/1034
f 952/1475/952 1016/1596/1016 1051/1671/1051
f 1026/1615/1026 1052/1672/1052 996/1552/996
f 978/1515/978 971/1502/971 1053/1673/1053
f 979/1516/979 955/1480/955 1054/1674/1054
f 979/1516/979 1055/1675/1055 956/1481/956
f 998/1554/998 1036/1634/1036 1018/1598/1018
f 1044/1676/1044 930/1677/930 1015/1667/1015
f 1029/1644/1029 1043/1646/1043 1050/1678/1050
f 1015/1667/1015 1030/1666/1030 1056/1679/1056
f 1010/1581/1010 1007/1574/1007 1045/1680/1045
f 1057/1681/1057 991/1682/991 989/1683/989
f 951/1474/951 1058/1684/1058 1011/1584/1011
f 1022/1609/1022 1058/1684/1058 951/1474/951
f 974/1685/974 993/1686/993 1059/1687/1059
f 1022/1688/1022 1013/1655/1013 1060/1689/1060
f 971/1502/971 946/1469/946 1053/1673/1053
f 1028/1617/1028 1061/1690/1061 946/1469/946
f 911/1414/911 1062/1691/1062 1028/1617/1028
f 955/1480/955 1017/1597/1017 1054/1674/1054
f 997/1553/997 1037/1635/1037 1063/1692/1063
f 956/1481/956 1055/1675/1055 1042/1643/1042
f 1018/1598/1018 1064/1693/1064 1037/1635/1037
f 1049/1661/1049 948/1662/948 1038/1694/1038
f 1038/1694/1038 1031/1695/1031 1065/1696/1065
f 1056/1697/1056 1039/1670/1039 1046/1669/1046
f 1019/1602/1019 1045/1680/1045 1007/1574/1007
f 989/1698/989 1045/1699/1045 1057/1700/1057
f 1065/1701/1065 991/1682/991 1057/1681/1057
f 984/1627/984 1020/1606/1020 1066/1702/1066
f 990/1652/990 1066/1703/1066 1046/1653/1046
f 1031/1695/1031 991/1704/991 1065/1696/1065
f 984/1627/984 1066/1702/1066 990/1705/990
f 1013/1655/1013 1033/1630/1033 1060/1689/1060
f 974/1511/974 1059/1706/1059 1023/1610/1023
f 1051/1671/1051 1035/1633/1035 952/1475/952
f 1053/1673/1053 1027/1616/1027 978/1515/978
f 946/1469/946 1061/1690/1061 1053/1673/1053
f 954/1486/954 1062/1707/1062 911/1708/911
f 1036/1634/1036 1064/1693/1064 1018/1598/1018
f 1015/1667/1015 1056/1679/1056 1044/1676/1044
f 1044/1709/1044 1056/1697/1056 1043/1710/1043
f 1049/1661/1049 1038/1694/1038 1065/1696/1065
f 1050/1678/1050 1043/1646/1043 1066/1703/1066
f 1048/1660/1048 1049/1661/1049 1057/1700/1057
f 1050/1664/1050 1020/1606/1020 1006/1572/1006
f 1050/1664/1050 1066/1702/1066 1020/1606/1020
f 1043/1646/1043 1046/1653/1046 1066/1703/1066
f 1043/1710/1043 1056/1697/1056 1046/1669/1046
f 1056/1679/1056 1030/1666/1030 1039/1711/1039
f 1057/1700/1057 1045/1699/1045 1048/1660/1048
f 1057/1681/1057 1049/1712/1049 1065/1701/1065
f 1059/1687/1059 993/1686/993 1067/1713/1067
f 993/1686/993 1012/1714/1012 1067/1713/1067
f 1032/1628/1032 1068/1715/1068 992/1548/992
f 1025/1614/1025 1069/1716/1069 1002/1562/1002
f 1040/1640/1040 1014/1587/1014 1070/1717/1070
f 1014/1587/1014 1047/1657/1047 1070/1717/1070
f 967/1494/967 1035/1633/1035 1041/1641/1041
f 1003/1563/1003 977/1514/977 1071/1718/1071
f 1027/1616/1027 1071/1718/1071 977/1514/977
f 1026/1615/1026 1072/1719/1072 1052/1672/1052
f 996/1552/996 1052/1672/1052 1004/1565/1004
f 1073/1720/1073 1074/1721/1074 1075/1722/1075
f 1075/1722/1075 1074/1721/1074 1076/1723/1076
f 1048/1663/1048 1045/1680/1045 1019/1602/1019
f 1077/1724/1077 1012/1585/1012 992/1548/992
f 1034/1632/1034 1040/1640/1040 1078/1725/1078
f 1079/1726/1079 1036/1727/1036 1042/1728/1042
f 1079/1726/1079 1080/1729/1080 1036/1727/1036
f 1080/1729/1080 1064/1730/1064 1036/1727/1036
f 1081/1731/1081 1075/1722/1075 1082/1732/1082
f 1075/1722/1075 1076/1723/1076 1082/1732/1082
f 1076/1723/1076 1074/1721/1074 1083/1733/1083
f 1076/1723/1076 1083/1733/1083 1084/1734/1084
f 1085/1735/1085 1083/1733/1083 1074/1721/1074
f 1086/1736/1086 1059/1687/1059 1067/1713/1067
f 1060/1689/1060 1087/1737/1087 1022/1688/1022
f 1087/1738/1087 1058/1739/1058 1022/1740/1022
f 1059/1706/1059 1088/1741/1088 1023/1610/1023
f 1023/1610/1023 1089/1742/1089 1025/1614/1025
f 1063/1692/1063 954/1486/954 997/1553/997
f 1037/1635/1037 1064/1693/1064 1090/1743/1090
f 1080/1729/1080 1081/1731/1081 1064/1730/1064
f 1075/1722/1075 1081/1731/1081 1080/1729/1080
f 1073/1720/1073 1091/1744/1091 1074/1721/1074
f 1091/1744/1091 1085/1735/1085 1074/1721/1074
f 1067/1713/1067 1012/1714/1012 1092/1745/1092
f 1034/1632/1034 1093/1746/1093 1024/1656/1024
f 1027/1616/1027 1094/1747/1094 1071/1718/1071
f 1026/1748/1026 1041/1749/1041 1072/1750/1072
f 1064/1730/1064 1081/1731/1081 1090/1751/1090
f 1080/1729/1080 1095/1752/1095 1075/1722/1075
f 1075/1722/1075 1095/1752/1095 1073/1720/1073
f 1095/1752/1095 1096/1753/1096 1073/1720/1073
f 1082/1732/1082 1076/1723/1076 1097/1754/1097
f 1076/1723/1076 1084/1734/1084 1097/1754/1097
f 1091/1744/1091 1098/1755/1098 1085/1735/1085
f 1085/1735/1085 1099/1756/1099 1083/1733/1083
f 1087/1737/1087 1060/1689/1060 1100/1757/1100
f 1059/1706/1059 1086/1758/1086 1101/1759/1101
f 1058/1684/1058 1102/1760/1102 1011/1584/1011
f 1011/1584/1011 1102/1760/1102 1021/1607/1021
f 1032/1628/1032 1021/1607/1021 1068/1715/1068
f 1035/1633/1035 1103/1761/1103 1041/1641/1041
f 1028/1617/1028 1062/1691/1062 1104/1762/1104
f 1037/1635/1037 1090/1743/1090 1105/1763/1105
f 1080/1729/1080 1079/1726/1079 1095/1752/1095
f 1081/1731/1081 1082/1732/1082 1106/1764/1106
f 1083/1733/1083 1107/1765/1107 1084/1734/1084
f 1098/1755/1098 1099/1756/1099 1085/1735/1085
f 1083/1733/1083 1099/1756/1099 1107/1765/1107
f 1067/1713/1067 1092/1745/1092 1108/1766/1108
f 1060/1689/1060 1033/1630/1033 1109/1767/1109
f 1012/1714/1012 1077/1768/1077 1092/1745/1092
f 1058/1739/1058 1087/1738/1087 1102/1769/1102
f 1033/1770/1033 1024/1771/1024 1110/1772/1110
f 992/1548/992 1111/1773/1111 1077/1724/1077
f 1088/1741/1088 1089/1742/1089 1023/1610/1023
f 1021/1607/1021 1112/1774/1112 1068/1715/1068
f 1002/1562/1002 1069/1716/1069 1016/1596/1016
f 1078/1725/1078 1040/1640/1040 1113/1775/1113
f 1047/1657/1047 1003/1563/1003 1071/1718/1071
f 1004/1565/1004 1114/1776/1114 1017/1642/1017
f 954/1486/954 1063/1692/1063 1062/1707/1062
f 1090/1751/1090 1081/1731/1081 1106/1764/1106
f 1115/1777/1115 1096/1753/1096 1095/1752/1095
f 1106/1764/1106 1082/1732/1082 1097/1754/1097
f 1116/1778/1116 1098/1755/1098 1091/1744/1091
f 1099/1756/1099 1117/1779/1117 1107/1765/1107
f 1067/1713/1067 1108/1766/1108 1086/1736/1086
f 1077/1724/1077 1111/1773/1111 1118/1780/1118
f 992/1548/992 1119/1781/1119 1111/1773/1111
f 1021/1607/1021 1102/1760/1102 1112/1774/1112
f 992/1548/992 1068/1715/1068 1120/1782/1120
f 1070/1717/1070 1047/1657/1047 1121/1783/1121
f 1115/1777/1115 1095/1752/1095 1079/1726/1079
f 1073/1720/1073 1096/1753/1096 1122/1784/1122
f 1073/1720/1073 1122/1784/1122 1091/1744/1091
f 1091/1744/1091 1122/1784/1122 1116/1778/1116
f 1084/1734/1084 1107/1765/1107 1123/1785/1123
f 1098/1755/1098 1124/1786/1124 1099/1756/1099
f 1125/1787/1125 1101/1788/1101 1086/1736/1086
f 1087/1737/1087 1100/1757/1100 1126/1789/1126
f 1092/1745/1092 1077/1768/1077 1127/1790/1127
f 1101/1759/1101 1088/1741/1088 1059/1706/1059
f 1112/1774/1112 1102/1760/1102 1128/1791/1128
f 1120/1782/1120 1119/1781/1119 992/1548/992
f 1069/1716/1069 1025/1614/1025 1089/1742/1089
f 1129/1792/1129 1016/1596/1016 1069/1716/1069
f 1113/1775/1113 1040/1640/1040 1070/1717/1070
f 1121/1783/1121 1047/1657/1047 1071/1718/1071
f 1028/1617/1028 1104/1762/1104 1061/1690/1061
f 979/1516/979 1054/1674/1054 1055/1675/1055
f 1097/1754/1097 1084/1734/1084 1123/1785/1123
f 1124/1786/1124 1117/1779/1117 1099/1756/1099
f 1118/1793/1118 1111/1794/1111 1119/1795/1119
f 1129/1792/1129 1051/1671/1051 1016/1596/1016
f 1053/1673/1053 1130/1796/1130 1027/1616/1027
f 1052/1672/1052 1114/1776/1114 1004/1565/1004
f 1037/1797/1037 1105/1798/1105 1063/1799/1063
f 1131/1800/1131 1122/1784/1122 1096/1753/1096
f 1097/1754/1097 1123/1785/1123 1132/1801/1132
f 1107/1765/1107 1133/1802/1133 1123/1785/1123
f 1060/1689/1060 1109/1767/1109 1100/1757/1100
f 1077/1803/1077 1118/1793/1118 1127/1804/1127
f 1024/1771/1024 1093/1805/1093 1110/1772/1110
f 1089/1742/1089 1088/1741/1088 1134/1806/1134
f 1034/1632/1034 1078/1725/1078 1093/1746/1093
f 1071/1718/1071 1094/1747/1094 1135/1807/1135
f 1027/1616/1027 1130/1796/1130 1094/1747/1094
f 1053/1673/1053 1061/1690/1061 1130/1796/1130
f 1055/1808/1055 1136/1809/1136 1042/1728/1042
f 1042/1728/1042 1136/1809/1136 1079/1726/1079
f 1079/1726/1079 1136/1809/1136 1115/1777/1115
f 1115/1777/1115 1131/1800/1131 1096/1753/1096
f 1116/1778/1116 1137/1810/1137 1098/1755/1098
f 1087/1737/1087 1138/1811/1138 1102/1812/1102
f 1101/1759/1101 1139/1813/1139 1088/1741/1088
f 1121/1783/1121 1071/1718/1071 1140/1814/1140
f 1063/1692/1063 1141/1815/1141 1062/1707/1062
f 1106/1764/1106 1097/1754/1097 1142/1816/1142
f 1122/1784/1122 1143/1817/1143 1116/1778/1116
f 1098/1755/1098 1137/1810/1137 1124/1786/1124
f 1108/1766/1108 1144/1818/1144 1145/1819/1145
f 1146/1820/1146 1100/1757/1100 1109/1767/1109
f 1138/1811/1138 1087/1737/1087 1126/1789/1126
f 1110/1821/1110 1093/1746/1093 1147/1822/1147
f 1068/1715/1068 1148/1823/1148 1120/1782/1120
f 1093/1746/1093 1078/1725/1078 1149/1824/1149
f 1041/1641/1041 1150/1825/1150 1072/1719/1072
f 1141/1815/1141 1063/1692/1063 1151/1826/1151
f 1090/1751/1090 1106/1764/1106 1105/1827/1105
f 1115/1777/1115 1152/1828/1152 1131/1800/1131
f 1097/1754/1097 1153/1829/1153 1142/1816/1142
f 1097/1754/1097 1132/1801/1132 1153/1829/1153
f 1108/1766/1108 1092/1745/1092 1144/1818/1144
f 1092/1745/1092 1127/1790/1127 1144/1818/1144
f 1125/1830/1125 1154/1831/1154 1101/1759/1101
f 1102/1832/1102 1138/1833/1138 1128/1834/1128
f 1139/1813/1139 1134/1806/1134 1088/1741/1088
f 1120/1835/1120 1155/1836/1155 1119/1795/1119
f 1112/1774/1112 1128/1791/1128 1156/1837/1156
f 1051/1671/1051 1157/1838/1157 1035/1633/1035
f 1103/1761/1103 1150/1825/1150 1041/1641/1041
f 1062/1691/1062 1158/1839/1158 1104/1762/1104
f 1054/1674/1054 1159/1840/1159 1055/1675/1055
f 1055/1841/1055 1160/1842/1160 1161/1843/1161
f 1161/1843/1161 1136/1844/1136 1055/1841/1055
f 1106/1764/1106 1142/1816/1142 1162/1845/1162
f 1136/1809/1136 1152/1828/1152 1115/1777/1115
f 1131/1800/1131 1152/1828/1152 1163/1846/1163
f 1116/1778/1116 1143/1817/1143 1137/1810/1137
f 1107/1765/1107 1164/1847/1164 1133/1802/1133
f 1117/1779/1117 1165/1848/1165 1107/1765/1107
f 1124/1786/1124 1166/1849/1166 1117/1779/1117
f 1167/1850/1167 1126/1789/1126 1100/1757/1100
f 1100/1757/1100 1146/1820/1146 1167/1850/1167
f 1145/1819/1145 1086/1736/1086 1108/1766/1108
f 1033/1851/1033 1110/1821/1110 1109/1852/1109
f 1112/1853/1112 1156/1854/1156 1168/1855/1168
f 1071/1718/1071 1135/1807/1135 1140/1814/1140
f 1072/1856/1072 1114/1857/1114 1052/1858/1052
f 1104/1762/1104 1169/1859/1169 1061/1690/1061
f 1017/1642/1017 1114/1776/1114 1170/1860/1170
f 1017/1597/1017 1170/1861/1170 1054/1674/1054
f 1105/1763/1105 1151/1826/1151 1063/1692/1063
f 1106/1764/1106 1162/1845/1162 1105/1827/1105
f 1142/1816/1142 1153/1829/1153 1171/1862/1171
f 1163/1846/1163 1152/1828/1152 1172/1863/1172
f 1173/1864/1173 1122/1784/1122 1131/1800/1131
f 1123/1785/1123 1133/1802/1133 1174/1865/1174
f 1167/1850/1167 1146/1820/1146 1175/1866/1175
f 1167/1850/1167 1176/1867/1176 1126/1789/1126
f 1127/1804/1127 1118/1793/1118 1177/1868/1177
f 1118/1793/1118 1155/1836/1155 1177/1868/1177
f 1118/1793/1118 1119/1795/1119 1155/1836/1155
f 1120/1835/1120 1178/1869/1178 1155/1836/1155
f 1120/1782/1120 1148/1823/1148 1178/1870/1178
f 1068/1715/1068 1112/1774/1112 1179/1871/1179
f 1135/1807/1135 1094/1747/1094 1180/1872/1180
f 1104/1762/1104 1158/1839/1158 1169/1859/1169
f 1136/1809/1136 1161/1873/1161 1152/1828/1152
f 1173/1864/1173 1143/1817/1143 1122/1784/1122
f 1107/1765/1107 1165/1848/1165 1164/1847/1164
f 1181/1874/1181 1125/1787/1125 1145/1819/1145
f 1125/1787/1125 1086/1736/1086 1145/1819/1145
f 1176/1867/1176 1138/1811/1138 1126/1789/1126
f 1127/1790/1127 1177/1875/1177 1182/1876/1182
f 1101/1759/1101 1154/1831/1154 1139/1813/1139
f 1093/1746/1093 1149/1824/1149 1147/1822/1147
f 1112/1774/1112 1168/1877/1168 1179/1871/1179
f 1070/1717/1070 1183/1878/1183 1113/1775/1113
f 1051/1671/1051 1129/1792/1129 1157/1838/1157
f 1062/1707/1062 1141/1815/1141 1158/1879/1158
f 1055/1675/1055 1159/1840/1159 1160/1880/1160
f 1105/1827/1105 1162/1845/1162 1151/1881/1151
f 1161/1843/1161 1184/1882/1184 1152/1883/1152
f 1153/1829/1153 1132/1801/1132 1185/1884/1185
f 1174/1865/1174 1132/1801/1132 1123/1785/1123
f 1166/1885/1166 1165/1886/1165 1117/1887/1117
f 1145/1819/1145 1144/1818/1144 1186/1888/1186
f 1187/1889/1187 1167/1850/1167 1175/1866/1175
f 1110/1821/1110 1147/1822/1147 1188/1890/1188
f 1089/1742/1089 1189/1891/1189 1069/1716/1069
f 1078/1725/1078 1190/1892/1190 1149/1824/1149
f 1069/1716/1069 1189/1891/1189 1129/1792/1129
f 1070/1717/1070 1121/1783/1121 1183/1878/1183
f 1142/1816/1142 1171/1862/1171 1191/1893/1191
f 1192/1894/1192 1172/1863/1172 1152/1828/1152
f 1171/1862/1171 1153/1829/1153 1193/1895/1193
f 1153/1829/1153 1185/1884/1185 1193/1895/1193
f 1163/1846/1163 1173/1864/1173 1131/1800/1131
f 1174/1865/1174 1194/1896/1194 1132/1801/1132
f 1195/1897/1195 1125/1787/1125 1181/1874/1181
f 1146/1820/1146 1109/1767/1109 1196/1898/1196
f 1155/1836/1155 1178/1869/1178 1197/1899/1197
f 1035/1633/1035 1157/1838/1157 1103/1761/1103
f 1140/1814/1140 1135/1807/1135 1198/1900/1198
f 1061/1690/1061 1169/1859/1169 1130/1796/1130
f 1160/1842/1160 1184/1882/1184 1161/1843/1161
f 1142/1816/1142 1199/1901/1199 1162/1845/1162
f 1184/1902/1184 1192/1894/1192 1152/1828/1152
f 1167/1850/1167 1187/1889/1187 1176/1867/1176
f 1127/1790/1127 1200/1903/1200 1144/1818/1144
f 1178/1869/1178 1148/1904/1148 1197/1899/1197
f 1135/1807/1135 1180/1872/1180 1201/1905/1201
f 1072/1719/1072 1150/1825/1150 1114/1776/1114
f 1162/1845/1162 1199/1901/1199 1202/1906/1202
f 1184/1882/1184 1203/1907/1203 1192/1908/1192
f 1174/1865/1174 1204/1909/1204 1194/1896/1194
f 1137/1910/1137 1205/1911/1205 1124/1912/1124
f 1181/1874/1181 1145/1819/1145 1186/1888/1186
f 1176/1867/1176 1187/1889/1187 1206/1913/1206
f 1127/1790/1127 1182/1876/1182 1200/1903/1200
f 1176/1914/1176 1207/1915/1207 1138/1833/1138
f 1109/1852/1109 1110/1821/1110 1196/1916/1196
f 1179/1871/1179 1148/1823/1148 1068/1715/1068
f 1078/1725/1078 1113/1775/1113 1190/1892/1190
f 1113/1775/1113 1183/1878/1183 1208/1917/1208
f 1121/1783/1121 1209/1918/1209 1183/1878/1183
f 1140/1814/1140 1198/1900/1198 1121/1783/1121
f 1094/1747/1094 1130/1796/1130 1180/1872/1180
f 1054/1674/1054 1170/1861/1170 1159/1840/1159
f 1192/1894/1192 1210/1919/1210 1172/1863/1172
f 1143/1817/1143 1173/1864/1173 1211/1920/1211
f 1212/1921/1212 1174/1865/1174 1133/1802/1133
f 1164/1847/1164 1212/1921/1212 1133/1802/1133
f 1144/1818/1144 1200/1903/1200 1186/1888/1186
f 1175/1866/1175 1146/1820/1146 1213/1922/1213
f 1138/1833/1138 1156/1923/1156 1128/1834/1128
f 1156/1923/1156 1214/1924/1214 1168/1925/1168
f 1148/1926/1148 1215/1927/1215 1197/1928/1197
f 1168/1925/1168 1216/1929/1216 1179/1930/1179
f 1150/1825/1150 1217/1931/1217 1114/1776/1114
f 1158/1839/1158 1218/1932/1218 1169/1859/1169
f 1151/1933/1151 1219/1934/1219 1141/1935/1141
f 1151/1881/1151 1162/1845/1162 1202/1906/1202
f 1142/1816/1142 1191/1893/1191 1199/1901/1199
f 1193/1895/1193 1185/1884/1185 1220/1936/1220
f 1173/1937/1173 1221/1938/1221 1211/1939/1211
f 1211/1920/1211 1222/1940/1222 1143/1817/1143
f 1143/1817/1143 1222/1940/1222 1137/1810/1137
f 1124/1912/1124 1205/1911/1205 1166/1885/1166
f 1187/1889/1187 1175/1866/1175 1223/1941/1223
f 1223/1941/1223 1175/1866/1175 1213/1922/1213
f 1207/1915/1207 1224/1942/1224 1138/1833/1138
f 1224/1942/1224 1156/1923/1156 1138/1833/1138
f 1089/1742/1089 1134/1806/1134 1225/1943/1225
f 1214/1924/1214 1216/1929/1216 1168/1925/1168
f 1226/1944/1226 1150/1825/1150 1103/1761/1103
f 1130/1796/1130 1227/1945/1227 1180/1872/1180
f 1141/1815/1141 1219/1946/1219 1158/1879/1158
f 1132/1801/1132 1194/1896/1194 1185/1884/1185
f 1174/1865/1174 1212/1921/1212 1204/1909/1204
f 1187/1947/1187 1223/1948/1223 1228/1949/1228
f 1146/1820/1146 1196/1898/1196 1213/1922/1213
f 1125/1830/1125 1195/1950/1195 1154/1831/1154
f 1155/1836/1155 1197/1899/1197 1177/1868/1177
f 1197/1899/1197 1229/1951/1229 1177/1868/1177
f 1089/1742/1089 1225/1943/1225 1189/1891/1189
f 1129/1792/1129 1230/1952/1230 1157/1838/1157
f 1114/1776/1114 1231/1953/1231 1170/1860/1170
f 1170/1861/1170 1232/1954/1232 1159/1840/1159
f 1233/1955/1233 1173/1937/1173 1163/1956/1163
f 1185/1957/1185 1194/1958/1194 1234/1959/1234
f 1235/1960/1235 1222/1940/1222 1211/1920/1211
f 1137/1910/1137 1222/1961/1222 1205/1911/1205
f 1165/1886/1165 1236/1962/1236 1164/1963/1164
f 1237/1964/1237 1236/1962/1236 1165/1886/1165
f 1166/1885/1166 1237/1964/1237 1165/1886/1165
f 1238/1965/1238 1181/1874/1181 1186/1888/1186
f 1238/1965/1238 1195/1897/1195 1181/1874/1181
f 1206/1966/1206 1207/1915/1207 1176/1914/1176
f 1213/1922/1213 1196/1898/1196 1239/1967/1239
f 1196/1916/1196 1110/1821/1110 1240/1968/1240
f 1188/1890/1188 1147/1822/1147 1241/1969/1241
f 1241/1969/1241 1147/1822/1147 1149/1824/1149
f 1198/1900/1198 1209/1918/1209 1121/1783/1121
f 1169/1859/1169 1227/1945/1227 1130/1796/1130
f 1191/1893/1191 1171/1862/1171 1242/1970/1242
f 1172/1971/1172 1243/1972/1243 1163/1956/1163
f 1205/1911/1205 1244/1973/1244 1166/1885/1166
f 1200/1974/1200 1245/1975/1245 1186/1976/1186
f 1187/1889/1187 1228/1977/1228 1206/1913/1206
f 1196/1916/1196 1246/1978/1246 1239/1979/1239
f 1134/1806/1134 1247/1980/1247 1225/1943/1225
f 1179/1871/1179 1248/1981/1248 1148/1823/1148
f 1157/1838/1157 1249/1982/1249 1103/1761/1103
f 1135/1807/1135 1201/1905/1201 1198/1900/1198
f 1159/1983/1159 1232/1984/1232 1160/1842/1160
f 1191/1893/1191 1250/1985/1250 1199/1901/1199
f 1191/1893/1191 1242/1970/1242 1250/1985/1250
f 1210/1986/1210 1243/1987/1243 1172/1988/1172
f 1185/1957/1185 1234/1959/1234 1251/1989/1251
f 1252/1990/1252 1221/1938/1221 1173/1937/1173
f 1221/1938/1221 1253/1991/1253 1211/1939/1211
f 1182/1992/1182 1177/1868/1177 1229/1951/1229
f 1110/1821/1110 1188/1890/1188 1240/1968/1240
f 1224/1942/1224 1254/1993/1254 1156/1923/1156
f 1241/1969/1241 1255/1994/1255 1188/1890/1188
f 1148/1926/1148 1256/1995/1256 1215/1927/1215
f 1103/1761/1103 1249/1982/1249 1226/1944/1226
f 1217/1931/1217 1231/1953/1231 1114/1776/1114
f 1231/1953/1231 1257/1996/1257 1170/1860/1170
f 1242/1970/1242 1171/1862/1171 1193/1895/1193
f 1173/1937/1173 1233/1955/1233 1252/1990/1252
f 1212/1921/1212 1258/1997/1258 1204/1909/1204
f 1228/1949/1228 1259/1998/1259 1206/1999/1206
f 1213/2000/1213 1239/2001/1239 1223/1948/1223
f 1195/1950/1195 1260/2002/1260 1154/1831/1154
f 1134/1806/1134 1139/1813/1139 1247/1980/1247
f 1197/1899/1197 1215/2003/1215 1229/1951/1229
f 1156/1923/1156 1254/1993/1254 1214/1924/1214
f 1214/1924/1214 1261/2004/1261 1216/1929/1216
f 1216/2005/1216 1261/2006/1261 1179/2007/1179
f 1189/2008/1189 1262/2009/1262 1129/2010/1129
f 1129/2010/1129 1262/2009/1262 1230/2011/1230
f 1183/1878/1183 1209/1918/1209 1263/2012/1263
f 1226/1944/1226 1264/2013/1264 1150/1825/1150
f 1220/2014/1220 1185/1957/1185 1251/1989/1251
f 1212/1921/1212 1265/2015/1265 1258/1997/1258
f 1212/2016/1212 1164/1963/1164 1266/2017/1266
f 1164/1963/1164 1236/1962/1236 1266/2017/1266
f 1259/2018/1259 1207/1915/1207 1206/1966/1206
f 1260/2002/1260 1195/1950/1195 1238/2019/1238
f 1245/2020/1245 1200/2021/1200 1267/2022/1267
f 1200/2021/1200 1182/1992/1182 1267/2022/1267
f 1208/1917/1208 1183/1878/1183 1263/2012/1263
f 1219/1934/1219 1151/1933/1151 1202/2023/1202
f 1210/2024/1210 1192/1908/1192 1203/1907/1203
f 1268/2025/1268 1234/1959/1234 1194/1958/1194
f 1253/2026/1253 1235/1960/1235 1211/1920/1211
f 1269/2027/1269 1207/1915/1207 1259/2018/1259
f 1246/1978/1246 1196/1916/1196 1240/1968/1240
f 1270/2028/1270 1139/1813/1139 1154/1831/1154
f 1215/1927/1215 1256/1995/1256 1271/2029/1271
f 1248/1981/1248 1179/1871/1179 1261/2030/1261
f 1113/1775/1113 1272/2031/1272 1190/1892/1190
f 1113/1775/1113 1208/1917/1208 1272/2031/1272
f 1250/2032/1250 1273/2033/1273 1199/2034/1199
f 1243/1972/1243 1233/1955/1233 1163/1956/1163
f 1212/2016/1212 1266/2017/1266 1265/2035/1265
f 1235/2036/1235 1205/1911/1205 1222/1961/1222
f 1274/2037/1274 1275/2038/1275 1205/1911/1205
f 1275/2038/1275 1244/1973/1244 1205/1911/1205
f 1166/1885/1166 1244/1973/1244 1237/1964/1237
f 1207/1915/1207 1269/2027/1269 1224/1942/1224
f 1154/1831/1154 1260/2002/1260 1270/2028/1270
f 1148/1823/1148 1248/1981/1248 1256/2039/1256
f 1157/2040/1157 1230/2011/1230 1249/2041/1249
f 1160/1842/1160 1276/2042/1276 1184/1882/1184
f 1184/1882/1184 1277/2043/1277 1203/1907/1203
f 1202/1906/1202 1199/1901/1199 1278/2044/1278
f 1199/1901/1199 1273/2045/1273 1279/2046/1279
f 1229/1951/1229 1215/2003/1215 1280/2047/1280
f 1256/1995/1256 1281/2048/1281 1271/2029/1271
f 1202/2023/1202 1282/2049/1282 1219/1934/1219
f 1202/1906/1202 1278/2044/1278 1282/2050/1282
f 1278/2044/1278 1199/1901/1199 1279/2046/1279
f 1235/2036/1235 1274/2037/1274 1205/1911/1205
f 1238/2051/1238 1186/1976/1186 1283/2052/1283
f 1223/1948/1223 1284/2053/1284 1228/1949/1228
f 1260/2002/1260 1285/2054/1285 1270/2028/1270
f 1267/2022/1267 1182/1992/1182 1286/2055/1286
f 1182/1992/1182 1229/1951/1229 1286/2055/1286
f 1270/2028/1270 1287/2056/1287 1139/1813/1139
f 1139/1813/1139 1287/2056/1287 1247/1980/1247
f 1240/1968/1240 1188/1890/1188 1288/2057/1288
f 1215/2003/1215 1271/2058/1271 1280/2047/1280
f 1248/1981/1248 1281/2059/1281 1256/2039/1256
f 1208/2060/1208 1263/2061/1263 1289/2062/1289
f 1232/1984/1232 1276/2042/1276 1160/1842/1160
f 1193/1895/1193 1220/1936/1220 1290/2063/1290
f 1291/2064/1291 1221/1938/1221 1252/1990/1252
f 1194/1958/1194 1204/2065/1204 1268/2025/1268
f 1244/1973/1244 1292/2066/1292 1237/1964/1237
f 1149/1824/1149 1190/1892/1190 1241/1969/1241
f 1271/2029/1271 1281/2048/1281 1293/2067/1293
f 1294/2068/1294 1248/1981/1248 1261/2030/1261
f 1295/2069/1295 1262/2009/1262 1189/2008/1189
f 1272/2031/1272 1289/2070/1289 1296/2071/1296
f 1272/2031/1272 1208/1917/1208 1289/2070/1289
f 1263/2012/1263 1209/1918/1209 1297/2072/1297
f 1201/1905/1201 1298/2073/1298 1198/1900/1198
f 1170/1861/1170 1299/2074/1299 1232/1954/1232
f 1282/2075/1282 1278/2076/1278 1300/2077/1300
f 1242/2078/1242 1301/2079/1301 1250/2080/1250
f 1242/2078/1242 1290/2081/1290 1301/2079/1301
f 1242/2082/1242 1193/2083/1193 1290/2084/1290
f 1302/2085/1302 1259/1998/1259 1228/1949/1228
f 1238/2019/1238 1283/2086/1283 1260/2002/1260
f 1240/1968/1240 1303/2087/1303 1246/1978/1246
f 1224/1942/1224 1304/2088/1304 1254/1993/1254
f 1240/1968/1240 1288/2057/1288 1303/2087/1303
f 1248/2089/1248 1294/2090/1294 1305/2091/1305
f 1170/1861/1170 1257/2092/1257 1299/2074/1299
f 1276/2042/1276 1277/2043/1277 1184/1882/1184
f 1203/1907/1203 1306/2093/1306 1210/2024/1210
f 1210/2094/1210 1307/2095/1307 1243/2096/1243
f 1237/1964/1237 1308/2097/1308 1236/1962/1236
f 1224/1942/1224 1309/2098/1309 1304/2088/1304
f 1286/2055/1286 1229/1951/1229 1310/2099/1310
f 1229/1951/1229 1280/2047/1280 1310/2099/1310
f 1188/1890/1188 1255/1994/1255 1311/2100/1311
f 1241/1969/1241 1190/1892/1190 1255/1994/1255
f 1271/2058/1271 1293/2101/1293 1280/2047/1280
f 1214/2102/1214 1312/2103/1312 1261/2104/1261
f 1225/2105/1225 1295/2069/1295 1189/2008/1189
f 1217/2106/1217 1313/2107/1313 1231/2108/1231
f 1210/2024/1210 1306/2093/1306 1314/2109/1314
f 1243/1972/1243 1315/2110/1315 1233/1955/1233
f 1316/2111/1316 1265/2015/1265 1266/2112/1266
f 1274/2037/1274 1317/2113/1317 1275/2038/1275
f 1260/2002/1260 1283/2086/1283 1318/2114/1318
f 1267/2022/1267 1286/2055/1286 1319/2115/1319
f 1254/1993/1254 1320/2116/1320 1214/1924/1214
f 1247/2117/1247 1295/2069/1295 1225/2105/1225
f 1190/1892/1190 1321/2118/1321 1255/1994/1255
f 1322/2119/1322 1293/2067/1293 1281/2048/1281
f 1294/2120/1294 1323/2121/1323 1305/2122/1305
f 1180/1872/1180 1324/2123/1324 1201/1905/1201
f 1180/1872/1180 1227/1945/1227 1324/2123/1324
f 1150/2124/1150 1264/2125/1264 1217/2106/1217
f 1313/2126/1313 1325/2127/1325 1231/1953/1231
f 1219/1934/1219 1282/2049/1282 1326/2128/1326
f 1232/1984/1232 1299/2129/1299 1276/2042/1276
f 1210/2130/1210 1314/2131/1314 1307/2132/1307
f 1233/1955/1233 1327/2133/1327 1252/1990/1252
f 1220/2014/1220 1251/1989/1251 1328/2134/1328
f 1204/2065/1204 1258/2135/1258 1268/2025/1268
f 1223/1948/1223 1239/2001/1239 1284/2053/1284
f 1269/2027/1269 1259/2018/1259 1329/2136/1329
f 1188/1890/1188 1311/2100/1311 1288/2057/1288
f 1247/2137/1247 1330/2138/1330 1331/2139/1331
f 1247/2137/1247 1331/2139/1331 1295/2140/1295
f 1312/2103/1312 1294/2120/1294 1261/2104/1261
f 1190/1892/1190 1272/2031/1272 1321/2118/1321
f 1249/2041/1249 1332/2141/1332 1226/2142/1226
f 1226/2142/1226 1332/2141/1332 1333/2143/1333
f 1227/1945/1227 1169/1859/1169 1334/2144/1334
f 1217/2106/1217 1335/2145/1335 1313/2107/1313
f 1231/1953/1231 1325/2127/1325 1257/1996/1257
f 1219/1946/1219 1218/2146/1218 1158/1879/1158
f 1279/2147/1279 1336/2148/1336 1278/2149/1278
f 1307/2150/1307 1337/2151/1337 1243/2152/1243
f 1290/2063/1290 1220/1936/1220 1338/2153/1338
f 1268/2025/1268 1339/2154/1339 1234/1959/1234
f 1221/1938/1221 1340/2155/1340 1253/1991/1253
f 1266/2017/1266 1341/2156/1341 1316/2157/1316
f 1244/1973/1244 1342/2158/1342 1292/2066/1292
f 1292/2066/1292 1308/2097/1308 1237/1964/1237
f 1239/1979/1239 1246/1978/1246 1284/2159/1284
f 1285/2054/1285 1343/2160/1343 1270/2028/1270
f 1343/2160/1343 1287/2056/1287 1270/2028/1270
f 1344/2161/1344 1322/2119/1322 1281/2048/1281
f 1209/1918/1209 1198/1900/1198 1298/2073/1298
f 1333/2143/1333 1264/2125/1264 1226/2142/1226
f 1218/2146/1218 1219/1946/1219 1326/2162/1326
f 1345/2163/1345 1326/2128/1326 1282/2049/1282
f 1346/2164/1346 1277/2043/1277 1276/2042/1276
f 1277/2043/1277 1306/2093/1306 1203/1907/1203
f 1347/2165/1347 1235/1960/1235 1253/2026/1253
f 1347/2165/1347 1348/2166/1348 1235/1960/1235
f 1348/2166/1348 1274/2167/1274 1235/1960/1235
f 1349/2168/1349 1266/2017/1266 1236/1962/1236
f 1342/2158/1342 1244/1973/1244 1275/2038/1275
f 1318/2114/1318 1285/2054/1285 1260/2002/1260
f 1269/2027/1269 1329/2136/1329 1224/1942/1224
f 1319/2169/1319 1286/2170/1286 1309/2098/1309
f 1309/2171/1309 1286/2172/1286 1304/2173/1304
f 1303/2087/1303 1288/2057/1288 1311/2100/1311
f 1287/2174/1287 1330/2175/1330 1247/2117/1247
f 1320/2176/1320 1312/2103/1312 1214/2102/1214
f 1280/2047/1280 1293/2101/1293 1350/2177/1350
f 1262/2009/1262 1351/2178/1351 1230/2011/1230
f 1209/1918/1209 1298/2073/1298 1297/2072/1297
f 1345/2179/1345 1282/2180/1282 1300/2181/1300
f 1300/2077/1300 1278/2076/1278 1352/2182/1352
f 1352/2183/1352 1278/2184/1278 1336/2185/1336
f 1250/2080/1250 1301/2079/1301 1353/2186/1353
f 1314/2109/1314 1354/2187/1354 1307/2188/1307
f 1301/2079/1301 1290/2081/1290 1355/2189/1355
f 1337/2190/1337 1315/2110/1315 1243/1972/1243
f 1315/2191/1315 1327/2192/1327 1233/2193/1233
f 1234/1959/1234 1339/2154/1339 1251/1989/1251
f 1356/2194/1356 1258/1997/1258 1357/2195/1357
f 1246/1978/1246 1303/2087/1303 1284/2159/1284
f 1319/2115/1319 1358/2196/1358 1267/2022/1267
f 1312/2103/1312 1323/2121/1323 1294/2120/1294
f 1293/2101/1293 1322/2197/1322 1350/2177/1350
f 1305/2198/1305 1359/2199/1359 1248/1981/1248
f 1323/2121/1323 1360/2200/1360 1305/2122/1305
f 1263/2061/1263 1361/2201/1361 1289/2062/1289
f 1263/2061/1263 1297/2202/1297 1361/2201/1361
f 1264/2125/1264 1335/2145/1335 1217/2106/1217
f 1227/1945/1227 1334/2144/1334 1362/2203/1362
f 1276/2042/1276 1299/2129/1299 1363/2204/1363
f 1276/2042/1276 1363/2204/1363 1346/2164/1346
f 1273/2205/1273 1364/2206/1364 1279/2147/1279
f 1250/2032/1250 1353/2207/1353 1273/2033/1273
f 1220/2014/1220 1328/2134/1328 1338/2208/1338
f 1251/1989/1251 1339/2154/1339 1328/2134/1328
f 1365/2209/1365 1347/2165/1347 1253/2026/1253
f 1258/1997/1258 1265/2015/1265 1357/2195/1357
f 1265/2015/1265 1316/2111/1316 1357/2195/1357
f 1266/2017/1266 1349/2168/1349 1341/2156/1341
f 1236/1962/1236 1308/2097/1308 1349/2168/1349
f 1267/2022/1267 1358/2196/1358 1245/2020/1245
f 1224/1942/1224 1329/2136/1329 1309/2098/1309
f 1286/2172/1286 1310/2210/1310 1304/2173/1304
f 1350/2177/1350 1366/2211/1366 1280/2047/1280
f 1344/2161/1344 1367/2212/1367 1322/2119/1322
f 1360/2213/1360 1323/2214/1323 1368/2215/1368
f 1262/2009/1262 1369/2216/1369 1351/2178/1351
f 1201/1905/1201 1324/2123/1324 1298/2073/1298
f 1355/2217/1355 1370/2218/1370 1301/2219/1301
f 1252/1990/1252 1327/2133/1327 1291/2064/1291
f 1258/1997/1258 1356/2194/1356 1268/2220/1268
f 1228/1949/1228 1284/2053/1284 1302/2085/1302
f 1329/2136/1329 1319/2169/1319 1309/2098/1309
f 1303/2087/1303 1311/2100/1311 1371/2221/1371
f 1255/1994/1255 1321/2118/1321 1372/2222/1372
f 1272/2031/1272 1296/2071/1296 1373/2223/1373
f 1230/2011/1230 1332/2141/1332 1249/2041/1249
f 1227/1945/1227 1362/2203/1362 1324/2123/1324
f 1169/1859/1169 1218/1932/1218 1334/2144/1334
f 1314/2109/1314 1374/2224/1374 1354/2187/1354
f 1306/2093/1306 1374/2224/1374 1314/2109/1314
f 1353/2186/1353 1301/2079/1301 1375/2225/1375
f 1301/2219/1301 1370/2218/1370 1375/2226/1375
f 1290/2081/1290 1338/2227/1338 1355/2189/1355
f 1376/2228/1376 1221/1938/1221 1291/2064/1291
f 1377/2229/1377 1357/2195/1357 1316/2111/1316
f 1317/2113/1317 1274/2037/1274 1348/2230/1348
f 1283/2052/1283 1186/1976/1186 1245/1975/1245
f 1302/2231/1302 1329/2136/1329 1259/2018/1259
f 1378/2232/1378 1318/2114/1318 1283/2086/1283
f 1379/2233/1379 1380/2234/1380 1318/2114/1318
f 1284/2159/1284 1303/2087/1303 1381/2235/1381
f 1304/2088/1304 1320/2116/1320 1254/1993/1254
f 1382/2236/1382 1323/2121/1323 1312/2103/1312
f 1321/2118/1321 1272/2031/1272 1373/2223/1373
f 1383/2237/1383 1333/2143/1333 1332/2141/1332
f 1384/2238/1384 1313/2107/1313 1335/2145/1335
f 1384/2239/1384 1325/2127/1325 1313/2126/1313
f 1385/2240/1385 1352/2183/1352 1336/2185/1336
f 1386/2241/1386 1306/2093/1306 1277/2043/1277
f 1275/2038/1275 1387/2242/1387 1342/2158/1342
f 1379/2233/1379 1318/2114/1318 1378/2232/1378
f 1318/2114/1318 1380/2234/1380 1285/2054/1285
f 1304/2243/1304 1310/2244/1310 1388/2245/1388
f 1343/2160/1343 1389/2246/1389 1287/2056/1287
f 1310/2099/1310 1280/2047/1280 1366/2211/1366
f 1311/2100/1311 1255/1994/1255 1372/2222/1372
f 1368/2247/1368 1323/2121/1323 1382/2236/1382
f 1344/2248/1344 1281/2059/1281 1390/2249/1390
f 1359/2199/1359 1305/2198/1305 1360/2250/1360
f 1344/2248/1344 1390/2249/1390 1367/2251/1367
f 1390/2252/1390 1391/2253/1391 1367/2254/1367
f 1351/2178/1351 1332/2141/1332 1230/2011/1230
f 1334/2144/1334 1218/1932/1218 1392/2255/1392
f 1257/2256/1257 1393/2257/1393 1299/2258/1299
f 1273/2033/1273 1353/2207/1353 1364/2259/1364
f 1315/2110/1315 1337/2190/1337 1394/2260/1394
f 1339/2154/1339 1268/2025/1268 1356/2261/1356
f 1341/2262/1341 1377/2229/1377 1316/2111/1316
f 1275/2038/1275 1317/2113/1317 1387/2242/1387
f 1312/2103/1312 1395/2263/1395 1382/2236/1382
f 1322/2197/1322 1396/2264/1396 1350/2177/1350
f 1367/2265/1367 1396/2264/1396 1322/2197/1322
f 1248/1981/1248 1359/2199/1359 1281/2059/1281
f 1295/2069/1295 1397/2266/1397 1262/2009/1262
f 1368/2215/1368 1398/2267/1398 1360/2213/1360
f 1369/2216/1369 1399/2268/1399 1351/2178/1351
f 1333/2143/1333 1400/2269/1400 1264/2125/1264
f 1264/2125/1264 1400/2269/1400 1335/2145/1335
f 1334/2144/1334 1401/2270/1401 1362/2203/1362
f 1402/2271/1402 1345/2179/1345 1300/2181/1300
f 1300/2077/1300 1352/2182/1352 1402/2272/1402
f 1346/2164/1346 1403/2273/1403 1277/2043/1277
f 1277/2043/1277 1403/2273/1403 1386/2241/1386
f 1279/2147/1279 1364/2206/1364 1404/2274/1404
f 1405/2275/1405 1394/2260/1394 1337/2190/1337
f 1406/2276/1406 1317/2277/1317 1348/2166/1348
f 1349/2168/1349 1407/2278/1407 1341/2156/1341
f 1388/2279/1388 1320/2116/1320 1304/2088/1304
f 1366/2211/1366 1408/2280/1408 1310/2099/1310
f 1311/2100/1311 1372/2222/1372 1409/2281/1409
f 1410/2282/1410 1331/2283/1331 1330/2175/1330
f 1295/2069/1295 1411/2284/1411 1397/2266/1397
f 1367/2265/1367 1391/2285/1391 1396/2264/1396
f 1390/2249/1390 1281/2059/1281 1359/2199/1359
f 1391/2253/1391 1390/2252/1390 1412/2286/1412
f 1397/2266/1397 1369/2216/1369 1262/2009/1262
f 1361/2201/1361 1297/2202/1297 1413/2287/1413
f 1384/2239/1384 1414/2288/1414 1325/2127/1325
f 1402/2272/1402 1352/2182/1352 1415/2289/1415
f 1336/2148/1336 1279/2147/1279 1404/2274/1404
f 1354/2290/1354 1337/2151/1337 1307/2150/1307
f 1340/2155/1340 1365/2291/1365 1253/1991/1253
f 1407/2278/1407 1416/2292/1416 1341/2156/1341
f 1320/2176/1320 1417/2293/1417 1312/2103/1312
f 1411/2284/1411 1295/2069/1295 1331/2283/1331
f 1382/2236/1382 1418/2294/1418 1368/2247/1368
f 1418/2294/1418 1398/2295/1398 1368/2247/1368
f 1418/2294/1418 1419/2296/1419 1398/2295/1398
f 1297/2072/1297 1298/2073/1298 1420/2297/1420
f 1393/2298/1393 1363/2204/1363 1299/2129/1299
f 1415/2289/1415 1352/2182/1352 1385/2299/1385
f 1405/2300/1405 1337/2151/1337 1354/2290/1354
f 1355/2301/1355 1338/2302/1338 1421/2303/1421
f 1421/2304/1421 1338/2305/1338 1422/2306/1422
f 1423/2307/1423 1315/2110/1315 1394/2260/1394
f 1423/2307/1423 1327/2133/1327 1315/2110/1315
f 1347/2165/1347 1406/2276/1406 1348/2166/1348
f 1416/2292/1416 1377/2308/1377 1341/2156/1341
f 1283/2052/1283 1245/1975/1245 1424/2309/1424
f 1424/2309/1424 1245/1975/1245 1358/2310/1358
f 1425/2311/1425 1319/2169/1319 1329/2136/1329
f 1425/2312/1425 1358/2196/1358 1319/2115/1319
f 1381/2235/1381 1303/2087/1303 1371/2221/1371
f 1391/2285/1391 1412/2313/1412 1396/2264/1396
f 1373/2314/1373 1296/2315/1296 1426/2316/1426
f 1296/2315/1296 1289/2062/1289 1426/2316/1426
f 1386/2241/1386 1374/2224/1374 1306/2093/1306
f 1327/2133/1327 1376/2228/1376 1291/2064/1291
f 1376/2228/1376 1340/2155/1340 1221/1938/1221
f 1356/2261/1356 1357/2317/1357 1427/2318/1427
f 1406/2319/1406 1428/2320/1428 1317/2113/1317
f 1406/2276/1406 1429/2321/1429 1428/2322/1428
f 1308/2097/1308 1292/2066/1292 1430/2323/1430
f 1431/2324/1431 1358/2196/1358 1425/2312/1425
f 1285/2325/1285 1389/2326/1389 1343/2327/1343
f 1310/2099/1310 1408/2280/1408 1388/2328/1388
f 1312/2103/1312 1417/2293/1417 1395/2263/1395
f 1410/2282/1410 1432/2329/1432 1331/2283/1331
f 1331/2283/1331 1432/2329/1432 1411/2284/1411
f 1372/2330/1372 1321/2331/1321 1373/2314/1373
f 1412/2313/1412 1433/2332/1433 1396/2264/1396
f 1360/2250/1360 1398/2333/1398 1434/2334/1434
f 1412/2335/1412 1435/2336/1435 1433/2337/1433
f 1419/2296/1419 1418/2294/1418 1436/2338/1436
f 1426/2316/1426 1289/2062/1289 1437/2339/1437
f 1289/2062/1289 1361/2201/1361 1437/2339/1437
f 1298/2073/1298 1324/2123/1324 1420/2297/1420
f 1335/2145/1335 1438/2340/1438 1384/2238/1384
f 1257/2256/1257 1325/2341/1325 1393/2257/1393
f 1363/2204/1363 1439/2342/1439 1346/2164/1346
f 1403/2273/1403 1346/2164/1346 1440/2343/1440
f 1404/2274/1404 1441/2344/1441 1336/2148/1336
f 1442/2345/1442 1443/2346/1443 1444/2347/1444
f 1355/2301/1355 1421/2303/1421 1370/2348/1370
f 1394/2349/1394 1443/2346/1443 1442/2345/1442
f 1394/2350/1394 1405/2351/1405 1443/2352/1443
f 1442/2353/1442 1444/2354/1444 1445/2355/1445
f 1365/2209/1365 1446/2356/1446 1347/2165/1347
f 1377/2229/1377 1447/2357/1447 1357/2195/1357
f 1358/2310/1358 1431/2358/1431 1424/2309/1424
f 1302/2231/1302 1431/2359/1431 1329/2136/1329
f 1329/2136/1329 1431/2359/1431 1425/2311/1425
f 1388/2360/1388 1448/2361/1448 1320/2176/1320
f 1287/2174/1287 1449/2362/1449 1330/2175/1330
f 1360/2250/1360 1450/2363/1450 1359/2199/1359
f 1399/2268/1399 1451/2364/1451 1351/2178/1351
f 1324/2123/1324 1362/2203/1362 1452/2365/1452
f 1334/2144/1334 1392/2255/1392 1453/2366/1453
f 1393/2257/1393 1439/2367/1439 1363/2368/1363
f 1336/2185/1336 1441/2369/1441 1385/2240/1385
f 1353/2207/1353 1375/2370/1375 1364/2259/1364
f 1442/2371/1442 1445/2372/1445 1394/2373/1394
f 1328/2134/1328 1454/2374/1454 1338/2208/1338
f 1356/2261/1356 1455/2375/1455 1339/2154/1339
f 1376/2228/1376 1456/2376/1456 1340/2155/1340
f 1308/2097/1308 1457/2377/1457 1349/2168/1349
f 1430/2323/1430 1457/2377/1457 1308/2097/1308
f 1311/2100/1311 1409/2281/1409 1458/2378/1458
f 1389/2379/1389 1449/2362/1449 1287/2174/1287
f 1372/2330/1372 1373/2314/1373 1459/2380/1459
f 1382/2236/1382 1395/2263/1395 1460/2381/1460
f 1396/2264/1396 1461/2382/1461 1350/2177/1350
f 1419/2383/1419 1434/2384/1434 1398/2385/1398
f 1436/2386/1436 1434/2384/1434 1419/2383/1419
f 1418/2294/1418 1462/2387/1462 1436/2338/1436
f 1433/2388/1433 1435/2389/1435 1463/2390/1463
f 1464/2391/1464 1433/2388/1433 1463/2390/1463
f 1465/2392/1465 1400/2269/1400 1333/2143/1333
f 1438/2340/1438 1466/2393/1466 1384/2238/1384
f 1326/2128/1326 1467/2394/1467 1218/1932/1218
f 1326/2128/1326 1345/2163/1345 1468/2395/1468
f 1386/2396/1386 1469/2397/1469 1374/2398/1374
f 1374/2224/1374 1470/2399/1470 1354/2187/1354
f 1354/2290/1354 1443/2400/1443 1405/2300/1405
f 1422/2401/1422 1471/2402/1471 1421/2403/1421
f 1356/2261/1356 1472/2404/1472 1455/2375/1455
f 1377/2229/1377 1473/2405/1473 1447/2357/1447
f 1347/2165/1347 1474/2406/1474 1406/2276/1406
f 1317/2113/1317 1428/2320/1428 1387/2242/1387
f 1475/2407/1475 1448/2361/1448 1388/2360/1388
f 1389/2379/1389 1476/2408/1476 1449/2362/1449
f 1320/2176/1320 1448/2361/1448 1417/2293/1417
f 1330/2175/1330 1449/2362/1449 1410/2282/1410
f 1382/2236/1382 1460/2381/1460 1418/2294/1418
f 1359/2199/1359 1477/2409/1477 1390/2249/1390
f 1418/2294/1418 1460/2381/1460 1462/2387/1462
f 1436/2386/1436 1478/2410/1478 1434/2384/1434
f 1436/2338/1436 1462/2387/1462 1478/2411/1478
f 1478/2410/1478 1462/2412/1462 1479/2413/1479
f 1361/2201/1361 1480/2414/1480 1437/2339/1437
f 1383/2237/1383 1465/2392/1465 1333/2143/1333
f 1324/2123/1324 1481/2415/1481 1420/2297/1420
f 1467/2394/1467 1392/2255/1392 1218/1932/1218
f 1415/2289/1415 1385/2299/1385 1482/2416/1482
f 1469/2397/1469 1483/2417/1483 1374/2398/1374
f 1404/2418/1404 1364/2419/1364 1484/2420/1484
f 1370/2218/1370 1485/2421/1485 1375/2226/1375
f 1421/2403/1421 1485/2422/1485 1370/2423/1370
f 1357/2317/1357 1447/2424/1447 1427/2318/1427
f 1349/2168/1349 1457/2377/1457 1407/2278/1407
f 1377/2229/1377 1486/2425/1486 1473/2405/1473
f 1377/2229/1377 1416/2426/1416 1486/2425/1486
f 1284/2159/1284 1381/2235/1381 1487/2427/1487
f 1488/2428/1488 1389/2429/1389 1285/2430/1285
f 1311/2100/1311 1458/2378/1458 1371/2221/1371
f 1388/2328/1388 1408/2280/1408 1489/2431/1489
f 1449/2362/1449 1490/2432/1490 1410/2282/1410
f 1409/2433/1409 1372/2330/1372 1459/2380/1459
f 1417/2293/1417 1491/2434/1491 1395/2263/1395
f 1395/2263/1395 1491/2434/1491 1492/2435/1492
f 1395/2263/1395 1492/2435/1492 1460/2381/1460
f 1433/2332/1433 1464/2436/1464 1396/2264/1396
f 1435/2437/1435 1493/2438/1493 1463/2439/1463
f 1462/2387/1462 1494/2440/1494 1479/2441/1479
f 1464/2391/1464 1463/2390/1463 1495/2442/1495
f 1397/2266/1397 1496/2443/1496 1369/2216/1369
f 1496/2443/1496 1399/2268/1399 1369/2216/1369
f 1437/2339/1437 1480/2414/1480 1497/2444/1497
f 1351/2178/1351 1498/2445/1498 1332/2141/1332
f 1413/2287/1413 1297/2202/1297 1420/2446/1420
f 1400/2269/1400 1499/2447/1499 1335/2145/1335
f 1325/2341/1325 1500/2448/1500 1393/2257/1393
f 1393/2257/1393 1501/2449/1501 1439/2367/1439
f 1415/2450/1415 1502/2451/1502 1402/2271/1402
f 1386/2241/1386 1403/2273/1403 1503/2452/1503
f 1374/2398/1374 1483/2417/1483 1470/2453/1470
f 1364/2259/1364 1375/2370/1375 1504/2454/1504
f 1445/2372/1445 1423/2455/1423 1394/2373/1394
f 1376/2228/1376 1505/2456/1505 1456/2376/1456
f 1340/2155/1340 1456/2376/1456 1365/2291/1365
f 1427/2318/1427 1472/2404/1472 1356/2261/1356
f 1342/2158/1342 1506/2457/1506 1292/2066/1292
f 1292/2066/1292 1506/2457/1506 1430/2323/1430
f 1347/2165/1347 1507/2458/1507 1474/2406/1474
f 1371/2221/1371 1508/2459/1508 1381/2235/1381
f 1388/2328/1388 1489/2431/1489 1475/2460/1475
f 1366/2211/1366 1350/2177/1350 1509/2461/1509
f 1490/2432/1490 1432/2329/1432 1410/2282/1410
f 1510/2462/1510 1426/2316/1426 1437/2339/1437
f 1462/2387/1462 1460/2381/1460 1494/2440/1494
f 1478/2410/1478 1511/2463/1511 1434/2384/1434
f 1478/2410/1478 1479/2413/1479 1511/2463/1511
f 1512/2464/1512 1511/2463/1511 1479/2413/1479
f 1479/2413/1479 1513/2465/1513 1512/2464/1512
f 1399/2466/1399 1514/2467/1514 1515/2468/1515
f 1361/2201/1361 1413/2287/1413 1480/2414/1480
f 1351/2178/1351 1451/2364/1451 1498/2445/1498
f 1324/2123/1324 1452/2365/1452 1481/2415/1481
f 1362/2203/1362 1516/2469/1516 1452/2365/1452
f 1364/2419/1364 1504/2470/1504 1484/2420/1484
f 1339/2154/1339 1517/2471/1517 1328/2134/1328
f 1456/2376/1456 1446/2472/1446 1365/2291/1365
f 1428/2320/1428 1518/2473/1518 1387/2242/1387
f 1519/2474/1519 1416/2292/1416 1407/2278/1407
f 1416/2426/1416 1520/2475/1520 1486/2425/1486
f 1474/2406/1474 1429/2321/1429 1406/2276/1406
f 1424/2309/1424 1378/2476/1378 1283/2052/1283
f 1380/2234/1380 1488/2477/1488 1285/2054/1285
f 1521/2478/1521 1522/2479/1522 1475/2480/1475
f 1408/2280/1408 1366/2211/1366 1509/2461/1509
f 1509/2461/1509 1350/2177/1350 1461/2382/1461
f 1411/2284/1411 1496/2443/1496 1397/2266/1397
f 1523/2481/1523 1396/2482/1396 1464/2391/1464
f 1523/2481/1523 1464/2391/1464 1524/2483/1524
f 1525/2484/1525 1494/2440/1494 1460/2381/1460
f 1493/2485/1493 1495/2486/1495 1463/2487/1463
f 1494/2440/1494 1513/2488/1513 1479/2441/1479
f 1464/2391/1464 1495/2442/1495 1524/2483/1524
f 1496/2443/1496 1514/2489/1514 1399/2268/1399
f 1515/2490/1515 1451/2364/1451 1399/2268/1399
f 1413/2287/1413 1526/2491/1526 1480/2414/1480
f 1498/2445/1498 1383/2237/1383 1332/2141/1332
f 1362/2203/1362 1401/2270/1401 1527/2492/1527
f 1414/2288/1414 1384/2239/1384 1466/2493/1466
f 1401/2270/1401 1334/2144/1334 1453/2366/1453
f 1528/2494/1528 1393/2257/1393 1500/2448/1500
f 1467/2394/1467 1326/2128/1326 1468/2395/1468
f 1440/2343/1440 1346/2164/1346 1439/2342/1439
f 1502/2451/1502 1345/2179/1345 1402/2271/1402
f 1503/2452/1503 1469/2495/1469 1386/2241/1386
f 1470/2399/1470 1443/2496/1443 1354/2187/1354
f 1529/2497/1529 1444/2347/1444 1443/2346/1443
f 1485/2422/1485 1421/2403/1421 1471/2402/1471
f 1422/2498/1422 1338/2499/1338 1471/2500/1471
f 1431/2359/1431 1302/2231/1302 1530/2501/1530
f 1475/2460/1475 1489/2431/1489 1521/2502/1521
f 1531/2503/1531 1417/2293/1417 1448/2361/1448
f 1531/2503/1531 1491/2434/1491 1417/2293/1417
f 1532/2504/1532 1411/2284/1411 1432/2329/1432
f 1450/2363/1450 1360/2250/1360 1434/2334/1434
f 1412/2505/1412 1390/2249/1390 1477/2409/1477
f 1524/2483/1524 1495/2442/1495 1533/2506/1533
f 1534/2507/1534 1512/2464/1512 1513/2465/1513
f 1514/2467/1514 1535/2508/1535 1515/2468/1515
f 1400/2269/1400 1536/2509/1536 1499/2447/1499
f 1438/2340/1438 1335/2145/1335 1499/2447/1499
f 1362/2203/1362 1527/2492/1527 1516/2469/1516
f 1393/2257/1393 1528/2494/1528 1501/2449/1501
f 1415/2289/1415 1482/2416/1482 1537/2510/1537
f 1538/2511/1538 1484/2512/1484 1504/2513/1504
f 1504/2513/1504 1375/2514/1375 1485/2515/1485
f 1445/2372/1445 1539/2516/1539 1423/2455/1423
f 1338/2499/1338 1454/2517/1454 1471/2500/1471
f 1328/2134/1328 1517/2471/1517 1454/2374/1454
f 1517/2471/1517 1339/2154/1339 1540/2518/1540
f 1327/2133/1327 1541/2519/1541 1376/2228/1376
f 1376/2228/1376 1541/2519/1541 1505/2456/1505
f 1540/2518/1540 1339/2154/1339 1455/2375/1455
f 1387/2242/1387 1518/2473/1518 1342/2158/1342
f 1457/2377/1457 1519/2474/1519 1407/2278/1407
f 1428/2320/1428 1542/2520/1542 1518/2473/1518
f 1429/2321/1429 1543/2521/1543 1542/2522/1542
f 1429/2523/1429 1542/2520/1542 1428/2320/1428
f 1519/2474/1519 1520/2524/1520 1416/2292/1416
f 1522/2525/1522 1448/2361/1448 1475/2407/1475
f 1476/2408/1476 1544/2526/1544 1449/2362/1449
f 1373/2314/1373 1545/2527/1545 1459/2380/1459
f 1461/2528/1461 1396/2482/1396 1523/2481/1523
f 1492/2435/1492 1525/2484/1525 1460/2381/1460
f 1373/2314/1373 1426/2316/1426 1545/2527/1545
f 1411/2284/1411 1546/2529/1546 1496/2443/1496
f 1426/2316/1426 1510/2462/1510 1545/2527/1545
f 1435/2530/1435 1412/2531/1412 1477/2532/1477
f 1513/2488/1513 1494/2440/1494 1534/2533/1534
f 1494/2440/1494 1547/2534/1547 1534/2533/1534
f 1534/2507/1534 1548/2535/1548 1512/2464/1512
f 1534/2507/1534 1549/2536/1549 1548/2535/1548
f 1550/2537/1550 1549/2536/1549 1534/2507/1534
f 1480/2414/1480 1550/2537/1550 1497/2444/1497
f 1550/2537/1550 1480/2414/1480 1549/2536/1549
f 1480/2414/1480 1526/2491/1526 1549/2536/1549
f 1383/2237/1383 1498/2445/1498 1465/2392/1465
f 1499/2447/1499 1551/2538/1551 1438/2340/1438
f 1438/2340/1438 1552/2539/1552 1466/2393/1466
f 1468/2395/1468 1553/2540/1553 1467/2394/1467
f 1345/2179/1345 1502/2451/1502 1468/2541/1468
f 1385/2299/1385 1441/2542/1441 1482/2416/1482
f 1403/2273/1403 1440/2343/1440 1503/2452/1503
f 1469/2543/1469 1503/2544/1503 1483/2545/1483
f 1483/2546/1483 1554/2547/1554 1470/2548/1470
f 1470/2399/1470 1529/2549/1529 1443/2496/1443
f 1431/2550/1431 1555/2551/1555 1424/2552/1424
f 1411/2284/1411 1532/2504/1532 1546/2529/1546
f 1491/2434/1491 1556/2553/1556 1492/2435/1492
f 1492/2435/1492 1556/2553/1556 1525/2484/1525
f 1437/2339/1437 1497/2444/1497 1510/2462/1510
f 1434/2334/1434 1557/2554/1557 1450/2363/1450
f 1558/2555/1558 1514/2489/1514 1496/2443/1496
f 1524/2483/1524 1533/2506/1533 1514/2467/1514
f 1533/2506/1533 1535/2508/1535 1514/2467/1514
f 1549/2536/1549 1526/2491/1526 1548/2535/1548
f 1552/2539/1552 1559/2556/1559 1466/2393/1466
f 1392/400/1392 1467/2557/1467 1453/2558/1453
f 1501/2449/1501 1560/2559/1560 1439/2367/1439
f 1415/2450/1415 1537/2560/1537 1502/2451/1502
f 1538/2561/1538 1404/2562/1404 1484/2563/1484
f 1471/2402/1471 1561/2564/1561 1485/2422/1485
f 1454/2374/1454 1562/2565/1562 1471/2566/1471
f 1423/2455/1423 1563/2567/1563 1327/2568/1327
f 1430/2323/1430 1564/2569/1564 1457/2377/1457
f 1347/2165/1347 1446/2356/1446 1507/2458/1507
f 1284/2053/1284 1487/2570/1487 1302/2085/1302
f 1431/2359/1431 1530/2501/1530 1555/2571/1555
f 1522/2525/1522 1565/2572/1565 1448/2361/1448
f 1544/2526/1544 1566/2573/1566 1449/2362/1449
f 1566/2573/1566 1490/2432/1490 1449/2362/1449
f 1408/2574/1408 1567/2575/1567 1489/2576/1489
f 1458/2577/1458 1409/2433/1409 1568/2578/1568
f 1408/2280/1408 1509/2461/1509 1567/2579/1567
f 1531/2503/1531 1569/2580/1569 1491/2434/1491
f 1432/2329/1432 1490/2432/1490 1532/2504/1532
f 1409/2433/1409 1459/2380/1459 1570/2581/1570
f 1459/2380/1459 1571/2582/1571 1570/2581/1570
f 1461/2528/1461 1572/2583/1572 1509/2584/1509
f 1459/2380/1459 1545/2527/1545 1571/2582/1571
f 1572/2583/1572 1461/2528/1461 1523/2481/1523
f 1546/2529/1546 1573/2585/1573 1496/2443/1496
f 1496/2443/1496 1573/2585/1573 1558/2555/1558
f 1524/2483/1524 1514/2467/1514 1558/2586/1558
f 1547/2534/1547 1550/2587/1550 1534/2533/1534
f 1535/2588/1535 1574/2589/1574 1515/2590/1515
f 1413/2287/1413 1420/2446/1420 1575/2591/1575
f 1414/2592/1414 1500/2448/1500 1325/2341/1325
f 1467/2394/1467 1553/2540/1553 1576/2593/1576
f 1404/2562/1404 1538/2561/1538 1441/2594/1441
f 1444/2354/1444 1577/2595/1577 1445/2355/1445
f 1423/2455/1423 1539/2516/1539 1563/2567/1563
f 1327/2133/1327 1563/2596/1563 1541/2519/1541
f 1447/2357/1447 1473/2405/1473 1578/2597/1578
f 1519/2474/1519 1579/2598/1579 1520/2524/1520
f 1486/2425/1486 1580/2599/1580 1473/2405/1473
f 1381/2235/1381 1508/2459/1508 1581/2600/1581
f 1448/2361/1448 1565/2572/1565 1531/2503/1531
f 1409/2433/1409 1570/2581/1570 1568/2578/1568
f 1491/2434/1491 1582/2601/1582 1556/2553/1556
f 1583/2602/1583 1509/2584/1509 1572/2583/1572
f 1571/2582/1571 1545/2527/1545 1584/2603/1584
f 1532/2504/1532 1585/2604/1585 1546/2529/1546
f 1586/2605/1586 1573/2585/1573 1546/2529/1546
f 1523/2481/1523 1524/2483/1524 1573/2606/1573
f 1525/2484/1525 1587/2607/1587 1494/2440/1494
f 1573/2606/1573 1524/2483/1524 1558/2586/1558
f 1510/2462/1510 1497/2444/1497 1547/2608/1547
f 1497/2444/1497 1550/2537/1550 1547/2608/1547
f 1495/2486/1495 1588/2609/1588 1533/2610/1533
f 1535/2588/1535 1533/2610/1533 1588/2609/1588
f 1512/2611/1512 1548/2612/1548 1589/2613/1589
f 1548/2612/1548 1526/2614/1526 1589/2613/1589
f 1466/2493/1466 1559/2615/1559 1414/2288/1414
f 1453/2366/1453 1467/2394/1467 1590/2616/1590
f 1528/2494/1528 1560/2559/1560 1501/2449/1501
f 1468/2541/1468 1502/2451/1502 1553/2617/1553
f 1439/2342/1439 1560/2618/1560 1591/2619/1591
f 1439/2342/1439 1591/2619/1591 1440/2343/1440
f 1444/2354/1444 1529/2620/1529 1577/2595/1577
f 1561/2621/1561 1471/2566/1471 1562/2565/1562
f 1541/2519/1541 1592/2622/1592 1505/2456/1505
f 1507/2623/1507 1446/2472/1446 1593/2624/1593
f 1519/2474/1519 1457/2377/1457 1594/2625/1594
f 1489/2431/1489 1595/2626/1595 1521/2502/1521
f 1508/2459/1508 1371/2221/1371 1596/2627/1596
f 1458/2628/1458 1596/2629/1596 1371/2630/1371
f 1567/2631/1567 1509/2584/1509 1597/2632/1597
f 1490/2432/1490 1598/2633/1598 1532/2504/1532
f 1491/2434/1491 1569/2580/1569 1582/2601/1582
f 1598/2633/1598 1585/2604/1585 1532/2504/1532
f 1556/2553/1556 1584/2634/1584 1587/2607/1587
f 1585/2604/1585 1586/2605/1586 1546/2529/1546
f 1556/2553/1556 1587/2607/1587 1525/2484/1525
f 1587/2607/1587 1547/2534/1547 1494/2440/1494
f 1359/2199/1359 1599/2635/1599 1477/2409/1477
f 1495/2486/1495 1493/2485/1493 1588/2609/1588
f 1413/2287/1413 1575/2591/1575 1600/2636/1600
f 1498/2445/1498 1601/2637/1601 1465/2392/1465
f 1420/2446/1420 1481/2638/1481 1575/2591/1575
f 1400/2269/1400 1465/2392/1465 1536/2509/1536
f 1452/2365/1452 1602/2639/1602 1481/2415/1481
f 1527/2492/1527 1401/2270/1401 1590/2616/1590
f 1401/2270/1401 1453/2366/1453 1590/2616/1590
f 1502/2451/1502 1603/2640/1603 1553/2617/1553
f 1604/2641/1604 1482/2416/1482 1441/2542/1441
f 1441/2594/1441 1538/2561/1538 1604/2642/1604
f 1554/2643/1554 1483/2545/1483 1503/2544/1503
f 1504/2513/1504 1605/2644/1605 1538/2511/1538
f 1504/2513/1504 1485/2515/1485 1606/2645/1606
f 1606/2645/1606 1485/2515/1485 1561/2621/1561
f 1607/2646/1607 1446/2472/1446 1456/2376/1456
f 1472/2404/1472 1427/2318/1427 1608/2647/1608
f 1506/2457/1506 1342/2158/1342 1518/2473/1518
f 1609/2648/1609 1474/2406/1474 1507/2458/1507
f 1486/2425/1486 1610/2649/1610 1580/2599/1580
f 1474/2406/1474 1543/2521/1543 1429/2321/1429
f 1611/2650/1611 1522/2479/1522 1521/2478/1521
f 1595/2651/1595 1489/2652/1489 1567/2653/1567
f 1458/2577/1458 1568/2578/1568 1612/2654/1612
f 1565/2572/1565 1613/2655/1613 1531/2503/1531
f 1598/2633/1598 1490/2432/1490 1566/2573/1566
f 1583/2602/1583 1572/2583/1572 1585/2656/1585
f 1570/2581/1570 1571/2582/1571 1584/2603/1584
f 1584/2634/1584 1556/2553/1556 1582/2601/1582
f 1585/2656/1585 1572/2583/1572 1586/2657/1586
f 1572/2583/1572 1523/2481/1523 1586/2657/1586
f 1523/2481/1523 1573/2606/1573 1586/2657/1586
f 1547/2608/1547 1587/2658/1587 1510/2462/1510
f 1557/2659/1557 1434/2384/1434 1511/2463/1511
f 1477/2409/1477 1493/2485/1493 1435/2660/1435
f 1526/2491/1526 1413/2287/1413 1600/2636/1600
f 1452/2365/1452 1516/2469/1516 1614/2661/1614
f 1516/2469/1516 1527/2492/1527 1615/2662/1615
f 1615/2662/1615 1527/2492/1527 1590/2616/1590
f 1482/2663/1482 1616/2664/1616 1537/2665/1537
f 1470/2532/1470 1617/2666/1617 1529/2667/1529
f 1562/2565/1562 1454/2374/1454 1618/2668/1618
f 1517/2471/1517 1618/2668/1618 1454/2374/1454
f 1619/2669/1619 1620/2670/1620 1563/2671/1563
f 1618/2672/1618 1517/2673/1517 1621/2674/1621
f 1563/2671/1563 1620/2670/1620 1541/2675/1541
f 1607/2646/1607 1622/2676/1622 1446/2472/1446
f 1623/2677/1623 1506/2457/1506 1518/2473/1518
f 1430/2323/1430 1624/2678/1624 1564/2569/1564
f 1623/2677/1623 1518/2473/1518 1542/2520/1542
f 1578/2679/1578 1608/2647/1608 1447/2424/1447
f 1625/2680/1625 1378/2476/1378 1424/2309/1424
f 1380/2234/1380 1626/2681/1626 1488/2477/1488
f 1389/2429/1389 1627/2682/1627 1476/2683/1476
f 1476/2683/1476 1627/2682/1627 1544/2684/1544
f 1458/2628/1458 1612/2685/1612 1628/2686/1628
f 1566/2573/1566 1629/2687/1629 1598/2633/1598
f 1509/2584/1509 1583/2602/1583 1597/2632/1597
f 1569/2580/1569 1630/2688/1630 1582/2601/1582
f 1583/2602/1583 1585/2656/1585 1598/2689/1598
f 1584/2603/1584 1545/2527/1545 1587/2658/1587
f 1545/2527/1545 1510/2462/1510 1587/2658/1587
f 1511/2690/1511 1512/2611/1512 1589/2613/1589
f 1482/2416/1482 1604/2641/1604 1616/2691/1616
f 1440/2343/1440 1631/2692/1631 1503/2452/1503
f 1562/2693/1562 1632/2694/1632 1561/2695/1561
f 1577/2595/1577 1633/2696/1633 1445/2355/1445
f 1619/2697/1619 1563/2698/1563 1634/2699/1634
f 1517/2700/1517 1635/2701/1635 1621/2702/1621
f 1517/2471/1517 1540/2518/1540 1636/2703/1636
f 1637/2704/1637 1638/2705/1638 1639/2706/1639
f 1640/2707/1640 1641/2708/1641 1642/2709/1642
f 1447/2424/1447 1608/2647/1608 1427/2318/1427
f 1622/2676/1622 1593/2624/1593 1446/2472/1446
f 1457/2377/1457 1564/2569/1564 1594/2625/1594
f 1519/2474/1519 1594/2625/1594 1579/2598/1579
f 1474/2406/1474 1609/2648/1609 1543/2521/1543
f 1520/2475/1520 1610/2649/1610 1486/2425/1486
f 1302/2085/1302 1487/2570/1487 1530/2710/1530
f 1380/2234/1380 1379/2233/1379 1626/2681/1626
f 1544/2684/1544 1627/2682/1627 1566/2711/1566
f 1613/2655/1613 1569/2580/1569 1531/2503/1531
f 1584/2603/1584 1582/2712/1582 1570/2581/1570
f 1450/2363/1450 1599/2635/1599 1359/2199/1359
f 1588/2609/1588 1574/2589/1574 1535/2588/1535
f 1553/2617/1553 1603/2640/1603 1643/2713/1643
f 1537/2560/1537 1603/2640/1603 1502/2451/1502
f 1470/2548/1470 1644/2714/1644 1617/2715/1617
f 1606/2645/1606 1645/2716/1645 1504/2513/1504
f 1529/2620/1529 1617/2715/1617 1577/2595/1577
f 1445/2372/1445 1633/2717/1633 1539/2516/1539
f 1539/2718/1539 1634/2719/1634 1563/2720/1563
f 1621/2721/1621 1646/2722/1646 1618/2723/1618
f 1621/2702/1621 1635/2701/1635 1647/2724/1647
f 1505/2456/1505 1648/2725/1648 1456/2376/1456
f 1640/2726/1640 1649/2727/1649 1641/2728/1641
f 1641/2728/1641 1649/2727/1649 1650/2729/1650
f 1641/2728/1641 1650/2729/1650 1651/2730/1651
f 1637/2704/1637 1639/2706/1639 1652/2731/1652
f 1639/2706/1639 1638/2705/1638 1653/2732/1653
f 1637/2704/1637 1654/2733/1654 1638/2705/1638
f 1651/2730/1651 1655/2734/1655 1641/2728/1641
f 1506/2457/1506 1624/2678/1624 1430/2323/1430
f 1608/2647/1608 1578/2679/1578 1656/2735/1656
f 1628/2686/1628 1596/2629/1596 1458/2628/1458
f 1657/2736/1657 1658/2737/1658 1613/2738/1613
f 1613/2655/1613 1658/2739/1658 1569/2580/1569
f 1659/2740/1659 1570/2581/1570 1630/2741/1630
f 1570/2581/1570 1582/2712/1582 1630/2741/1630
f 1511/2463/1511 1660/2742/1660 1557/2659/1557
f 1481/2415/1481 1602/2639/1602 1661/2743/1661
f 1414/2592/1414 1559/2556/1559 1662/2744/1662
f 1414/2592/1414 1662/2744/1662 1500/2448/1500
f 1528/2494/1528 1663/2745/1663 1560/2559/1560
f 1663/2745/1663 1664/2746/1664 1560/2559/1560
f 1504/2513/1504 1645/2716/1645 1605/2644/1605
f 1619/2747/1619 1665/2748/1665 1620/2749/1620
f 1517/2700/1517 1636/2750/1636 1635/2701/1635
f 1652/2751/1652 1639/2752/1639 1666/2753/1666
f 1667/2754/1667 1666/2753/1666 1639/2752/1639
f 1652/2755/1652 1668/2756/1668 1637/2757/1637
f 1640/2707/1640 1642/2709/1642 1669/2758/1669
f 1637/2757/1637 1668/2756/1668 1654/2759/1654
f 1641/2708/1641 1655/2760/1655 1642/2709/1642
f 1624/2678/1624 1670/2761/1670 1564/2569/1564
f 1506/2457/1506 1671/2762/1671 1624/2678/1624
f 1542/2763/1542 1543/2764/1543 1672/2765/1672
f 1389/2429/1389 1488/2428/1488 1627/2682/1627
f 1522/2479/1522 1673/2766/1673 1565/2767/1565
f 1565/2767/1565 1673/2766/1673 1613/2738/1613
f 1673/2766/1673 1657/2736/1657 1613/2738/1613
f 1657/2768/1657 1674/2769/1674 1658/2739/1658
f 1612/2685/1612 1675/2770/1675 1628/2686/1628
f 1676/2771/1676 1597/2632/1597 1677/2772/1677
f 1567/2631/1567 1597/2632/1597 1676/2771/1676
f 1658/2739/1658 1674/2769/1674 1659/2773/1659
f 1659/2773/1659 1569/2580/1569 1658/2739/1658
f 1612/2654/1612 1568/2578/1568 1675/2774/1675
f 1675/2774/1675 1568/2578/1568 1659/2740/1659
f 1570/2581/1570 1659/2740/1659 1568/2578/1568
f 1678/2775/1678 1598/2633/1598 1629/2687/1629
f 1678/2776/1678 1597/2632/1597 1583/2602/1583
f 1678/2776/1678 1583/2602/1583 1598/2689/1598
f 1588/2609/1588 1493/2485/1493 1679/2777/1679
f 1588/2609/1588 1680/2778/1680 1574/2589/1574
f 1515/2490/1515 1574/2779/1574 1451/2364/1451
f 1451/2364/1451 1681/2780/1681 1498/2445/1498
f 1575/2781/1575 1481/2415/1481 1682/2782/1682
f 1559/2556/1559 1552/2539/1552 1683/2783/1683
f 1500/2448/1500 1663/2745/1663 1528/2494/1528
f 1617/2715/1617 1684/2784/1684 1577/2595/1577
f 1621/2785/1621 1647/2786/1647 1646/2787/1646
f 1455/2375/1455 1685/2788/1685 1540/2518/1540
f 1456/2376/1456 1648/2725/1648 1607/2646/1607
f 1472/2404/1472 1686/2789/1686 1455/2375/1455
f 1640/2707/1640 1687/2790/1687 1649/2791/1649
f 1640/2707/1640 1688/2792/1688 1687/2790/1687
f 1651/2730/1651 1689/2793/1689 1655/2734/1655
f 1690/2794/1690 1638/2705/1638 1654/2733/1654
f 1579/2598/1579 1691/2795/1691 1520/2524/1520
f 1522/2479/1522 1611/2650/1611 1692/2796/1692
f 1567/2653/1567 1693/2797/1693 1595/2651/1595
f 1567/2653/1567 1676/2798/1676 1693/2797/1693
f 1677/2772/1677 1678/2776/1678 1694/2799/1694
f 1597/2632/1597 1678/2776/1678 1677/2772/1677
f 1694/2799/1694 1678/2776/1678 1629/2800/1629
f 1569/2580/1569 1659/2773/1659 1630/2688/1630
f 1477/2409/1477 1695/2801/1695 1493/2485/1493
f 1574/2779/1574 1681/2780/1681 1451/2364/1451
f 1500/2448/1500 1662/2744/1662 1696/2802/1696
f 1553/2540/1553 1643/2803/1643 1576/2593/1576
f 1591/2804/1591 1560/2805/1560 1664/2806/1664
f 1616/2807/1616 1697/2808/1697 1537/2809/1537
f 1554/2547/1554 1644/2714/1644 1470/2548/1470
f 1698/2810/1698 1633/2811/1633 1577/2812/1577
f 1632/2813/1632 1562/2565/1562 1699/2814/1699
f 1562/2565/1562 1618/2668/1618 1699/2814/1699
f 1618/2723/1618 1646/2722/1646 1699/2815/1699
f 1634/2816/1634 1700/2817/1700 1665/2818/1665
f 1634/2816/1634 1665/2818/1665 1619/2819/1619
f 1649/2791/1649 1687/2790/1687 1701/2820/1701
f 1701/2821/1701 1650/2822/1650 1649/2823/1649
f 1652/2755/1652 1666/2824/1666 1702/2825/1702
f 1669/2758/1669 1688/2792/1688 1640/2707/1640
f 1651/2826/1651 1703/2827/1703 1704/2828/1704
f 1652/2755/1652 1705/2829/1705 1668/2756/1668
f 1653/2732/1653 1667/2830/1667 1639/2706/1639
f 1638/2705/1638 1706/2831/1706 1653/2732/1653
f 1638/2705/1638 1690/2794/1690 1706/2831/1706
f 1623/2677/1623 1707/2832/1707 1506/2457/1506
f 1506/2457/1506 1707/2832/1707 1671/2762/1671
f 1542/2520/1542 1708/2833/1708 1623/2677/1623
f 1579/2598/1579 1594/2625/1594 1709/2834/1709
f 1579/2598/1579 1709/2834/1709 1691/2795/1691
f 1555/2551/1555 1710/2835/1710 1424/2552/1424
f 1487/2427/1487 1381/2235/1381 1711/2836/1711
f 1381/2235/1381 1581/2600/1581 1711/2836/1711
f 1677/2837/1677 1712/2838/1712 1676/2798/1676
f 1566/2711/1566 1713/2839/1713 1629/2840/1629
f 1677/2837/1677 1694/2841/1694 1712/2838/1712
f 1659/2740/1659 1674/2842/1674 1675/2774/1675
f 1526/2614/1526 1714/2843/1714 1589/2613/1589
f 1452/2365/1452 1614/2661/1614 1602/2639/1602
f 1614/2661/1614 1516/2469/1516 1615/2662/1615
f 1438/2340/1438 1715/2844/1715 1552/2539/1552
f 1559/2556/1559 1683/2783/1683 1662/2744/1662
f 1467/2394/1467 1716/2845/1716 1590/2616/1590
f 1537/2560/1537 1717/2846/1717 1603/2640/1603
f 1503/2452/1503 1718/2847/1718 1554/2848/1554
f 1538/2561/1538 1719/2849/1719 1604/2642/1604
f 1606/2645/1606 1720/2850/1720 1645/2716/1645
f 1633/2851/1633 1634/2719/1634 1539/2718/1539
f 1455/2375/1455 1686/2789/1686 1685/2788/1685
f 1702/2825/1702 1705/2829/1705 1652/2755/1652
f 1472/2404/1472 1608/2647/1608 1686/2789/1686
f 1704/2852/1704 1689/2793/1689 1651/2730/1651
f 1653/2853/1653 1721/2854/1721 1667/2855/1667
f 1689/2793/1689 1722/2856/1722 1655/2734/1655
f 1473/2405/1473 1723/2857/1723 1578/2597/1578
f 1609/2858/1609 1724/2859/1724 1543/2764/1543
f 1543/2764/1543 1724/2859/1724 1672/2765/1672
f 1521/2502/1521 1595/2626/1595 1611/2860/1611
f 1522/2479/1522 1692/2796/1692 1673/2766/1673
f 1629/2840/1629 1725/2861/1725 1694/2841/1694
f 1477/2409/1477 1599/2635/1599 1695/2801/1695
f 1493/2485/1493 1695/2801/1695 1679/2777/1679
f 1680/2778/1680 1726/2862/1726 1574/2589/1574
f 1526/2491/1526 1600/2636/1600 1714/2863/1714
f 1498/2445/1498 1681/2780/1681 1601/2637/1601
f 1481/2415/1481 1661/2743/1661 1682/2782/1682
f 1503/2452/1503 1631/2692/1631 1718/2847/1718
f 1554/2864/1554 1718/2865/1718 1727/2866/1727
f 1540/2518/1540 1728/2867/1728 1636/2703/1636
f 1650/2868/1650 1703/2827/1703 1651/2826/1651
f 1667/2754/1667 1729/2869/1729 1666/2753/1666
f 1668/2756/1668 1730/2870/1730 1654/2759/1654
f 1731/2871/1731 1564/2569/1564 1670/2761/1670
f 1642/2709/1642 1655/2760/1655 1732/2872/1732
f 1564/2569/1564 1731/2871/1731 1594/2625/1594
f 1623/2677/1623 1708/2833/1708 1707/2832/1707
f 1379/2233/1379 1733/2873/1733 1626/2681/1626
f 1734/2874/1734 1657/2736/1657 1673/2766/1673
f 1627/2682/1627 1713/2839/1713 1566/2711/1566
f 1675/2770/1675 1735/2875/1735 1628/2686/1628
f 1629/2840/1629 1713/2839/1713 1725/2861/1725
f 1694/2841/1694 1725/2861/1725 1712/2838/1712
f 1674/2876/1674 1657/2736/1657 1736/2877/1736
f 1674/2876/1674 1735/2875/1735 1675/2770/1675
f 1511/2463/1511 1589/2878/1589 1660/2742/1660
f 1588/2609/1588 1679/2777/1679 1680/2778/1680
f 1575/2591/1575 1682/2879/1682 1737/2880/1737
f 1465/2392/1465 1738/2881/1738 1536/2509/1536
f 1499/2447/1499 1536/2509/1536 1738/2881/1738
f 1438/2340/1438 1551/2538/1551 1715/2844/1715
f 1615/2662/1615 1590/2616/1590 1716/2845/1716
f 1716/2845/1716 1467/2394/1467 1576/2593/1576
f 1696/2802/1696 1739/2882/1739 1500/2448/1500
f 1440/2883/1440 1591/2884/1591 1631/2885/1631
f 1631/2692/1631 1740/2886/1740 1718/2847/1718
f 1538/2561/1538 1605/2887/1605 1719/2849/1719
f 1606/2888/1606 1561/2889/1561 1720/2890/1720
f 1577/2891/1577 1684/2892/1684 1698/2893/1698
f 1561/2889/1561 1741/2894/1741 1720/2890/1720
f 1647/2786/1647 1699/2814/1699 1646/2787/1646
f 1620/2749/1620 1665/2748/1665 1592/2895/1592
f 1620/2749/1620 1592/2895/1592 1541/2896/1541
f 1635/2701/1635 1636/2750/1636 1742/2897/1742
f 1701/2898/1701 1687/2899/1687 1743/2900/1743
f 1666/2901/1666 1729/2902/1729 1744/2903/1744
f 1721/2854/1721 1745/2904/1745 1667/2855/1667
f 1654/2759/1654 1730/2870/1730 1746/2905/1746
f 1507/2458/1507 1593/2906/1593 1747/2907/1747
f 1691/2795/1691 1709/2834/1709 1748/2908/1748
f 1580/2599/1580 1723/2857/1723 1473/2405/1473
f 1378/2476/1378 1749/2909/1749 1379/2910/1379
f 1379/2233/1379 1749/2911/1749 1733/2873/1733
f 1555/2551/1555 1750/2912/1750 1710/2835/1710
f 1508/2459/1508 1596/2627/1596 1751/2913/1751
f 1627/2682/1627 1488/2428/1488 1752/2914/1752
f 1674/2876/1674 1736/2877/1736 1735/2875/1735
f 1574/2779/1574 1726/2915/1726 1681/2780/1681
f 1601/2637/1601 1753/2916/1753 1465/2392/1465
f 1552/2539/1552 1715/2844/1715 1683/2783/1683
f 1500/2448/1500 1739/2882/1739 1663/2745/1663
f 1754/2917/1754 1740/2918/1740 1755/2919/1755
f 1697/2920/1697 1717/2846/1717 1537/2560/1537
f 1717/2921/1717 1697/2922/1697 1756/2923/1756
f 1631/2692/1631 1755/2924/1755 1740/2886/1740
f 1632/2813/1632 1741/2925/1741 1561/2621/1561
f 1648/2926/1648 1505/2927/1505 1592/2928/1592
f 1642/2709/1642 1732/2872/1732 1669/2758/1669
f 1655/2760/1655 1757/2929/1757 1732/2872/1732
f 1542/2930/1542 1758/2931/1758 1708/2932/1708
f 1507/2458/1507 1747/2907/1747 1609/2648/1609
f 1520/2524/1520 1691/2795/1691 1610/2933/1610
f 1555/2571/1555 1530/2501/1530 1750/2934/1750
f 1750/2935/1750 1759/2936/1759 1710/2937/1710
f 1596/2627/1596 1628/2938/1628 1751/2913/1751
f 1660/2742/1660 1760/2939/1760 1557/2659/1557
f 1737/2880/1737 1600/2636/1600 1575/2591/1575
f 1614/2661/1614 1615/2662/1615 1761/2940/1761
f 1615/2662/1615 1762/2941/1762 1761/2940/1761
f 1716/2845/1716 1576/2593/1576 1763/2942/1763
f 1663/2745/1663 1764/2943/1764 1664/2746/1664
f 1765/2944/1765 1766/2945/1766 1643/2946/1643
f 1643/2713/1643 1603/2640/1603 1765/2947/1765
f 1591/2804/1591 1664/2806/1664 1767/2948/1767
f 1631/2692/1631 1591/2619/1591 1755/2924/1755
f 1697/2922/1697 1616/2949/1616 1756/2923/1756
f 1740/2886/1740 1768/2950/1768 1718/2847/1718
f 1554/2547/1554 1769/2951/1769 1644/2714/1644
f 1617/2715/1617 1644/2714/1644 1684/2784/1684
f 1632/2813/1632 1699/2814/1699 1741/2925/1741
f 1635/2701/1635 1770/2952/1770 1647/2724/1647
f 1636/2703/1636 1728/2867/1728 1742/2953/1742
f 1743/2954/1743 1771/2955/1771 1701/2821/1701
f 1701/2821/1701 1771/2955/1771 1650/2822/1650
f 1666/2956/1666 1744/2957/1744 1702/2958/1702
f 1702/2825/1702 1772/2959/1772 1705/2829/1705
f 1688/2960/1688 1773/2961/1773 1687/2899/1687
f 1671/2762/1671 1774/2962/1774 1624/2678/1624
f 1378/2476/1378 1775/2963/1775 1749/2909/1749
f 1625/2680/1625 1424/2309/1424 1776/2964/1776
f 1424/2309/1424 1710/2965/1710 1776/2964/1776
f 1777/2966/1777 1778/2967/1778 1530/2501/1530
f 1530/2501/1530 1778/2967/1778 1750/2934/1750
f 1750/2968/1750 1611/2860/1611 1759/2969/1759
f 1673/2766/1673 1692/2796/1692 1734/2874/1734
f 1734/2874/1734 1779/2970/1779 1657/2736/1657
f 1589/2878/1589 1714/2863/1714 1660/2742/1660
f 1551/2538/1551 1780/2971/1780 1715/2844/1715
f 1716/2845/1716 1762/2941/1762 1615/2662/1615
f 1766/2972/1766 1576/2593/1576 1643/2803/1643
f 1740/2886/1740 1754/2973/1754 1768/2950/1768
f 1604/2641/1604 1781/2974/1781 1616/2691/1616
f 1604/2641/1604 1719/2975/1719 1781/2974/1781
f 1554/2547/1554 1782/2976/1782 1769/2951/1769
f 1605/2644/1605 1645/2716/1645 1783/2977/1783
f 1644/2978/1644 1784/2979/1784 1684/2980/1684
f 1633/2981/1633 1700/2982/1700 1634/2983/1634
f 1699/2814/1699 1647/2786/1647 1785/2984/1785
f 1592/2985/1592 1786/2986/1786 1648/1668/1648
f 1607/2646/1607 1648/2725/1648 1787/2987/1787
f 1787/2987/1787 1788/2988/1788 1607/2646/1607
f 1689/2793/1689 1704/2852/1704 1789/2989/1789
f 1624/2678/1624 1774/2962/1774 1670/2761/1670
f 1669/2758/1669 1790/2990/1790 1688/2792/1688
f 1669/2758/1669 1732/2872/1732 1790/2990/1790
f 1578/2679/1578 1723/2991/1723 1656/2735/1656
f 1542/2763/1542 1672/2765/1672 1758/2992/1758
f 1610/2933/1610 1691/2795/1691 1791/2993/1791
f 1487/2570/1487 1711/2994/1711 1792/2995/1792
f 1611/2860/1611 1595/2626/1595 1759/2969/1759
f 1751/2913/1751 1581/2600/1581 1508/2459/1508
f 1712/2838/1712 1793/2996/1793 1794/2997/1794
f 1712/2838/1712 1794/2997/1794 1676/2798/1676
f 1693/2797/1693 1676/2798/1676 1794/2997/1794
f 1627/2682/1627 1795/2998/1795 1713/2839/1713
f 1725/2861/1725 1793/2996/1793 1712/2838/1712
f 1796/2999/1796 1681/3000/1681 1726/235/1726
f 1605/2887/1605 1797/3001/1797 1719/2849/1719
f 1645/2716/1645 1720/2850/1720 1783/2977/1783
f 1720/2890/1720 1741/2894/1741 1798/3002/1798
f 1635/3003/1635 1742/2953/1742 1770/3004/1770
f 1799/3005/1799 1702/2958/1702 1744/2957/1744
f 1799/3006/1799 1772/2959/1772 1702/2825/1702
f 1771/3007/1771 1703/3008/1703 1650/3009/1650
f 1705/2829/1705 1800/3010/1800 1668/2756/1668
f 1703/2827/1703 1801/3011/1801 1704/2828/1704
f 1686/2789/1686 1608/2647/1608 1802/3012/1802
f 1706/2831/1706 1803/3013/1803 1653/2732/1653
f 1655/2734/1655 1722/2856/1722 1757/3014/1757
f 1732/2872/1732 1757/2929/1757 1804/3015/1804
f 1746/3016/1746 1690/2794/1690 1654/2733/1654
f 1656/2735/1656 1723/2991/1723 1805/3017/1805
f 1672/2765/1672 1806/3018/1806 1758/2992/1758
f 1580/3019/1580 1807/3020/1807 1723/3021/1723
f 1610/2933/1610 1808/3022/1808 1580/3019/1580
f 1777/3023/1777 1530/2710/1530 1809/3024/1809
f 1711/2836/1711 1581/2600/1581 1810/3025/1810
f 1759/2969/1759 1595/2626/1595 1811/3026/1811
f 1626/3027/1626 1812/3028/1812 1488/3029/1488
f 1752/2914/1752 1795/2998/1795 1627/2682/1627
f 1735/2875/1735 1813/3030/1813 1628/2686/1628
f 1499/2447/1499 1738/2881/1738 1551/2538/1551
f 1716/3031/1716 1763/3032/1763 1814/3033/1814
f 1696/2802/1696 1815/3034/1815 1739/2882/1739
f 1739/2882/1739 1764/2943/1764 1663/2745/1663
f 1603/2640/1603 1816/3035/1816 1765/2947/1765
f 1756/3036/1756 1616/2691/1616 1817/3037/1817
f 1616/2691/1616 1781/2974/1781 1817/3037/1817
f 1768/2950/1768 1818/3038/1818 1718/2847/1718
f 1644/3039/1644 1769/3040/1769 1784/3041/1784
f 1647/2786/1647 1770/3004/1770 1785/2984/1785
f 1540/2518/1540 1685/2788/1685 1728/2867/1728
f 1687/2899/1687 1773/2961/1773 1819/3042/1819
f 1667/2754/1667 1745/3043/1745 1729/2869/1729
f 1607/2646/1607 1788/2988/1788 1622/2676/1622
f 1707/2832/1707 1708/2833/1708 1820/3044/1820
f 1746/3016/1746 1821/3045/1821 1690/2794/1690
f 1775/2963/1775 1625/2680/1625 1822/3046/1822
f 1378/2476/1378 1625/2680/1625 1775/2963/1775
f 1792/2995/1792 1711/2994/1711 1810/3047/1810
f 1759/2969/1759 1811/3026/1811 1710/3048/1710
f 1812/3028/1812 1752/3049/1752 1488/3029/1488
f 1779/2970/1779 1736/2877/1736 1657/2736/1657
f 1735/2875/1735 1823/3050/1823 1824/3051/1824
f 1735/2875/1735 1824/3051/1824 1813/3030/1813
f 1679/2777/1679 1695/2801/1695 1825/3052/1825
f 1600/3053/1600 1826/3054/1826 1714/3055/1714
f 1661/2743/1661 1602/2639/1602 1827/3056/1827
f 1717/2846/1717 1828/3057/1828 1603/2640/1603
f 1755/3058/1755 1829/3059/1829 1754/3060/1754
f 1591/2804/1591 1829/3059/1829 1755/3058/1755
f 1756/3061/1756 1830/3062/1830 1717/2846/1717
f 1817/3063/1817 1830/3064/1830 1756/3065/1756
f 1554/2864/1554 1727/2866/1727 1782/3066/1782
f 1698/2893/1698 1684/2892/1684 1831/3067/1831
f 1698/3068/1698 1831/3069/1831 1633/3070/1633
f 1633/3070/1633 1831/3069/1831 1700/3071/1700
f 1648/3072/1648 1786/3073/1786 1832/3074/1832
f 1819/3042/1819 1743/2900/1743 1687/2899/1687
f 1833/3075/1833 1671/2762/1671 1707/2832/1707
f 1653/2732/1653 1803/3013/1803 1721/3076/1721
f 1802/3012/1802 1608/2647/1608 1834/3077/1834
f 1803/3013/1803 1706/2831/1706 1690/2794/1690
f 1757/3014/1757 1722/2856/1722 1835/3078/1835
f 1834/3077/1834 1608/2647/1608 1656/2735/1656
f 1723/2991/1723 1807/3079/1807 1805/3017/1805
f 1807/3020/1807 1580/3019/1580 1808/3022/1808
f 1836/3080/1836 1530/2710/1530 1487/2570/1487
f 1778/3081/1778 1777/3023/1777 1837/3082/1837
f 1776/3083/1776 1710/3084/1710 1838/3085/1838
f 1838/3086/1838 1710/3048/1710 1811/3026/1811
f 1733/3087/1733 1812/3028/1812 1626/3027/1626
f 1839/3088/1839 1611/3089/1611 1750/3090/1750
f 1839/3088/1839 1692/3091/1692 1611/3089/1611
f 1811/3026/1811 1595/2626/1595 1693/3092/1693
f 1813/3030/1813 1751/3093/1751 1628/2686/1628
f 1725/2861/1725 1713/2839/1713 1840/3094/1840
f 1823/3050/1823 1735/2875/1735 1736/2877/1736
f 1599/2635/1599 1450/2363/1450 1557/2554/1557
f 1825/3052/1825 1841/3095/1841 1679/2777/1679
f 1842/3096/1842 1714/2863/1714 1826/3097/1826
f 1843/3098/1843 1600/2636/1600 1737/2880/1737
f 1763/3032/1763 1576/3099/1576 1766/3100/1766
f 1844/3101/1844 1845/3102/1845 1846/3103/1846
f 1847/3104/1847 1848/3105/1848 1818/3106/1818
f 1818/3038/1818 1727/3107/1727 1718/2847/1718
f 1849/3108/1849 1848/3109/1848 1850/3110/1850
f 1781/3111/1781 1846/3112/1846 1845/3113/1845
f 1818/2090/1818 1848/3114/1848 1849/3115/1849
f 1851/3116/1851 1797/3001/1797 1605/2887/1605
f 1851/3117/1851 1605/2644/1605 1852/3118/1852
f 1605/2644/1605 1783/2977/1783 1852/3118/1852
f 1798/3119/1798 1783/2977/1783 1720/2850/1720
f 1831/3120/1831 1684/3121/1684 1784/3122/1784
f 1853/3123/1853 1798/3124/1798 1741/3125/1741
f 1853/3126/1853 1699/2814/1699 1785/2984/1785
f 1853/3126/1853 1741/2925/1741 1699/2814/1699
f 1832/3127/1832 1787/2987/1787 1648/2725/1648
f 1854/3128/1854 1799/3005/1799 1744/2957/1744
f 1787/3129/1787 1819/3130/1819 1788/3131/1788
f 1855/3132/1855 1744/2903/1744 1729/2902/1729
f 1772/3133/1772 1686/2789/1686 1800/3134/1800
f 1772/2959/1772 1800/3010/1800 1705/2829/1705
f 1856/3135/1856 1622/2676/1622 1788/2988/1788
f 1774/2962/1774 1857/3136/1857 1670/2761/1670
f 1804/3137/1804 1757/3138/1757 1858/3139/1858
f 1594/2625/1594 1859/3140/1859 1709/2834/1709
f 1593/2624/1593 1860/3141/1860 1747/3142/1747
f 1656/2735/1656 1805/3017/1805 1861/3143/1861
f 1862/3144/1862 1724/2859/1724 1609/2858/1609
f 1791/2993/1791 1808/3022/1808 1610/2933/1610
f 1863/3145/1863 1864/3146/1864 1865/3147/1865
f 1809/3024/1809 1837/3082/1837 1777/3023/1777
f 1749/3148/1749 1866/3149/1866 1733/3087/1733
f 1750/3090/1750 1778/3150/1778 1839/3088/1839
f 1867/3151/1867 1713/2839/1713 1795/2998/1795
f 1793/2996/1793 1725/2861/1725 1840/3094/1840
f 1679/2897/1679 1841/3152/1841 1680/3153/1680
f 1680/2778/1680 1868/3154/1868 1726/2862/1726
f 1681/2780/1681 1753/2916/1753 1601/2637/1601
f 1465/2392/1465 1753/2916/1753 1738/2881/1738
f 1815/3034/1815 1869/3155/1869 1739/2882/1739
f 1739/2882/1739 1869/3155/1869 1764/2943/1764
f 1763/3032/1763 1766/3100/1766 1870/3156/1870
f 1870/3157/1870 1766/2945/1766 1871/3158/1871
f 1766/2945/1766 1765/2944/1765 1871/3158/1871
f 1817/3037/1817 1781/2974/1781 1845/3159/1845
f 1700/3071/1700 1786/3073/1786 1665/3160/1665
f 1665/2748/1665 1786/3161/1786 1592/2895/1592
f 1872/3162/1872 1729/2869/1729 1745/3043/1745
f 1800/3134/1800 1686/2789/1686 1873/3163/1873
f 1686/2789/1686 1802/3012/1802 1873/3163/1873
f 1690/2794/1690 1874/3164/1874 1803/3013/1803
f 1860/3141/1860 1593/2624/1593 1622/2676/1622
f 1656/2735/1656 1861/3143/1861 1834/3077/1834
f 1609/2858/1609 1747/3165/1747 1875/3166/1875
f 1724/2859/1724 1806/3018/1806 1672/2765/1672
f 1808/3167/1808 1865/3147/1865 1807/3168/1807
f 1530/2710/1530 1836/3080/1836 1809/3024/1809
f 1487/2570/1487 1792/2995/1792 1836/3080/1836
f 1693/2797/1693 1794/2997/1794 1876/3169/1876
f 1713/3170/1713 1867/3171/1867 1840/3172/1840
f 1760/2939/1760 1660/2742/1660 1877/3173/1877
f 1660/2742/1660 1714/2863/1714 1877/3173/1877
f 1614/2661/1614 1878/3174/1878 1602/2639/1602
f 1768/2950/1768 1847/3175/1847 1818/3038/1818
f 1849/3176/1849 1727/2006/1727 1818/3177/1818
f 1719/3178/1719 1797/3179/1797 1781/3180/1781
f 1685/3181/1685 1686/3182/1686 1772/3183/1772
f 1879/3184/1879 1771/2955/1771 1743/2954/1743
f 1879/3184/1879 1743/2954/1743 1787/3185/1787
f 1771/3007/1771 1880/3186/1880 1703/3008/1703
f 1787/3187/1787 1743/3188/1743 1819/3189/1819
f 1704/2828/1704 1801/3011/1801 1789/3190/1789
f 1800/3010/1800 1873/3191/1873 1668/2756/1668
f 1789/2989/1789 1881/3192/1881 1689/2793/1689
f 1856/3135/1856 1882/3193/1882 1622/2676/1622
f 1690/2794/1690 1821/3045/1821 1883/3194/1883
f 1859/3195/1859 1748/3196/1748 1709/3197/1709
f 1865/3147/1865 1864/3146/1864 1807/3168/1807
f 1808/3167/1808 1791/3198/1791 1865/3147/1865
f 1778/3150/1778 1837/3199/1837 1839/3088/1839
f 1581/2600/1581 1751/2913/1751 1810/3025/1810
f 1692/3091/1692 1779/3200/1779 1734/3201/1734
f 1884/3202/1884 1795/3203/1795 1752/3049/1752
f 1779/2970/1779 1885/3204/1885 1736/2877/1736
f 1599/2635/1599 1557/2554/1557 1886/3205/1886
f 1825/3052/1825 1695/2801/1695 1599/2635/1599
f 1826/3097/1826 1600/2636/1600 1843/3098/1843
f 1682/2782/1682 1661/2743/1661 1887/3206/1887
f 1888/3207/1888 1662/2744/1662 1683/2783/1683
f 1888/3207/1888 1696/2802/1696 1662/2744/1662
f 1889/3208/1889 1890/3209/1890 1869/3155/1869
f 1890/3209/1890 1764/2943/1764 1869/3155/1869
f 1850/3210/1850 1848/3105/1848 1847/3104/1847
f 1846/3211/1846 1781/3180/1781 1797/3179/1797
f 1819/3130/1819 1773/3212/1773 1788/3131/1788
f 1788/3213/1788 1773/3214/1773 1856/3215/1856
f 1668/2756/1668 1873/3191/1873 1730/2870/1730
f 1891/3216/1891 1594/2625/1594 1731/2871/1731
f 1773/2961/1773 1688/2960/1688 1882/3217/1882
f 1882/3193/1882 1860/3141/1860 1622/2676/1622
f 1874/3164/1874 1690/2794/1690 1883/3194/1883
f 1790/2990/1790 1732/2872/1732 1804/3015/1804
f 1805/3017/1805 1807/3079/1807 1892/3218/1892
f 1791/3198/1791 1863/3145/1863 1865/3147/1865
f 1866/3219/1866 1749/2909/1749 1775/2963/1775
f 1812/3028/1812 1733/3087/1733 1866/3149/1866
f 1811/3026/1811 1693/3092/1693 1876/3220/1876
f 1884/3202/1884 1752/3049/1752 1812/3028/1812
f 1839/3088/1839 1779/3200/1779 1692/3091/1692
f 1661/2743/1661 1827/3056/1827 1887/3206/1887
f 1614/2661/1614 1761/2940/1761 1878/3174/1878
f 1780/2971/1780 1893/3221/1893 1715/2844/1715
f 1815/3034/1815 1889/3208/1889 1869/3155/1869
f 1871/3222/1871 1765/2947/1765 1816/3035/1816
f 1767/2948/1767 1829/3059/1829 1591/2804/1591
f 1830/3062/1830 1828/3057/1828 1717/2846/1717
f 1894/3223/1894 1847/3175/1847 1768/2950/1768
f 1797/3001/1797 1851/3116/1851 1895/3224/1895
f 1852/3118/1852 1783/2977/1783 1896/3225/1896
f 1783/3226/1783 1798/3227/1798 1896/3228/1896
f 1784/3229/1784 1897/3230/1897 1831/3069/1831
f 1879/3231/1879 1787/3232/1787 1832/3074/1832
f 1855/3132/1855 1729/2902/1729 1872/3233/1872
f 1873/3234/1873 1802/3235/1802 1730/3236/1730
f 1689/2793/1689 1881/3192/1881 1722/2856/1722
f 1857/3136/1857 1774/2962/1774 1898/3237/1898
f 1856/3215/1856 1773/3214/1773 1882/3238/1882
f 1881/3192/1881 1835/3078/1835 1722/2856/1722
f 1805/3017/1805 1892/3218/1892 1861/3143/1861
f 1748/2908/1748 1899/3239/1899 1691/2795/1691
f 1724/2859/1724 1862/3144/1862 1806/3018/1806
f 1691/2795/1691 1899/3239/1899 1791/2993/1791
f 1609/2858/1609 1875/3166/1875 1862/3144/1862
f 1792/3240/1792 1810/3241/1810 1900/3242/1900
f 1810/3241/1810 1751/3243/1751 1900/3242/1900
f 1838/3085/1838 1811/3244/1811 1876/3245/1876
f 1840/3094/1840 1901/3246/1901 1793/2996/1793
f 1736/2877/1736 1885/3204/1885 1823/3050/1823
f 1737/2880/1737 1682/2879/1682 1887/3247/1887
f 1716/2845/1716 1814/3248/1814 1762/2941/1762
f 1664/2806/1664 1902/3249/1902 1767/2948/1767
f 1817/3250/1817 1903/3251/1903 1830/3252/1830
f 1797/3253/1797 1895/3254/1895 1846/3255/1846
f 1727/3256/1727 1849/3257/1849 1904/3258/1904
f 1727/2866/1727 1904/3259/1904 1782/3066/1782
f 1782/3260/1782 1904/3261/1904 1769/3262/1769
f 1784/3041/1784 1769/3040/1769 1905/3263/1905
f 1798/3119/1798 1906/3264/1906 1896/3225/1896
f 1784/3229/1784 1905/3265/1905 1897/3230/1897
f 1798/3124/1798 1853/3123/1853 1906/3266/1906
f 1831/3069/1831 1786/3073/1786 1700/3071/1700
f 1770/3004/1770 1742/2953/1742 1907/3267/1907
f 1685/3181/1685 1772/3183/1772 1799/3268/1799
f 1879/3184/1879 1908/3269/1908 1771/2955/1771
f 1801/3011/1801 1909/3270/1909 1789/3190/1789
f 1594/3271/1594 1891/3272/1891 1859/3195/1859
f 1688/2792/1688 1790/2990/1790 1882/3273/1882
f 1835/3274/1835 1858/3139/1858 1757/3138/1757
f 1864/3275/1864 1892/3218/1892 1807/3079/1807
f 1775/3276/1775 1910/3277/1910 1866/3278/1866
f 1866/3149/1866 1911/3279/1911 1812/3028/1812
f 1911/3279/1911 1884/3202/1884 1812/3028/1812
f 1900/3242/1900 1751/3243/1751 1813/3280/1813
f 1884/3202/1884 1867/3281/1867 1795/3203/1795
f 1824/3282/1824 1912/3283/1912 1813/3284/1813
f 1867/3171/1867 1913/3285/1913 1840/3172/1840
f 1760/2939/1760 1886/3286/1886 1557/2659/1557
f 1841/3152/1841 1914/3287/1914 1680/3153/1680
f 1680/2778/1680 1914/3288/1914 1868/3154/1868
f 1737/2880/1737 1915/3289/1915 1843/3098/1843
f 1889/3290/1889 1916/3291/1916 1917/3292/1917
f 1889/3208/1889 1917/3293/1917 1890/3209/1890
f 1871/3158/1871 1918/3294/1918 1870/3157/1870
f 1871/3222/1871 1816/3035/1816 1919/3295/1919
f 1764/3296/1764 1902/3249/1902 1664/2806/1664
f 1828/3057/1828 1920/3297/1920 1603/2640/1603
f 1754/3060/1754 1829/3059/1829 1921/3298/1921
f 1846/3255/1846 1895/3254/1895 1844/3299/1844
f 1831/3069/1831 1922/3300/1922 1786/3073/1786
f 1907/3267/1907 1785/2984/1785 1770/3004/1770
f 1832/3074/1832 1908/3301/1908 1879/3231/1879
f 1771/3007/1771 1908/3301/1908 1880/3186/1880
f 1707/2832/1707 1820/3044/1820 1833/3075/1833
f 1802/3235/1802 1834/3302/1834 1730/3236/1730
f 1923/3303/1923 1708/2932/1708 1924/3304/1924
f 1834/3077/1834 1861/3143/1861 1925/3305/1925
f 1925/3306/1925 1821/3307/1821 1746/2905/1746
f 1926/3308/1926 1910/3277/1910 1775/3276/1775
f 1809/3309/1809 1927/3310/1927 1837/3311/1837
f 1866/3312/1866 1910/3313/1910 1911/3314/1911
f 1822/3315/1822 1625/3316/1625 1928/3317/1928
f 1929/3318/1929 1836/3319/1836 1930/3320/1930
f 1792/3240/1792 1930/3321/1930 1836/3322/1836
f 1792/3240/1792 1900/3242/1900 1930/3321/1930
f 1911/3279/1911 1867/3281/1867 1884/3202/1884
f 1794/3323/1794 1928/3324/1928 1876/3325/1876
f 1931/3326/1931 1877/3173/1877 1714/2863/1714
f 1931/3326/1931 1714/2863/1714 1932/3327/1932
f 1933/3328/1933 1753/3329/1753 1681/3330/1681
f 1888/3207/1888 1683/2783/1683 1715/2844/1715
f 1917/3293/1917 1934/3331/1934 1890/3209/1890
f 1918/3294/1918 1871/3158/1871 1919/3332/1919
f 1816/3035/1816 1603/2640/1603 1920/3297/1920
f 1850/3110/1850 1904/3333/1904 1849/3108/1849
f 1852/3334/1852 1895/3335/1895 1851/3336/1851
f 1852/3118/1852 1896/3225/1896 1935/3337/1935
f 1936/3338/1936 1905/3263/1905 1769/3040/1769
f 1922/3300/1922 1831/3069/1831 1897/3230/1897
f 1853/3123/1853 1937/3259/1937 1906/3266/1906
f 1728/2867/1728 1685/2788/1685 1938/3339/1938
f 1938/3340/1938 1685/3181/1685 1799/3268/1799
f 1857/3136/1857 1731/2871/1731 1670/2761/1670
f 1939/3341/1939 1671/2762/1671 1833/3075/1833
f 1923/3303/1923 1820/3342/1820 1708/2932/1708
f 1882/3343/1882 1940/3344/1940 1860/3345/1860
f 1941/3346/1941 1748/3196/1748 1859/3195/1859
f 1730/2870/1730 1925/3306/1925 1746/2905/1746
f 1882/3273/1882 1790/2990/1790 1940/3347/1940
f 1860/3345/1860 1940/3344/1940 1747/3348/1747
f 1747/3348/1747 1940/3344/1940 1942/3349/1942
f 1899/3239/1899 1863/3350/1863 1791/2993/1791
f 1836/3080/1836 1943/3351/1943 1809/3024/1809
f 1809/3352/1809 1944/3353/1944 1927/3354/1927
f 1625/3316/1625 1776/3083/1776 1928/3317/1928
f 1900/3242/1900 1912/3355/1912 1930/3321/1930
f 1900/3242/1900 1813/3280/1813 1912/3355/1912
f 1838/3085/1838 1876/3245/1876 1928/3317/1928
f 1910/3313/1910 1867/3356/1867 1911/3314/1911
f 1910/3277/1910 1913/3285/1913 1867/3171/1867
f 1927/3354/1927 1779/3200/1779 1839/3088/1839
f 1928/3357/1928 1794/3358/1794 1793/3359/1793
f 1945/3360/1945 1841/3361/1841 1825/3362/1825
f 1714/2863/1714 1842/3096/1842 1932/3327/1932
f 1826/3097/1826 1843/3098/1843 1946/3363/1946
f 1796/3364/1796 1933/3365/1933 1681/3366/1681
f 1915/3289/1915 1737/2880/1737 1887/3247/1887
f 1761/3367/1761 1947/3368/1947 1878/3369/1878
f 1761/2940/1761 1762/2941/1762 1948/3370/1948
f 1763/3032/1763 1870/3156/1870 1949/3371/1949
f 1815/3372/1815 1916/3291/1916 1889/3290/1889
f 1870/3156/1870 1918/3373/1918 1949/3371/1949
f 1890/3374/1890 1950/3375/1950 1764/3296/1764
f 1902/3249/1902 1764/3296/1764 1950/3375/1950
f 1830/3062/1830 1903/3376/1903 1951/3377/1951
f 1768/2950/1768 1952/3378/1952 1894/3223/1894
f 1844/3299/1844 1895/3254/1895 1953/3379/1953
f 1937/3259/1937 1853/3123/1853 1785/3380/1785
f 1728/2867/1728 1938/3339/1938 1742/2953/1742
f 1938/3339/1938 1799/3381/1799 1854/3382/1854
f 1744/2903/1744 1855/3132/1855 1854/3382/1854
f 1789/2989/1789 1954/3383/1954 1881/3192/1881
f 1834/3302/1834 1925/3384/1925 1730/3236/1730
f 1708/2932/1708 1758/2931/1758 1924/3304/1924
f 1861/3143/1861 1955/3385/1955 1925/3305/1925
f 1747/3386/1747 1942/3387/1942 1875/3388/1875
f 1758/2992/1758 1806/3018/1806 1956/3389/1956
f 1809/3024/1809 1943/3351/1943 1944/3390/1944
f 1822/3315/1822 1928/3317/1928 1957/3391/1957
f 1928/3317/1928 1776/3083/1776 1838/3085/1838
f 1837/3311/1837 1927/3310/1927 1839/3392/1839
f 1930/3320/1930 1912/3393/1912 1929/3318/1929
f 1910/3277/1910 1926/3308/1926 1913/3285/1913
f 1927/3354/1927 1885/3394/1885 1779/3200/1779
f 1824/3395/1824 1823/3396/1823 1912/3397/1912
f 1913/3285/1913 1901/3398/1901 1840/3172/1840
f 1599/2635/1599 1886/3205/1886 1825/3052/1825
f 1958/3399/1958 1914/3287/1914 1841/3152/1841
f 1959/3400/1959 1796/3364/1796 1726/3401/1726
f 1551/2538/1551 1960/3402/1960 1780/2971/1780
f 1602/2639/1602 1878/3174/1878 1827/3056/1827
f 1780/2971/1780 1961/3403/1961 1893/3221/1893
f 1893/3221/1893 1888/3207/1888 1715/2844/1715
f 1829/3059/1829 1767/2948/1767 1921/3298/1921
f 1852/3334/1852 1962/3404/1962 1895/3335/1895
f 1905/3263/1905 1936/3338/1936 1963/3405/1963
f 1905/3265/1905 1963/3406/1963 1897/3230/1897
f 1906/3264/1906 1937/3407/1937 1896/3225/1896
f 1897/3230/1897 1963/3406/1963 1922/3300/1922
f 1832/3074/1832 1786/3073/1786 1964/3408/1964
f 1820/3044/1820 1965/3409/1965 1833/3075/1833
f 1939/3341/1939 1774/2962/1774 1671/2762/1671
f 1804/3410/1804 1858/3411/1858 1966/3412/1966
f 1925/3306/1925 1955/3413/1955 1821/3307/1821
f 1790/2990/1790 1804/3015/1804 1966/3414/1966
f 1821/3045/1821 1955/3415/1955 1883/3194/1883
f 1861/3416/1861 1892/3417/1892 1955/3418/1955
f 1862/3144/1862 1956/3389/1956 1806/3018/1806
f 1926/3419/1926 1775/2963/1775 1967/3420/1967
f 1822/3046/1822 1967/3420/1967 1775/2963/1775
f 1944/3353/1944 1885/3394/1885 1927/3354/1927
f 1825/3362/1825 1968/3421/1968 1945/3360/1945
f 1726/2862/1726 1868/3154/1868 1959/3422/1959
f 1843/3098/1843 1915/3289/1915 1969/3423/1969
f 1551/2538/1551 1738/2881/1738 1960/3402/1960
f 1814/3248/1814 1948/3370/1948 1762/2941/1762
f 1763/3032/1763 1949/3371/1949 1814/3033/1814
f 1918/3373/1918 1970/3424/1970 1949/3371/1949
f 1934/3425/1934 1950/3375/1950 1890/3374/1890
f 1935/3337/1935 1896/3225/1896 1937/3407/1937
f 1880/3186/1880 1908/3301/1908 1971/3426/1971
f 1820/3342/1820 1923/3303/1923 1965/3427/1965
f 1972/3428/1972 1803/3013/1803 1874/3164/1874
f 1973/3429/1973 1858/3139/1858 1835/3274/1835
f 1966/3414/1966 1940/3347/1940 1790/2990/1790
f 1892/3218/1892 1864/3275/1864 1974/3430/1974
f 1899/3239/1899 1975/3431/1975 1863/3350/1863
f 1864/3432/1864 1863/3350/1863 1975/3431/1975
f 1836/3433/1836 1929/3434/1929 1943/3435/1943
f 1928/3317/1928 1793/3436/1793 1957/3391/1957
f 1929/3434/1929 1912/3437/1912 1976/3438/1976
f 1976/3438/1976 1912/3437/1912 1823/3439/1823
f 1842/3440/1842 1826/3441/1826 1946/3442/1946
f 1947/3368/1947 1761/3367/1761 1948/3443/1948
f 1917/3293/1917 1977/3444/1977 1934/3331/1934
f 1919/3295/1919 1816/3035/1816 1978/3445/1978
f 1754/2973/1754 1952/3378/1952 1768/2950/1768
f 1979/3446/1979 1817/3447/1817 1845/3448/1845
f 1980/2731/1980 1850/3210/1850 1847/3104/1847
f 1845/3449/1845 1844/3450/1844 1953/3451/1953
f 1850/3452/1850 1981/3453/1981 1904/3261/1904
f 1953/3379/1953 1895/3254/1895 1982/3454/1982
f 1982/3454/1982 1895/3254/1895 1962/3455/1962
f 1936/3456/1936 1769/3262/1769 1904/3261/1904
f 1937/3407/1937 1785/2984/1785 1983/3457/1983
f 1964/3408/1964 1908/3301/1908 1832/3074/1832
f 1984/3458/1984 1703/3008/1703 1880/3186/1880
f 1857/3136/1857 1985/3459/1985 1731/2871/1731
f 1985/3460/1985 1891/3272/1891 1731/3461/1731
f 1835/3462/1835 1881/3463/1881 1973/3464/1973
f 1858/3411/1858 1986/3465/1986 1966/3412/1966
f 1899/3239/1899 1748/2908/1748 1941/3466/1941
f 1875/3166/1875 1942/3467/1942 1862/3144/1862
f 1974/3468/1974 1864/3432/1864 1975/3431/1975
f 1967/3469/1967 1822/3315/1822 1957/3391/1957
f 1987/3470/1987 1901/3398/1901 1913/3285/1913
f 1976/3438/1976 1823/3439/1823 1885/3471/1885
f 1931/3326/1931 1932/3327/1932 1988/3472/1988
f 1989/3473/1989 1969/3423/1969 1915/3289/1915
f 1887/3247/1887 1990/3474/1990 1915/3289/1915
f 1990/3475/1990 1827/3056/1827 1878/3174/1878
f 1991/2815/1991 1878/3476/1878 1947/3477/1947
f 1961/3478/1961 1992/3479/1992 1893/3480/1893
f 1916/3291/1916 1977/3481/1977 1917/3292/1917
f 1918/3373/1918 1993/3482/1993 1970/3424/1970
f 1918/3294/1918 1919/3332/1919 1993/3483/1993
f 1919/3332/1919 1994/3484/1994 1993/3483/1993
f 1754/2973/1754 1921/3485/1921 1952/3378/1952
f 1845/3486/1845 1953/3487/1953 1995/3488/1995
f 1935/3337/1935 1937/3407/1937 1996/3489/1996
f 1938/3339/1938 1907/3267/1907 1742/2953/1742
f 1745/2904/1745 1721/2854/1721 1997/3490/1997
f 1721/2854/1721 1803/3491/1803 1998/3492/1998
f 1803/3013/1803 1972/3428/1972 1998/3493/1998
f 1881/3192/1881 1999/3494/1999 1973/3495/1973
f 1758/2931/1758 1956/3496/1956 1924/3304/1924
f 1966/3414/1966 1942/3497/1942 1940/3347/1940
f 1892/3218/1892 1974/3430/1974 1955/3385/1955
f 1967/3469/1967 1987/3498/1987 1926/3499/1926
f 1957/3391/1957 1987/3498/1987 1967/3469/1967
f 1943/3435/1943 1929/3434/1929 1976/3438/1976
f 1944/3353/1944 1976/3500/1976 1885/3394/1885
f 1926/3308/1926 1987/3470/1987 1913/3285/1913
f 1957/3391/1957 1901/3501/1901 1987/3498/1987
f 1957/3391/1957 1793/3436/1793 1901/3501/1901
f 1968/3421/1968 2000/3502/2000 1945/3360/1945
f 1945/3503/1945 1958/3504/1958 1841/3505/1841
f 1932/3327/1932 1842/3096/1842 2001/3506/2001
f 1868/3507/1868 1914/3287/1914 2002/3508/2002
f 1843/3098/1843 2003/3509/2003 1946/3363/1946
f 1843/3510/1843 1969/3511/1969 2003/3512/2003
f 1933/3513/1933 2004/3514/2004 1753/3515/1753
f 1753/2916/1753 1960/3402/1960 1738/2881/1738
f 1887/3206/1887 1827/3056/1827 1990/3475/1990
f 1893/3221/1893 1992/3516/1992 1888/3207/1888
f 1696/3517/1696 1888/3518/1888 1815/3372/1815
f 1815/3372/1815 1888/3518/1888 1916/3291/1916
f 1830/3062/1830 1951/3377/1951 1828/3057/1828
f 1817/3250/1817 1979/3519/1979 1903/3251/1903
f 1852/3334/1852 1935/3520/1935 1962/3404/1962
f 1937/3407/1937 1983/3457/1983 1996/3489/1996
f 1922/3300/1922 2005/3521/2005 1786/3073/1786
f 1907/3267/1907 1983/3457/1983 1785/2984/1785
f 1938/3339/1938 2006/3522/2006 1907/3267/1907
f 1854/3382/1854 2006/3522/2006 1938/3339/1938
f 1854/3382/1854 1855/3132/1855 2007/3523/2007
f 1703/3008/1703 1984/3458/1984 1801/3524/1801
f 1939/3341/1939 2008/3525/2008 1774/2962/1774
f 1954/3383/1954 1999/3494/1999 1881/3192/1881
f 1721/2854/1721 1998/3492/1998 1997/3490/1997
f 1923/3303/1923 2009/3526/2009 1965/3427/1965
f 1883/3194/1883 1955/3415/1955 2010/3527/2010
f 1944/3528/1944 1943/3435/1943 1976/3438/1976
f 1760/2939/1760 1877/3173/1877 2011/3529/2011
f 1877/3173/1877 1931/3326/1931 2011/3529/2011
f 1988/3472/1988 1932/3327/1932 2012/3530/2012
f 1842/3440/1842 1946/3442/1946 2003/3531/2003
f 1878/3174/1878 1991/3532/1991 1990/3475/1990
f 1916/3291/1916 2013/3533/2013 1977/3481/1977
f 1934/3331/1934 1977/3444/1977 2014/3534/2014
f 1847/3535/1847 1894/3536/1894 1980/3537/1980
f 1845/3538/1845 1995/3539/1995 1979/3540/1979
f 1981/3453/1981 2015/3541/2015 1904/3261/1904
f 2016/3542/2016 1962/3404/1962 1935/3520/1935
f 1963/3406/1963 2005/3521/2005 1922/3300/1922
f 1854/3382/1854 2007/3523/2007 2006/3522/2006
f 1833/3543/1833 1965/3427/1965 2017/3544/2017
f 1923/3545/1923 1999/3546/1999 2009/3547/2009
f 1859/3195/1859 2018/3548/2018 1941/3346/1941
f 1923/3549/1923 1924/3550/1924 1999/3551/1999
f 1883/3194/1883 2019/3552/2019 1874/3164/1874
f 1883/3194/1883 2010/3527/2010 2019/3552/2019
f 1899/3553/1899 1941/3346/1941 2020/3554/2020
f 1955/3415/1955 1974/3555/1974 2010/3527/2010
f 1966/3412/1966 2021/3556/2021 1942/2912/1942
f 1899/3239/1899 2020/3557/2020 1975/3431/1975
f 1942/3467/1942 2021/3558/2021 1862/3144/1862
f 1958/3559/1958 1945/3560/1945 2000/3561/2000
f 1932/3327/1932 2001/3506/2001 2012/3530/2012
f 1796/3364/1796 1959/3400/1959 1933/3365/1933
f 1933/3365/1933 2022/3562/2022 2023/3563/2023
f 2023/3564/2023 2004/3514/2004 1933/3513/1933
f 1780/2971/1780 1960/3402/1960 1961/3403/1961
f 2024/3565/2024 1992/3479/1992 1961/3478/1961
f 2025/3566/2025 2026/3567/2026 1993/3483/1993
f 2025/3566/2025 1993/3483/1993 1994/3484/1994
f 1950/3375/1950 1934/3425/1934 2014/3568/2014
f 1994/3569/1994 1919/3295/1919 1978/3445/1978
f 1962/3455/1962 2016/3570/2016 1982/3454/1982
f 2027/3571/2027 1963/3405/1963 1936/3338/1936
f 2027/3572/2027 2005/3521/2005 1963/3406/1963
f 1983/3457/1983 1907/3267/1907 2028/3573/2028
f 1964/3408/1964 1971/3426/1971 1908/3301/1908
f 2029/3574/2029 1998/3575/1998 1891/3272/1891
f 1998/3575/1998 2018/3548/2018 1891/3272/1891
f 1972/3428/1972 2018/3576/2018 1998/3493/1998
f 1891/3272/1891 2018/3548/2018 1859/3195/1859
f 2018/3576/2018 1972/3428/1972 2019/3552/2019
f 1986/3465/1986 1858/3411/1858 1973/1303/1973
f 2019/3552/2019 1972/3428/1972 1874/3164/1874
f 1974/3468/1974 1975/3431/1975 2010/3577/2010
f 2020/3557/2020 2010/3577/2010 1975/3431/1975
f 1968/3578/1968 1825/3579/1825 1886/3286/1886
f 1959/3422/1959 1868/3154/1868 2002/3580/2002
f 2030/3581/2030 2002/3508/2002 1914/3287/1914
f 2022/3562/2022 1933/3365/1933 1959/3400/1959
f 2031/3582/2031 1969/3423/1969 1989/3473/1989
f 2031/3582/2031 1989/3473/1989 2032/3583/2032
f 1753/2916/1753 2004/3584/2004 1960/3402/1960
f 1991/3532/1991 2033/3585/2033 1990/3475/1990
f 2026/3586/2026 1970/3424/1970 1993/3482/1993
f 1977/3587/1977 2034/3588/2034 2014/3589/2014
f 1920/3297/1920 1828/3057/1828 1951/3377/1951
f 1903/3251/1903 1979/3519/1979 2035/3590/2035
f 1995/3591/1995 1953/3592/1953 2036/3593/2036
f 1850/3452/1850 1980/3537/1980 1981/3453/1981
f 2036/3593/2036 1953/3592/1953 1982/3594/1982
f 2015/3541/2015 1936/3456/1936 1904/3261/1904
f 1971/3426/1971 1984/3458/1984 1880/3186/1880
f 1985/3460/1985 2029/3574/2029 1891/3272/1891
f 1997/3595/1997 1998/3596/1998 2029/3597/2029
f 1999/3551/1999 1924/3550/1924 1973/3598/1973
f 1973/3598/1973 1924/3550/1924 1986/3599/1986
f 2018/3548/2018 2019/3600/2019 1941/3346/1941
f 1986/3599/1986 1924/3550/1924 1956/3601/1956
f 1986/3465/1986 2021/3556/2021 1966/3412/1966
f 1956/3389/1956 1862/3144/1862 2021/3558/2021
f 1760/2939/1760 2011/3529/2011 2037/3602/2037
f 2012/3530/2012 2001/3506/2001 2038/3603/2038
f 2003/3512/2003 1969/3511/1969 2039/3604/2039
f 2022/3562/2022 2040/3605/2040 2023/3563/2023
f 2023/3564/2023 2040/3606/2040 2004/3514/2004
f 1888/3518/1888 2041/3607/2041 1916/3291/1916
f 2034/3588/2034 2042/3608/2042 2014/3589/2014
f 2026/3567/2026 2025/3566/2025 2043/3609/2043
f 1903/3376/1903 2035/3610/2035 1951/3377/1951
f 1745/3043/1745 2044/3611/2044 1872/3162/1872
f 1745/2904/1745 1997/3490/1997 2044/3612/2044
f 1833/3075/1833 2045/3613/2045 1939/3341/1939
f 1857/3614/1857 2046/3615/2046 1985/3460/1985
f 1939/3341/1939 2045/3613/2045 2008/3525/2008
f 1965/3427/1965 2009/3526/2009 2017/3544/2017
f 1954/3616/1954 2009/3617/2009 1999/3618/1999
f 2020/3554/2020 1941/3346/1941 2019/3600/2019
f 1986/3599/1986 1956/3601/1956 2021/3619/2021
f 2019/3600/2019 2010/3620/2010 2020/3554/2020
f 1760/2939/1760 2037/3602/2037 1886/3286/1886
f 2040/3606/2040 2047/3621/2047 2004/3514/2004
f 1990/3474/1990 2048/3622/2048 1915/3289/1915
f 1961/3403/1961 2049/3623/2049 2024/3624/2024
f 1947/3368/1947 1948/3443/1948 2050/3625/2050
f 2041/3607/2041 2013/3533/2013 1916/3291/1916
f 1977/3481/1977 2013/3533/2013 2034/3626/2034
f 2034/3627/2034 2051/3628/2051 2042/3629/2042
f 2014/3568/2014 2042/3630/2042 2052/3631/2052
f 2026/3567/2026 2043/3609/2043 2053/3632/2053
f 1816/3035/1816 1920/3297/1920 1978/3445/1978
f 1767/2948/1767 1902/3249/1902 2054/3633/2054
f 1952/3634/1952 2055/3635/2055 1894/3536/1894
f 1935/3520/1935 1996/3636/1996 2016/3542/2016
f 1786/3073/1786 2005/3521/2005 1964/3408/1964
f 2040/3605/2040 2022/3562/2022 2056/3637/2056
f 2032/3583/2032 2057/3638/2057 2031/3582/2031
f 1989/3473/1989 2048/3622/2048 2032/3583/2032
f 2056/3639/2056 2047/3621/2047 2040/3606/2040
f 2004/3584/2004 2049/3623/2049 1960/3402/1960
f 1961/3403/1961 1960/3402/1960 2049/3623/2049
f 1947/3368/1947 2050/3625/2050 1991/3640/1991
f 1992/3516/1992 2058/3641/2058 1888/3207/1888
f 2026/3586/2026 2059/3642/2059 1970/3424/1970
f 2026/3586/2026 2053/3643/2053 2059/3642/2059
f 1767/2948/1767 2054/3633/2054 1921/3298/1921
f 1921/3485/1921 2055/3644/2055 1952/3378/1952
f 1980/3537/1980 2060/3645/2060 1981/3453/1981
f 1789/2989/1789 1909/3646/1909 1954/3383/1954
f 2017/3647/2017 2045/3613/2045 1833/3075/1833
f 1968/3421/1968 2061/3648/2061 2000/3502/2000
f 2031/3649/2031 2039/3604/2039 1969/3511/1969
f 2004/3584/2004 2047/3650/2047 2049/3623/2049
f 1915/3289/1915 2048/3622/2048 1989/3473/1989
f 1990/3474/1990 2033/3651/2033 2048/3622/2048
f 1991/3640/1991 2050/3625/2050 2062/3652/2062
f 2058/3641/2058 2041/3653/2041 1888/3207/1888
f 1948/3443/1948 1814/3654/1814 2050/3625/2050
f 2063/3655/2063 1814/3033/1814 1949/3371/1949
f 1970/3424/1970 2064/3656/2064 1949/3371/1949
f 2051/3657/2051 2065/3658/2065 2042/3659/2042
f 2066/3660/2066 2065/3661/2065 2051/3662/2051
f 2065/3663/2065 2066/3664/2066 2043/3609/2043
f 2066/3664/2066 2053/3632/2053 2043/3609/2043
f 2042/3630/2042 2065/3665/2065 2052/3631/2052
f 1981/3453/1981 2060/3645/2060 2015/3541/2015
f 1983/3457/1983 2028/3573/2028 1996/3489/1996
f 1997/3490/1997 2029/3666/2029 2044/3612/2044
f 1898/3237/1898 2046/3667/2046 1857/3136/1857
f 2067/3668/2067 2009/3669/2009 1954/3383/1954
f 2001/3670/2001 1842/3440/1842 2068/3671/2068
f 1842/3440/1842 2003/3531/2003 2068/3671/2068
f 1914/3287/1914 2069/3672/2069 2030/3581/2030
f 2001/3670/2001 2068/3671/2068 2038/3673/2038
f 2032/3583/2032 2048/3622/2048 2057/3638/2057
f 1991/3532/1991 2070/3674/2070 2033/3585/2033
f 1991/3532/1991 2062/3675/2062 2070/3674/2070
f 2024/3565/2024 2058/3676/2058 1992/3479/1992
f 2024/3565/2024 2071/3677/2071 2058/3676/2058
f 2041/3607/2041 2072/3678/2072 2013/3533/2013
f 2063/3655/2063 1949/3371/1949 2064/3656/2064
f 1970/3424/1970 2059/3642/2059 2064/3656/2064
f 2051/3679/2051 2073/3680/2073 2066/3681/2066
f 2043/3682/2043 2074/3683/2074 2065/3665/2065
f 2043/3682/2043 2025/3684/2025 2075/3685/2075
f 1902/3249/1902 1950/3375/1950 2076/3686/2076
f 1902/3249/1902 2076/3686/2076 2054/3633/2054
f 2055/3687/2055 1921/3298/1921 2077/3688/2077
f 1921/3298/1921 2054/3633/2054 2077/3688/2077
f 1894/3536/1894 2078/3689/2078 1980/3537/1980
f 1936/3456/1936 2015/3541/2015 2027/3572/2027
f 1909/3646/1909 2067/3668/2067 1954/3383/1954
f 2067/3690/2067 2017/3691/2017 2009/3692/2009
f 1886/3286/1886 2061/3693/2061 1968/3578/1968
f 2079/3694/2079 2002/3695/2002 2030/3696/2030
f 2038/3603/2038 2080/3697/2080 2012/3530/2012
f 2038/3673/2038 2068/3671/2068 2080/3698/2080
f 2057/3699/2057 2081/3700/2081 2039/3604/2039
f 2057/3699/2057 2039/3604/2039 2031/3649/2031
f 2050/3625/2050 1814/3654/1814 2063/3701/2063
f 2013/3533/2013 2051/3679/2051 2034/3626/2034
f 2082/3702/2082 2083/3703/2083 2066/3704/2066
f 2066/3705/2066 2083/3706/2083 2053/3643/2053
f 1894/3536/1894 2055/3635/2055 2078/3689/2078
f 1995/3707/1995 2084/3708/2084 1979/3709/1979
f 2060/3645/2060 2085/3710/2085 2015/3541/2015
f 2016/3570/2016 2086/3711/2086 1982/3454/1982
f 2016/3542/2016 1996/3636/1996 2087/3712/2087
f 2046/3667/2046 1898/3237/1898 2088/3713/2088
f 2046/3615/2046 2089/3714/2089 1985/3460/1985
f 1886/3286/1886 2090/3715/2090 2061/3693/2061
f 1931/3716/1931 1988/3717/1988 2011/3718/2011
f 1988/3472/1988 2012/3530/2012 2091/3719/2091
f 1959/3422/1959 2092/3720/2092 2022/3721/2022
f 1959/3422/1959 2002/3580/2002 2092/3720/2092
f 1914/3287/1914 2093/3722/2093 2069/3672/2069
f 2002/3580/2002 2079/3723/2079 2092/3720/2092
f 2030/3581/2030 2069/3672/2069 2079/3724/2079
f 2069/3672/2069 2094/3725/2094 2079/3724/2079
f 2056/3637/2056 2095/3726/2095 2096/3727/2096
f 2056/3728/2056 2096/3729/2096 2047/3730/2047
f 2049/3623/2049 2097/3731/2097 2024/3624/2024
f 2024/3624/2024 2097/3731/2097 2071/3732/2071
f 2098/3733/2098 2062/3652/2062 2050/3625/2050
f 2013/3533/2013 2099/3734/2099 2051/3679/2051
f 2100/3735/2100 2059/3642/2059 2053/3643/2053
f 2025/3684/2025 1994/3569/1994 2075/3685/2075
f 2014/3568/2014 2052/3631/2052 1950/3375/1950
f 1801/3524/1801 1984/3458/1984 2101/3736/2101
f 2017/3647/2017 2067/3737/2067 2045/3613/2045
f 2046/3667/2046 2088/3713/2088 2089/3738/2089
f 2029/3574/2029 1985/3460/1985 2089/3714/2089
f 2044/3739/2044 2029/3740/2029 2089/3741/2089
f 2008/3525/2008 1898/3237/1898 1774/2962/1774
f 1958/3559/1958 2000/3561/2000 2093/3742/2093
f 1914/3287/1914 1958/3399/1958 2093/3722/2093
f 2056/3637/2056 2022/3562/2022 2095/3726/2095
f 2057/3638/2057 2048/3622/2048 2070/3743/2070
f 2102/3744/2102 2097/3731/2097 2049/3623/2049
f 2062/3675/2062 2103/3745/2103 2104/3746/2104
f 2105/3747/2105 2058/3748/2058 2071/3749/2071
f 2062/3652/2062 2098/3733/2098 2103/3750/2103
f 2098/3733/2098 2050/3625/2050 2063/3701/2063
f 2013/3751/2013 2072/3752/2072 2099/3753/2099
f 2082/3754/2082 2066/3755/2066 2106/3756/2106
f 2066/3755/2066 2073/3757/2073 2106/3756/2106
f 2043/3682/2043 2075/3685/2075 2074/3683/2074
f 1979/3519/1979 2107/3758/2107 2035/3590/2035
f 2084/3759/2084 2107/3758/2107 1979/3519/1979
f 1995/3760/1995 2036/3761/2036 2084/3759/2084
f 2015/3541/2015 2108/3762/2108 2027/3572/2027
f 2006/3522/2006 2028/3573/2028 1907/3267/1907
f 1872/3233/1872 2007/3523/2007 1855/3132/1855
f 1872/3162/1872 2044/3611/2044 2109/3763/2109
f 1886/3286/1886 2037/3602/2037 2090/3715/2090
f 2011/3529/2011 2110/3764/2110 2037/3602/2037
f 2000/3561/2000 2111/3765/2111 2093/3742/2093
f 2069/3672/2069 2093/3722/2093 2112/3766/2112
f 2080/3767/2080 2091/3768/2091 2012/1769/2012
f 2003/3509/2003 2039/3769/2039 2068/3770/2068
f 2112/3766/2112 2094/3725/2094 2069/3672/2069
f 2079/3723/2079 2094/3771/2094 2092/3720/2092
f 2057/3699/2057 2113/3772/2113 2081/3700/2081
f 2057/3699/2057 2114/3773/2114 2113/3772/2113
f 2057/3638/2057 2070/3743/2070 2114/3774/2114
f 2047/3775/2047 2096/3776/2096 2102/3777/2102
f 2047/3650/2047 2102/3744/2102 2049/3623/2049
f 2098/3733/2098 2115/3778/2115 2103/3750/2103
f 2058/3641/2058 2072/3779/2072 2041/3653/2041
f 2058/3748/2058 2105/3747/2105 2072/3780/2072
f 2063/3701/2063 2064/3781/2064 2098/3733/2098
f 2105/3747/2105 2116/3002/2116 2072/3780/2072
f 2116/3782/2116 2117/3783/2117 2072/3784/2072
f 2115/3785/2115 2118/3786/2118 2119/3787/2119
f 2115/3788/2115 2064/3789/2064 2118/3790/2118
f 2098/3791/2098 2064/3792/2064 2115/3793/2115
f 2082/3702/2082 2120/3794/2120 2083/3703/2083
f 2082/3702/2082 2121/3795/2121 2120/3794/2120
f 2053/3643/2053 2083/3706/2083 2100/3735/2100
f 2065/3665/2065 2074/3683/2074 2052/3631/2052
f 1982/3594/1982 2086/3796/2086 2036/3593/2036
f 2085/3710/2085 2108/3762/2108 2015/3541/2015
f 2016/3570/2016 2087/3797/2087 2086/3711/2086
f 2028/3573/2028 2087/3797/2087 1996/3489/1996
f 1801/3011/1801 2101/3798/2101 1909/3270/1909
f 2000/3502/2000 2061/3648/2061 2111/3799/2111
f 2011/3800/2011 2091/3801/2091 2110/3802/2110
f 1988/3717/1988 2091/3803/2091 2011/3718/2011
f 2111/3765/2111 2122/3804/2122 2093/3742/2093
f 2068/3671/2068 2123/3805/2123 2080/3698/2080
f 2048/3806/2048 2033/3585/2033 2070/3674/2070
f 2116/3807/2116 2105/3808/2105 2124/3809/2124
f 2115/3810/2115 2119/3811/2119 2103/3812/2103
f 2119/3787/2119 2118/3786/2118 2125/3813/2125
f 2106/3814/2106 2121/3815/2121 2082/3816/2082
f 2099/3734/2099 2126/3817/2126 2051/3679/2051
f 1978/3445/1978 1920/3297/1920 2127/3818/2127
f 2127/3818/2127 1920/3297/1920 1951/3377/1951
f 2128/3819/2128 2088/3713/2088 1898/3237/1898
f 2123/3820/2123 2068/3770/2068 2039/3769/2039
f 2092/3821/2092 2094/3822/2094 2129/3823/2129
f 2080/3698/2080 2123/3805/2123 2130/3824/2130
f 2131/3825/2131 2102/3744/2102 2096/3826/2096
f 2131/3825/2131 2097/3731/2097 2102/3744/2102
f 2105/3827/2105 2071/3732/2071 2097/3731/2097
f 2117/3783/2117 2132/3828/2132 2133/3829/2133
f 2134/3830/2134 2135/3831/2135 2121/3832/2121
f 2136/3833/2136 2072/3834/2072 2117/3835/2117
f 2118/3790/2118 2064/3789/2064 2059/3836/2059
f 2052/3631/2052 2076/3686/2076 1950/3375/1950
f 2127/3818/2127 1951/3377/1951 2035/3610/2035
f 2078/3689/2078 2060/3645/2060 1980/3537/1980
f 2027/3572/2027 2137/3837/2137 2005/3521/2005
f 2005/3521/2005 2137/3837/2137 1964/3408/1964
f 2137/3837/2137 2138/3838/2138 1964/3408/1964
f 2138/3838/2138 2139/3839/2139 1964/3408/1964
f 2139/3839/2139 1971/3426/1971 1964/3408/1964
f 2122/3804/2122 2112/3840/2112 2093/3742/2093
f 2111/3765/2111 2140/3841/2140 2122/3804/2122
f 2092/3821/2092 2095/3842/2095 2022/3843/2022
f 2092/3821/2092 2129/3823/2129 2095/3842/2095
f 2070/3674/2070 2062/3675/2062 2104/3746/2104
f 2105/3844/2105 2097/3845/2097 2124/3846/2124
f 2103/3847/2103 2119/3848/2119 2141/3849/2141
f 2116/3782/2116 2132/3828/2132 2117/3783/2117
f 2072/3850/2072 2136/3851/2136 2099/3852/2099
f 2052/3631/2052 2142/3853/2142 2076/3686/2076
f 2028/3573/2028 2006/3522/2006 2143/3854/2143
f 1971/3426/1971 2139/3839/2139 1984/3458/1984
f 1872/3233/1872 2144/3855/2144 2007/3523/2007
f 2089/3738/2089 2088/3713/2088 2145/3856/2145
f 2061/3693/2061 2090/3715/2090 2146/3857/2146
f 2061/3648/2061 2146/3858/2146 2111/3799/2111
f 2037/3602/2037 2110/3764/2110 2147/3859/2147
f 2111/3799/2111 2146/3858/2146 2140/3860/2140
f 2122/3861/2122 2140/3860/2140 2148/3862/2148
f 2081/3863/2081 2123/3820/2123 2039/3769/2039
f 2080/3767/2080 2130/3864/2130 2091/3768/2091
f 2113/3865/2113 2123/3820/2123 2081/3863/2081
f 2094/3822/2094 2149/3866/2149 2129/3823/2129
f 2123/3820/2123 2150/3867/2150 2130/3868/2130
f 2130/3868/2130 2150/3867/2150 2151/3869/2151
f 2095/3726/2095 2152/3870/2152 2096/3727/2096
f 2113/3865/2113 2114/3774/2114 2153/3871/2153
f 2114/3774/2114 2154/3872/2154 2153/3871/2153
f 2096/3727/2096 2152/3870/2152 2155/1797/2155
f 2155/3873/2155 2131/3874/2131 2096/3875/2096
f 2103/3745/2103 2156/3876/2156 2104/3746/2104
f 2103/3847/2103 2141/3849/2141 2156/3877/2156
f 2134/3830/2134 2157/3878/2157 2135/3831/2135
f 2158/3879/2158 2159/3880/2159 2133/3829/2133
f 2160/3881/2160 2125/3813/2125 2161/3882/2161
f 2159/3883/2159 2162/3884/2162 2133/3885/2133
f 2163/3886/2163 2120/3887/2120 2121/3888/2121
f 2083/3706/2083 2164/3889/2164 2100/3735/2100
f 1909/3270/1909 2165/3890/2165 2067/3737/2067
f 1898/3237/1898 2008/3525/2008 2128/3819/2128
f 2090/3715/2090 2037/3602/2037 2146/3857/2146
f 2037/3602/2037 2147/3859/2147 2146/3857/2146
f 2110/3764/2110 2166/3891/2166 2147/3859/2147
f 2130/3864/2130 2167/3892/2167 2091/3768/2091
f 2095/3842/2095 2129/3823/2129 2152/3893/2152
f 2130/3864/2130 2151/3894/2151 2167/3892/2167
f 2070/3743/2070 2104/3895/2104 2114/3774/2114
f 2131/3825/2131 2168/3896/2168 2097/3731/2097
f 2157/3878/2157 2169/3897/2169 2135/3831/2135
f 2132/3828/2132 2158/3879/2158 2133/3829/2133
f 2117/3835/2117 2133/3885/2133 2162/3884/2162
f 2135/3898/2135 2163/3899/2163 2121/3451/2121
f 2125/3900/2125 2118/3901/2118 2170/2884/2170
f 2161/3902/2161 2120/3903/2120 2160/2695/2160
f 2120/3794/2120 2164/3904/2164 2083/3703/2083
f 1978/3445/1978 2171/3905/2171 1994/3569/1994
f 2112/3840/2112 2148/3906/2148 2172/3907/2172
f 2122/3804/2122 2148/3906/2148 2112/3840/2112
f 2110/3802/2110 2091/3801/2091 2166/3908/2166
f 2173/3909/2173 2148/3862/2148 2140/3860/2140
f 2166/3891/2166 2174/3910/2174 2147/3859/2147
f 2094/3725/2094 2172/3911/2172 2149/3912/2149
f 2148/3862/2148 2175/3913/2175 2176/3914/2176
f 2123/3820/2123 2113/3865/2113 2150/3867/2150
f 2150/3867/2150 2113/3865/2113 2153/3871/2153
f 2114/3774/2114 2104/3895/2104 2154/3872/2154
f 2134/3915/2134 2121/3916/2121 2177/3917/2177
f 2121/3916/2121 2178/3918/2178 2177/3917/2177
f 2125/3813/2125 2160/3881/2160 2119/3787/2119
f 2106/3919/2106 2159/3920/2159 2158/3921/2158
f 2106/3919/2106 2073/3922/2073 2159/3920/2159
f 2121/3815/2121 2106/3814/2106 2178/3923/2178
f 2059/3836/2059 2179/3924/2179 2118/3790/2118
f 2171/3905/2171 2075/3685/2075 1994/3569/1994
f 2180/3925/2180 1978/3445/1978 2127/3818/2127
f 2035/3610/2035 2180/3925/2180 2127/3818/2127
f 2035/3926/2035 2107/3927/2107 2180/3928/2180
f 2006/3522/2006 2181/3929/2181 2143/3854/2143
f 2109/3930/2109 2144/3855/2144 1872/3233/1872
f 2101/3798/2101 2165/3890/2165 1909/3270/1909
f 2067/3737/2067 2165/3890/2165 2045/3613/2045
f 2088/3713/2088 2128/3819/2128 2145/3856/2145
f 2166/3908/2166 2091/3801/2091 2167/3931/2167
f 2112/3766/2112 2172/3911/2172 2094/3725/2094
f 2148/3906/2148 2176/3932/2176 2172/3907/2172
f 2167/3931/2167 2182/3933/2182 2174/3934/2174
f 2129/3935/2129 2149/3936/2149 2183/3937/2183
f 2175/3938/2175 2184/3939/2184 2176/3940/2176
f 2151/3941/2151 2150/3942/2150 2185/3943/2185
f 2155/3944/2155 2168/3945/2168 2131/3946/2131
f 2168/3945/2168 2155/3944/2155 2186/3947/2186
f 2104/3895/2104 2187/3948/2187 2154/3872/2154
f 2097/3949/2097 2168/3950/2168 2124/3951/2124
f 2134/3915/2134 2177/3917/2177 2157/3952/2157
f 2124/3809/2124 2188/3953/2188 2116/3807/2116
f 2116/3807/2116 2188/3953/2188 2132/3954/2132
f 2162/3884/2162 2136/3833/2136 2117/3835/2117
f 2125/3900/2125 2170/2884/2170 2161/3955/2161
f 2179/3924/2179 2170/3956/2170 2118/3790/2118
f 2126/3817/2126 2189/3957/2189 2051/3679/2051
f 2051/3679/2051 2189/3957/2189 2073/3680/2073
f 2100/3735/2100 2179/3958/2179 2059/3642/2059
f 2054/3633/2054 2076/3686/2076 2190/3959/2190
f 2036/3761/2036 2086/3960/2086 2191/3961/2191
f 2137/3837/2137 2027/3572/2027 2108/3762/2108
f 2192/3962/2192 2087/3797/2087 2028/3573/2028
f 2139/3839/2139 2193/3963/2193 1984/3458/1984
f 2109/3763/2109 2044/3611/2044 2089/3738/2089
f 2146/3858/2146 2173/3909/2173 2140/3860/2140
f 2173/3964/2173 2146/3857/2146 2147/3859/2147
f 2173/3909/2173 2175/3913/2175 2148/3862/2148
f 2167/3931/2167 2174/3934/2174 2166/3908/2166
f 2172/3965/2172 2183/3966/2183 2149/3967/2149
f 2151/3941/2151 2185/3943/2185 2167/3968/2167
f 2152/3969/2152 2129/3970/2129 2183/3971/2183
f 2104/3972/2104 2156/3973/2156 2187/3974/2187
f 2194/3975/2194 2169/3897/2169 2157/3878/2157
f 2135/3898/2135 2169/3976/2169 2163/3899/2163
f 2189/3977/2189 2162/3884/2162 2159/3883/2159
f 2189/3873/2189 2159/3920/2159 2073/3922/2073
f 2178/3923/2178 2106/3814/2106 2158/3978/2158
f 2160/3979/2160 2120/3887/2120 2163/3886/2163
f 2195/3980/2195 2100/3735/2100 2164/3889/2164
f 2190/3959/2190 2076/3686/2076 2142/3853/2142
f 2171/3905/2171 1978/3445/1978 2180/3925/2180
f 2077/3981/2077 2196/3982/2196 2055/3635/2055
f 2028/3573/2028 2143/3854/2143 2192/3962/2192
f 2006/3522/2006 2007/3523/2007 2181/3929/2181
f 2197/3983/2197 2089/3738/2089 2145/3856/2145
f 2153/3984/2153 2198/3985/2198 2150/3986/2150
f 2199/3987/2199 2155/3988/2155 2152/3989/2152
f 2199/3990/2199 2186/3991/2186 2155/3992/2155
f 2200/3993/2200 2154/3994/2154 2201/3995/2201
f 2154/3872/2154 2187/3948/2187 2201/3996/2201
f 2186/3947/2186 2202/3997/2202 2168/3945/2168
f 2156/3998/2156 2141/3999/2141 2203/3176/2203
f 2158/3978/2158 2132/3954/2132 2204/4000/2204
f 2162/3884/2162 2189/3977/2189 2136/3833/2136
f 2204/4000/2204 2178/3923/2178 2158/3978/2158
f 2163/3886/2163 2205/4001/2205 2160/3979/2160
f 2161/4002/2161 2164/4003/2164 2120/4004/2120
f 2055/3635/2055 2196/3982/2196 2078/3689/2078
f 2084/3759/2084 2036/3761/2036 2191/3961/2191
f 2193/3963/2193 2101/3736/2101 1984/3458/1984
f 2197/3983/2197 2109/3763/2109 2089/3738/2089
f 2174/3910/2174 2173/3964/2173 2147/3859/2147
f 2174/4005/2174 2182/4006/2182 2206/4007/2206
f 2154/4008/2154 2207/4009/2207 2153/4010/2153
f 2186/4011/2186 2208/4012/2208 2202/4013/2202
f 2209/4014/2209 2200/4015/2200 2210/4016/2210
f 2177/3917/2177 2211/4017/2211 2157/3952/2157
f 2177/4018/2177 2178/4019/2178 2212/4020/2212
f 2205/4001/2205 2119/3848/2119 2160/3979/2160
f 2161/4002/2161 2195/2091/2195 2164/4003/2164
f 2161/4021/2161 2170/4022/2170 2195/4023/2195
f 2100/3735/2100 2195/3980/2195 2179/3958/2179
f 2078/3689/2078 2085/3710/2085 2060/3645/2060
f 2007/3523/2007 2144/3855/2144 2181/3929/2181
f 2175/3913/2175 2173/3909/2173 2213/4024/2213
f 2176/3940/2176 2214/4025/2214 2172/4026/2172
f 2173/3964/2173 2174/3910/2174 2213/4027/2213
f 2174/4005/2174 2206/4007/2206 2213/4028/2213
f 2167/2673/2167 2215/4029/2215 2182/4030/2182
f 2185/4031/2185 2216/4032/2216 2167/4033/2167
f 2183/4034/2183 2199/4035/2199 2152/4036/2152
f 2217/4037/2217 2218/4038/2218 2219/4039/2219
f 2220/4040/2220 2221/4041/2221 2222/4042/2222
f 2201/3995/2201 2210/4043/2210 2200/3993/2200
f 2202/4013/2202 2208/4012/2208 2223/4044/2223
f 2157/4045/2157 2211/4046/2211 2224/4047/2224
f 2209/4048/2209 2210/4049/2210 2225/4050/2225
f 2224/4051/2224 2194/3975/2194 2157/3878/2157
f 2225/4050/2225 2194/4052/2194 2209/4048/2209
f 2194/3975/2194 2225/4053/2225 2169/3897/2169
f 2052/3631/2052 2074/3683/2074 2226/4054/2226
f 2171/3905/2171 2227/4055/2227 2075/3685/2075
f 2192/3962/2192 2228/4056/2228 2087/3797/2087
f 2192/4057/2192 2143/4058/2143 2229/4059/2229
f 2172/3965/2172 2230/4060/2230 2183/3966/2183
f 2176/3940/2176 2184/3939/2184 2214/4025/2214
f 2183/4034/2183 2231/4061/2231 2199/4035/2199
f 2153/4010/2153 2207/4009/2207 2198/4062/2198
f 2154/4063/2154 2200/4064/2200 2207/4065/2207
f 2210/4066/2210 2201/4067/2201 2187/3974/2187
f 2156/3973/2156 2232/4068/2232 2187/3974/2187
f 2223/4044/2223 2208/4012/2208 2233/4069/2233
f 2224/4051/2224 2234/4070/2234 2194/3975/2194
f 2223/4044/2223 2233/4069/2233 2212/4071/2212
f 2212/4020/2212 2204/4072/2204 2223/4073/2223
f 2212/4020/2212 2178/4019/2178 2204/4072/2204
f 2169/3897/2169 2225/4053/2225 2163/4074/2163
f 2119/3848/2119 2205/4001/2205 2141/3849/2141
f 2099/4075/2099 2136/4076/2136 2126/4077/2126
f 2195/4023/2195 2170/4022/2170 2179/4078/2179
f 2054/3633/2054 2190/3959/2190 2077/3688/2077
f 2108/3762/2108 2085/3710/2085 2235/4079/2235
f 2138/3838/2138 2236/4080/2236 2139/3839/2139
f 2139/3839/2139 2237/4081/2237 2193/3963/2193
f 2238/4082/2238 2165/3890/2165 2101/3798/2101
f 2008/3525/2008 2045/3613/2045 2128/3819/2128
f 2167/4083/2167 2216/4084/2216 2215/4085/2215
f 2215/4029/2215 2239/4086/2239 2182/4030/2182
f 2185/4087/2185 2150/4088/2150 2240/4089/2240
f 2186/3991/2186 2199/3990/2199 2241/4090/2241
f 2242/4091/2242 2243/4092/2243 2222/4093/2222
f 2207/4065/2207 2200/4064/2200 2244/4094/2244
f 2218/4095/2218 2217/4096/2217 2211/4097/2211
f 2211/4098/2211 2245/4099/2245 2218/4038/2218
f 2220/4040/2220 2234/4100/2234 2221/4041/2221
f 2234/4070/2234 2246/4101/2246 2194/3975/2194
f 2200/4102/2200 2209/4103/2209 2247/4104/2247
f 2177/3917/2177 2233/4105/2233 2211/4017/2211
f 2212/4106/2212 2233/4107/2233 2177/4108/2177
f 2209/4109/2209 2194/4110/2194 2246/4111/2246
f 2223/4073/2223 2204/4072/2204 2248/4112/2248
f 2225/4053/2225 2205/4113/2205 2163/4074/2163
f 2141/3849/2141 2205/4001/2205 2203/4114/2203
f 2188/3953/2188 2249/4115/2249 2132/3954/2132
f 2132/3954/2132 2249/4115/2249 2204/4000/2204
f 2136/4116/2136 2189/4117/2189 2126/4118/2126
f 2196/3982/2196 2250/4119/2250 2078/3689/2078
f 2250/4119/2250 2085/3710/2085 2078/3689/2078
f 2087/3797/2087 2228/4056/2228 2086/3711/2086
f 2235/4079/2235 2137/3837/2137 2108/3762/2108
f 2251/4120/2251 2138/3838/2138 2137/3837/2137
f 2229/4059/2229 2143/4058/2143 2252/4121/2252
f 2251/4120/2251 2236/4080/2236 2138/3838/2138
f 2197/3983/2197 2145/3856/2145 2128/3819/2128
f 2253/4122/2253 2128/3819/2128 2045/3613/2045
f 2254/4123/2254 2175/4124/2175 2255/4125/2255
f 2254/4123/2254 2184/4126/2184 2175/4124/2175
f 2239/4127/2239 2206/4007/2206 2182/4006/2182
f 2240/4128/2240 2256/4129/2256 2185/4130/2185
f 2198/3985/2198 2240/4131/2240 2150/3986/2150
f 2220/4132/2220 2222/4093/2222 2243/4092/2243
f 2217/4096/2217 2257/4133/2257 2211/4097/2211
f 2244/4094/2244 2200/4064/2200 2247/4134/2247
f 2257/4135/2257 2221/4041/2221 2234/4100/2234
f 2257/4136/2257 2224/4047/2224 2211/4046/2211
f 2224/4047/2224 2257/4136/2257 2234/4137/2234
f 2245/4099/2245 2211/4098/2211 2233/4138/2233
f 2124/3951/2124 2168/3950/2168 2249/4139/2249
f 2258/4140/2258 2233/4141/2233 2208/4142/2208
f 2246/4111/2246 2247/1603/2247 2209/4109/2209
f 2202/4143/2202 2223/4144/2223 2248/4145/2248
f 2226/4054/2226 2142/3853/2142 2052/3631/2052
f 2259/4146/2259 2251/4120/2251 2137/3837/2137
f 2252/4121/2252 2143/4058/2143 2260/4147/2260
f 2236/4080/2236 2237/4081/2237 2139/3839/2139
f 2193/3963/2193 2238/4148/2238 2101/3736/2101
f 2253/4122/2253 2045/3613/2045 2165/3890/2165
f 2214/4025/2214 2230/4149/2230 2172/4026/2172
f 2214/4150/2214 2254/4151/2254 2261/4152/2261
f 2214/4025/2214 2184/3939/2184 2254/4153/2254
f 2185/3740/2185 2256/4154/2256 2216/4155/2216
f 2262/4156/2262 2199/4035/2199 2231/4061/2231
f 2183/4034/2183 2263/4157/2263 2231/4061/2231
f 2264/4158/2264 2261/4159/2261 2219/4039/2219
f 2254/4160/2254 2217/4161/2217 2261/4162/2261
f 2219/4039/2219 2218/4038/2218 2264/4158/2264
f 2217/4163/2217 2219/4164/2219 2261/4165/2261
f 2222/4166/2222 2221/4167/2221 2242/4168/2242
f 2218/4038/2218 2245/4099/2245 2264/4158/2264
f 2265/4169/2265 2257/4133/2257 2217/4096/2217
f 2186/3991/2186 2241/4090/2241 2208/4142/2208
f 2246/4170/2246 2234/4171/2234 2220/4172/2220
f 2249/4139/2249 2168/3950/2168 2248/4145/2248
f 2168/3950/2168 2202/4143/2202 2248/4145/2248
f 2210/4066/2210 2187/3974/2187 2232/4068/2232
f 2232/4173/2232 2156/4174/2156 2203/4175/2203
f 2210/4066/2210 2232/4068/2232 2225/4176/2225
f 2124/838/2124 2249/4177/2249 2188/4178/2188
f 2249/4115/2249 2248/4179/2248 2204/4000/2204
f 2232/4180/2232 2203/4114/2203 2205/4001/2205
f 2190/3959/2190 2142/3853/2142 2266/4181/2266
f 2107/3758/2107 2084/3759/2084 2191/3961/2191
f 2228/4182/2228 2192/4057/2192 2229/4059/2229
f 2267/4183/2267 2128/3819/2128 2253/4122/2253
f 2230/4184/2230 2268/4185/2268 2183/4186/2183
f 2175/4187/2175 2269/4188/2269 2255/4189/2255
f 2213/4028/2213 2269/4188/2269 2175/4187/2175
f 2263/4190/2263 2261/4159/2261 2264/4158/2264
f 2242/4091/2242 2239/4191/2239 2243/4092/2243
f 2199/4192/2199 2262/4193/2262 2241/4194/2241
f 2263/4195/2263 2264/4196/2264 2231/4197/2231
f 2243/4092/2243 2239/4191/2239 2256/4198/2256
f 2240/4128/2240 2243/4199/2243 2256/4129/2256
f 2241/4090/2241 2258/4140/2258 2208/4142/2208
f 2225/4053/2225 2232/4200/2232 2205/4113/2205
f 2075/3685/2075 2270/4201/2270 2074/3683/2074
f 2077/3981/2077 2190/4202/2190 2196/3982/2196
f 2229/4059/2229 2252/4121/2252 2271/4203/2271
f 2143/4058/2143 2181/4204/2181 2260/4147/2260
f 2214/4205/2214 2268/4206/2268 2230/4207/2230
f 2206/4007/2206 2272/4208/2272 2213/4028/2213
f 2239/4209/2239 2272/4210/2272 2206/4211/2206
f 2183/4186/2183 2268/4185/2268 2263/4212/2263
f 2239/4209/2239 2273/4213/2273 2272/4210/2272
f 2239/4209/2239 2242/4168/2242 2273/4213/2273
f 2264/4214/2264 2274/1805/2274 2231/4061/2231
f 2221/4167/2221 2273/4213/2273 2242/4168/2242
f 2243/4092/2243 2275/4215/2275 2220/4132/2220
f 2207/4216/2207 2244/4217/2244 2198/4218/2198
f 2220/4132/2220 2275/4215/2275 2246/4219/2246
f 2257/4220/2257 2265/4221/2265 2273/4222/2273
f 2221/4167/2221 2257/4223/2257 2273/4213/2273
f 2258/4224/2258 2245/4099/2245 2233/4138/2233
f 2227/4055/2227 2270/4201/2270 2075/3685/2075
f 2180/3928/2180 2107/3927/2107 2276/4225/2276
f 2085/3710/2085 2250/4119/2250 2235/4079/2235
f 2137/3837/2137 2235/4079/2235 2259/4146/2259
f 2277/4226/2277 2251/4120/2251 2278/4227/2278
f 2252/4121/2252 2279/4228/2279 2271/4203/2271
f 2251/4229/2251 2277/4230/2277 2236/4231/2236
f 2197/3983/2197 2280/4232/2280 2109/3763/2109
f 2128/3819/2128 2267/4183/2267 2197/3983/2197
f 2213/4028/2213 2272/4208/2272 2269/4188/2269
f 2216/4233/2216 2256/3258/2256 2215/4234/2215
f 2261/4159/2261 2268/4206/2268 2214/4205/2214
f 2215/4235/2215 2256/4198/2256 2239/4191/2239
f 2254/4236/2254 2265/4169/2265 2217/4096/2217
f 2191/4237/2191 2086/4238/2086 2281/4239/2281
f 2251/4120/2251 2259/4146/2259 2278/4227/2278
f 2271/4240/2271 2282/4241/2282 2283/4242/2283
f 2271/4240/2271 2279/4243/2279 2282/4241/2282
f 2279/4228/2279 2252/4121/2252 2260/4147/2260
f 2109/3763/2109 2280/4232/2280 2144/4244/2144
f 2238/4082/2238 2253/4122/2253 2165/3890/2165
f 2268/4206/2268 2261/4159/2261 2263/4190/2263
f 2264/4158/2264 2245/4099/2245 2274/4245/2274
f 2074/3683/2074 2284/4246/2284 2226/4054/2226
f 2180/3928/2180 2285/4247/2285 2171/4248/2171
f 2190/4202/2190 2286/4249/2286 2196/3982/2196
f 2235/4079/2235 2287/4250/2287 2259/4146/2259
f 2277/4226/2277 2288/4251/2288 2236/4080/2236
f 2255/4252/2255 2269/4253/2269 2289/4254/2289
f 2273/4213/2273 2290/4255/2290 2272/4210/2272
f 2255/4256/2255 2289/4257/2289 2254/4236/2254
f 2231/4061/2231 2274/1805/2274 2262/4156/2262
f 2254/4236/2254 2289/4257/2289 2265/4169/2265
f 2274/4245/2274 2245/4099/2245 2258/4224/2258
f 2275/4215/2275 2247/4258/2247 2246/4219/2246
f 2107/3927/2107 2191/4237/2191 2276/4225/2276
f 2086/4238/2086 2228/4182/2228 2281/4239/2281
f 2271/4203/2271 2283/4259/2283 2229/4059/2229
f 2181/4204/2181 2144/4260/2144 2291/4261/2291
f 2237/4081/2237 2292/4262/2292 2193/3963/2193
f 2193/3963/2193 2292/4262/2292 2238/4148/2238
f 2275/4263/2275 2243/4264/2243 2240/4131/2240
f 2240/4131/2240 2198/3985/2198 2275/4263/2275
f 2262/4193/2262 2274/4265/2274 2241/4194/2241
f 2275/4266/2275 2198/4218/2198 2244/4217/2244
f 2269/4267/2269 2290/4268/2290 2265/2885/2265
f 2273/4222/2273 2265/4221/2265 2290/4269/2290
f 2293/4270/2293 2227/4055/2227 2171/3905/2171
f 2190/3959/2190 2294/4271/2294 2286/4272/2286
f 2295/4273/2295 2283/4259/2283 2282/4274/2282
f 2278/4227/2278 2288/4251/2288 2277/4226/2277
f 2282/4241/2282 2279/4243/2279 2296/4275/2296
f 2296/4276/2296 2279/4228/2279 2260/4147/2260
f 2181/4204/2181 2297/4277/2297 2260/4147/2260
f 2265/4278/2265 2289/4254/2289 2269/4253/2269
f 2274/4279/2274 2258/4140/2258 2241/4090/2241
f 2293/4280/2293 2171/4248/2171 2285/4247/2285
f 2196/3982/2196 2286/4249/2286 2250/4119/2250
f 2191/4237/2191 2281/4239/2281 2276/4225/2276
f 2228/4182/2228 2229/4059/2229 2298/4281/2298
f 2229/4282/2229 2283/4283/2283 2298/4284/2298
f 2299/4285/2299 2300/4286/2300 2278/4227/2278
f 2300/4286/2300 2288/4251/2288 2278/4227/2278
f 2288/4287/2288 2301/4288/2301 2302/4289/2302
f 2296/4276/2296 2260/4147/2260 2297/4277/2297
f 2302/4290/2302 2236/4080/2236 2288/4251/2288
f 2181/4204/2181 2291/4261/2291 2297/4277/2297
f 2238/4148/2238 2303/4291/2303 2253/4292/2253
f 2272/4293/2272 2290/4268/2290 2269/4267/2269
f 2244/4217/2244 2247/4294/2247 2275/4266/2275
f 2227/4055/2227 2293/4270/2293 2304/4295/2304
f 2190/3959/2190 2266/4181/2266 2294/4271/2294
f 2180/3928/2180 2305/4296/2305 2285/4247/2285
f 2286/4249/2286 2306/4297/2306 2250/4119/2250
f 2281/4239/2281 2228/4182/2228 2307/4298/2307
f 2299/4299/2299 2278/4300/2278 2259/4301/2259
f 2288/4251/2288 2308/4302/2308 2301/4303/2301
f 2236/4080/2236 2302/4290/2302 2237/4081/2237
f 2267/4183/2267 2280/4232/2280 2197/3983/2197
f 2253/4122/2253 2303/4304/2303 2267/4183/2267
f 2074/3683/2074 2270/4201/2270 2284/4246/2284
f 2305/4296/2305 2180/3928/2180 2276/4225/2276
f 2228/4182/2228 2298/4281/2298 2307/4298/2307
f 2296/4276/2296 2309/4305/2309 2282/4274/2282
f 2301/4303/2301 2308/4302/2308 2310/4306/2310
f 2308/4302/2308 2311/4307/2311 2310/4306/2310
f 2312/4308/2312 2309/4305/2309 2296/4276/2296
f 2301/4288/2301 2310/4309/2310 2302/4289/2302
f 2296/4276/2296 2297/4277/2297 2312/4308/2312
f 2302/4290/2302 2292/4262/2292 2237/4081/2237
f 2285/4247/2285 2305/4296/2305 2313/4310/2313
f 2283/4283/2283 2295/4311/2295 2298/4284/2298
f 2299/4285/2299 2314/4312/2314 2300/4286/2300
f 2295/4273/2295 2282/4274/2282 2315/4313/2315
f 2300/4286/2300 2308/4302/2308 2288/4251/2288
f 2144/4260/2144 2280/4314/2280 2291/4261/2291
f 2238/4148/2238 2316/4315/2316 2303/4291/2303
f 2227/4055/2227 2304/4295/2304 2270/4201/2270
f 2226/4054/2226 2266/4181/2266 2142/3853/2142
f 2317/4316/2317 2294/4271/2294 2266/4181/2266
f 2250/4119/2250 2306/4297/2306 2235/4079/2235
f 2259/4146/2259 2287/4250/2287 2299/4285/2299
f 2299/4285/2299 2287/4250/2287 2314/4312/2314
f 2287/4250/2287 2318/4317/2318 2314/4312/2314
f 2295/4311/2295 2315/4318/2315 2298/4284/2298
f 2319/4319/2319 2320/4320/2320 2314/4312/2314
f 2314/4312/2314 2320/4320/2320 2300/4286/2300
f 2315/4313/2315 2282/4274/2282 2309/4305/2309
f 2300/4286/2300 2320/4320/2320 2308/4302/2308
f 2285/4247/2285 2313/4310/2313 2293/4280/2293
f 2314/4321/2314 2318/4322/2318 2319/4323/2319
f 2321/4324/2321 2322/4325/2322 2323/4326/2323
f 2324/4327/2324 2325/4328/2325 2326/4329/2326
f 2325/4328/2325 2327/4330/2327 2326/4329/2326
f 2328/4331/2328 2315/4313/2315 2329/4332/2329
f 2315/4313/2315 2309/4305/2309 2329/4332/2329
f 2312/4308/2312 2327/4330/2327 2309/4305/2309
f 2327/4330/2327 2312/4308/2312 2330/4333/2330
f 2311/4307/2311 2331/4334/2331 2310/4306/2310
f 2302/4290/2302 2331/4334/2331 2292/4262/2292
f 2238/4148/2238 2292/4262/2292 2316/4315/2316
f 2235/4079/2235 2332/4335/2332 2287/4250/2287
f 2321/4324/2321 2323/4326/2323 2319/4336/2319
f 2321/4337/2321 2333/4338/2333 2322/4339/2322
f 2319/4336/2319 2323/4326/2323 2320/4340/2320
f 2326/4341/2326 2327/4342/2327 2334/4343/2334
f 2323/4326/2323 2322/4325/2322 2335/4344/2335
f 2329/4332/2329 2309/4305/2309 2327/4330/2327
f 2320/4340/2320 2335/4344/2335 2311/4345/2311
f 2327/4342/2327 2330/4346/2330 2334/4343/2334
f 2320/4340/2320 2311/4345/2311 2308/4347/2308
f 2310/4348/2310 2331/4349/2331 2302/4350/2302
f 2312/4308/2312 2297/4277/2297 2291/4261/2291
f 2331/4334/2331 2316/4315/2316 2292/4262/2292
f 2336/4351/2336 2317/4316/2317 2266/4181/2266
f 2294/4352/2294 2337/4353/2337 2286/4249/2286
f 2276/4225/2276 2307/4298/2307 2305/4296/2305
f 2276/4225/2276 2281/4239/2281 2307/4298/2307
f 2319/4323/2319 2333/4338/2333 2321/4337/2321
f 2325/4328/2325 2328/4331/2328 2329/4332/2329
f 2325/4328/2325 2329/4332/2329 2327/4330/2327
f 2322/4354/2322 2333/4355/2333 2335/4356/2335
f 2335/4357/2335 2338/4358/2338 2311/4307/2311
f 2334/4359/2334 2330/4333/2330 2339/4360/2339
f 2330/4333/2330 2312/4308/2312 2291/4261/2291
f 2267/4361/2267 2340/4362/2340 2280/4314/2280
f 2226/4054/2226 2341/4363/2341 2266/4181/2266
f 2337/4353/2337 2306/4297/2306 2286/4249/2286
f 2298/4284/2298 2315/4318/2315 2342/4364/2342
f 2328/4365/2328 2342/4364/2342 2315/4318/2315
f 2324/4366/2324 2326/4367/2326 2343/4368/2343
f 2334/4369/2334 2339/4370/2339 2326/4367/2326
f 2323/4326/2323 2335/4344/2335 2320/4340/2320
f 2311/4307/2311 2338/4358/2338 2331/4334/2331
f 2291/4261/2291 2280/4314/2280 2344/4371/2344
f 2340/4372/2340 2267/4373/2267 2303/4291/2303
f 2284/4246/2284 2270/4201/2270 2345/4374/2345
f 2284/4246/2284 2341/4363/2341 2226/4054/2226
f 2235/4079/2235 2306/4297/2306 2332/4335/2332
f 2298/4281/2298 2342/4375/2342 2307/4298/2307
f 2318/4322/2318 2333/4338/2333 2319/4323/2319
f 2326/4367/2326 2339/4370/2339 2343/4368/2343
f 2333/4376/2333 2338/4358/2338 2335/4357/2335
f 2344/4371/2344 2280/4314/2280 2340/4362/2340
f 2336/4351/2336 2266/4181/2266 2341/4363/2341
f 2337/4353/2337 2294/4352/2294 2317/4377/2317
f 2332/4335/2332 2346/4378/2346 2287/4250/2287
f 2346/4378/2346 2318/4317/2318 2287/4250/2287
f 2339/4360/2339 2330/4333/2330 2344/4371/2344
f 2330/4333/2330 2291/4261/2291 2344/4371/2344
f 2316/4315/2316 2340/4372/2340 2303/4291/2303
f 2313/4310/2313 2305/4296/2305 2347/4379/2347
f 2306/4297/2306 2337/4353/2337 2332/4335/2332
f 2305/4296/2305 2307/4298/2307 2348/4380/2348
f 2348/4380/2348 2307/4298/2307 2342/4375/2342
f 2342/4381/2342 2328/4382/2328 2349/4383/2349
f 2328/4384/2328 2325/4385/2325 2349/4386/2349
f 2324/4387/2324 2349/4386/2349 2325/4385/2325
f 2339/4360/2339 2344/4371/2344 2350/4388/2350
f 2338/4358/2338 2351/4389/2351 2331/4334/2331
f 2331/4334/2331 2351/4389/2351 2316/4315/2316
f 2351/4389/2351 2340/4372/2340 2316/4315/2316
f 2293/4270/2293 2352/4390/2352 2304/4295/2304
f 2317/4377/2317 2336/4391/2336 2353/4392/2353
f 2317/4377/2317 2353/4392/2353 2337/4353/2337
f 2347/4379/2347 2305/4296/2305 2348/4380/2348
f 2346/4378/2346 2354/4393/2354 2318/4317/2318
f 2333/4338/2333 2355/4394/2355 2356/4395/2356
f 2343/4396/2343 2339/4360/2339 2357/4397/2357
f 2337/4353/2337 2346/4378/2346 2332/4335/2332
f 2343/4398/2343 2349/4386/2349 2324/4387/2324
f 2333/4376/2333 2356/4399/2356 2338/4358/2338
f 2350/4388/2350 2344/4371/2344 2351/4400/2351
f 2340/4362/2340 2351/4400/2351 2344/4371/2344
f 2293/4280/2293 2313/4310/2313 2352/4401/2352
f 2313/4310/2313 2347/4379/2347 2358/4402/2358
f 2353/4392/2353 2346/4378/2346 2337/4353/2337
f 2357/2810/2357 2359/4403/2359 2343/4404/2343
f 2339/4360/2339 2350/4388/2350 2357/4397/2357
f 2350/4388/2350 2351/4400/2351 2338/4405/2338
f 2270/4201/2270 2304/4295/2304 2360/4406/2360
f 2354/4407/2354 2333/4338/2333 2318/4322/2318
f 2356/4399/2356 2361/4408/2361 2338/4358/2338
f 2338/4358/2338 2361/4408/2361 2350/4409/2350
f 2357/4397/2357 2350/4388/2350 2361/4410/2361
f 2284/4246/2284 2345/4374/2345 2362/4411/2362
f 2284/4246/2284 2362/4411/2362 2341/4363/2341
f 2313/4310/2313 2358/4402/2358 2352/4401/2352
f 2354/4407/2354 2363/4412/2363 2333/4338/2333
f 2352/4390/2352 2360/4406/2360 2304/4295/2304
f 2336/4391/2336 2364/4413/2364 2353/4392/2353
f 2353/4392/2353 2365/4414/2365 2346/4378/2346
f 2346/4378/2346 2366/4415/2366 2354/4393/2354
f 2354/4407/2354 2366/4416/2366 2363/4412/2363
f 2365/4414/2365 2366/4415/2366 2346/4378/2346
f 2342/4417/2342 2349/4386/2349 2367/4418/2367
f 2361/4419/2361 2359/4420/2359 2357/4421/2357
f 2270/4201/2270 2360/4406/2360 2345/4374/2345
f 2347/4422/2347 2368/4423/2368 2358/4424/2358
f 2347/4422/2347 2348/4425/2348 2369/4426/2369
f 2348/4425/2348 2342/4427/2342 2367/4428/2367
f 2361/4408/2361 2356/4399/2356 2359/4429/2359
f 2341/4363/2341 2362/4411/2362 2336/4351/2336
f 2348/4425/2348 2367/4428/2367 2369/4426/2369
f 2333/4338/2333 2363/4412/2363 2355/4394/2355
f 2359/4430/2359 2370/4431/2370 2343/4398/2343
f 2358/4402/2358 2371/4432/2371 2352/4401/2352
f 2349/4386/2349 2372/4433/2372 2367/4418/2367
f 2343/4398/2343 2372/4433/2372 2349/4386/2349
f 2352/4401/2352 2371/4432/2371 2360/4434/2360
f 2355/4394/2355 2373/4435/2373 2356/4395/2356
f 2336/4391/2336 2362/4436/2362 2374/4437/2374
f 2336/4391/2336 2374/4437/2374 2364/4413/2364
f 2358/4438/2358 2368/4439/2368 2371/4440/2371
f 2368/4423/2368 2347/4422/2347 2375/4441/2375
f 2347/4422/2347 2369/4426/2369 2375/4441/2375
f 2365/4442/2365 2376/4443/2376 2366/4444/2366
f 2371/4432/2371 2377/4445/2377 2360/4434/2360
f 2371/4432/2371 2378/4446/2378 2377/4445/2377
f 2374/4447/2374 2379/4448/2379 2364/4449/2364
f 2363/4412/2363 2373/4435/2373 2355/4394/2355
f 2362/4450/2362 2345/4451/2345 2380/4452/2380
f 2345/4451/2345 2360/4434/2360 2377/4445/2377
f 2378/4453/2378 2371/4440/2371 2381/4454/2381
f 2371/4440/2371 2368/4439/2368 2381/4454/2381
f 2364/4455/2364 2379/4456/2379 2353/4457/2353
f 2353/4392/2353 2382/4458/2382 2365/4414/2365
f 2376/4459/2376 2383/4460/2383 2366/4415/2366
f 2366/4415/2366 2384/4461/2384 2363/4462/2363
f 2377/4445/2377 2380/4452/2380 2345/4451/2345
f 2353/4392/2353 2379/4463/2379 2382/4458/2382
f 2382/4458/2382 2376/4459/2376 2365/4414/2365
f 2382/4458/2382 2383/4460/2383 2376/4459/2376
f 2369/4426/2369 2367/4428/2367 2385/4464/2385
f 2356/4395/2356 2386/4465/2386 2359/4430/2359
f 2362/4436/2362 2380/4466/2380 2374/4437/2374
f 2374/4447/2374 2387/4467/2387 2379/4448/2379
f 2382/4468/2382 2388/4469/2388 2383/4470/2383
f 2369/4426/2369 2385/4464/2385 2375/4441/2375
f 2367/4418/2367 2372/4433/2372 2385/4471/2385
f 2366/4415/2366 2383/4460/2383 2384/4461/2384
f 2343/4398/2343 2370/4431/2370 2372/4433/2372
f 2356/4395/2356 2373/4435/2373 2386/4465/2386
f 2374/4437/2374 2380/4466/2380 2387/4472/2387
f 2378/4446/2378 2389/4473/2389 2377/4445/2377
f 2368/4474/2368 2390/4475/2390 2381/4476/2381
f 2370/4431/2370 2391/4477/2391 2372/4433/2372
f 2392/4478/2392 2372/4433/2372 2391/4477/2391
f 2393/4479/2393 2379/4448/2379 2387/4467/2387
f 2381/4454/2381 2389/4480/2389 2378/4453/2378
f 2368/4474/2368 2375/4481/2375 2390/4475/2390
f 2394/4482/2394 2382/4483/2382 2379/4484/2379
f 2390/4485/2390 2375/4301/2375 2395/4486/2395
f 2385/4471/2385 2372/4433/2372 2392/4478/2392
f 2377/4445/2377 2389/4473/2389 2396/4487/2396
f 2394/4488/2394 2397/4489/2397 2382/4490/2382
f 2395/4491/2395 2375/2351/2375 2398/4492/2398
f 2388/4493/2388 2382/4494/2382 2397/2497/2397
f 2399/4495/2399 2375/4496/2400 2398/4497/2401
f 2375/4441/2375 2385/4464/2385 2398/4498/2402
f 2400/4499/2403 2384/4500/2384 2383/4501/2383
f 2392/4502/2392 2401/4503/2404 2385/4504/2385
f 2370/4505/2370 2402/4506/2405 2391/4507/2391
f 2359/4430/2359 2386/4465/2386 2370/4431/2370
f 2377/4445/2377 2396/4487/2396 2380/4452/2380
f 2380/4466/2380 2403/4508/2406 2387/4472/2387
f 2399/4509/2407 2404/4510/2408 2398/4511/2398
f 2388/4512/2388 2400/4513/2403 2383/4514/2383
f 2385/4515/2385 2399/4516/2407 2398/4517/2402
f 2385/4515/2385 2405/4518/2409 2399/4516/2407
f 2370/4431/2370 2386/4465/2386 2402/4519/2405
f 2380/4452/2380 2396/4487/2396 2403/4520/2406
f 2389/4473/2389 2381/4476/2381 2390/4475/2390
f 2387/4521/2387 2406/4522/2410 2393/4523/2393
f 2403/4520/2406 2406/4522/2410 2387/4521/2387
f 2396/4487/2396 2407/4524/2411 2403/4520/2406
f 2388/4493/2388 2397/2497/2397 2408/4525/2412
f 2409/4526/2413 2388/4493/2388 2408/4525/2412
f 2409/4527/2413 2400/4528/2403 2388/4529/2388
f 2399/4516/2407 2405/4518/2409 2410/4530/2414
f 2409/4527/2413 2411/4531/2415 2400/4528/2403
f 2363/4412/2363 2384/4532/2384 2412/4533/2416
f 2363/4412/2363 2412/4533/2416 2373/4435/2373
f 2396/4534/2396 2413/4535/2417 2407/4536/2411
f 2389/4537/2389 2413/4538/2417 2396/4539/2396
f 2403/4520/2406 2407/4524/2411 2406/4522/2410
f 2397/4489/2397 2394/4488/2394 2414/2303/2418
f 2390/4475/2390 2395/4540/2395 2415/4541/2419
f 2407/4524/2411 2416/4542/2420 2406/4522/2410
f 2415/4541/2419 2395/4540/2395 2417/4543/2421
f 2398/4544/2398 2417/4545/2421 2395/4546/2395
f 2399/4509/2407 2410/4547/2414 2404/4510/2408
f 2418/4548/2422 2411/4531/2415 2409/4527/2413
f 2400/4499/2403 2419/4549/2423 2384/4500/2384
f 2410/4550/2414 2405/4551/2409 2420/4552/2424
f 2421/4553/2425 2419/4549/2423 2400/4499/2403
f 2401/4554/2404 2405/4555/2409 2385/4556/2385
f 2389/4473/2389 2390/4475/2390 2413/4557/2417
f 2394/4558/2394 2379/4559/2379 2414/4560/2418
f 2407/4536/2411 2413/4535/2417 2416/4561/2420
f 2422/4562/2426 2408/4563/2412 2397/4564/2397
f 2409/4526/2413 2408/4525/2412 2418/4565/2422
f 2417/4566/2421 2398/4511/2398 2404/4510/2408
f 2415/4567/2419 2417/4568/2421 2423/4569/2427
f 2408/4570/2412 2424/4571/2428 2419/4572/2423
f 2423/4573/2427 2401/4503/2404 2415/4541/2419
f 2418/4548/2422 2425/4574/2429 2411/4531/2415
f 2424/4575/2428 2414/4576/2418 2412/4577/2416
f 2424/4575/2428 2412/4577/2416 2384/4578/2384
f 2410/4579/2430 2420/4580/2431 2426/4581/2432
f 2420/4582/2431 2427/4583/2433 2426/4584/2432
f 2379/4585/2379 2393/4586/2393 2414/3844/2418
f 2413/4557/2417 2390/4475/2390 2415/4541/2419
f 2397/4587/2397 2414/3387/2418 2422/4021/2426
f 2406/4522/2410 2416/4542/2420 2428/4588/2434
f 2408/4570/2412 2414/4589/2418 2424/4571/2428
f 2417/4568/2421 2404/4590/2408 2423/4569/2427
f 2419/4572/2423 2421/4591/2425 2408/4570/2412
f 2423/4592/2427 2429/4593/2435 2401/4594/2404
f 2384/225/2384 2419/4572/2423 2424/4571/2428
f 2411/4595/2415 2421/4553/2425 2400/4499/2403
f 2430/4596/2436 2431/4597/2437 2373/4598/2373
f 2412/4577/2416 2430/4596/2436 2373/4598/2373
f 2391/4599/2391 2432/4600/2438 2392/4502/2392
f 2431/4597/2437 2386/4601/2386 2373/4598/2373
f 2391/4599/2391 2402/4602/2405 2433/4603/2439
f 2404/4604/2440 2434/4112/2441 2417/4605/2442
f 2401/4503/2404 2413/4557/2417 2415/4541/2419
f 2427/4583/2433 2435/4606/2443 2426/4584/2432
f 2408/4607/2412 2422/4608/2426 2414/4609/2418
f 2430/4610/2436 2406/4522/2410 2428/4588/2434
f 2426/4611/2432 2436/4612/2444 2410/4613/2430
f 2401/4503/2404 2432/4600/2438 2413/4557/2417
f 2410/4614/2414 2429/4495/2435 2404/4615/2408
f 2418/4548/2422 2437/4616/2445 2425/4574/2429
f 2423/4569/2427 2404/4590/2408 2429/4617/2435
f 2408/4570/2412 2421/4591/2425 2418/4618/2422
f 2414/4576/2418 2430/4596/2436 2412/4577/2416
f 2416/4542/2420 2433/4603/2439 2428/4588/2434
f 2416/4561/2420 2432/4619/2438 2433/3596/2439
f 2428/4588/2434 2431/4620/2437 2430/4610/2436
f 2405/4555/2409 2429/4621/2435 2420/4622/2424
f 2420/4623/2431 2436/4624/2444 2427/4625/2433
f 2391/4599/2391 2433/4603/2439 2432/4600/2438
f 2392/4502/2392 2432/4600/2438 2401/4503/2404
f 2405/4555/2409 2401/4554/2404 2429/4621/2435
f 2406/4522/2410 2430/4610/2436 2393/4523/2393
f 2393/4523/2393 2430/4610/2436 2414/4626/2418
f 2437/4616/2445 2439/4627/2446 2425/4574/2429
f 2410/4613/2414 2420/4628/2424 2429/4629/2435
f 2410/4613/2430 2436/4612/2444 2420/4628/2431
f 2427/4625/2433 2440/4630/2447 2435/4631/2443
f 2418/4618/2422 2421/4591/2425 2441/4632/2448
f 2413/4535/2417 2432/4619/2438 2416/4561/2420
f 2425/4633/2429 2441/4634/2448 2411/4595/2415
f 2411/4595/2415 2441/4634/2448 2421/4553/2425
f 2428/4635/2434 2386/4601/2386 2431/4597/2437
f 2442/4636/2449 2443/4637/2450 2438/4638/2451
f 2438/4638/2451 2443/4637/2450 2439/1683/2452
f 2418/4618/2422 2441/4632/2448 2437/4639/2445
f 2444/4640/2453 2435/4641/2454 2445/4642/2455
f 2435/4643/2443 2440/4644/2447 2426/4645/2432
f 2444/4640/2456 2445/4642/2457 2446/4646/2458
f 2440/4647/2447 2436/4648/2444 2426/4649/2432
f 2425/4633/2429 2439/4650/2446 2441/4634/2448
f 2440/4630/2447 2427/4625/2433 2436/4624/2444
f 2433/4603/2439 2402/4602/2405 2428/4588/2434
f 2402/4602/2405 2386/4651/2386 2428/4588/2434
f 2437/4639/2459 2439/4652/2460 2438/384/2461
f 2444/4653/2453 2440/4644/2462 2435/4643/2454
f 2437/4639/2445 2441/4632/2448 2439/4652/2446
f 2435/4631/2454 2440/4630/2462 2445/4654/2455
f 2444/4655/2453 2445/4656/2455 2440/4657/2462
