# Blender 4.4.0
# www.blender.org
mtllib Meshy_AI_Lion_with_a_Human_Fac_0518064235_texture.mtl
o Meshy_AI_Lion_with_a_Human_Fac_0518064235_texture
v 0.450636 0.152561 -0.717105
v 0.415458 0.146396 -0.711229
v 0.465810 0.180345 -0.716665
v 0.461549 0.147659 -0.708980
v 0.485043 0.170198 -0.711633
v 0.412240 0.164349 -0.707479
v 0.486283 0.201193 -0.709696
v 0.458059 0.190501 -0.708869
v 0.503463 0.193378 -0.700204
v 0.429688 0.138831 -0.706386
v 0.489562 0.165176 -0.701147
v 0.421581 0.171149 -0.698512
v 0.452546 0.222211 -0.689916
v 0.386251 0.152421 -0.703040
v 0.350729 0.185061 -0.691153
v 0.398986 0.173291 -0.697623
v 0.497352 0.227541 -0.693190
v 0.431433 0.136215 -0.693280
v 0.341136 0.214040 -0.689807
v 0.400718 0.137234 -0.690094
v 0.369065 0.157988 -0.691901
v 0.445344 0.185099 -0.695977
v 0.450169 0.192348 -0.692475
v 0.477806 0.235698 -0.690607
v 0.461760 0.147657 -0.688149
v 0.430066 0.165080 -0.680016
v 0.363295 0.206677 -0.690720
v 0.511368 0.219867 -0.680103
v 0.411916 0.138140 -0.682518
v 0.509443 0.194153 -0.675463
v 0.341310 0.191442 -0.682856
v 0.455315 0.241509 -0.676841
v 0.491760 0.251861 -0.670506
v 0.420437 0.143912 -0.677870
v 0.367594 0.159309 -0.676147
v 0.491511 0.170900 -0.673238
v 0.410968 0.167148 -0.679353
v 0.391852 0.181620 -0.678776
v 0.441833 0.217336 -0.669475
v 0.296896 0.294983 -0.669366
v 0.330373 0.206547 -0.666597
v 0.458615 0.175754 -0.671576
v 0.450174 0.186953 -0.681990
v 0.344073 0.249357 -0.676353
v 0.443364 0.230941 -0.668968
v 0.504801 0.242631 -0.668313
v 0.312640 0.297001 -0.672241
v 0.462590 0.158226 -0.676938
v 0.486155 0.258340 -0.659585
v 0.387857 0.158152 -0.668830
v 0.395658 0.168401 -0.670899
v 0.488828 0.189017 -0.652283
v 0.445104 0.211936 -0.658255
v 0.512049 0.214550 -0.663813
v 0.262413 0.458700 -0.634889
v 0.353909 0.219688 -0.656108
v 0.358403 0.227582 -0.666700
v 0.508952 0.231374 -0.660698
v 0.339580 0.266871 -0.657519
v 0.290452 0.408078 -0.640224
v 0.346611 0.200794 -0.656982
v 0.456439 0.248229 -0.646092
v 0.497825 0.242785 -0.643605
v 0.290156 0.283983 -0.653865
v 0.445241 0.228691 -0.655077
v 0.466826 0.255056 -0.643228
v 0.466714 0.209310 -0.640519
v 0.279599 0.315574 -0.634472
v 0.335063 0.263831 -0.647170
v 0.496949 0.211967 -0.641779
v 0.480458 0.258174 -0.646076
v 0.269842 0.343239 -0.646911
v 0.132723 0.193761 -0.647316
v 0.130178 0.219008 -0.646413
v 0.142113 0.215939 -0.638012
v 0.119955 0.202106 -0.648030
v 0.111323 0.237348 -0.635653
v 0.485462 0.253930 -0.641117
v 0.313054 0.336251 -0.634306
v 0.100585 0.131136 -0.634846
v 0.101811 0.177675 -0.636896
v 0.117851 0.261082 -0.625387
v 0.452697 0.234789 -0.643650
v 0.257669 0.376456 -0.627222
v 0.299302 0.392741 -0.632822
v 0.257794 0.542361 -0.610018
v 0.072334 0.145377 -0.626276
v 0.144580 0.193627 -0.630097
v 0.131780 0.146373 -0.623000
v 0.104326 0.213737 -0.622455
v 0.463777 0.226455 -0.636213
v 0.488551 0.240249 -0.635120
v 0.472183 0.248355 -0.635792
v 0.296020 0.301871 -0.629482
v 0.105628 0.116900 -0.626509
v 0.119652 0.117003 -0.613940
v 0.480508 0.237628 -0.632830
v 0.077915 0.181355 -0.625361
v 0.144042 0.207810 -0.625184
v 0.222917 0.514935 -0.607703
v 0.222646 0.610212 -0.597524
v 0.065778 0.184314 -0.614164
v 0.082497 0.213136 -0.625454
v 0.098049 0.215862 -0.618245
v 0.102596 0.264273 -0.619452
v 0.275823 0.435808 -0.594210
v 0.064462 0.213637 -0.616736
v 0.076726 0.243083 -0.608826
v 0.134624 0.225511 -0.616751
v 0.031489 0.021481 -0.597608
v 0.131218 0.136825 -0.600842
v 0.126504 0.122770 -0.605788
v 0.096980 0.244186 -0.607961
v 0.096717 0.348484 -0.597730
v 0.196436 0.596775 -0.602865
v 0.039061 0.076514 -0.605458
v 0.051119 0.120873 -0.604792
v 0.059886 0.156646 -0.611122
v 0.059343 0.202103 -0.589975
v 0.091933 0.237142 -0.606734
v 0.111576 0.306161 -0.599615
v 0.225571 0.496151 -0.597275
v 0.086414 0.534260 -0.612534
v 0.118383 0.578911 -0.613515
v 0.106508 0.537382 -0.613517
v 0.148164 0.590913 -0.604487
v 0.109828 0.608444 -0.611157
v 0.071713 0.605612 -0.605809
v 0.131221 0.195772 -0.606989
v 0.074432 0.459609 -0.605763
v 0.119426 0.219308 -0.604545
v 0.068730 0.300731 -0.598924
v 0.263341 0.528251 -0.569321
v 0.079776 0.393647 -0.596751
v 0.250944 0.595635 -0.584211
v 0.122884 0.453170 -0.586301
v 0.148197 0.534865 -0.596948
v 0.151220 0.638119 -0.597928
v 0.175185 0.611408 -0.606236
v 0.124334 0.652783 -0.599398
v 0.083553 0.050908 -0.584388
v 0.071590 0.354285 -0.598296
v 0.243141 0.465195 -0.587408
v 0.271453 0.530600 -0.585794
v 0.104168 0.399863 -0.588862
v 0.057216 0.450664 -0.597821
v 0.036024 0.608927 -0.589300
v 0.197289 0.570912 -0.600415
v 0.095129 0.643978 -0.602819
v 0.020840 0.026327 -0.599230
v 0.021179 0.043335 -0.600363
v 0.109562 0.237560 -0.595606
v 0.149579 0.472739 -0.571174
v 0.234048 0.617120 -0.586750
v 0.175285 0.634591 -0.598736
v 0.110093 0.298232 -0.583384
v 0.042051 0.333693 -0.585773
v 0.037066 0.567287 -0.585583
v 0.201307 0.546592 -0.589727
v 0.180096 0.517152 -0.582943
v 0.036441 0.638291 -0.586915
v 0.056896 0.667708 -0.587262
v 0.100871 0.679425 -0.590064
v -0.008822 0.025858 -0.589318
v 0.045840 0.021657 -0.592412
v 0.000563 0.057752 -0.572167
v 0.057569 0.162408 -0.592786
v 0.105776 0.243135 -0.588295
v 0.042887 0.294879 -0.589004
v 0.253635 0.475248 -0.579071
v 0.048176 0.429515 -0.588969
v 0.196173 0.545523 -0.585819
v 0.014308 0.015947 -0.589927
v 0.072025 0.036531 -0.584064
v 0.123900 0.133700 -0.577377
v 0.137140 0.187346 -0.585405
v -0.006082 0.017523 -0.586627
v 0.124250 0.148399 -0.577803
v 0.135543 0.198411 -0.587792
v 0.115774 0.241852 -0.572756
v 0.102101 0.265165 -0.583107
v 0.177556 0.681977 -0.570632
v 0.124304 0.688480 -0.583007
v -0.025172 0.039548 -0.573797
v 0.044254 0.156838 -0.578283
v 0.043657 0.154496 -0.570866
v -0.025962 0.017951 -0.574380
v 0.045643 0.145114 -0.575726
v 0.048050 0.193158 -0.577700
v 0.030805 0.262681 -0.568764
v 0.208958 0.536169 -0.572287
v 0.025606 0.095673 -0.578419
v 0.114673 0.361081 -0.561573
v 0.207635 0.533375 -0.569944
v 0.012665 0.638518 -0.568766
v 0.030473 0.670706 -0.573310
v 0.045881 0.208430 -0.569738
v 0.007297 0.339815 -0.552854
v 0.031040 0.435194 -0.571481
v 0.186083 0.499474 -0.569393
v 0.221255 0.532258 -0.563758
v 0.089017 0.712189 -0.568111
v -0.035404 0.013166 -0.557501
v 0.132826 0.181916 -0.574863
v 0.129076 0.199356 -0.566936
v 0.131107 0.436725 -0.558145
v 0.238811 0.550445 -0.552568
v 0.245342 0.613703 -0.561552
v 0.226562 0.658356 -0.545288
v 0.182678 0.699549 -0.550283
v 0.042113 0.711723 -0.553094
v -0.043189 0.022918 -0.551368
v 0.106285 0.273440 -0.561426
v 0.152290 0.464746 -0.560214
v 0.234451 0.540443 -0.556881
v 0.214515 0.534550 -0.566883
v 0.244698 0.564637 -0.549586
v -0.032162 0.048342 -0.557627
v 0.019280 0.071718 -0.565568
v 0.049317 0.138888 -0.560102
v 0.113368 0.130435 -0.560593
v 0.277903 0.128185 -0.547371
v 0.278725 0.219864 -0.563652
v 0.297139 0.205080 -0.566045
v 0.291623 0.222202 -0.565063
v 0.153723 0.721271 -0.541805
v 0.106518 0.723381 -0.556710
v 0.078173 0.035666 -0.535138
v -0.029087 0.054596 -0.546434
v 0.009140 0.059977 -0.558162
v 0.027244 0.087324 -0.559347
v 0.047040 0.166665 -0.565709
v 0.105614 0.181119 -0.565512
v 0.049306 0.183980 -0.559611
v 0.046809 0.199050 -0.556534
v 0.093397 0.289413 -0.539152
v 0.006653 0.507569 -0.533003
v 0.005401 0.682536 -0.547526
v 0.018700 0.700071 -0.547475
v 0.288728 0.125401 -0.546488
v 0.311195 0.193222 -0.551453
v 0.108659 0.246825 -0.557529
v 0.153926 0.460588 -0.539748
v -0.030032 0.011674 -0.524964
v 0.066731 0.021139 -0.540354
v 0.015655 0.066509 -0.549762
v 0.096162 0.112424 -0.549871
v 0.308201 0.128134 -0.537396
v 0.269572 0.229188 -0.553942
v 0.307180 0.215963 -0.549154
v 0.180708 0.471925 -0.547580
v 0.230235 0.536060 -0.555564
v -0.010442 0.671034 -0.532854
v 0.053794 0.730892 -0.538686
v -0.043957 0.018241 -0.531026
v 0.063015 0.142159 -0.550164
v 0.048808 0.175341 -0.557320
v 0.267010 0.204263 -0.544023
v 0.208152 0.459127 -0.534713
v -0.031760 0.564166 -0.514724
v 0.081999 0.175542 -0.544023
v 0.083903 0.217366 -0.540964
v 0.090014 0.201871 -0.545209
v 0.090245 0.250199 -0.545110
v 0.281803 0.255023 -0.541977
v 0.039811 0.232964 -0.541595
v 0.127302 0.433437 -0.541115
v 0.249282 0.590679 -0.542073
v 0.090323 0.070777 -0.545011
v 0.042380 0.090326 -0.541406
v 0.057177 0.212391 -0.543326
v 0.264199 0.234903 -0.528877
v 0.015248 0.269289 -0.531319
v 0.268612 0.263863 -0.542691
v -0.004294 0.332628 -0.536018
v -0.026109 0.423617 -0.485084
v 0.088847 0.757246 -0.506241
v -0.045506 0.025547 -0.531585
v 0.002218 0.064774 -0.528522
v 0.027783 0.069183 -0.544682
v 0.263797 0.166725 -0.541917
v 0.045426 0.221483 -0.539072
v -0.017694 0.378517 -0.506491
v 0.027304 0.068723 -0.531586
v 0.272378 0.098930 -0.531262
v 0.082545 0.142155 -0.546051
v 0.252436 0.130534 -0.529942
v 0.080211 0.154613 -0.543508
v 0.243256 0.199051 -0.538142
v 0.257948 0.259541 -0.535996
v -0.036353 0.047714 -0.537671
v -0.026098 0.053899 -0.525167
v 0.014088 0.063120 -0.531284
v 0.296720 0.057313 -0.499479
v 0.239917 0.190992 -0.530990
v 0.242914 0.231186 -0.524581
v 0.234504 0.432720 -0.525376
v -0.001800 0.697232 -0.528313
v 0.064663 0.087924 -0.528034
v 0.251388 0.148118 -0.524332
v 0.074215 0.211727 -0.538289
v 0.075212 0.250668 -0.527174
v 0.268705 0.531361 -0.513141
v 0.224279 0.696352 -0.500590
v 0.006836 0.724780 -0.509045
v 0.144649 0.745564 -0.506371
v -0.041032 0.020360 -0.519799
v 0.258210 0.315186 -0.529806
v 0.233333 0.333645 -0.528879
v 0.131760 0.449813 -0.523135
v 0.208994 0.433047 -0.526475
v 0.269163 0.575921 -0.515211
v 0.264293 0.617288 -0.515142
v 0.042415 0.069268 -0.526876
v 0.314264 0.119218 -0.524317
v 0.318849 0.153759 -0.498853
v 0.246063 0.268908 -0.524717
v 0.226121 0.319237 -0.522800
v -0.010296 0.325412 -0.515963
v 0.165277 0.446317 -0.506036
v 0.042198 0.015228 -0.482050
v 0.307500 0.186032 -0.522129
v 0.298979 0.204556 -0.525531
v 0.289897 0.221658 -0.522841
v 0.035143 0.266620 -0.509916
v 0.281615 0.258515 -0.523419
v 0.257813 0.247566 -0.524112
v 0.020925 0.266716 -0.517821
v 0.271804 0.300190 -0.518952
v 0.248618 0.429631 -0.517756
v -0.037670 0.513561 -0.499818
v 0.016101 0.753014 -0.473525
v -0.039956 0.028197 -0.516644
v 0.038597 0.066044 -0.523282
v 0.052431 0.071531 -0.518077
v 0.234546 0.241778 -0.510016
v 0.110745 0.439832 -0.503087
v 0.151356 0.453859 -0.510377
v 0.068677 0.049036 -0.518025
v 0.256857 0.030235 -0.486002
v 0.254396 0.396180 -0.514505
v 0.095668 0.358950 -0.515347
v 0.250676 0.655388 -0.512210
v 0.008040 0.067029 -0.496579
v 0.239812 0.035781 -0.482740
v 0.242306 0.130039 -0.507283
v 0.311550 0.207745 -0.512124
v 0.283967 0.233703 -0.515212
v 0.042649 0.334389 -0.484701
v 0.174835 0.433514 -0.505456
v -0.043094 0.665691 -0.476308
v 0.305524 0.018782 -0.454426
v 0.251468 0.178242 -0.508002
v 0.311209 0.219492 -0.506490
v 0.272625 0.297090 -0.494886
v 0.053638 0.756460 -0.497310
v -0.039046 0.012649 -0.507963
v -0.044340 0.028414 -0.504917
v -0.026470 0.056028 -0.505236
v 0.246624 0.100894 -0.509803
v 0.266876 0.637717 -0.489204
v -0.027498 0.010091 -0.502375
v -0.036156 0.047720 -0.504718
v 0.292499 0.248712 -0.500023
v 0.271527 0.342390 -0.503598
v 0.271431 0.438560 -0.479977
v 0.000343 0.066293 -0.501489
v 0.244085 0.145384 -0.492219
v 0.276496 0.540199 -0.492048
v 0.044842 0.054305 -0.488644
v 0.313515 0.216089 -0.496331
v 0.243014 0.217878 -0.495335
v 0.000375 0.325964 -0.482087
v 0.093126 0.439721 -0.484154
v 0.154354 0.430717 -0.464846
v 0.165220 0.743415 -0.485758
v 0.279699 0.020749 -0.475951
v 0.036988 0.063632 -0.491020
v 0.314968 0.112129 -0.481553
v 0.315198 0.026494 -0.443944
v 0.313048 0.184294 -0.494034
v 0.100051 0.450799 -0.475724
v -0.047925 0.557919 -0.482811
v -0.039692 0.611607 -0.488734
v 0.243238 0.681918 -0.477330
v -0.032708 0.015974 -0.491336
v 0.057837 0.031415 -0.494461
v -0.020963 0.048364 -0.491459
v 0.217770 0.018266 -0.452209
v 0.237814 0.214865 -0.477031
v 0.147277 0.446375 -0.477189
v 0.130856 0.452761 -0.483535
v -0.039472 0.492839 -0.491210
v 0.275091 0.611395 -0.477438
v 0.312896 0.207852 -0.491468
v 0.002434 0.359279 -0.460738
v 0.199667 0.316841 -0.480036
v 0.278022 0.540184 -0.456816
v 0.132766 0.767642 -0.447319
v -0.023378 0.018728 -0.487408
v -0.025881 0.026214 -0.485069
v -0.025056 0.026547 -0.479017
v -0.003446 0.053915 -0.479435
v 0.292324 0.252329 -0.484378
v 0.232062 0.244945 -0.492297
v -0.014156 0.367492 -0.464088
v -0.042100 0.442450 -0.441747
v 0.224394 0.704455 -0.474289
v 0.097627 0.770414 -0.470834
v 0.047702 0.766079 -0.470684
v 0.011419 0.058273 -0.485246
v -0.049711 0.717960 -0.443253
v -0.017508 0.018494 -0.479520
v -0.023380 0.039331 -0.478821
v 0.246616 0.166568 -0.473162
v 0.293838 0.205355 -0.479457
v -0.005292 0.350230 -0.472398
v 0.039331 0.367540 -0.468479
v 0.019717 0.050999 -0.471627
v 0.225698 0.054341 -0.455899
v 0.302137 0.150453 -0.473542
v 0.239518 0.215161 -0.466887
v 0.277864 0.387544 -0.465288
v -0.047762 0.510596 -0.474245
v -0.052984 0.738353 -0.407749
v 0.020272 0.013616 -0.469774
v 0.230325 0.016098 -0.461216
v 0.258992 0.132963 -0.462359
v 0.274944 0.333793 -0.462662
v 0.022188 0.020110 -0.465821
v 0.289313 0.190204 -0.460886
v -0.012429 0.031817 -0.470946
v 0.002970 0.042298 -0.474118
v 0.005511 0.036918 -0.467691
v 0.019096 0.391214 -0.449766
v 0.271689 0.441334 -0.448255
v 0.203644 0.728003 -0.429670
v 0.000124 0.023455 -0.472919
v 0.013856 0.034341 -0.463940
v 0.288345 0.142038 -0.458488
v 0.274128 0.321524 -0.451245
v 0.277721 0.259296 -0.440329
v -0.044622 0.456860 -0.443943
v 0.263242 0.649544 -0.453730
v 0.273974 0.614435 -0.448015
v 0.159746 0.756116 -0.444318
v 0.209009 0.031152 -0.440700
v 0.287708 0.156536 -0.454703
v 0.052510 0.456737 -0.449498
v -0.043625 0.483463 -0.446600
v 0.236940 0.074703 -0.452440
v 0.281455 0.211772 -0.453089
v 0.214105 0.271909 -0.456425
v 0.194104 0.319810 -0.418115
v 0.107169 0.466932 -0.394387
v 0.257978 0.196557 -0.454178
v 0.231164 0.065629 -0.444974
v 0.257224 0.075134 -0.437656
v 0.294929 0.089993 -0.437114
v 0.269325 0.181616 -0.454481
v 0.001218 0.451130 -0.434739
v -0.133408 0.697309 -0.332628
v 0.272077 0.133022 -0.455317
v 0.279372 0.172160 -0.451057
v 0.273762 0.193506 -0.449775
v -0.024615 0.430155 -0.432483
v -0.065911 0.663360 -0.434104
v 0.317856 0.037453 -0.432655
v 0.265997 0.074953 -0.437298
v 0.262958 0.209780 -0.450192
v -0.043546 0.455187 -0.428534
v -0.052611 0.570022 -0.414219
v -0.035327 0.751682 -0.404904
v 0.257852 0.216164 -0.443555
v 0.245931 0.232088 -0.443548
v 0.161429 0.376783 -0.381649
v -0.046700 0.516488 -0.441391
v 0.206520 0.013303 -0.414794
v 0.311358 0.016126 -0.435543
v 0.241793 0.063011 -0.436692
v 0.264661 0.218222 -0.441055
v 0.138719 0.443122 -0.435436
v 0.056185 0.465257 -0.423860
v -0.062056 0.494788 -0.425453
v 0.204816 0.015425 -0.420195
v 0.299756 0.063851 -0.415634
v 0.277445 0.077785 -0.431202
v 0.270557 0.384699 -0.425169
v 0.272547 0.575779 -0.430953
v 0.212610 0.054098 -0.428880
v 0.272660 0.241799 -0.440041
v 0.220045 0.269851 -0.427763
v 0.255260 0.339552 -0.401427
v 0.022459 0.455609 -0.438390
v 0.235863 0.690934 -0.412218
v 0.056155 0.780496 -0.408489
v 0.256315 0.236636 -0.436725
v 0.032758 0.469252 -0.421740
v -0.062594 0.484157 -0.423109
v -0.061288 0.603486 -0.404214
v 0.205681 0.051328 -0.405632
v 0.152109 0.418673 -0.417673
v 0.103152 0.776646 -0.385111
v 0.235595 0.064371 -0.411604
v 0.262518 0.063843 -0.424688
v 0.266628 0.555023 -0.419540
v -0.053126 0.521392 -0.425283
v 0.260641 0.643962 -0.415564
v 0.168533 0.752920 -0.414838
v 0.286115 0.065107 -0.421712
v 0.005833 0.482605 -0.419988
v -0.067464 0.524354 -0.404695
v 0.271841 0.066960 -0.418357
v 0.247104 0.260356 -0.416803
v -0.057362 0.486137 -0.404793
v 0.141583 0.765586 -0.400086
v 0.246388 0.423293 -0.389615
v -0.059015 0.532966 -0.410670
v 0.311283 0.015739 -0.382203
v 0.052902 0.781631 -0.364174
v 0.207605 0.053885 -0.388562
v 0.217967 0.062123 -0.394463
v 0.250622 0.063402 -0.382230
v 0.175693 0.350254 -0.388056
v -0.073053 0.500876 -0.407461
v -0.067373 0.538234 -0.395098
v 0.312577 0.051130 -0.388195
v 0.123530 0.462349 -0.385581
v -0.000252 0.489595 -0.409102
v 0.237269 0.522436 -0.388998
v 0.212400 0.715996 -0.400573
v 0.209675 0.308099 -0.392158
v -0.061156 0.579210 -0.397791
v 0.234105 0.319657 -0.380789
v 0.222307 0.367012 -0.357075
v 0.041414 0.462003 -0.387874
v -0.003869 0.488570 -0.401408
v 0.251571 0.597209 -0.400924
v 0.241855 0.635413 -0.377353
v 0.236980 0.667725 -0.380427
v 0.002728 0.776765 -0.357907
v 0.217892 0.311844 -0.381177
v 0.067433 0.460463 -0.378504
v 0.229866 0.480605 -0.374330
v 0.200300 0.028992 -0.385672
v 0.221364 0.056425 -0.383428
v 0.233364 0.063255 -0.382470
v 0.150463 0.409049 -0.361077
v -0.082749 0.491001 -0.382592
v -0.142153 0.677081 -0.332284
v 0.299844 0.062722 -0.370634
v -0.069211 0.486317 -0.380407
v 0.204075 0.016960 -0.388877
v 0.317249 0.028882 -0.382466
v 0.277267 0.061678 -0.370597
v 0.265345 0.013152 -0.349966
v 0.014251 0.455762 -0.373994
v -0.124269 0.657077 -0.356071
v 0.159030 0.745586 -0.355889
v 0.217145 0.017055 -0.374622
v -0.065256 0.752063 -0.348363
v 0.180537 0.350385 -0.364907
v 0.102487 0.474629 -0.361730
v -0.109217 0.472795 -0.338215
v 0.191930 0.703218 -0.341473
v 0.208876 0.021138 -0.374509
v 0.204773 0.037086 -0.374347
v 0.210173 0.049259 -0.377339
v 0.130114 0.473072 -0.355586
v 0.221567 0.441026 -0.370395
v -0.090873 0.515991 -0.370460
v 0.204037 0.376190 -0.340178
v 0.246040 0.579162 -0.370786
v 0.304728 0.051666 -0.363027
v -0.097587 0.587932 -0.366353
v 0.212415 0.039643 -0.369379
v 0.218333 0.048243 -0.374685
v 0.245961 0.056362 -0.362119
v 0.202521 0.344124 -0.359807
v 0.019593 0.442957 -0.356414
v 0.029194 0.779576 -0.346365
v 0.091153 0.774026 -0.349654
v 0.217783 0.024010 -0.370087
v 0.288957 0.057171 -0.353926
v 0.257288 0.063200 -0.364802
v 0.237382 0.617300 -0.359339
v 0.302864 0.015650 -0.359162
v -0.012816 0.433039 -0.350137
v 0.280042 0.016112 -0.358824
v 0.219278 0.031874 -0.366578
v 0.235632 0.042350 -0.351489
v 0.270898 0.053847 -0.353781
v 0.069334 0.458496 -0.343041
v 0.116182 0.486198 -0.343992
v -0.116456 0.603291 -0.346903
v 0.242489 0.021372 -0.353646
v 0.299510 0.023653 -0.349315
v 0.188555 0.351477 -0.353830
v -0.047915 0.443322 -0.354015
v 0.223728 0.632220 -0.345669
v 0.096905 0.759864 -0.314318
v 0.248824 0.016477 -0.350494
v 0.234323 0.034389 -0.348715
v 0.198939 0.362125 -0.344346
v 0.148291 0.421653 -0.334694
v 0.227288 0.555095 -0.335492
v 0.277897 0.025184 -0.345437
v 0.245486 0.039838 -0.344859
v 0.256706 0.047882 -0.344207
v 0.179496 0.377087 -0.336882
v 0.123587 0.482383 -0.346379
v 0.232530 0.540528 -0.347249
v -0.048344 0.410894 -0.315490
v 0.062949 0.449395 -0.318310
v 0.167767 0.720617 -0.326995
v -0.038768 0.765908 -0.336830
v 0.052683 0.774334 -0.325930
v 0.251146 0.024174 -0.341333
v 0.262179 0.029094 -0.339572
v 0.280143 0.037077 -0.342494
v 0.201881 0.438805 -0.332941
v -0.201516 0.516555 -0.272087
v -0.154484 0.633037 -0.322543
v 0.192837 0.680082 -0.330256
v 0.120079 0.743924 -0.305921
v 0.114290 0.482266 -0.303961
v 0.133205 0.461363 -0.310411
v 0.156018 0.418601 -0.324086
v -0.092378 0.418240 -0.305198
v 0.093036 0.482134 -0.303918
v 0.195275 0.650697 -0.328745
v 0.204314 0.572505 -0.318738
v -0.075246 0.756985 -0.250366
v 0.100448 0.487468 -0.309957
v 0.206350 0.539994 -0.315992
v -0.208795 0.681946 -0.231084
v -0.241625 0.696667 -0.150677
v 0.186289 0.426760 -0.322291
v 0.206635 0.507743 -0.318434
v 0.153788 0.448531 -0.307326
v -0.163815 0.439844 -0.269198
v -0.027907 0.760479 -0.262956
v -0.028110 0.388180 -0.278937
v 0.158675 0.471172 -0.308126
v 0.152194 0.692444 -0.300657
v -0.196984 0.661588 -0.269637
v 0.192666 0.522231 -0.309645
v 0.178296 0.560587 -0.309699
v 0.148485 0.609139 -0.312848
v -0.095886 0.387711 -0.266598
v 0.159431 0.488913 -0.310983
v 0.129350 0.551330 -0.312420
v 0.166917 0.540028 -0.307615
v 0.137936 0.515007 -0.302878
v 0.116973 0.594598 -0.305745
v -0.249508 0.619950 -0.230564
v 0.068628 0.436342 -0.276691
v 0.143491 0.497052 -0.299932
v -0.229240 0.585141 -0.258762
v -0.007322 0.753704 -0.248251
v 0.105353 0.483870 -0.262690
v -0.270882 0.457141 -0.191148
v 0.140348 0.643019 -0.297055
v 0.132029 0.657364 -0.275510
v 0.102193 0.717617 -0.258068
v 0.135688 0.481122 -0.283441
v 0.033661 0.398958 -0.261330
v 0.114279 0.606824 -0.293145
v 0.121580 0.482229 -0.278498
v 0.113986 0.524440 -0.275147
v 0.119625 0.509546 -0.275406
v 0.128782 0.486677 -0.279882
v -0.119815 0.750782 -0.205190
v 0.104282 0.509985 -0.254249
v 0.132189 0.691970 -0.275762
v 0.066914 0.736468 -0.254750
v 0.098997 0.483902 -0.242235
v 0.107924 0.627222 -0.233083
v 0.125271 0.671683 -0.257514
v 0.050870 0.406460 -0.240921
v 0.059442 0.416010 -0.217513
v -0.266264 0.578888 -0.221423
v 0.068442 0.684143 -0.170859
v 0.036365 0.390478 -0.220064
v -0.205878 0.398253 -0.207214
v -0.197040 0.361169 -0.171070
v -0.238562 0.407071 -0.190013
v -0.093628 0.347010 -0.192351
v -0.025797 0.356235 -0.175050
v -0.200322 0.720599 -0.168767
v 0.004182 0.728149 -0.191524
v -0.143928 0.344366 -0.177234
v 0.100931 0.546308 -0.212692
v -0.058397 0.747385 -0.188084
v -0.129505 0.749198 -0.119000
v 0.087632 0.635631 -0.167588
v 0.030708 0.701003 -0.152554
v -0.303405 0.569792 -0.176858
v 0.085038 0.493007 -0.172946
v -0.278310 0.436560 -0.173741
v -0.308541 0.507647 -0.164994
v 0.085993 0.561014 -0.131298
v -0.298185 0.628601 -0.159116
v -0.280115 0.673918 -0.126775
v -0.170523 0.743787 -0.124509
v -0.138229 0.334046 -0.153666
v -0.002389 0.361597 -0.109952
v 0.076410 0.581292 -0.107778
v -0.289572 0.652091 -0.147399
v 0.018119 0.377314 -0.122049
v 0.060137 0.442770 -0.122011
v -0.193983 0.732834 -0.136140
v -0.008019 0.717714 -0.146321
v -0.108750 0.329597 -0.136114
v -0.250431 0.386539 -0.156186
v 0.069703 0.655568 -0.137818
v -0.273112 0.404267 -0.150289
v -0.310252 0.460124 -0.138491
v -0.188409 0.336414 -0.126901
v -0.143982 0.749211 -0.139620
v -0.320500 0.608117 -0.135347
v -0.067403 0.334474 -0.118509
v -0.321291 0.566765 -0.147246
v -0.109001 0.746998 -0.116110
v -0.226784 0.355065 -0.129683
v -0.301513 0.430588 -0.132543
v -0.313523 0.628556 -0.132440
v 0.045157 0.680550 -0.128690
v -0.291820 0.399782 -0.108833
v 0.076631 0.483966 -0.119142
v -0.179742 0.328363 -0.097437
v -0.337869 0.528395 -0.108669
v -0.126587 0.324684 -0.106504
v -0.248090 0.727273 -0.004557
v -0.008227 0.707197 -0.104374
v -0.268370 0.361918 -0.070026
v 0.056816 0.527936 -0.036047
v -0.280666 0.709983 -0.016277
v 0.035228 0.602137 0.000017
v -0.003398 0.380626 -0.029705
v 0.020052 0.404238 -0.041535
v 0.058054 0.466196 -0.059681
v -0.368804 0.596557 -0.036219
v -0.070612 0.730395 -0.074229
v -0.253861 0.336837 -0.013401
v 0.046903 0.596777 -0.035712
v -0.091802 0.336557 -0.005236
v -0.330112 0.398735 -0.007240
v -0.352581 0.427624 0.010700
v -0.363010 0.495769 -0.022094
v -0.188900 0.326688 -0.049669
v 0.059389 0.495557 -0.044921
v -0.091224 0.329854 -0.068110
v -0.026194 0.357621 -0.050377
v -0.144756 0.740416 -0.020173
v -0.386223 0.623058 0.023082
v -0.354755 0.664001 0.008181
v -0.186021 0.741235 -0.022996
v -0.009002 0.663944 0.012523
v -0.320845 0.380451 0.007557
v -0.067997 0.718278 0.012619
v -0.106299 0.731941 0.018858
v 0.026379 0.436574 -0.000080
v -0.001703 0.622549 0.065922
v -0.198209 0.316967 0.048892
v -0.133180 0.324605 0.042734
v -0.307378 0.697312 -0.007041
v -0.283463 0.346294 0.013495
v -0.422187 0.629788 0.110337
v 0.020630 0.522498 0.048017
v -0.168725 0.318233 0.045874
v -0.059980 0.383484 0.118433
v -0.239384 0.324015 0.031160
v -0.310328 0.362398 0.034218
v -0.048370 0.401256 0.124118
v 0.023056 0.560794 0.062254
v -0.121281 0.737659 0.062243
v 0.005331 0.495859 0.086948
v -0.406970 0.531551 0.067601
v -0.020899 0.661252 0.060334
v -0.376273 0.478337 0.040499
v -0.053468 0.707319 0.027503
v -0.008496 0.436565 0.077669
v -0.171613 0.746823 0.061111
v -0.136314 0.327292 0.093244
v -0.404214 0.674499 0.087902
v -0.348086 0.404559 0.049017
v -0.006264 0.596082 0.116788
v -0.364629 0.706578 0.067868
v -0.418339 0.645515 0.104367
v -0.251560 0.740288 0.055688
v 0.023007 0.543541 0.060211
v -0.328556 0.703643 0.032249
v -0.265873 0.330427 0.066818
v -0.368131 0.443033 0.073626
v -0.323776 0.729841 0.066984
v -0.088701 0.356681 0.112176
v -0.299690 0.349827 0.079480
v -0.318454 0.367222 0.083215
v -0.351011 0.719712 0.067913
v -0.341087 0.727813 0.058490
v -0.362324 0.725777 0.057120
v -0.318572 0.746114 0.055271
v -0.355783 0.747743 0.062293
v -0.333897 0.735726 0.058248
v -0.224817 0.318690 0.078685
v -0.369030 0.712085 0.068051
v -0.382420 0.706079 0.065248
v -0.345011 0.726034 0.065896
v -0.219649 0.754166 0.084301
v -0.097599 0.349524 0.112588
v -0.378579 0.445903 0.083934
v -0.166456 0.754821 0.095897
v -0.302570 0.750538 0.065026
v -0.338014 0.764716 0.071126
v -0.328561 0.375883 0.079000
v -0.426628 0.567344 0.118995
v -0.396087 0.715745 0.071184
v -0.336788 0.729084 0.068257
v -0.325280 0.734579 0.069459
v -0.394412 0.732901 0.082354
v -0.289606 0.750540 0.069602
v -0.285320 0.757993 0.066132
v -0.288178 0.775048 0.070306
v -0.389733 0.705645 0.071043
v -0.303414 0.744089 0.073378
v -0.272983 0.749048 0.077605
v -0.106275 0.738494 0.112789
v -0.260660 0.755469 0.077235
v -0.294531 0.343906 0.086912
v -0.396856 0.702400 0.070867
v -0.294571 0.747254 0.074475
v -0.258788 0.766611 0.070323
v -0.234991 0.761577 0.079154
v -0.305648 0.785937 0.087395
v -0.207366 0.322207 0.135354
v -0.366074 0.319607 0.076517
v -0.359152 0.330168 0.073331
v -0.352081 0.319616 0.073627
v -0.349585 0.331352 0.079855
v -0.260636 0.328142 0.109896
v -0.370602 0.352121 0.078653
v -0.353981 0.343001 0.075276
v -0.369769 0.372059 0.070746
v -0.344444 0.346606 0.076880
v -0.366500 0.374961 0.075205
v -0.357212 0.369743 0.074730
v -0.369702 0.388883 0.068001
v -0.376571 0.391402 0.076982
v -0.361096 0.386772 0.078212
v -0.375180 0.394090 0.068109
v -0.403135 0.490236 0.091376
v 0.001030 0.502005 0.113775
v -0.015977 0.640687 0.093239
v -0.044472 0.686143 0.160704
v -0.291184 0.750911 0.073495
v -0.353223 0.762563 0.077577
v -0.276141 0.753585 0.077253
v -0.344007 0.313015 0.079562
v -0.338703 0.309457 0.076410
v -0.334628 0.302095 0.080484
v -0.316073 0.316017 0.076319
v -0.309722 0.298531 0.080491
v -0.320587 0.299135 0.077582
v -0.365255 0.315936 0.084497
v -0.332091 0.333637 0.078544
v -0.314623 0.334135 0.080791
v -0.333326 0.370797 0.080172
v -0.344535 0.365956 0.076488
v -0.389041 0.384110 0.083519
v -0.367495 0.397314 0.080414
v -0.374858 0.406274 0.077335
v -0.414991 0.675796 0.089296
v -0.258192 0.752003 0.078611
v -0.231593 0.785022 0.082237
v -0.327034 0.294387 0.082032
v -0.331342 0.285118 0.075515
v -0.338674 0.328970 0.081457
v -0.308072 0.330983 0.083112
v -0.301982 0.304700 0.079896
v -0.382105 0.343277 0.085504
v -0.318331 0.352175 0.081132
v -0.307431 0.336136 0.074373
v -0.302968 0.346655 0.081882
v -0.323917 0.365710 0.085344
v -0.326725 0.375558 0.086118
v -0.334959 0.381501 0.082891
v -0.401655 0.721343 0.080489
v -0.272800 0.789346 0.082949
v -0.330061 0.284829 0.090047
v -0.349039 0.307700 0.079669
v -0.347897 0.311451 0.084562
v -0.348326 0.317722 0.082773
v -0.353621 0.326281 0.081148
v -0.291607 0.317130 0.085711
v -0.299897 0.346819 0.088104
v -0.381808 0.357842 0.086150
v -0.341704 0.389123 0.091336
v -0.124047 0.748876 0.109404
v -0.184152 0.761065 0.088327
v -0.225246 0.797953 0.089438
v -0.348280 0.286591 0.092203
v -0.340450 0.277535 0.084636
v -0.333986 0.287799 0.088690
v -0.347218 0.311413 0.094188
v -0.347368 0.312660 0.085148
v -0.347439 0.312582 0.086002
v -0.370648 0.325588 0.088480
v -0.288517 0.337319 0.090159
v -0.335579 0.390263 0.087825
v -0.355000 0.401101 0.094281
v -0.387375 0.750464 0.096688
v -0.181592 0.778932 0.096596
v -0.304175 0.305178 0.090605
v -0.369333 0.308339 0.086504
v -0.364638 0.302515 0.085338
v -0.356120 0.317767 0.090584
v -0.366818 0.315804 0.089889
v -0.376617 0.313826 0.092072
v -0.367586 0.412960 0.100855
v -0.372361 0.420793 0.107594
v -0.420401 0.700679 0.098140
v -0.406563 0.726860 0.097467
v -0.340731 0.776879 0.098001
v -0.282243 0.795593 0.099776
v -0.338540 0.285304 0.096611
v -0.319042 0.290807 0.094102
v -0.378236 0.331666 0.094239
v -0.394039 0.384803 0.096992
v -0.343588 0.410554 0.106907
v 0.006678 0.525369 0.110587
v -0.422242 0.525671 0.121954
v -0.412910 0.666604 0.094951
v -0.089402 0.730283 0.133611
v -0.168788 0.771020 0.099267
v -0.163573 0.787088 0.099888
v -0.181125 0.800930 0.103887
v -0.258226 0.800685 0.106965
v -0.348643 0.292983 0.099637
v -0.374524 0.314503 0.096713
v -0.354927 0.317042 0.097953
v -0.382863 0.336378 0.098827
v -0.392541 0.354979 0.103316
v -0.394088 0.399212 0.117269
v -0.340334 0.391367 0.109902
v -0.403606 0.478087 0.124101
v -0.426664 0.618624 0.121119
v -0.424364 0.654148 0.095379
v -0.359056 0.771862 0.098195
v -0.287246 0.815590 0.113362
v -0.287532 0.809952 0.105160
v -0.314854 0.290255 0.099226
v -0.310526 0.274819 0.095152
v -0.313535 0.287028 0.101555
v -0.306664 0.298264 0.100437
v -0.299228 0.273319 0.093059
v -0.296140 0.289840 0.098779
v -0.299617 0.305982 0.097260
v -0.290345 0.316959 0.098366
v -0.369746 0.326352 0.095259
v -0.276401 0.332764 0.101723
v -0.334516 0.389717 0.101854
v -0.336458 0.404301 0.105275
v -0.132781 0.752077 0.108004
v -0.150386 0.765258 0.104701
v -0.243377 0.804450 0.116140
v -0.335578 0.282135 0.105168
v -0.279188 0.314346 0.102506
v -0.287310 0.310684 0.102351
v -0.367813 0.326361 0.104910
v -0.363127 0.414600 0.105878
v -0.425427 0.636575 0.098593
v -0.423508 0.706539 0.109335
v -0.153956 0.770848 0.099733
v -0.130810 0.777704 0.114028
v -0.308080 0.804505 0.125019
v -0.299689 0.300682 0.107959
v -0.315613 0.295433 0.111030
v -0.290528 0.300714 0.105935
v -0.283878 0.298832 0.101251
v -0.161938 0.331555 0.150773
v -0.363743 0.322885 0.108261
v -0.270295 0.329528 0.104011
v -0.387628 0.328730 0.108073
v -0.329447 0.389807 0.104853
v -0.396784 0.436247 0.155021
v -0.137975 0.759403 0.107725
v -0.135521 0.761962 0.104477
v -0.286211 0.306065 0.108309
v -0.367003 0.313067 0.111842
v -0.376022 0.333287 0.113535
v -0.108595 0.341969 0.119450
v -0.135807 0.336247 0.135669
v -0.390052 0.349519 0.120548
v -0.074855 0.364246 0.109753
v -0.428528 0.630930 0.104798
v -0.422716 0.637274 0.106139
v -0.435043 0.623786 0.114918
v -0.249867 0.813290 0.110669
v -0.216551 0.806082 0.125411
v -0.344166 0.272915 0.113057
v -0.269461 0.316687 0.111263
v -0.387134 0.314249 0.110432
v -0.396046 0.323043 0.112012
v -0.389805 0.318545 0.106766
v -0.262294 0.321712 0.113104
v -0.071821 0.356079 0.115554
v -0.332280 0.389539 0.101344
v -0.382081 0.771562 0.126767
v -0.122376 0.780058 0.124647
v -0.243791 0.809689 0.116982
v -0.357944 0.260067 0.133413
v -0.292496 0.284530 0.117147
v -0.258955 0.315392 0.112028
v -0.387965 0.332570 0.115428
v -0.372572 0.328735 0.118907
v -0.090487 0.327164 0.112780
v -0.097923 0.326332 0.117696
v -0.099048 0.343610 0.113107
v -0.091065 0.352337 0.118256
v -0.078939 0.361524 0.115742
v -0.070863 0.363331 0.118070
v -0.332132 0.389041 0.114481
v -0.331850 0.396636 0.113583
v -0.429175 0.622632 0.110374
v -0.424426 0.627795 0.115885
v -0.437465 0.668174 0.118544
v -0.321296 0.810432 0.129051
v -0.236525 0.828786 0.116290
v -0.225950 0.824610 0.115189
v -0.367082 0.310884 0.119149
v -0.321690 0.293171 0.121744
v -0.267988 0.295727 0.117086
v -0.079876 0.327022 0.118635
v -0.080605 0.342178 0.115588
v -0.074446 0.323341 0.118314
v -0.090915 0.324126 0.117078
v -0.065199 0.351224 0.120054
v -0.076664 0.354488 0.117220
v -0.058362 0.363741 0.119994
v -0.023592 0.457353 0.140321
v -0.428647 0.623994 0.118708
v -0.435330 0.619104 0.116184
v -0.103538 0.751302 0.121929
v -0.366182 0.788804 0.127510
v -0.337903 0.273620 0.130901
v -0.316939 0.289540 0.130749
v -0.071176 0.296826 0.118408
v -0.075471 0.313903 0.123251
v -0.070721 0.316264 0.113333
v -0.381848 0.338190 0.130072
v -0.067382 0.336902 0.120424
v -0.397450 0.340914 0.130857
v -0.050797 0.348556 0.123362
v -0.044705 0.345811 0.115017
v -0.046194 0.360261 0.122727
v -0.037749 0.337112 0.116480
v -0.390140 0.350506 0.132816
v -0.433141 0.611240 0.116831
v -0.413141 0.732990 0.127116
v -0.397085 0.751237 0.127915
v -0.220303 0.809271 0.126287
v -0.271938 0.285075 0.124021
v -0.306630 0.277419 0.135342
v -0.260240 0.304484 0.132530
v -0.064216 0.315911 0.127078
v -0.377062 0.322309 0.122181
v -0.061636 0.329403 0.128288
v -0.062356 0.329993 0.118678
v -0.122614 0.337738 0.131297
v -0.052947 0.325812 0.117251
v -0.045868 0.339836 0.124067
v -0.041182 0.327311 0.123554
v -0.058039 0.333904 0.122294
v -0.048756 0.362213 0.119817
v -0.037559 0.366873 0.120177
v -0.047260 0.393069 0.126223
v -0.388825 0.407831 0.135492
v -0.441717 0.608350 0.120101
v -0.441872 0.606076 0.123375
v -0.435569 0.619429 0.121620
v -0.065415 0.710066 0.154296
v -0.098627 0.740040 0.125013
v -0.364118 0.795300 0.144011
v -0.349465 0.808761 0.139490
v -0.126041 0.786788 0.136961
v -0.182736 0.803705 0.124752
v -0.260717 0.829628 0.128121
v -0.210788 0.830115 0.125049
v -0.328811 0.277448 0.127658
v -0.098600 0.296266 0.127701
v -0.114591 0.316998 0.125668
v -0.093789 0.316472 0.133256
v -0.121429 0.312813 0.121580
v -0.117856 0.308688 0.124329
v -0.061890 0.307974 0.122542
v -0.065511 0.319089 0.125735
v -0.052044 0.329888 0.126554
v -0.383231 0.327925 0.133567
v -0.034577 0.326525 0.127405
v -0.026670 0.363613 0.130566
v -0.023796 0.386174 0.124169
v -0.042992 0.402321 0.130188
v -0.021228 0.404583 0.123995
v -0.028396 0.393799 0.129416
v -0.042087 0.416245 0.138772
v -0.434382 0.600196 0.129672
v -0.447588 0.630049 0.127686
v -0.442552 0.676872 0.134158
v -0.276108 0.826074 0.137139
v -0.288141 0.275865 0.130479
v -0.069901 0.321960 0.129564
v -0.076125 0.311477 0.130755
v -0.098566 0.323577 0.129668
v -0.057346 0.326289 0.128607
v -0.114170 0.338402 0.131922
v -0.018762 0.352715 0.142105
v -0.022376 0.536545 0.187596
v -0.411854 0.484692 0.131420
v -0.437587 0.576577 0.130745
v -0.442739 0.573358 0.129663
v -0.096843 0.747803 0.142169
v -0.181034 0.808215 0.129199
v -0.167314 0.804854 0.131901
v -0.172222 0.820084 0.128967
v -0.189780 0.829337 0.133452
v -0.324817 0.285160 0.137671
v -0.059176 0.307564 0.134647
v -0.053054 0.298216 0.131072
v -0.253896 0.311384 0.135785
v -0.121395 0.325796 0.132892
v -0.063392 0.309144 0.138317
v -0.058741 0.321879 0.131542
v -0.045216 0.325951 0.130114
v -0.040189 0.333803 0.133147
v -0.020644 0.402241 0.133374
v -0.015114 0.396106 0.134090
v -0.041106 0.408736 0.134118
v -0.037600 0.413875 0.140336
v -0.019065 0.423503 0.143436
v -0.402217 0.463203 0.140073
v -0.445912 0.531760 0.135548
v -0.441096 0.549468 0.136313
v -0.463405 0.587541 0.141407
v -0.412007 0.744915 0.140012
v -0.348267 0.245837 0.139703
v -0.341114 0.248645 0.139966
v -0.102808 0.314547 0.136467
v -0.235918 0.320685 0.178471
v -0.033766 0.323050 0.134748
v -0.124853 0.323044 0.141404
v -0.015046 0.414269 0.133093
v -0.436437 0.528541 0.136358
v -0.460272 0.549777 0.138394
v -0.104528 0.765230 0.147336
v -0.117519 0.780918 0.144742
v -0.145610 0.804975 0.135403
v -0.254274 0.832862 0.142237
v -0.249327 0.838327 0.149301
v -0.217202 0.844383 0.158081
v -0.309050 0.276281 0.142579
v -0.071533 0.303029 0.145386
v -0.047729 0.328644 0.143755
v -0.033401 0.334501 0.135492
v -0.388238 0.366976 0.153623
v -0.427202 0.478824 0.143932
v -0.431534 0.715650 0.146329
v -0.308038 0.842724 0.155673
v -0.287617 0.840024 0.147133
v -0.172562 0.829324 0.151092
v -0.058733 0.312538 0.144377
v -0.120276 0.301826 0.143545
v -0.108217 0.317533 0.141905
v -0.092990 0.317949 0.148915
v -0.379876 0.286391 0.186550
v -0.044846 0.314431 0.140804
v -0.253907 0.319359 0.145577
v -0.252919 0.326883 0.152790
v -0.147061 0.328889 0.140658
v -0.135172 0.333757 0.140754
v -0.029830 0.340095 0.142852
v -0.024004 0.314089 0.141064
v -0.384486 0.340306 0.143706
v -0.012938 0.367022 0.151223
v -0.007139 0.396585 0.150925
v -0.043705 0.423105 0.147584
v -0.475259 0.613944 0.156764
v -0.331322 0.828236 0.157131
v -0.323647 0.821953 0.140891
v -0.334814 0.260021 0.150134
v -0.292021 0.267087 0.153128
v -0.122024 0.303267 0.148190
v -0.144506 0.316647 0.141447
v -0.016060 0.327759 0.148631
v -0.025130 0.346206 0.148666
v -0.019004 0.419163 0.156197
v -0.439961 0.478035 0.146227
v -0.483257 0.573348 0.155460
v -0.406691 0.759979 0.145130
v -0.379480 0.780323 0.145958
v -0.122758 0.792783 0.146524
v -0.252636 0.852367 0.153045
v -0.228131 0.841014 0.147940
v -0.257136 0.325318 0.155817
v -0.015674 0.322543 0.155226
v -0.032455 0.339336 0.150639
v -0.041368 0.422333 0.149986
v -0.452062 0.682786 0.152221
v -0.445286 0.697722 0.149031
v -0.421591 0.745382 0.151846
v -0.412468 0.784417 0.160995
v -0.280718 0.271050 0.158227
v -0.364171 0.257003 0.166436
v -0.116695 0.295144 0.149110
v -0.113410 0.300901 0.151438
v -0.137025 0.299486 0.151178
v -0.080328 0.308800 0.154951
v -0.058921 0.297492 0.156175
v -0.048252 0.323368 0.150349
v -0.154485 0.328741 0.155833
v -0.010255 0.329520 0.148983
v -0.038511 0.338927 0.151284
v -0.419326 0.429681 0.162052
v -0.450991 0.465660 0.155501
v -0.466306 0.492804 0.160851
v -0.484292 0.599537 0.157487
v -0.040214 0.683188 0.163794
v -0.063077 0.717914 0.152240
v -0.429880 0.742525 0.153471
v -0.362356 0.804312 0.154378
v -0.358186 0.802910 0.151518
v -0.352342 0.810070 0.157294
v -0.070398 0.290553 0.158054
v -0.131652 0.293339 0.160135
v -0.049419 0.302637 0.156146
v -0.040304 0.328620 0.156702
v -0.020684 0.345012 0.152643
v -0.035326 0.433867 0.179351
v -0.473044 0.656081 0.164613
v -0.104486 0.761902 0.153992
v -0.393648 0.795495 0.161578
v -0.131782 0.804192 0.153128
v -0.195160 0.837070 0.163751
v -0.278298 0.857819 0.161134
v -0.094130 0.308663 0.159660
v -0.050306 0.309286 0.157345
v -0.092515 0.311410 0.152859
v -0.033663 0.335892 0.159696
v -0.017090 0.354879 0.160343
v -0.048941 0.425347 0.161784
v -0.448561 0.722249 0.163711
v -0.056946 0.712520 0.158368
v -0.134342 0.804249 0.159689
v -0.361159 0.807836 0.163449
v -0.329980 0.232176 0.167936
v -0.113116 0.300084 0.156931
v -0.054972 0.297970 0.151522
v -0.041413 0.310782 0.159191
v -0.030412 0.335362 0.162393
v -0.007071 0.350867 0.171561
v -0.012204 0.390689 0.173474
v -0.033860 0.656192 0.180696
v -0.044219 0.694735 0.159812
v -0.061792 0.739446 0.163706
v -0.119287 0.780419 0.163275
v -0.408584 0.798498 0.167679
v -0.153831 0.818841 0.163014
v -0.340918 0.831086 0.176233
v -0.136866 0.290040 0.184725
v -0.105327 0.296045 0.165249
v -0.052517 0.305081 0.158143
v -0.078456 0.299076 0.166741
v -0.486856 0.543620 0.174716
v -0.024517 0.593254 0.187266
v -0.436751 0.760556 0.164808
v -0.127299 0.797510 0.164230
v -0.213991 0.855842 0.164453
v -0.058730 0.295001 0.166003
v -0.020074 0.332996 0.164722
v -0.164576 0.335587 0.183992
v -0.016596 0.335757 0.169279
v -0.447801 0.439879 0.171617
v -0.491259 0.576269 0.169284
v -0.450491 0.745317 0.184655
v -0.083407 0.780831 0.182154
v -0.355558 0.816145 0.169671
v -0.331423 0.837195 0.166568
v -0.302191 0.863833 0.184626
v -0.349277 0.228184 0.173430
v -0.090424 0.308715 0.165962
v -0.051842 0.293111 0.167530
v -0.047321 0.311320 0.165581
v -0.017700 0.314091 0.166212
v -0.018339 0.324689 0.167090
v -0.018910 0.316236 0.162033
v -0.249678 0.321259 0.182626
v -0.011679 0.372893 0.176678
v -0.469239 0.685765 0.173143
v -0.044186 0.706745 0.169211
v -0.110996 0.788586 0.167675
v -0.116112 0.795667 0.164287
v -0.391057 0.812079 0.175845
v -0.132940 0.815956 0.174076
v -0.333957 0.832967 0.172280
v -0.242780 0.874986 0.184424
v -0.150959 0.311200 0.174503
v -0.093526 0.299671 0.177764
v -0.009121 0.323043 0.176373
v -0.036246 0.320305 0.171749
v -0.031901 0.335328 0.173125
v -0.042817 0.448561 0.171853
v -0.054330 0.743007 0.189128
v -0.065963 0.760690 0.183771
v -0.098341 0.799390 0.176821
v -0.360450 0.835674 0.181896
v -0.360835 0.193789 0.213512
v -0.070951 0.272966 0.173072
v -0.088537 0.277682 0.188761
v -0.117924 0.288270 0.179190
v -0.040958 0.311506 0.177644
v -0.027244 0.334746 0.175356
v -0.012766 0.345478 0.183266
v -0.396402 0.397349 0.181314
v -0.012763 0.405314 0.179162
v -0.421352 0.398334 0.185346
v -0.055637 0.425872 0.172502
v -0.052000 0.422550 0.172385
v -0.021427 0.578098 0.184390
v -0.460039 0.739450 0.189042
v -0.418531 0.790221 0.170326
v -0.384481 0.813839 0.167724
v -0.127366 0.821365 0.176436
v -0.178226 0.852777 0.186522
v -0.257888 0.874650 0.184611
v -0.082855 0.269080 0.177986
v -0.052850 0.298650 0.178437
v -0.277940 0.178674 0.211433
v -0.234521 0.314613 0.190080
v -0.229639 0.317278 0.177976
v -0.014270 0.340332 0.177361
v -0.040278 0.434385 0.176961
v -0.433021 0.785128 0.184056
v -0.397620 0.821161 0.185174
v -0.120507 0.828678 0.185016
v -0.379766 0.826103 0.179372
v -0.168097 0.834333 0.179399
v -0.207827 0.872184 0.196495
v -0.059251 0.277797 0.179185
v -0.029019 0.334791 0.185698
v -0.016880 0.356758 0.191631
v -0.471470 0.472376 0.192141
v -0.501095 0.627165 0.187663
v -0.483321 0.702384 0.197051
v -0.125926 0.278646 0.189002
v -0.047375 0.298649 0.184062
v -0.030746 0.323966 0.188309
v -0.024164 0.335071 0.183373
v -0.016487 0.381071 0.191123
v -0.499829 0.656137 0.195276
v -0.329560 0.855542 0.193106
v -0.286752 0.191040 0.194541
v -0.071202 0.255757 0.196485
v -0.239845 0.309031 0.190142
v -0.241723 0.317373 0.187811
v -0.008343 0.340569 0.196673
v -0.454610 0.421520 0.205544
v -0.035901 0.682926 0.190235
v -0.430708 0.793053 0.184862
v -0.099030 0.811080 0.192873
v -0.409341 0.833082 0.211793
v -0.190002 0.325463 0.205224
v -0.023502 0.310670 0.187943
v -0.025829 0.422652 0.200747
v -0.020962 0.550038 0.187703
v -0.012920 0.564064 0.194500
v -0.148945 0.845642 0.199808
v -0.175220 0.864715 0.193684
v -0.192087 0.870089 0.196737
v -0.306173 0.137056 0.203075
v -0.090873 0.245688 0.205297
v -0.034536 0.314222 0.191848
v -0.041594 0.313780 0.194331
v -0.027076 0.319295 0.190249
v -0.024468 0.326070 0.196728
v -0.027535 0.337684 0.194944
v -0.387754 0.354634 0.216605
v -0.394833 0.374843 0.200792
v -0.012374 0.486973 0.202624
v -0.014665 0.540259 0.191482
v -0.486783 0.534854 0.191812
v -0.504725 0.609551 0.207831
v -0.376631 0.843039 0.202619
v -0.336204 0.865013 0.200266
v -0.256513 0.291316 0.214365
v -0.252234 0.301987 0.202899
v -0.249828 0.299832 0.206073
v -0.377868 0.319268 0.218723
v -0.022452 0.342148 0.193808
v -0.047241 0.727640 0.201300
v -0.121999 0.838019 0.214614
v -0.361775 0.854486 0.203397
v -0.234204 0.890213 0.229679
v -0.026169 0.316573 0.197754
v -0.431879 0.383846 0.219374
v -0.029388 0.436263 0.200901
v -0.017425 0.637956 0.214874
v -0.010494 0.611268 0.209009
v -0.489450 0.688763 0.205492
v -0.437656 0.790261 0.210914
v -0.072406 0.783548 0.218871
v -0.433247 0.802544 0.211560
v -0.424525 0.813912 0.208542
v -0.337296 0.113131 0.216627
v -0.211372 0.307688 0.211517
v -0.021353 0.326513 0.201003
v -0.177358 0.328806 0.205213
v -0.180527 0.322532 0.200351
v -0.024137 0.443300 0.206587
v 0.007109 0.537572 0.223218
v -0.496990 0.659200 0.208246
v -0.481325 0.709541 0.205176
v -0.134789 0.843163 0.207862
v -0.142704 0.199788 0.226080
v -0.195238 0.318761 0.209410
v -0.176377 0.324030 0.209085
v -0.033405 0.342591 0.208524
v -0.014755 0.349897 0.206338
v -0.462616 0.448276 0.204218
v -0.487894 0.547091 0.219456
v 0.002351 0.596759 0.232213
v -0.461911 0.747990 0.214271
v -0.196442 0.882416 0.208959
v -0.300751 0.086395 0.215073
v -0.071584 0.236573 0.221435
v -0.046984 0.307557 0.213265
v -0.242846 0.293781 0.211147
v -0.234567 0.299171 0.211360
v -0.221040 0.303386 0.211066
v -0.025718 0.363116 0.205591
v -0.290355 0.882795 0.214357
v -0.287050 0.083381 0.224167
v -0.226249 0.293251 0.212187
v -0.194255 0.315257 0.206956
v -0.036497 0.340051 0.214202
v -0.411666 0.360344 0.225552
v -0.031057 0.712837 0.227152
v -0.496864 0.683511 0.211905
v -0.057153 0.743676 0.216624
v -0.095913 0.816619 0.217023
v -0.389157 0.868155 0.242040
v -0.157748 0.863349 0.220676
v -0.349639 0.867045 0.220023
v -0.314926 0.878421 0.223912
v -0.209946 0.884014 0.220469
v -0.155767 0.229759 0.229702
v -0.177728 0.318434 0.218630
v -0.217917 0.304527 0.207045
v -0.205925 0.302628 0.209350
v -0.202413 0.311893 0.216615
v -0.190505 0.312585 0.215470
v -0.184746 0.320922 0.211686
v -0.179566 0.326750 0.210183
v 0.004348 0.520172 0.231296
v -0.506600 0.613579 0.224902
v -0.508221 0.656196 0.226087
v -0.320320 0.080618 0.216609
v -0.344365 0.091706 0.234802
v -0.117586 0.163809 0.224822
v -0.131375 0.181748 0.223990
v -0.228727 0.296587 0.215461
v -0.208334 0.296549 0.216904
v -0.183246 0.317272 0.214680
v -0.178876 0.321925 0.216730
v -0.037053 0.349018 0.217486
v -0.458589 0.433851 0.231235
v -0.495529 0.703999 0.217414
v -0.477784 0.748078 0.227026
v -0.077547 0.786781 0.228600
v -0.456613 0.778945 0.237697
v -0.243101 0.898861 0.247505
v -0.269747 0.226396 0.221760
v -0.187963 0.320016 0.218746
v -0.382059 0.343563 0.237418
v -0.468373 0.472087 0.225241
v -0.510466 0.618005 0.221419
v -0.045715 0.739200 0.224278
v -0.490214 0.736223 0.235215
v -0.469125 0.751461 0.226962
v -0.101531 0.829480 0.226428
v -0.130445 0.861162 0.235535
v -0.137013 0.856034 0.226407
v -0.195815 0.893911 0.238184
v -0.242704 0.290301 0.224899
v -0.195254 0.316599 0.218971
v -0.183928 0.319808 0.226897
v -0.479709 0.517097 0.240158
v 0.011183 0.554990 0.234652
v 0.008120 0.665065 0.250837
v -0.448667 0.813841 0.244039
v -0.426420 0.818673 0.229118
v -0.408519 0.841167 0.234883
v -0.405550 0.846624 0.228533
v -0.298780 0.044473 0.239875
v -0.340231 0.047209 0.243523
v -0.215772 0.287074 0.224446
v -0.217194 0.292876 0.227105
v -0.190763 0.311262 0.223414
v -0.195161 0.310714 0.226932
v -0.444529 0.401914 0.239720
v -0.469362 0.465598 0.236919
v -0.488969 0.552637 0.240699
v -0.110030 0.837592 0.233240
v -0.293401 0.893005 0.244455
v -0.349839 0.046268 0.256026
v -0.275613 0.103527 0.238234
v -0.086017 0.166931 0.238859
v -0.273503 0.249985 0.235522
v -0.069511 0.202805 0.249430
v -0.214950 0.297180 0.230748
v -0.165972 0.885650 0.244898
v -0.326096 0.886699 0.241334
v -0.315382 0.892533 0.244546
v -0.280818 0.053629 0.245270
v -0.129180 0.086402 0.237728
v -0.273863 0.297115 0.238546
v -0.228704 0.284248 0.236964
v -0.196119 0.305253 0.230258
v 0.006589 0.599908 0.252536
v -0.507882 0.609654 0.237110
v -0.509000 0.713220 0.261492
v -0.070542 0.778778 0.233127
v -0.102458 0.822672 0.240017
v -0.103972 0.086667 0.242856
v -0.092521 0.124021 0.245261
v -0.163350 0.237972 0.257670
v -0.263873 0.296761 0.237167
v -0.192740 0.310154 0.238534
v -0.187993 0.307450 0.233934
v -0.178970 0.318184 0.241213
v -0.018157 0.469879 0.233385
v -0.480129 0.781000 0.258962
v -0.474546 0.772195 0.242840
v -0.049746 0.781174 0.241737
v -0.039231 0.763239 0.238833
v -0.397265 0.870965 0.256510
v -0.364837 0.875907 0.244575
v -0.149110 0.091801 0.246539
v -0.245229 0.304360 0.247819
v -0.209022 0.297588 0.238204
v -0.047297 0.301245 0.236767
v -0.040934 0.439561 0.270995
v -0.033990 0.454357 0.245466
v -0.004475 0.502651 0.247674
v -0.094979 0.813358 0.242847
v -0.128697 0.867812 0.252394
v -0.212702 0.896627 0.250314
v -0.337836 0.019910 0.242725
v -0.306643 0.020362 0.241225
v -0.162579 0.172138 0.256970
v -0.228047 0.284003 0.246207
v -0.216830 0.284306 0.241487
v -0.185519 0.314257 0.238375
v -0.363952 0.298336 0.257014
v -0.376894 0.336832 0.263931
v -0.454357 0.410052 0.243778
v 0.010176 0.552345 0.251671
v -0.496731 0.591750 0.248379
v -0.023589 0.748674 0.247077
v -0.431705 0.837812 0.253699
v -0.415676 0.856939 0.268354
v -0.118113 0.843999 0.242635
v -0.343792 0.004196 0.253984
v -0.121407 0.052753 0.251156
v -0.095312 0.092236 0.247832
v -0.342113 0.133588 0.264253
v -0.274041 0.169037 0.246151
v -0.280166 0.192318 0.260572
v -0.182332 0.314707 0.248048
v -0.376613 0.340081 0.251718
v -0.000845 0.526133 0.259717
v 0.003210 0.534736 0.248405
v -0.509063 0.633510 0.253875
v -0.001478 0.695373 0.250258
v -0.501774 0.736791 0.267325
v -0.076638 0.807822 0.247098
v -0.300759 0.004940 0.256207
v -0.293075 0.017518 0.251215
v -0.280253 0.293427 0.243253
v -0.169583 0.313763 0.253752
v -0.195017 0.302837 0.247116
v -0.452403 0.413011 0.247406
v -0.455169 0.421903 0.255265
v -0.477134 0.516874 0.249064
v -0.463484 0.802664 0.268309
v -0.055789 0.807848 0.253635
v -0.456623 0.802673 0.256002
v -0.094229 0.825026 0.254380
v -0.450176 0.840651 0.274852
v -0.266019 0.910249 0.265867
v -0.348516 0.014199 0.251456
v -0.132235 0.020112 0.247732
v -0.118382 0.020188 0.249208
v -0.143310 0.014556 0.252330
v -0.269677 0.076825 0.253115
v -0.091431 0.058915 0.271274
v -0.276251 0.293427 0.248914
v -0.264461 0.298501 0.247073
v -0.198467 0.305042 0.250110
v -0.401932 0.353172 0.270589
v -0.433388 0.385420 0.257864
v -0.483404 0.534855 0.254975
v 0.011692 0.630209 0.267318
v -0.009425 0.727555 0.264439
v -0.113307 0.840899 0.256349
v -0.392091 0.874852 0.262537
v -0.142545 0.891753 0.267688
v -0.323219 0.902825 0.265576
v -0.296551 0.909885 0.271814
v -0.156088 0.056550 0.257205
v -0.223370 0.282668 0.250923
v -0.265894 0.298368 0.257006
v -0.177052 0.319221 0.248925
v -0.462678 0.435183 0.257052
v -0.463512 0.444841 0.257698
v -0.013205 0.490563 0.257366
v -0.509049 0.686792 0.252494
v -0.189475 0.904035 0.268611
v -0.143907 0.004108 0.259799
v -0.341619 0.094635 0.245285
v -0.336992 0.111712 0.284100
v -0.089206 0.097559 0.269032
v -0.307545 0.304520 0.249818
v -0.206320 0.305794 0.256694
v -0.215592 0.287574 0.252458
v -0.290096 0.314889 0.262804
v -0.289461 0.306920 0.247590
v -0.073797 0.316196 0.283458
v -0.073330 0.280020 0.280351
v -0.456854 0.412907 0.252592
v -0.451203 0.417429 0.259201
v -0.463633 0.421044 0.254110
v -0.472407 0.502777 0.266671
v -0.478054 0.508235 0.255330
v -0.490624 0.573767 0.254564
v 0.010733 0.691934 0.273667
v -0.475451 0.778820 0.245128
v -0.043850 0.801897 0.259658
v -0.234542 0.915682 0.275189
v -0.103757 0.003704 0.267707
v -0.097886 0.017281 0.262922
v -0.175487 0.005741 0.279132
v -0.156045 0.037761 0.263227
v -0.284257 0.035115 0.264951
v -0.306033 0.311890 0.253900
v -0.192682 0.313064 0.258154
v -0.439849 0.400559 0.267171
v -0.453091 0.413586 0.257126
v -0.466869 0.411837 0.258875
v -0.459983 0.417829 0.259536
v 0.007591 0.572954 0.266687
v -0.480070 0.775718 0.261571
v -0.058921 0.828832 0.268484
v -0.084503 0.843107 0.276767
v -0.436252 0.858718 0.277905
v -0.426845 0.867044 0.280308
v -0.396289 0.868530 0.261448
v -0.381392 0.896583 0.286537
v -0.179726 0.079408 0.275147
v -0.360495 0.027561 0.271256
v -0.316702 0.313339 0.257987
v -0.227543 0.306170 0.268409
v -0.296648 0.311122 0.260220
v -0.180946 0.319897 0.258170
v -0.168213 0.320689 0.257948
v -0.371904 0.340077 0.262463
v -0.445436 0.404163 0.260714
v -0.453943 0.403373 0.260772
v -0.454795 0.415112 0.256266
v -0.458805 0.417501 0.260240
v -0.455113 0.412398 0.259141
v -0.454469 0.424926 0.259187
v -0.498072 0.621508 0.269530
v 0.003722 0.606343 0.293058
v -0.509039 0.708010 0.272667
v -0.456478 0.817251 0.273985
v -0.131972 0.874286 0.270378
v -0.159846 0.907100 0.283765
v -0.262590 0.065761 0.297800
v -0.270092 0.150975 0.281677
v -0.209088 0.305800 0.266612
v -0.236483 0.302892 0.265982
v -0.187889 0.310909 0.260639
v -0.180775 0.315268 0.270926
v -0.409176 0.363056 0.270122
v -0.006443 0.520191 0.261270
v -0.007218 0.552322 0.293585
v -0.000569 0.555632 0.267886
v -0.486549 0.780477 0.279614
v -0.454369 0.820732 0.262295
v -0.138106 0.901797 0.285419
v -0.353637 0.908615 0.292360
v -0.203657 0.908695 0.273693
v -0.093949 0.006296 0.277092
v -0.091073 0.022730 0.274022
v -0.266663 0.102581 0.282479
v -0.220414 0.302791 0.269831
v -0.277327 0.309080 0.268263
v -0.261841 0.317721 0.274974
v -0.245099 0.315177 0.267513
v -0.199277 0.315968 0.272836
v -0.388805 0.344327 0.270049
v -0.421635 0.374068 0.265679
v -0.435514 0.371600 0.266458
v -0.456316 0.439415 0.269665
v -0.020067 0.496112 0.272550
v -0.008981 0.510959 0.272490
v -0.024432 0.784026 0.273823
v -0.036204 0.807342 0.286057
v -0.456061 0.835865 0.277400
v -0.115488 0.861561 0.277261
v -0.213947 0.924408 0.280492
v -0.271451 0.005974 0.292125
v -0.369340 0.008962 0.283232
v -0.274753 0.041592 0.282482
v -0.357252 0.056129 0.303192
v -0.087175 0.136621 0.277412
v -0.178164 0.177504 0.291207
v -0.156636 0.325735 0.266768
v -0.165776 0.321042 0.266319
v -0.422035 0.365374 0.271671
v -0.438141 0.371076 0.272008
v -0.447790 0.415790 0.267629
v -0.037417 0.466707 0.270634
v -0.460922 0.462993 0.266226
v -0.491350 0.582601 0.284211
v -0.503284 0.639293 0.272066
v -0.505016 0.645105 0.263511
v -0.471087 0.801164 0.277106
v -0.394507 0.879169 0.282705
v -0.266540 0.947405 0.307559
v -0.171050 0.000000 0.282659
v -0.259665 0.085015 0.288364
v -0.156665 0.234493 0.278951
v -0.142693 0.282243 0.277785
v -0.239314 0.308275 0.279856
v -0.267466 0.312118 0.271359
v -0.289216 0.319478 0.275863
v -0.171636 0.310939 0.277133
v -0.351924 0.294922 0.274237
v -0.323731 0.328141 0.268664
v -0.380875 0.343186 0.273827
v -0.458891 0.441309 0.277649
v -0.466634 0.483789 0.281576
v -0.504109 0.683901 0.284955
v -0.503457 0.683843 0.275502
v -0.079253 0.864297 0.304808
v -0.094545 0.857219 0.292682
v -0.239879 0.929748 0.287369
v -0.089174 0.004473 0.297218
v -0.378915 0.007549 0.312639
v -0.090342 0.076231 0.277810
v -0.280271 0.189136 0.281202
v -0.203945 0.316387 0.282276
v -0.150129 0.326921 0.272184
v -0.165210 0.320123 0.276721
v -0.368410 0.346186 0.284204
v -0.386016 0.339007 0.278252
v -0.394091 0.347317 0.281773
v -0.437386 0.388720 0.282655
v -0.039182 0.459918 0.278177
v -0.011607 0.547200 0.295335
v 0.010601 0.692508 0.287280
v -0.029124 0.790020 0.324125
v -0.372175 0.022051 0.286595
v -0.199263 0.016302 0.310129
v -0.331680 0.142431 0.286531
v -0.344393 0.337702 0.275022
v -0.214797 0.312314 0.278012
v -0.269276 0.318437 0.289238
v -0.246506 0.319720 0.291535
v -0.195321 0.310082 0.281022
v -0.139107 0.317236 0.277003
v -0.150290 0.327659 0.281709
v -0.323679 0.246561 0.289644
v -0.359225 0.344366 0.274736
v -0.401256 0.349841 0.275316
v -0.405939 0.361841 0.294065
v -0.416070 0.363516 0.278834
v -0.432243 0.373968 0.270062
v -0.015289 0.520270 0.282569
v -0.472140 0.505053 0.284120
v 0.003211 0.721098 0.300285
v -0.319741 0.935649 0.310189
v -0.268912 0.003947 0.303537
v -0.095915 0.097133 0.277975
v -0.182360 0.120855 0.294473
v -0.171514 0.287908 0.281503
v -0.172934 0.298112 0.278665
v -0.158365 0.301193 0.286413
v -0.171853 0.306528 0.282342
v -0.229150 0.309019 0.281528
v -0.199482 0.308207 0.288306
v -0.186947 0.315908 0.285151
v -0.136009 0.312540 0.281150
v -0.264880 0.321500 0.291753
v -0.145231 0.319490 0.281361
v -0.332685 0.333942 0.275205
v -0.426252 0.366694 0.284658
v -0.422916 0.371914 0.284026
v -0.062146 0.410018 0.303449
v -0.033228 0.483771 0.294400
v -0.472113 0.520368 0.299611
v -0.469717 0.823418 0.309682
v -0.413857 0.878743 0.293654
v -0.205543 0.926659 0.292881
v -0.222571 0.936094 0.286984
v -0.181210 0.059598 0.289834
v -0.108364 0.120983 0.303747
v -0.319614 0.180941 0.298264
v -0.232257 0.304851 0.283516
v -0.217346 0.311571 0.285873
v -0.282924 0.319960 0.284854
v -0.151672 0.322330 0.289673
v -0.298437 0.326012 0.290875
v -0.313801 0.331804 0.291384
v -0.386229 0.349730 0.290397
v -0.431235 0.383534 0.282009
v -0.442624 0.387116 0.284910
v -0.440352 0.382664 0.283485
v -0.447185 0.433499 0.289603
v -0.453408 0.441992 0.281991
v -0.016492 0.513542 0.290895
v -0.494470 0.605779 0.288605
v -0.499147 0.618552 0.281928
v -0.497413 0.656595 0.287956
v 0.010669 0.665760 0.296628
v -0.501643 0.734779 0.311404
v -0.007115 0.748937 0.302833
v -0.503273 0.754621 0.303211
v -0.030155 0.804928 0.300366
v -0.044965 0.826220 0.309321
v -0.134602 0.891326 0.288632
v -0.208148 0.934110 0.292471
v -0.284186 0.935794 0.298586
v -0.087874 0.027913 0.297372
v -0.199827 0.067511 0.298922
v -0.326349 0.111502 0.301355
v -0.138722 0.288938 0.299292
v -0.151011 0.317630 0.288259
v -0.237153 0.314767 0.288081
v -0.173730 0.315311 0.286079
v -0.289650 0.319146 0.291492
v -0.135797 0.335533 0.290143
v -0.332518 0.334565 0.288281
v -0.359900 0.345815 0.294886
v -0.374579 0.348336 0.294167
v -0.419719 0.370189 0.284834
v -0.437567 0.403110 0.291814
v -0.454269 0.432198 0.286510
v -0.051002 0.430161 0.290504
v -0.455768 0.447613 0.284453
v -0.491895 0.771047 0.297720
v -0.456564 0.841885 0.294228
v -0.047325 0.835071 0.293093
v -0.454664 0.859674 0.309617
v -0.070057 0.852827 0.288952
v -0.374568 0.920116 0.314279
v -0.331925 0.935523 0.322180
v -0.214171 0.941879 0.294990
v -0.187469 0.002968 0.292579
v -0.188347 0.047313 0.300317
v -0.205040 0.070055 0.306832
v -0.273901 0.117637 0.298474
v -0.232549 0.310549 0.287062
v -0.206529 0.310476 0.292408
v -0.199966 0.314893 0.289919
v -0.165419 0.317880 0.294049
v -0.071202 0.385679 0.305869
v -0.432361 0.381685 0.289636
v -0.438690 0.395003 0.291026
v -0.456932 0.457996 0.294549
v -0.005418 0.588745 0.296127
v -0.496318 0.642045 0.293770
v -0.496870 0.660385 0.299566
v -0.502601 0.695352 0.309103
v -0.053356 0.837067 0.292256
v -0.124473 0.882131 0.294555
v -0.395598 0.893607 0.299149
v -0.183547 0.939682 0.310804
v -0.308650 0.942348 0.319416
v -0.192861 0.035008 0.308935
v -0.197044 0.096197 0.302937
v -0.262340 0.093438 0.299389
v -0.208887 0.298562 0.293567
v -0.279638 0.314765 0.300941
v -0.359100 0.339907 0.310059
v -0.394412 0.348895 0.293990
v -0.444128 0.406136 0.293165
v -0.039161 0.466245 0.292591
v -0.021989 0.513972 0.299671
v -0.489244 0.573508 0.314758
v -0.492111 0.598007 0.293169
v -0.000467 0.621415 0.314688
v -0.497785 0.681235 0.299784
v -0.135962 0.912120 0.300032
v -0.229790 0.958597 0.313139
v -0.268907 0.045417 0.310411
v -0.205976 0.052575 0.299617
v -0.280390 0.165544 0.295553
v -0.228657 0.318473 0.296038
v -0.198397 0.317098 0.303577
v -0.154639 0.321385 0.298208
v -0.283766 0.319188 0.303832
v -0.255458 0.312600 0.306795
v -0.136376 0.331458 0.299015
v -0.131160 0.334761 0.298675
v -0.135391 0.337563 0.294363
v -0.428618 0.386961 0.292344
v -0.429972 0.386409 0.295683
v -0.441802 0.397223 0.295796
v -0.024995 0.487222 0.306419
v -0.464190 0.495825 0.300612
v -0.013387 0.537459 0.308538
v -0.498709 0.635616 0.298029
v -0.000696 0.713196 0.314252
v -0.495664 0.770503 0.303931
v -0.408345 0.900075 0.311276
v -0.177243 0.168712 0.304523
v -0.095631 0.301160 0.306719
v -0.244759 0.307951 0.304855
v -0.251365 0.311638 0.300594
v -0.235564 0.315489 0.296624
v -0.305344 0.327434 0.304058
v -0.317584 0.324723 0.310320
v -0.420477 0.394850 0.313779
v -0.432276 0.388040 0.303216
v -0.433688 0.403997 0.298864
v -0.435969 0.407701 0.299818
v -0.438301 0.415263 0.295289
v -0.447533 0.448077 0.306341
v -0.481864 0.543972 0.315089
v -0.499145 0.669018 0.302336
v -0.502959 0.708262 0.311304
v -0.052285 0.848398 0.313450
v -0.439006 0.891059 0.318411
v -0.427562 0.888191 0.303852
v -0.137945 0.910803 0.306082
v -0.217783 0.953467 0.316091
v -0.197366 0.000556 0.318152
v -0.373044 0.047293 0.308272
v -0.200505 0.039648 0.304139
v -0.178799 0.114284 0.312940
v -0.311075 0.108180 0.314997
v -0.209652 0.304305 0.301763
v -0.268881 0.307884 0.309725
v -0.172180 0.319622 0.309378
v -0.152052 0.319701 0.303513
v -0.291556 0.318470 0.310018
v -0.327146 0.323974 0.309971
v -0.402078 0.355666 0.314932
v -0.427232 0.395028 0.306658
v -0.441547 0.397334 0.302355
v -0.468009 0.489671 0.304460
v -0.495803 0.588454 0.310598
v 0.003826 0.686321 0.326606
v -0.211772 0.941429 0.309561
v -0.379835 0.008756 0.350637
v -0.077159 0.025299 0.333436
v -0.345851 0.060973 0.310812
v -0.336550 0.088906 0.310813
v -0.236087 0.311987 0.302230
v -0.218598 0.318200 0.308356
v -0.338579 0.328523 0.316129
v -0.136128 0.329546 0.308833
v -0.371210 0.340686 0.313533
v -0.411744 0.378194 0.317058
v -0.434517 0.401508 0.304711
v -0.435724 0.414775 0.303241
v -0.450677 0.455667 0.309008
v -0.037851 0.454123 0.312761
v -0.465062 0.499653 0.314924
v -0.503085 0.687010 0.306048
v -0.056438 0.852060 0.315388
v -0.074958 0.882783 0.328771
v -0.139350 0.924319 0.312481
v -0.150987 0.929834 0.313651
v -0.390164 0.051771 0.342777
v -0.213451 0.050558 0.309266
v -0.257073 0.050640 0.312655
v -0.098638 0.057288 0.323292
v -0.292023 0.117638 0.311762
v -0.261057 0.307489 0.307388
v -0.203336 0.312417 0.308081
v -0.126702 0.327805 0.306981
v -0.229642 0.321469 0.318171
v -0.301988 0.317374 0.317391
v -0.441444 0.433976 0.307389
v -0.458885 0.474651 0.309385
v -0.471511 0.516283 0.317832
v -0.016048 0.516597 0.318256
v -0.018679 0.528242 0.315648
v -0.474014 0.520208 0.308389
v -0.493569 0.620533 0.312359
v -0.013011 0.760892 0.317779
v -0.473829 0.819531 0.330883
v -0.051444 0.844689 0.312981
v -0.464805 0.846844 0.336759
v -0.110612 0.902506 0.333969
v -0.122699 0.908538 0.327986
v -0.382209 0.926259 0.328359
v -0.347632 0.920308 0.307640
v -0.213939 0.055437 0.314041
v -0.280293 0.092669 0.320560
v -0.140018 0.252418 0.314910
v -0.279821 0.309734 0.313482
v -0.240382 0.313441 0.310772
v -0.143369 0.317766 0.310607
v -0.131420 0.324534 0.313246
v -0.387413 0.333154 0.328162
v -0.092386 0.353527 0.313584
v -0.391142 0.340481 0.327167
v -0.042655 0.424524 0.323900
v -0.439391 0.415379 0.313351
v -0.453961 0.428503 0.317145
v -0.453371 0.449977 0.318337
v -0.460288 0.465135 0.313902
v -0.004303 0.591603 0.314584
v -0.493268 0.635295 0.318747
v -0.036874 0.823515 0.335894
v -0.466463 0.832529 0.321477
v -0.421784 0.918642 0.340215
v -0.393698 0.018223 0.348087
v -0.269396 0.036353 0.347454
v -0.350038 0.058227 0.315122
v -0.189474 0.089696 0.320018
v -0.130774 0.148270 0.319406
v -0.272032 0.309839 0.315997
v -0.302017 0.307950 0.330224
v -0.175962 0.316967 0.323330
v -0.309304 0.308623 0.325965
v -0.414231 0.358898 0.314179
v -0.431006 0.406603 0.313053
v -0.065891 0.384829 0.316024
v -0.436100 0.409225 0.316071
v -0.461846 0.448161 0.315028
v -0.493975 0.597597 0.320763
v -0.499692 0.699097 0.317791
v -0.449298 0.885851 0.325020
v -0.413048 0.912115 0.330984
v -0.136379 0.918986 0.324640
v -0.249074 0.962137 0.340785
v -0.080118 0.007218 0.359419
v -0.255007 0.050674 0.320578
v -0.208795 0.047303 0.322109
v -0.144335 0.178049 0.322331
v -0.258713 0.304149 0.325332
v -0.247033 0.304162 0.321724
v -0.246810 0.310984 0.319636
v -0.115386 0.343578 0.314095
v -0.211258 0.321864 0.333842
v -0.162744 0.324466 0.316650
v -0.122080 0.331429 0.317266
v -0.362273 0.325912 0.324886
v -0.402718 0.350455 0.316945
v -0.447442 0.422953 0.316901
v -0.034407 0.456866 0.319079
v -0.474645 0.504456 0.315348
v -0.006429 0.731030 0.329765
v -0.046158 0.851194 0.314820
v -0.263841 0.006616 0.332685
v -0.396781 0.028518 0.348097
v -0.365747 0.063696 0.328024
v -0.334581 0.065477 0.326566
v -0.110457 0.345565 0.316449
v -0.277529 0.299178 0.321339
v -0.187345 0.316292 0.321878
v -0.201700 0.315173 0.315465
v -0.331745 0.321057 0.327786
v -0.152058 0.323061 0.320517
v -0.349955 0.326974 0.321460
v -0.355837 0.325089 0.325084
v -0.409296 0.358472 0.320542
v -0.439625 0.433486 0.315754
v -0.450132 0.431886 0.312574
v -0.448282 0.448449 0.317690
v -0.454983 0.437875 0.320604
v -0.019631 0.490106 0.327259
v -0.471709 0.513294 0.321768
v -0.014798 0.552872 0.319557
v -0.493004 0.764110 0.344361
v -0.487696 0.793674 0.347962
v -0.063577 0.888478 0.310776
v -0.071375 0.889155 0.321287
v -0.287456 0.957585 0.351913
v -0.271682 0.962027 0.339829
v -0.255613 0.963688 0.340391
v -0.208645 0.057593 0.320543
v -0.256537 0.057985 0.328796
v -0.125049 0.108395 0.322506
v -0.244585 0.293637 0.323744
v -0.233119 0.299132 0.324562
v -0.298843 0.301091 0.328323
v -0.197179 0.311531 0.319901
v -0.131364 0.332879 0.319944
v -0.106157 0.351004 0.325658
v -0.099866 0.360144 0.332259
v -0.453684 0.466723 0.322785
v -0.029384 0.469013 0.328896
v -0.459545 0.486870 0.326265
v -0.466265 0.504697 0.323801
v -0.013068 0.546664 0.338103
v -0.492613 0.582522 0.340817
v -0.499994 0.636081 0.335841
v -0.000875 0.636271 0.337747
v -0.499978 0.716856 0.323643
v -0.500588 0.737238 0.338091
v -0.495735 0.773034 0.335173
v -0.051167 0.849386 0.319902
v -0.090560 0.895047 0.343692
v -0.403402 0.923661 0.339962
v -0.217176 0.964095 0.352347
v -0.204679 0.029708 0.338433
v -0.204849 0.071804 0.329863
v -0.230686 0.310355 0.328732
v -0.149264 0.320897 0.335841
v -0.142216 0.327220 0.331319
v -0.135979 0.332635 0.332943
v -0.410874 0.386112 0.326736
v -0.065142 0.378530 0.330011
v -0.434896 0.437074 0.326394
v -0.034324 0.454140 0.325889
v -0.449727 0.451791 0.324679
v -0.009193 0.600443 0.338965
v -0.492530 0.677782 0.333051
v -0.497132 0.693786 0.328591
v -0.000134 0.706758 0.333236
v -0.068531 0.877343 0.335716
v -0.359472 0.941576 0.354579
v -0.187171 0.956378 0.337032
v -0.221823 0.965507 0.339722
v -0.231787 0.965526 0.336591
v -0.070376 0.028748 0.377806
v -0.213772 0.041481 0.333609
v -0.363498 0.065919 0.339065
v -0.116247 0.061829 0.338669
v -0.185432 0.091864 0.325853
v -0.311489 0.089326 0.333230
v -0.147490 0.108728 0.330540
v -0.275710 0.284813 0.324623
v -0.278621 0.292750 0.328632
v -0.268889 0.289912 0.330167
v -0.283171 0.286837 0.323180
v -0.285051 0.289918 0.334606
v -0.266934 0.289045 0.337084
v -0.241586 0.297009 0.328296
v -0.257333 0.295978 0.330642
v -0.201785 0.321140 0.336611
v -0.347700 0.323692 0.330767
v -0.116099 0.353386 0.332202
v -0.395067 0.346958 0.331456
v -0.399102 0.361698 0.331908
v -0.085388 0.359517 0.334611
v -0.052915 0.412680 0.337600
v -0.444516 0.463121 0.335141
v -0.466344 0.493334 0.331728
v -0.477113 0.535083 0.326757
v -0.451697 0.882737 0.345233
v -0.075688 0.888928 0.336115
v -0.166239 0.945960 0.342916
v -0.207060 0.013763 0.344735
v -0.083265 0.047834 0.339790
v -0.261770 0.055435 0.335398
v -0.294797 0.089669 0.327756
v -0.296842 0.296314 0.336647
v -0.227839 0.302281 0.333181
v -0.223645 0.314670 0.336532
v -0.344999 0.316250 0.336557
v -0.171876 0.322191 0.339314
v -0.420054 0.413193 0.335804
v -0.046304 0.412962 0.333706
v -0.045482 0.427468 0.330717
v -0.025133 0.489259 0.335534
v -0.471895 0.522938 0.338413
v -0.016305 0.519471 0.338371
v -0.501656 0.659646 0.347911
v -0.501320 0.710551 0.340590
v -0.460178 0.859640 0.348533
v -0.202129 0.006326 0.358959
v -0.105903 0.058956 0.335856
v -0.354058 0.061621 0.339112
v -0.310998 0.071551 0.341936
v -0.200591 0.065605 0.339783
v -0.277076 0.081363 0.337027
v -0.242422 0.294419 0.337151
v -0.301678 0.294536 0.332258
v -0.236509 0.299364 0.333784
v -0.313140 0.310682 0.339899
v -0.353951 0.313649 0.336050
v -0.332481 0.316736 0.345431
v -0.374716 0.322634 0.349551
v -0.370861 0.322183 0.330629
v -0.142758 0.322784 0.341693
v -0.385400 0.333035 0.336322
v -0.395712 0.336808 0.333943
v -0.399867 0.343318 0.333893
v -0.451139 0.484801 0.346736
v -0.460393 0.486471 0.335161
v 0.002179 0.698550 0.340344
v -0.000141 0.684932 0.361184
v -0.051584 0.856025 0.341625
v -0.442261 0.903686 0.354848
v -0.379309 0.064839 0.345471
v -0.275947 0.283902 0.340482
v -0.233958 0.290366 0.340144
v -0.310258 0.302159 0.342239
v -0.174409 0.314044 0.346415
v -0.192109 0.324517 0.338480
v -0.160778 0.319666 0.340628
v -0.116113 0.351853 0.345942
v -0.059851 0.388953 0.344112
v -0.429266 0.420735 0.344999
v -0.435520 0.424043 0.342421
v -0.041602 0.448019 0.338252
v -0.033942 0.484358 0.342073
v -0.458629 0.495876 0.346434
v -0.485504 0.576730 0.346934
v -0.037341 0.811636 0.338391
v -0.070399 0.885861 0.341686
v -0.376453 0.944470 0.361272
v -0.146084 0.941397 0.350195
v -0.160422 0.950543 0.359989
v -0.308811 0.956845 0.358055
v -0.272214 0.037903 0.355410
v -0.211812 0.048468 0.349885
v -0.186108 0.066064 0.338089
v -0.164501 0.071069 0.347790
v -0.153150 0.087343 0.344362
v -0.286855 0.280755 0.342243
v -0.256008 0.278223 0.350473
v -0.230823 0.304475 0.337825
v -0.166608 0.309906 0.342509
v -0.150259 0.318231 0.343808
v -0.384482 0.321889 0.351641
v -0.395747 0.328425 0.340916
v -0.131618 0.348702 0.354586
v -0.121131 0.352912 0.344128
v -0.082011 0.349177 0.337011
v -0.077099 0.358952 0.346282
v -0.106360 0.361298 0.341524
v -0.091864 0.357563 0.346291
v -0.432731 0.432091 0.343727
v -0.438296 0.457809 0.344076
v -0.496104 0.728434 0.353617
v -0.016893 0.760624 0.365042
v -0.470539 0.838050 0.363548
v -0.119108 0.912483 0.345677
v -0.129152 0.009639 0.406954
v -0.208989 0.039107 0.352517
v -0.262910 0.042126 0.353086
v -0.188837 0.058017 0.347036
v -0.291470 0.063134 0.349966
v -0.267984 0.272730 0.348664
v -0.258065 0.270922 0.351305
v -0.289215 0.287180 0.343583
v -0.249802 0.279070 0.348312
v -0.248670 0.284163 0.348562
v -0.298579 0.287579 0.351097
v -0.316172 0.307720 0.353700
v -0.321881 0.305156 0.347010
v -0.324870 0.313252 0.345225
v -0.226143 0.313828 0.348441
v -0.215206 0.323077 0.338219
v -0.169085 0.319656 0.345973
v -0.199427 0.316657 0.341384
v -0.143799 0.327056 0.344619
v -0.136471 0.339173 0.349633
v -0.080952 0.367465 0.359088
v -0.407733 0.396740 0.354682
v -0.439509 0.411437 0.344217
v -0.035034 0.469833 0.344916
v -0.010000 0.579860 0.352699
v -0.005772 0.636297 0.347398
v -0.493794 0.695089 0.353858
v -0.494932 0.711089 0.349976
v -0.006391 0.727747 0.344837
v -0.462657 0.871235 0.366527
v -0.268552 0.009028 0.358852
v -0.289366 0.012280 0.388010
v -0.263020 0.047074 0.358145
v -0.362065 0.062694 0.357455
v -0.338712 0.069211 0.374243
v -0.230713 0.304989 0.345783
v -0.367290 0.323609 0.353117
v -0.198984 0.326909 0.350238
v -0.391303 0.336708 0.347105
v -0.397065 0.363419 0.350706
v -0.051501 0.441706 0.359646
v -0.046906 0.444944 0.345861
v -0.029918 0.486768 0.349208
v -0.030361 0.505155 0.346843
v -0.007033 0.606004 0.354348
v -0.496857 0.636211 0.359702
v -0.001205 0.725556 0.362573
v -0.030464 0.802089 0.359797
v -0.453519 0.891705 0.363976
v -0.177947 0.956924 0.369639
v -0.199402 0.040097 0.356680
v -0.193486 0.051082 0.355479
v -0.342026 0.071737 0.360097
v -0.133350 0.068353 0.344952
v -0.145798 0.069809 0.345040
v -0.365679 0.316824 0.358515
v -0.216514 0.322769 0.357236
v -0.146996 0.320881 0.347674
v -0.208020 0.330969 0.350482
v -0.130382 0.340455 0.358696
v -0.398174 0.343303 0.351577
v -0.121705 0.351434 0.350409
v -0.421078 0.422017 0.349633
v -0.464889 0.517306 0.351747
v -0.490676 0.600337 0.349837
v -0.003028 0.677757 0.359759
v -0.500115 0.677187 0.354147
v -0.487812 0.779345 0.365057
v -0.047999 0.846144 0.360351
v -0.469830 0.862298 0.384348
v -0.089854 0.903523 0.380021
v -0.395193 0.931429 0.355206
v -0.198995 0.966115 0.357459
v -0.091415 0.010106 0.395032
v -0.089122 0.064755 0.363524
v -0.380058 0.063998 0.359576
v -0.296056 0.068030 0.359788
v -0.181654 0.066640 0.354163
v -0.144477 0.066788 0.371780
v -0.240509 0.290927 0.366770
v -0.304456 0.291085 0.357742
v -0.344574 0.321118 0.352595
v -0.152442 0.325842 0.357199
v -0.390089 0.329221 0.355642
v -0.201607 0.331187 0.362192
v -0.116616 0.343862 0.352999
v -0.116692 0.352053 0.355096
v -0.109352 0.360477 0.356295
v -0.060106 0.408074 0.365498
v -0.404144 0.385540 0.354230
v -0.461274 0.508527 0.350467
v -0.021545 0.543700 0.355346
v -0.491353 0.618609 0.356249
v -0.042869 0.841895 0.362300
v -0.089297 0.905873 0.360361
v -0.430609 0.917910 0.363115
v -0.231305 0.975152 0.369690
v -0.074848 0.015573 0.377287
v -0.074149 0.048933 0.380315
v -0.112096 0.063911 0.369147
v -0.282957 0.053033 0.363628
v -0.154393 0.072277 0.372107
v -0.326117 0.075159 0.380620
v -0.292821 0.284765 0.362026
v -0.217910 0.301319 0.358760
v -0.180280 0.320607 0.357129
v -0.162451 0.320339 0.356183
v -0.187418 0.330130 0.359698
v -0.139597 0.327577 0.360193
v -0.140662 0.338497 0.353130
v -0.399704 0.376898 0.365968
v -0.400848 0.381502 0.360880
v -0.044133 0.475552 0.365790
v -0.443862 0.478373 0.362175
v -0.451084 0.484623 0.356119
v -0.033400 0.522823 0.365119
v -0.465807 0.510690 0.355003
v -0.493635 0.749397 0.355959
v -0.025336 0.778514 0.362507
v -0.128623 0.927350 0.368447
v -0.326258 0.962531 0.388906
v -0.259886 0.976617 0.365071
v -0.167776 0.072270 0.380582
v -0.257832 0.274686 0.362289
v -0.309566 0.275204 0.360280
v -0.310925 0.282783 0.356731
v -0.319563 0.311889 0.358427
v -0.227038 0.300112 0.353500
v -0.153750 0.317030 0.363112
v -0.151721 0.318410 0.356490
v -0.365857 0.328391 0.364880
v -0.159029 0.329945 0.366217
v -0.145600 0.327634 0.357259
v -0.381705 0.322235 0.357766
v -0.373271 0.330741 0.365751
v -0.139932 0.337116 0.358593
v -0.381458 0.337621 0.367152
v -0.090965 0.359832 0.364764
v -0.423995 0.368271 0.358648
v -0.458857 0.511840 0.359317
v -0.006847 0.660816 0.365595
v -0.491905 0.734933 0.374079
v -0.494660 0.739249 0.373451
v -0.486796 0.812101 0.374015
v -0.448056 0.904698 0.358273
v -0.415802 0.938535 0.367009
v -0.388062 0.020271 0.382649
v -0.198360 0.022651 0.373384
v -0.273484 0.054658 0.364366
v -0.302639 0.293968 0.367369
v -0.306755 0.289854 0.361891
v -0.315194 0.287373 0.362700
v -0.323099 0.308256 0.361078
v -0.224261 0.310549 0.358651
v -0.335970 0.321551 0.370100
v -0.170368 0.329394 0.372171
v -0.137184 0.349475 0.362319
v -0.393067 0.362009 0.362913
v -0.130344 0.359652 0.360872
v -0.111679 0.356532 0.355240
v -0.118144 0.359174 0.357736
v -0.107011 0.355028 0.363382
v -0.440992 0.474627 0.381438
v -0.462932 0.534773 0.374494
v -0.492741 0.707501 0.366044
v -0.092204 0.910611 0.383033
v -0.118458 0.915552 0.372781
v -0.160981 0.956215 0.381341
v -0.350339 0.962651 0.384598
v -0.305669 0.973325 0.387893
v -0.395255 0.034662 0.368702
v -0.270649 0.047692 0.364055
v -0.389254 0.051143 0.376564
v -0.268954 0.280738 0.370087
v -0.312785 0.298868 0.362188
v -0.225500 0.309786 0.364914
v -0.220508 0.304682 0.367192
v -0.220476 0.304505 0.362090
v -0.215559 0.313763 0.366851
v -0.210996 0.327392 0.373762
v -0.142989 0.339407 0.362721
v -0.078457 0.370277 0.373305
v -0.405803 0.384619 0.368521
v -0.062535 0.414939 0.371631
v -0.498851 0.667828 0.372085
v -0.001354 0.728471 0.383009
v -0.252639 0.979045 0.372625
v -0.250537 0.988487 0.390478
v -0.370899 0.061725 0.368760
v -0.085626 0.062625 0.388607
v -0.310000 0.072468 0.385937
v -0.370383 0.065401 0.389217
v -0.313782 0.283657 0.369230
v -0.295259 0.296870 0.377667
v -0.316083 0.299410 0.373893
v -0.236051 0.287831 0.370682
v -0.219378 0.313418 0.361844
v -0.331812 0.322820 0.373087
v -0.175101 0.331839 0.371916
v -0.155170 0.327504 0.368224
v -0.187312 0.328834 0.363153
v -0.139985 0.337043 0.368511
v -0.099591 0.352743 0.366998
v -0.086716 0.361632 0.370564
v -0.404107 0.390700 0.370835
v -0.406360 0.409662 0.381368
v -0.420195 0.443024 0.383252
v -0.425153 0.445621 0.379048
v -0.438930 0.462895 0.379616
v -0.477326 0.573946 0.386346
v -0.494499 0.645403 0.378067
v -0.002995 0.678023 0.368307
v -0.045257 0.834972 0.380587
v -0.441195 0.912096 0.379043
v -0.256117 0.984020 0.354542
v -0.255687 0.978779 0.369561
v -0.260322 0.984254 0.369548
v -0.390882 0.039889 0.383133
v -0.182673 0.060119 0.391874
v -0.259654 0.275266 0.369429
v -0.283410 0.287714 0.371656
v -0.325388 0.309748 0.377635
v -0.222709 0.313361 0.370807
v -0.218656 0.320784 0.371585
v -0.366369 0.323459 0.371131
v -0.343865 0.333063 0.377094
v -0.182072 0.327538 0.371348
v -0.202274 0.332212 0.372386
v -0.194975 0.332902 0.374357
v -0.145450 0.345002 0.375201
v -0.390539 0.359984 0.370633
v -0.136946 0.355803 0.380305
v -0.107118 0.359391 0.371476
v -0.119926 0.370673 0.373514
v -0.403555 0.366573 0.370854
v -0.074809 0.388795 0.374769
v -0.062477 0.433444 0.382421
v -0.450508 0.499131 0.374413
v -0.042214 0.476367 0.369276
v -0.027522 0.554262 0.380339
v -0.005388 0.609349 0.372131
v -0.488817 0.612283 0.389508
v -0.497090 0.642255 0.384261
v -0.501862 0.647777 0.363551
v -0.492988 0.722039 0.377627
v -0.003654 0.728780 0.367931
v -0.473994 0.844477 0.386889
v -0.467568 0.883796 0.387344
v -0.453417 0.902432 0.376055
v -0.454748 0.907245 0.372839
v -0.428679 0.929268 0.381261
v -0.398075 0.938706 0.375964
v -0.185119 0.007465 0.385256
v -0.304895 0.065817 0.392288
v -0.132133 0.070633 0.383291
v -0.250098 0.294031 0.375739
v -0.239641 0.295453 0.375441
v -0.213066 0.314091 0.377220
v -0.200331 0.318200 0.374783
v -0.363519 0.325408 0.377017
v -0.362599 0.316419 0.377158
v -0.162432 0.327935 0.374131
v -0.154296 0.321933 0.375567
v -0.184109 0.335362 0.376515
v -0.033584 0.514500 0.374513
v -0.463306 0.529577 0.388805
v -0.483953 0.582823 0.377216
v -0.002797 0.659977 0.383323
v -0.009755 0.686242 0.383676
v -0.032364 0.814391 0.387071
v -0.100452 0.916263 0.383718
v -0.418481 0.942677 0.384443
v -0.367664 0.964841 0.394086
v -0.202107 0.968781 0.384386
v -0.283571 0.979103 0.390800
v -0.270180 0.982067 0.379203
v -0.228397 0.989975 0.396217
v -0.269780 0.987754 0.375451
v -0.333098 0.016369 0.408911
v -0.382885 0.017011 0.381972
v -0.370430 0.013309 0.389381
v -0.376547 0.058954 0.377069
v -0.261383 0.289543 0.379091
v -0.233388 0.285470 0.379668
v -0.236511 0.289094 0.375095
v -0.239232 0.286174 0.375249
v -0.303023 0.308188 0.383260
v -0.235729 0.295754 0.378649
v -0.319153 0.308730 0.374134
v -0.226750 0.317630 0.377751
v -0.149938 0.337542 0.375582
v -0.171069 0.324263 0.375422
v -0.190424 0.333472 0.382223
v -0.369556 0.337429 0.381554
v -0.142049 0.349489 0.373740
v -0.109500 0.371455 0.388579
v -0.396128 0.369644 0.373301
v -0.396604 0.367990 0.377138
v -0.131466 0.368219 0.390491
v -0.077030 0.393966 0.383033
v -0.051912 0.481055 0.383396
v -0.446919 0.496444 0.384473
v -0.487811 0.600396 0.389572
v -0.504768 0.678184 0.398263
v -0.495562 0.701449 0.381116
v -0.494603 0.714521 0.381163
v -0.006685 0.742190 0.381291
v -0.031399 0.787679 0.398738
v -0.077100 0.889607 0.408261
v -0.426154 0.927013 0.386730
v -0.278232 0.025290 0.379394
v -0.283834 0.281788 0.379621
v -0.237379 0.282115 0.378317
v -0.241360 0.292219 0.378050
v -0.244197 0.283557 0.379703
v -0.243343 0.293615 0.377338
v -0.317069 0.305477 0.382270
v -0.205327 0.317139 0.382794
v -0.218817 0.323569 0.377790
v -0.175952 0.335245 0.379946
v -0.364144 0.337786 0.376919
v -0.378348 0.353378 0.384125
v -0.143556 0.344768 0.379410
v -0.387142 0.368808 0.382865
v -0.080118 0.373445 0.379316
v -0.454751 0.514429 0.383423
v -0.039599 0.506092 0.383461
v -0.009221 0.604138 0.385307
v -0.494614 0.704177 0.401638
v -0.497883 0.718077 0.381303
v -0.488589 0.754729 0.383156
v -0.481632 0.794196 0.392289
v -0.063091 0.876655 0.401578
v -0.255720 0.984108 0.381385
v -0.303492 0.054747 0.400262
v -0.257366 0.290037 0.382558
v -0.276948 0.297078 0.380012
v -0.231270 0.289423 0.382296
v -0.310117 0.305164 0.386189
v -0.209306 0.305327 0.378033
v -0.220767 0.319680 0.383351
v -0.202659 0.334150 0.385396
v -0.167705 0.328129 0.382353
v -0.163545 0.334395 0.375524
v -0.366296 0.346430 0.382471
v -0.054503 0.461647 0.389528
v -0.445793 0.475424 0.389943
v -0.450971 0.501351 0.388137
v -0.499453 0.667277 0.391922
v -0.495018 0.716438 0.407148
v -0.134788 0.932518 0.387723
v -0.409729 0.950570 0.393292
v -0.347783 0.013000 0.395034
v -0.279198 0.301976 0.387058
v -0.244242 0.296545 0.390573
v -0.286338 0.304786 0.389150
v -0.248269 0.301985 0.385468
v -0.322789 0.318362 0.382148
v -0.339954 0.338746 0.389059
v -0.195972 0.335744 0.385697
v -0.189866 0.341434 0.383182
v -0.372052 0.351196 0.386324
v -0.074658 0.386163 0.380059
v -0.059680 0.417821 0.375870
v -0.433581 0.446766 0.382348
v -0.438206 0.444092 0.387314
v -0.433347 0.456822 0.387346
v -0.432216 0.459721 0.384224
v -0.013528 0.700873 0.395413
v -0.008757 0.723364 0.389615
v -0.489716 0.755256 0.403773
v -0.028698 0.786733 0.416604
v -0.473020 0.862683 0.404558
v -0.184855 0.026100 0.394379
v -0.379234 0.023735 0.388418
v -0.173289 0.068753 0.391669
v -0.138690 0.055716 0.411292
v -0.113131 0.059482 0.407418
v -0.106882 0.055176 0.403074
v -0.350339 0.062624 0.397953
v -0.153711 0.061608 0.412382
v -0.265822 0.301842 0.395085
v -0.208886 0.325576 0.384856
v -0.162416 0.349224 0.388931
v -0.369603 0.344959 0.390609
v -0.145395 0.356217 0.390166
v -0.395097 0.383175 0.392313
v -0.406027 0.409632 0.392455
v -0.415385 0.411370 0.384567
v -0.423649 0.450403 0.389432
v -0.061416 0.433985 0.390148
v -0.058408 0.457529 0.386224
v -0.435450 0.458449 0.392253
v -0.045437 0.495797 0.389184
v -0.454616 0.517139 0.392601
v -0.022367 0.582563 0.388275
v -0.493734 0.724377 0.392720
v -0.487459 0.742947 0.398303
v -0.047087 0.840777 0.407215
v -0.133708 0.942627 0.405940
v -0.389485 0.952882 0.400078
v -0.187382 0.979816 0.419850
v -0.078430 0.023705 0.400732
v -0.381678 0.031929 0.391414
v -0.318481 0.071402 0.398324
v -0.269051 0.308117 0.392383
v -0.295979 0.311216 0.391344
v -0.238582 0.314992 0.399032
v -0.305624 0.315001 0.388601
v -0.319763 0.338351 0.396433
v -0.210962 0.334807 0.396825
v -0.348719 0.344305 0.395314
v -0.192809 0.342975 0.393726
v -0.373670 0.353906 0.391572
v -0.370060 0.355506 0.388245
v -0.129214 0.363949 0.394110
v -0.117383 0.371780 0.395961
v -0.379582 0.376178 0.400209
v -0.100877 0.383343 0.394046
v -0.100549 0.391428 0.400037
v -0.436788 0.443188 0.394002
v -0.030461 0.552397 0.407962
v -0.001768 0.662736 0.403961
v -0.015609 0.712619 0.404777
v -0.481013 0.808740 0.401128
v -0.249238 0.990479 0.416665
v -0.266198 0.995365 0.408122
v -0.148149 0.012930 0.410126
v -0.313539 0.028974 0.408887
v -0.336543 0.061243 0.414732
v -0.282640 0.311876 0.391611
v -0.272536 0.314738 0.399385
v -0.256767 0.312126 0.395118
v -0.251149 0.317691 0.400821
v -0.311211 0.317385 0.397608
v -0.313481 0.317494 0.390839
v -0.219927 0.335327 0.390993
v -0.343749 0.332065 0.392759
v -0.165707 0.353997 0.396972
v -0.157571 0.342718 0.391880
v -0.157230 0.348234 0.393413
v -0.374217 0.365298 0.390381
v -0.155901 0.358175 0.395577
v -0.114008 0.368726 0.401778
v -0.082053 0.406301 0.391227
v -0.086791 0.397305 0.399359
v -0.416383 0.433664 0.398127
v -0.064960 0.445195 0.392841
v -0.431793 0.455214 0.391647
v -0.058921 0.457084 0.396188
v -0.446957 0.496089 0.394769
v -0.043324 0.514720 0.393199
v -0.457472 0.513552 0.398628
v -0.034664 0.519786 0.391412
v -0.471448 0.555512 0.402219
v -0.008881 0.700905 0.408246
v -0.040826 0.829143 0.416176
v -0.056658 0.849291 0.413565
v -0.419903 0.942493 0.404718
v -0.169718 0.012738 0.399972
v -0.382425 0.029299 0.398915
v -0.380907 0.050500 0.401338
v -0.163479 0.055757 0.418015
v -0.289318 0.305464 0.395449
v -0.346036 0.343566 0.402905
v -0.343364 0.347351 0.396857
v -0.185416 0.350176 0.399648
v -0.195075 0.350551 0.400352
v -0.380521 0.358394 0.399252
v -0.370597 0.368199 0.397313
v -0.375541 0.369381 0.398136
v -0.139026 0.375170 0.400412
v -0.391956 0.392149 0.399361
v -0.397604 0.381486 0.396781
v -0.403901 0.380107 0.402360
v -0.406011 0.402685 0.399160
v -0.407973 0.410458 0.405036
v -0.432597 0.453735 0.398250
v -0.442907 0.508438 0.425400
v -0.451432 0.511718 0.401265
v -0.039528 0.514605 0.397377
v -0.024520 0.605766 0.404653
v -0.490162 0.618517 0.407679
v -0.488897 0.618066 0.393482
v -0.478731 0.780813 0.419645
v -0.453798 0.918774 0.405327
v -0.428829 0.932836 0.405782
v -0.116388 0.926682 0.396155
v -0.323397 0.970485 0.402722
v -0.362964 0.018817 0.405331
v -0.181953 0.030000 0.408199
v -0.083324 0.039971 0.408676
v -0.362928 0.059603 0.404704
v -0.268942 0.291430 0.401128
v -0.282116 0.313164 0.397820
v -0.216876 0.345475 0.404040
v -0.172917 0.344092 0.400706
v -0.152925 0.353605 0.400189
v -0.116608 0.377180 0.406339
v -0.407373 0.390915 0.400118
v -0.065469 0.443240 0.399218
v -0.429725 0.461483 0.405840
v -0.025952 0.567985 0.410177
v -0.021424 0.599497 0.406576
v -0.447652 0.929961 0.410912
v -0.392389 0.965288 0.417122
v -0.234900 0.991894 0.419277
v -0.176687 0.051477 0.408908
v -0.359028 0.053611 0.408097
v -0.262428 0.306298 0.400862
v -0.261418 0.300949 0.406967
v -0.254813 0.299576 0.402854
v -0.253253 0.320060 0.407771
v -0.285313 0.319835 0.402494
v -0.280215 0.310743 0.404668
v -0.274928 0.316520 0.401414
v -0.310370 0.334867 0.406448
v -0.326188 0.352996 0.401135
v -0.184868 0.342149 0.404280
v -0.355117 0.361792 0.400495
v -0.156866 0.360503 0.401717
v -0.363249 0.376464 0.405848
v -0.128312 0.369858 0.402623
v -0.111145 0.375683 0.412167
v -0.385344 0.382020 0.405051
v -0.408089 0.397771 0.406389
v -0.403487 0.405376 0.404653
v -0.086848 0.424944 0.410746
v -0.074733 0.433512 0.403705
v -0.062337 0.466217 0.399885
v -0.425591 0.466419 0.411024
v -0.460158 0.535392 0.419540
v -0.034096 0.534864 0.407798
v -0.491487 0.722252 0.406569
v -0.485529 0.751747 0.410646
v -0.014142 0.757614 0.409275
v -0.469556 0.868075 0.410218
v -0.356295 0.975263 0.411577
v -0.222931 0.981475 0.428478
v -0.087158 0.015862 0.406322
v -0.091390 0.050252 0.408380
v -0.261526 0.312770 0.404477
v -0.280421 0.318210 0.407734
v -0.279598 0.315109 0.404674
v -0.277587 0.319525 0.404121
v -0.240362 0.319337 0.407528
v -0.246249 0.323704 0.403491
v -0.223019 0.340805 0.406454
v -0.215113 0.344938 0.407622
v -0.151695 0.369565 0.406903
v -0.377189 0.385903 0.405666
v -0.399554 0.401696 0.408512
v -0.394902 0.399185 0.402397
v -0.408089 0.420701 0.411380
v -0.415488 0.435934 0.413327
v -0.065942 0.450687 0.403263
v -0.065822 0.467918 0.410476
v -0.062320 0.496075 0.421820
v -0.450256 0.502495 0.412271
v -0.473596 0.564807 0.416889
v -0.005967 0.687062 0.416060
v -0.491328 0.743600 0.422129
v -0.017543 0.744154 0.404582
v -0.073848 0.888599 0.412958
v -0.091513 0.903625 0.431567
v -0.161040 0.959409 0.423000
v -0.170376 0.968189 0.414381
v -0.338734 0.979182 0.420215
v -0.207545 0.977311 0.408425
v -0.307980 0.980046 0.411354
v -0.139799 0.016060 0.409423
v -0.107019 0.028805 0.417571
v -0.112484 0.016683 0.421508
v -0.099106 0.015723 0.409937
v -0.094704 0.023884 0.414407
v -0.360241 0.024696 0.408009
v -0.347099 0.018540 0.412359
v -0.368229 0.045670 0.412141
v -0.289664 0.328145 0.412756
v -0.281873 0.325397 0.407488
v -0.279750 0.321855 0.411208
v -0.301313 0.351873 0.425087
v -0.238338 0.328481 0.409728
v -0.215146 0.343040 0.410281
v -0.326080 0.371061 0.418450
v -0.181831 0.353500 0.414216
v -0.195007 0.356581 0.408822
v -0.342673 0.370867 0.411467
v -0.396482 0.414578 0.411707
v -0.100358 0.417063 0.417086
v -0.074418 0.447218 0.414618
v -0.424651 0.457310 0.416313
v -0.479708 0.615161 0.431127
v -0.012284 0.659935 0.416611
v -0.491462 0.654106 0.425357
v -0.050721 0.840873 0.425310
v -0.409170 0.958389 0.414778
v -0.344596 0.982818 0.440839
v -0.173278 0.021178 0.406112
v -0.318851 0.035398 0.417810
v -0.112579 0.045297 0.421262
v -0.126173 0.054067 0.417966
v -0.251487 0.320071 0.411201
v -0.283696 0.325211 0.408649
v -0.248327 0.333660 0.412771
v -0.230537 0.338457 0.415066
v -0.213404 0.370390 0.426700
v -0.348165 0.364320 0.415176
v -0.168334 0.377196 0.426397
v -0.335576 0.383804 0.419792
v -0.151038 0.371779 0.419323
v -0.136737 0.377790 0.412439
v -0.365363 0.386002 0.412571
v -0.105874 0.400500 0.415358
v -0.063313 0.461671 0.411998
v -0.053927 0.507518 0.415459
v -0.034329 0.543023 0.416120
v -0.501919 0.693204 0.421820
v -0.490686 0.718906 0.425829
v -0.064069 0.897965 0.400883
v -0.074244 0.886401 0.424828
v -0.367998 0.975148 0.432383
v -0.377414 0.976476 0.444284
v -0.325139 0.024521 0.411306
v -0.167830 0.024920 0.423243
v -0.367923 0.032226 0.413663
v -0.359488 0.035790 0.412869
v -0.096880 0.036805 0.415950
v -0.172237 0.037526 0.415265
v -0.260240 0.316202 0.417165
v -0.262434 0.328619 0.420468
v -0.288420 0.326373 0.417126
v -0.248726 0.331344 0.416233
v -0.172277 0.361837 0.412038
v -0.157207 0.366322 0.420509
v -0.355877 0.370821 0.415248
v -0.416227 0.433006 0.415121
v -0.064124 0.472397 0.417045
v -0.017810 0.636232 0.422495
v -0.496121 0.677941 0.437122
v -0.018218 0.727892 0.427961
v -0.024075 0.736753 0.415867
v -0.481145 0.778489 0.427643
v -0.466466 0.823922 0.445798
v -0.074830 0.902259 0.419072
v -0.464225 0.907391 0.437179
v -0.104953 0.918455 0.433173
v -0.136379 0.953442 0.432025
v -0.129827 0.023900 0.427051
v -0.137453 0.026755 0.423106
v -0.336608 0.027792 0.422806
v -0.327686 0.032126 0.414216
v -0.352202 0.050824 0.417273
v -0.286637 0.334573 0.415769
v -0.311975 0.351320 0.423346
v -0.214593 0.359290 0.423463
v -0.198134 0.380712 0.432146
v -0.192097 0.371802 0.424840
v -0.348545 0.376787 0.419014
v -0.155078 0.385983 0.428088
v -0.136069 0.394221 0.423882
v -0.367771 0.406052 0.431768
v -0.375385 0.415716 0.427990
v -0.104173 0.418385 0.422128
v -0.092575 0.418879 0.416749
v -0.094109 0.414403 0.423196
v -0.023245 0.573512 0.416865
v -0.023124 0.594480 0.428535
v -0.011596 0.656859 0.420880
v -0.489701 0.734564 0.419555
v -0.037440 0.761538 0.428141
v -0.427316 0.949630 0.432919
v -0.122069 0.930772 0.434710
v -0.280820 0.989476 0.428624
v -0.147696 0.020961 0.423940
v -0.109359 0.020702 0.421963
v -0.169484 0.031877 0.424523
v -0.139415 0.039723 0.420335
v -0.131535 0.039510 0.426076
v -0.248535 0.348894 0.424528
v -0.407402 0.435138 0.422749
v -0.412287 0.442245 0.422921
v -0.417615 0.451773 0.429317
v -0.426605 0.465671 0.431835
v -0.060099 0.482359 0.421209
v -0.013350 0.674094 0.422283
v -0.034421 0.784840 0.430443
v -0.464998 0.802878 0.439897
v -0.041269 0.811312 0.434115
v -0.302031 0.983970 0.443282
v -0.352558 0.032136 0.422091
v -0.341181 0.037636 0.424958
v -0.142911 0.042967 0.423984
v -0.298521 0.340464 0.426727
v -0.269133 0.347565 0.425786
v -0.144868 0.387905 0.427031
v -0.124929 0.393038 0.425537
v -0.119377 0.391507 0.423394
v -0.391116 0.422387 0.423450
v -0.098239 0.420060 0.422277
v -0.092402 0.440505 0.426908
v -0.412100 0.428285 0.424874
v -0.420431 0.432514 0.426633
v -0.433297 0.489391 0.427741
v -0.436783 0.491983 0.424885
v -0.460163 0.538393 0.430001
v -0.490014 0.651386 0.445958
v -0.018363 0.710002 0.430272
v -0.481863 0.769515 0.431148
v -0.445081 0.940178 0.438299
v -0.410017 0.956785 0.423306
v -0.159228 0.045632 0.424731
v -0.258784 0.338374 0.429147
v -0.305702 0.350588 0.428228
v -0.243636 0.349221 0.425413
v -0.242076 0.358525 0.431124
v -0.225507 0.362722 0.429581
v -0.183850 0.378603 0.426875
v -0.155110 0.377106 0.431236
v -0.322017 0.376323 0.435459
v -0.357569 0.397477 0.432899
v -0.116252 0.385500 0.428149
v -0.119358 0.403000 0.427816
v -0.101225 0.417253 0.428958
v -0.102358 0.429997 0.429772
v -0.411704 0.439526 0.424641
v -0.440585 0.495299 0.428778
v -0.437675 0.489501 0.432053
v -0.452998 0.532188 0.430912
v -0.036853 0.559208 0.432906
v -0.018653 0.603667 0.431495
v -0.012901 0.680514 0.431338
v -0.488982 0.740203 0.428744
v -0.039455 0.767501 0.436193
v -0.462141 0.854145 0.443098
v -0.077750 0.862553 0.457569
v -0.463746 0.863365 0.446181
v -0.462503 0.895978 0.443063
v -0.083898 0.903640 0.429268
v -0.178550 0.971103 0.449482
v -0.117128 0.023089 0.425656
v -0.295268 0.352729 0.428500
v -0.232093 0.338045 0.435238
v -0.318483 0.362100 0.429951
v -0.206316 0.376708 0.429959
v -0.162184 0.376605 0.429345
v -0.127450 0.390915 0.432513
v -0.089390 0.450870 0.433583
v -0.061135 0.498421 0.434622
v -0.054288 0.537987 0.439503
v -0.465334 0.559578 0.438950
v -0.032690 0.577941 0.442056
v -0.479572 0.606364 0.433978
v -0.492858 0.699073 0.448932
v -0.024210 0.719158 0.443299
v -0.490125 0.728325 0.443586
v -0.245708 0.351600 0.433107
v -0.325238 0.370188 0.432647
v -0.215133 0.376462 0.431271
v -0.188909 0.374726 0.433590
v -0.177599 0.391300 0.435427
v -0.330550 0.394878 0.440000
v -0.153698 0.401393 0.439538
v -0.332636 0.406608 0.439529
v -0.373213 0.400570 0.436245
v -0.115600 0.414773 0.431471
v -0.112288 0.430454 0.432918
v -0.417923 0.451599 0.434057
v -0.420619 0.445534 0.432667
v -0.430072 0.459309 0.432270
v -0.438840 0.487137 0.435833
v -0.434400 0.489328 0.434899
v -0.023749 0.588468 0.434211
v -0.018364 0.704615 0.445260
v -0.041445 0.793074 0.438971
v -0.455940 0.927881 0.440695
v -0.421828 0.953573 0.440693
v -0.403189 0.962277 0.452968
v -0.315050 0.978522 0.468029
v -0.234981 0.983262 0.464840
v -0.272315 0.987950 0.467784
v -0.255230 0.353513 0.431878
v -0.302776 0.358455 0.428807
v -0.281399 0.373624 0.438065
v -0.237585 0.355708 0.438768
v -0.239605 0.361651 0.433367
v -0.221570 0.364135 0.436492
v -0.207975 0.382107 0.432199
v -0.164528 0.389918 0.436605
v -0.203445 0.391354 0.435662
v -0.122557 0.398600 0.434955
v -0.365855 0.424915 0.447783
v -0.112908 0.400795 0.440040
v -0.380796 0.434017 0.439117
v -0.088476 0.444458 0.435245
v -0.429434 0.463276 0.438169
v -0.080171 0.470436 0.435700
v -0.076272 0.472731 0.438451
v -0.439262 0.496138 0.434193
v -0.062990 0.513217 0.440910
v -0.448889 0.510294 0.437832
v -0.453459 0.521856 0.444993
v -0.456343 0.543748 0.440878
v -0.478671 0.594262 0.446122
v -0.017936 0.616195 0.443606
v -0.385556 0.974962 0.455503
v -0.204399 0.984321 0.455150
v -0.244185 0.361108 0.438274
v -0.263863 0.365381 0.439202
v -0.313457 0.385265 0.447942
v -0.196734 0.386337 0.440724
v -0.162987 0.389375 0.440315
v -0.126795 0.392844 0.440302
v -0.131559 0.405293 0.440871
v -0.147677 0.409399 0.445468
v -0.376702 0.427127 0.444485
v -0.115381 0.408401 0.441432
v -0.117297 0.427197 0.437027
v -0.104753 0.469089 0.453532
v -0.412825 0.458187 0.441876
v -0.427194 0.478555 0.447053
v -0.452098 0.512062 0.439402
v -0.452216 0.502010 0.441474
v -0.054949 0.534097 0.447742
v -0.464071 0.568547 0.446341
v -0.015280 0.639070 0.443330
v -0.012990 0.668337 0.452652
v -0.490872 0.738391 0.452159
v -0.032383 0.742425 0.439607
v -0.470481 0.786319 0.452725
v -0.086900 0.901121 0.464121
v -0.115994 0.921609 0.452592
v -0.193507 0.982511 0.442833
v -0.262110 0.989813 0.439989
v -0.287180 0.394764 0.448590
v -0.203893 0.404016 0.439788
v -0.345082 0.411952 0.441743
v -0.338797 0.422654 0.450614
v -0.118605 0.433744 0.447188
v -0.397193 0.451601 0.444683
v -0.407980 0.467406 0.446975
v -0.063482 0.522911 0.447339
v -0.023498 0.606916 0.451391
v -0.479749 0.633251 0.449055
v -0.018403 0.688963 0.442905
v -0.027452 0.733981 0.445448
v -0.047054 0.793329 0.457932
v -0.337961 0.981814 0.473601
v -0.266010 0.371040 0.450218
v -0.250305 0.389663 0.449936
v -0.223372 0.397778 0.456424
v -0.196509 0.406500 0.448512
v -0.187263 0.413239 0.447906
v -0.129165 0.398861 0.446223
v -0.121562 0.409387 0.444420
v -0.133216 0.403306 0.442174
v -0.126483 0.404905 0.442081
v -0.353552 0.416149 0.444359
v -0.114063 0.437580 0.447625
v -0.418587 0.470053 0.442023
v -0.429359 0.489052 0.447184
v -0.440836 0.511827 0.444025
v -0.460980 0.532269 0.448748
v -0.053302 0.561545 0.458044
v -0.470300 0.557503 0.442437
v -0.469725 0.572498 0.450951
v -0.029442 0.582081 0.443644
v -0.485186 0.769319 0.446526
v -0.132913 0.936573 0.457393
v -0.267105 0.378805 0.445128
v -0.295401 0.391017 0.450356
v -0.279283 0.394910 0.449677
v -0.307029 0.397920 0.448680
v -0.322737 0.417724 0.458038
v -0.173210 0.421199 0.453493
v -0.156022 0.418203 0.451896
v -0.146031 0.409406 0.449060
v -0.414383 0.461228 0.450265
v -0.091593 0.490828 0.461938
v -0.076085 0.504582 0.451300
v -0.445432 0.516947 0.450140
v -0.463620 0.541310 0.452384
v -0.459931 0.545591 0.450523
v -0.034721 0.594961 0.459639
v -0.029957 0.594551 0.449419
v -0.014575 0.630579 0.456701
v -0.021458 0.719387 0.449865
v -0.491057 0.719870 0.469776
v -0.046162 0.766560 0.452448
v -0.048947 0.793450 0.445057
v -0.054097 0.814400 0.455125
v -0.442282 0.942028 0.460825
v -0.160942 0.965303 0.473419
v -0.296878 0.984565 0.468227
v -0.244352 0.989892 0.470869
v -0.283686 0.386927 0.451106
v -0.321745 0.414214 0.463863
v -0.218399 0.412125 0.457244
v -0.137568 0.401110 0.452296
v -0.136610 0.414476 0.444616
v -0.140305 0.418479 0.449946
v -0.129372 0.418629 0.446693
v -0.124529 0.420967 0.450846
v -0.350469 0.428393 0.454045
v -0.120630 0.430199 0.452722
v -0.107882 0.456582 0.455297
v -0.414361 0.480921 0.457713
v -0.436486 0.476617 0.453101
v -0.434815 0.511004 0.448830
v -0.439384 0.523771 0.452736
v -0.473856 0.580038 0.452493
v -0.030264 0.728089 0.448925
v -0.042477 0.765772 0.458047
v -0.055674 0.799976 0.454168
v -0.456325 0.913049 0.463873
v -0.151678 0.960402 0.470413
v -0.427758 0.954485 0.458266
v -0.258263 0.383126 0.456284
v -0.270808 0.408983 0.459649
v -0.252936 0.407468 0.468147
v -0.279067 0.398373 0.455115
v -0.189837 0.410657 0.452868
v -0.154110 0.412830 0.456650
v -0.138254 0.415610 0.453488
v -0.125110 0.414950 0.455030
v -0.362986 0.422794 0.452765
v -0.367482 0.433756 0.456801
v -0.108898 0.425043 0.453908
v -0.120383 0.437918 0.456152
v -0.109854 0.444959 0.456200
v -0.432580 0.489341 0.455393
v -0.435836 0.497565 0.454383
v -0.031278 0.606257 0.457820
v -0.491445 0.671466 0.470265
v -0.027515 0.730465 0.458190
v -0.032347 0.732789 0.455817
v -0.459068 0.820550 0.457683
v -0.071873 0.824209 0.473173
v -0.464515 0.890183 0.467639
v -0.193142 0.978091 0.467510
v -0.278824 0.405117 0.463745
v -0.186643 0.424112 0.459154
v -0.342690 0.423400 0.456870
v -0.356489 0.428263 0.455524
v -0.197401 0.430224 0.456872
v -0.131661 0.429891 0.460319
v -0.378283 0.445823 0.461073
v -0.412911 0.472450 0.456886
v -0.436420 0.510994 0.459634
v -0.439724 0.527892 0.462806
v -0.445608 0.559187 0.457484
v -0.454957 0.574156 0.458027
v -0.029752 0.600524 0.461206
v -0.467772 0.606808 0.472667
v -0.017493 0.668050 0.473490
v -0.473544 0.783878 0.463705
v -0.459148 0.805802 0.466488
v -0.455277 0.857238 0.470831
v -0.254889 0.988714 0.465528
v -0.315225 0.413851 0.468335
v -0.262484 0.405503 0.459361
v -0.305944 0.413817 0.459197
v -0.153228 0.424899 0.462399
v -0.220948 0.422176 0.471880
v -0.200279 0.463647 0.478174
v -0.161359 0.432182 0.459990
v -0.139987 0.425875 0.451958
v -0.333925 0.431770 0.466978
v -0.170251 0.431257 0.459512
v -0.175119 0.438184 0.462108
v -0.139548 0.433469 0.459022
v -0.410326 0.484702 0.460550
v -0.424369 0.509846 0.465601
v -0.439237 0.512559 0.462641
v -0.053172 0.567921 0.470131
v -0.023953 0.700859 0.479040
v -0.027343 0.706239 0.460666
v -0.039462 0.739932 0.460533
v -0.050315 0.775278 0.465607
v -0.461689 0.789558 0.481960
v -0.060365 0.805447 0.460646
v -0.104777 0.917418 0.481659
v -0.400272 0.962967 0.470155
v -0.284558 0.418202 0.462144
v -0.175929 0.427879 0.465993
v -0.144411 0.425126 0.463958
v -0.365325 0.448806 0.463519
v -0.136374 0.442302 0.461392
v -0.375180 0.451312 0.461009
v -0.108783 0.453698 0.465574
v -0.114155 0.461720 0.463580
v -0.384392 0.477821 0.473119
v -0.403449 0.489756 0.463030
v -0.412012 0.488550 0.462162
v -0.091304 0.502201 0.465051
v -0.430967 0.504400 0.455357
v -0.083441 0.540604 0.478130
v -0.047567 0.612718 0.478790
v -0.029564 0.615632 0.461184
v -0.478940 0.651565 0.463588
v -0.487346 0.757604 0.475723
v -0.453887 0.833152 0.469639
v -0.263491 0.992682 0.474042
v -0.274599 0.418303 0.463306
v -0.349718 0.443457 0.470884
v -0.159366 0.438465 0.465570
v -0.171493 0.442299 0.461735
v -0.117777 0.458402 0.468052
v -0.108722 0.463845 0.471248
v -0.113159 0.486096 0.469704
v -0.411432 0.483876 0.466373
v -0.434850 0.564897 0.475688
v -0.451370 0.580078 0.471335
v -0.453174 0.580470 0.463494
v -0.457286 0.589443 0.465285
v -0.037156 0.715707 0.475550
v -0.039119 0.742324 0.473653
v -0.062191 0.804646 0.469594
v -0.450924 0.824165 0.477008
v -0.453434 0.913215 0.477295
v -0.256117 0.421153 0.470978
v -0.242883 0.419842 0.474780
v -0.237248 0.416245 0.471821
v -0.270057 0.418845 0.469211
v -0.324613 0.423252 0.473650
v -0.306516 0.428090 0.471616
v -0.182185 0.438594 0.471416
v -0.142366 0.445076 0.467948
v -0.170872 0.436800 0.469416
v -0.171707 0.447375 0.463648
v -0.195061 0.454536 0.468598
v -0.358353 0.465739 0.480686
v -0.126962 0.466126 0.471867
v -0.110290 0.474026 0.469931
v -0.103784 0.502623 0.473522
v -0.401369 0.517567 0.475443
v -0.445509 0.579365 0.468165
v -0.026870 0.688479 0.484881
v -0.489323 0.713499 0.482309
v -0.048248 0.771737 0.483350
v -0.065839 0.790207 0.483824
v -0.454395 0.796975 0.488036
v -0.068797 0.801850 0.484047
v -0.459413 0.863010 0.474742
v -0.132525 0.932963 0.485853
v -0.151296 0.948072 0.481735
v -0.356045 0.982807 0.500670
v -0.322923 0.419892 0.481591
v -0.299199 0.427879 0.475048
v -0.285518 0.434503 0.473089
v -0.153187 0.442642 0.470324
v -0.172059 0.454805 0.468511
v -0.183657 0.451077 0.471493
v -0.163215 0.450872 0.471204
v -0.379851 0.467482 0.474450
v -0.082639 0.534122 0.478755
v -0.065034 0.559322 0.469401
v -0.479021 0.651580 0.487562
v -0.020972 0.669500 0.486282
v -0.045300 0.747807 0.472345
v -0.474041 0.777545 0.484819
v -0.053994 0.778492 0.476865
v -0.099973 0.850964 0.490045
v -0.086885 0.861884 0.474658
v -0.099177 0.902619 0.494026
v -0.441915 0.929707 0.482798
v -0.424706 0.954512 0.472789
v -0.324126 0.980574 0.483496
v -0.256208 0.420573 0.476803
v -0.314114 0.420907 0.479205
v -0.266653 0.428618 0.475832
v -0.330274 0.436698 0.481914
v -0.153231 0.459807 0.476790
v -0.140080 0.465953 0.476895
v -0.117631 0.476011 0.474515
v -0.099685 0.532724 0.486165
v -0.421426 0.535493 0.474969
v -0.432599 0.553176 0.476127
v -0.077342 0.558869 0.477857
v -0.035933 0.620857 0.474936
v -0.051129 0.754447 0.479233
v -0.461662 0.883489 0.483190
v -0.162841 0.963627 0.493728
v -0.196317 0.983819 0.503392
v -0.370445 0.975383 0.488000
v -0.285589 0.440996 0.483551
v -0.351997 0.461239 0.484121
v -0.384484 0.475026 0.479298
v -0.123591 0.484529 0.475248
v -0.119040 0.514299 0.482979
v -0.447021 0.592218 0.481345
v -0.041278 0.645630 0.485917
v -0.481027 0.681780 0.487306
v -0.471746 0.831376 0.487242
v -0.463344 0.909854 0.485787
v -0.246220 0.421356 0.485142
v -0.255787 0.428113 0.478735
v -0.304617 0.431770 0.484861
v -0.336098 0.440079 0.489244
v -0.206891 0.457584 0.484597
v -0.187542 0.478344 0.484208
v -0.377057 0.475573 0.476852
v -0.162017 0.493438 0.486981
v -0.168631 0.475457 0.475069
v -0.108966 0.541844 0.499264
v -0.399252 0.523829 0.482713
v -0.429145 0.556974 0.479351
v -0.434951 0.564485 0.483785
v -0.449693 0.597794 0.485261
v -0.049764 0.636405 0.489568
v -0.473265 0.633890 0.481571
v -0.030554 0.706777 0.487550
v -0.042305 0.743786 0.492552
v -0.071395 0.803380 0.478984
v -0.083995 0.814153 0.483360
v -0.451563 0.817879 0.479439
v -0.484364 0.854251 0.490307
v -0.232711 0.434171 0.487510
v -0.238710 0.422215 0.484398
v -0.312550 0.421382 0.487493
v -0.296235 0.434873 0.499804
v -0.154956 0.493850 0.491931
v -0.171460 0.488688 0.486076
v -0.380622 0.487897 0.482755
v -0.130594 0.504776 0.482808
v -0.439899 0.572576 0.483739
v -0.063625 0.583329 0.487155
v -0.446533 0.567539 0.481602
v -0.468931 0.619501 0.487077
v -0.489842 0.695167 0.485420
v -0.042967 0.721489 0.492485
v -0.484362 0.731113 0.502520
v -0.053818 0.761647 0.482223
v -0.101534 0.874711 0.503885
v -0.451051 0.923789 0.497323
v -0.442280 0.925396 0.495014
v -0.430237 0.935790 0.487995
v -0.177844 0.981677 0.515811
v -0.184106 0.976978 0.500953
v -0.217045 0.981845 0.494659
v -0.255924 0.424732 0.490447
v -0.322820 0.430359 0.491272
v -0.275661 0.440947 0.494091
v -0.378885 0.493949 0.491161
v -0.439551 0.565009 0.488850
v -0.451809 0.597839 0.491070
v -0.056919 0.603305 0.492312
v -0.054724 0.625891 0.491070
v -0.465043 0.630071 0.500511
v -0.034037 0.718866 0.490474
v -0.047315 0.729075 0.491375
v -0.044489 0.731891 0.488860
v -0.459240 0.813205 0.495001
v -0.083588 0.832173 0.484698
v -0.483111 0.868434 0.490766
v -0.463296 0.898043 0.497652
v -0.388443 0.964153 0.494048
v -0.293192 0.992272 0.512466
v -0.290225 0.994553 0.501015
v -0.281558 0.991515 0.492103
v -0.318528 0.424365 0.491619
v -0.261554 0.434949 0.485170
v -0.269922 0.434554 0.499895
v -0.285368 0.443044 0.494774
v -0.206665 0.450591 0.494413
v -0.200078 0.472367 0.500953
v -0.187553 0.481583 0.503138
v -0.184065 0.485373 0.487397
v -0.148446 0.502955 0.489109
v -0.134169 0.532257 0.499294
v -0.388104 0.503257 0.494850
v -0.124287 0.546784 0.505459
v -0.411145 0.543597 0.495951
v -0.088954 0.558859 0.489862
v -0.430289 0.573453 0.497027
v -0.430939 0.565201 0.486149
v -0.030997 0.698729 0.486939
v -0.039350 0.718077 0.499590
v -0.059064 0.767642 0.490053
v -0.455586 0.794674 0.491750
v -0.486011 0.846242 0.502363
v -0.101614 0.848185 0.497839
v -0.480455 0.888242 0.504035
v -0.400472 0.962265 0.503270
v -0.248957 0.427173 0.491493
v -0.236936 0.430241 0.502544
v -0.225758 0.445648 0.505549
v -0.181968 0.478772 0.495242
v -0.404969 0.536195 0.491996
v -0.438426 0.570202 0.491201
v -0.444323 0.590952 0.493281
v -0.074943 0.577134 0.489252
v -0.079961 0.597400 0.497844
v -0.461580 0.621449 0.509325
v -0.074907 0.779825 0.508436
v -0.089131 0.807868 0.499626
v -0.097987 0.816641 0.496719
v -0.095401 0.824531 0.489625
v -0.460704 0.912863 0.499473
v -0.139825 0.942503 0.506524
v -0.397271 0.959659 0.511924
v -0.157712 0.951901 0.506677
v -0.336620 0.989813 0.511520
v -0.256109 1.000000 0.509627
v -0.250380 0.422794 0.497203
v -0.243432 0.429517 0.495099
v -0.325026 0.423765 0.500066
v -0.310753 0.432116 0.505968
v -0.304051 0.441037 0.498196
v -0.271798 0.439526 0.503954
v -0.263764 0.445859 0.509084
v -0.363354 0.471952 0.517235
v -0.176309 0.498283 0.500287
v -0.145265 0.516327 0.495490
v -0.399176 0.511765 0.507458
v -0.414266 0.516484 0.495936
v -0.414203 0.533886 0.497039
v -0.408405 0.532160 0.499554
v -0.097268 0.559348 0.503697
v -0.436515 0.576618 0.496893
v -0.082366 0.591595 0.500949
v -0.070876 0.600927 0.500936
v -0.054263 0.633978 0.498578
v -0.479539 0.669083 0.514828
v -0.476864 0.707569 0.520925
v -0.041230 0.709752 0.499302
v -0.046552 0.726336 0.497227
v -0.035753 0.726920 0.493684
v -0.055276 0.733559 0.502790
v -0.083486 0.795904 0.498493
v -0.459383 0.803348 0.501652
v -0.489535 0.868767 0.503135
v -0.124943 0.928183 0.512758
v -0.313876 0.425074 0.502899
v -0.320690 0.426301 0.496758
v -0.243508 0.424513 0.499830
v -0.330928 0.445709 0.512037
v -0.340766 0.447281 0.505546
v -0.343772 0.454783 0.503002
v -0.352930 0.461495 0.505813
v -0.194035 0.473927 0.499982
v -0.181819 0.485589 0.501877
v -0.159995 0.508118 0.505083
v -0.417240 0.553492 0.505050
v -0.089177 0.579235 0.495189
v -0.447212 0.596978 0.506357
v -0.074582 0.616954 0.504381
v -0.456959 0.612571 0.507614
v -0.055788 0.631008 0.494173
v -0.059921 0.641263 0.496212
v -0.061512 0.647626 0.499003
v -0.049643 0.693616 0.506781
v -0.029717 0.686836 0.498419
v -0.045898 0.729263 0.500549
v -0.102491 0.860234 0.501469
v -0.337563 0.986264 0.514402
v -0.314955 0.998164 0.521873
v -0.241174 0.997471 0.506820
v -0.322318 0.428987 0.503093
v -0.235509 0.442782 0.518173
v -0.387804 0.500092 0.510361
v -0.145698 0.516779 0.514161
v -0.140248 0.521945 0.502013
v -0.134266 0.526210 0.503026
v -0.095793 0.582415 0.506050
v -0.062697 0.650891 0.510053
v -0.098515 0.896441 0.515161
v -0.222787 0.986863 0.521516
v -0.266442 0.997272 0.515493
v -0.295774 0.437978 0.504770
v -0.304024 0.440258 0.505946
v -0.291475 0.442078 0.506743
v -0.256686 0.439473 0.506708
v -0.283401 0.443571 0.513980
v -0.359521 0.462973 0.514795
v -0.370033 0.482190 0.512245
v -0.176528 0.490377 0.507997
v -0.165586 0.508454 0.510105
v -0.140248 0.517948 0.506415
v -0.412975 0.538310 0.509422
v -0.110756 0.574474 0.513722
v -0.094879 0.600806 0.511263
v -0.472626 0.660509 0.518111
v -0.052762 0.742659 0.505525
v -0.074320 0.772064 0.511433
v -0.107233 0.828386 0.506460
v -0.456212 0.906301 0.511532
v -0.427288 0.933524 0.521000
v -0.141956 0.947653 0.506208
v -0.363789 0.982529 0.527860
v -0.247562 0.428287 0.510702
v -0.254015 0.428386 0.512520
v -0.321390 0.429167 0.501952
v -0.321616 0.437546 0.507042
v -0.327115 0.436824 0.514954
v -0.174129 0.484548 0.513430
v -0.125012 0.544126 0.511804
v -0.086797 0.613088 0.511741
v -0.457347 0.603774 0.513698
v -0.079236 0.621636 0.513730
v -0.079036 0.630483 0.511535
v -0.080427 0.783227 0.505448
v -0.108403 0.820957 0.508762
v -0.478244 0.840087 0.505790
v -0.084692 0.848860 0.511607
v -0.355826 0.981509 0.527691
v -0.322550 0.427242 0.514456
v -0.311574 0.425596 0.511197
v -0.299964 0.443054 0.514808
v -0.240985 0.433263 0.510107
v -0.293596 0.432109 0.511238
v -0.209795 0.458699 0.532598
v -0.197930 0.461321 0.518768
v -0.190053 0.481646 0.518450
v -0.181764 0.489265 0.520787
v -0.384347 0.495263 0.518215
v -0.166547 0.504711 0.514414
v -0.151190 0.523327 0.524131
v -0.403656 0.513666 0.510157
v -0.100498 0.577206 0.510827
v -0.096566 0.585462 0.518023
v -0.461988 0.613079 0.510765
v -0.062576 0.663576 0.506517
v -0.061740 0.672254 0.513558
v -0.060813 0.736526 0.522577
v -0.472717 0.760457 0.514411
v -0.070008 0.769089 0.517370
v -0.090324 0.789243 0.512364
v -0.443475 0.796420 0.511468
v -0.092446 0.796143 0.515333
v -0.441686 0.829830 0.509499
v -0.480136 0.886033 0.509971
v -0.088680 0.879856 0.514429
v -0.099033 0.900602 0.525055
v -0.109726 0.918397 0.516571
v -0.447977 0.918942 0.514680
v -0.377149 0.967128 0.521643
v -0.201279 0.982916 0.518371
v -0.236521 0.430184 0.516979
v -0.243965 0.425014 0.514446
v -0.312239 0.435547 0.522286
v -0.315846 0.431696 0.515800
v -0.355021 0.464917 0.523912
v -0.165443 0.491275 0.522126
v -0.394132 0.498086 0.515411
v -0.400601 0.508182 0.516488
v -0.406722 0.501425 0.511569
v -0.166258 0.507658 0.508722
v -0.164212 0.511011 0.519510
v -0.418364 0.547523 0.527324
v -0.144754 0.524751 0.513201
v -0.136615 0.531705 0.513792
v -0.116807 0.562310 0.517419
v -0.467680 0.633303 0.520868
v -0.443587 0.821116 0.512111
v -0.105223 0.818535 0.528357
v -0.444907 0.848757 0.506878
v -0.439891 0.849291 0.514462
v -0.450889 0.864321 0.511596
v -0.098930 0.890301 0.514993
v -0.143153 0.939555 0.530246
v -0.210999 0.986726 0.523732
v -0.274843 0.446469 0.520635
v -0.334730 0.446665 0.523798
v -0.337514 0.454218 0.518051
v -0.366646 0.468928 0.519983
v -0.390687 0.500785 0.521652
v -0.165021 0.504291 0.521695
v -0.156792 0.513929 0.528761
v -0.143881 0.528317 0.517500
v -0.418921 0.541100 0.518680
v -0.435401 0.576952 0.535986
v -0.439206 0.583603 0.519974
v -0.098787 0.591007 0.514485
v -0.086398 0.622015 0.514440
v -0.070739 0.751991 0.519675
v -0.083025 0.781627 0.521404
v -0.439728 0.803647 0.535023
v -0.086272 0.789545 0.516720
v -0.444859 0.813756 0.518779
v -0.438602 0.835395 0.515671
v -0.074846 0.852057 0.522259
v -0.446830 0.853345 0.519090
v -0.447154 0.869772 0.517339
v -0.074094 0.877140 0.525698
v -0.100129 0.912929 0.527053
v -0.124278 0.931956 0.542191
v -0.436150 0.925982 0.516926
v -0.166975 0.960696 0.527589
v -0.248313 0.435468 0.516964
v -0.254443 0.431691 0.523424
v -0.316624 0.439199 0.520285
v -0.323823 0.439085 0.519241
v -0.288122 0.439104 0.521151
v -0.269551 0.458248 0.531760
v -0.217113 0.454704 0.523017
v -0.191212 0.474299 0.519411
v -0.372444 0.483364 0.533128
v -0.404289 0.520413 0.523679
v -0.140165 0.523563 0.520374
v -0.142111 0.537850 0.523944
v -0.103155 0.595499 0.529251
v -0.453236 0.608948 0.523636
v -0.084798 0.614607 0.520251
v -0.086698 0.608569 0.515819
v -0.086477 0.620137 0.513901
v -0.086250 0.626418 0.518908
v -0.080608 0.637251 0.523148
v -0.080751 0.641809 0.518060
v -0.472914 0.651668 0.541049
v -0.077014 0.653688 0.521059
v -0.439322 0.798465 0.518022
v -0.101499 0.801940 0.520747
v -0.083284 0.892946 0.528779
v -0.099142 0.891299 0.516151
v -0.441201 0.909666 0.534820
v -0.430019 0.916175 0.538212
v -0.157612 0.954070 0.547129
v -0.402948 0.946301 0.526895
v -0.184760 0.983534 0.533321
v -0.322671 0.432617 0.522418
v -0.321358 0.438041 0.521052
v -0.304056 0.449450 0.535197
v -0.185716 0.474836 0.522326
v -0.135942 0.546991 0.537025
v -0.428941 0.558530 0.528915
v -0.097401 0.598208 0.528290
v -0.086456 0.625041 0.525325
v -0.072895 0.648523 0.525454
v -0.474726 0.669161 0.520589
v -0.073173 0.669066 0.520103
v -0.071663 0.711058 0.530263
v -0.085348 0.786660 0.526744
v -0.455186 0.786939 0.529569
v -0.090841 0.783915 0.520029
v -0.093142 0.787328 0.523359
v -0.436440 0.841530 0.524667
v -0.452360 0.868438 0.550457
v -0.453389 0.901237 0.528408
v -0.449019 0.922850 0.519038
v -0.391080 0.964044 0.530747
v -0.284915 0.991368 0.535772
v -0.293953 0.443312 0.523642
v -0.264769 0.451535 0.539391
v -0.288667 0.449351 0.526056
v -0.234939 0.447757 0.530785
v -0.362479 0.475072 0.522926
v -0.194402 0.469701 0.527912
v -0.185346 0.486614 0.532991
v -0.153754 0.506183 0.526504
v -0.157142 0.508947 0.532882
v -0.124154 0.559879 0.532392
v -0.113307 0.568017 0.538427
v -0.110199 0.582759 0.527618
v -0.091367 0.616096 0.526793
v -0.073795 0.656720 0.529853
v -0.478126 0.704444 0.532937
v -0.472745 0.725145 0.532991
v -0.070629 0.740346 0.531720
v -0.100998 0.791429 0.522965
v -0.457124 0.823224 0.530476
v -0.440947 0.841380 0.536342
v -0.080377 0.843869 0.529185
v -0.369687 0.970883 0.541709
v -0.316348 0.993004 0.529243
v -0.274413 0.997867 0.537533
v -0.322046 0.440052 0.531920
v -0.231935 0.442190 0.532870
v -0.190397 0.475213 0.532477
v -0.175399 0.495706 0.529441
v -0.388143 0.501980 0.535825
v -0.460457 0.619769 0.528002
v -0.470380 0.751916 0.535384
v -0.092077 0.784097 0.531111
v -0.108672 0.793901 0.526106
v -0.113064 0.796979 0.532370
v -0.077250 0.888763 0.535648
v -0.210758 0.983441 0.529895
v -0.315329 0.989881 0.553945
v -0.325818 0.445690 0.535050
v -0.313163 0.442094 0.539490
v -0.198145 0.471924 0.540982
v -0.352605 0.473706 0.538099
v -0.191304 0.467309 0.542137
v -0.190596 0.469288 0.530590
v -0.357930 0.469442 0.541477
v -0.146181 0.522741 0.536805
v -0.408943 0.532205 0.536571
v -0.136709 0.537985 0.533887
v -0.421937 0.551160 0.533943
v -0.089578 0.617949 0.534113
v -0.472021 0.674448 0.547701
v -0.471879 0.699257 0.539747
v -0.075006 0.692670 0.533083
v -0.085253 0.767097 0.531826
v -0.077089 0.857786 0.533390
v -0.437889 0.877504 0.528982
v -0.172720 0.963883 0.539002
v -0.231680 0.979418 0.550321
v -0.304614 0.996038 0.540531
v -0.257814 0.994190 0.547089
v -0.238763 0.452287 0.553081
v -0.288983 0.463301 0.549858
v -0.220784 0.458948 0.547317
v -0.366986 0.482326 0.535155
v -0.157896 0.505114 0.531919
v -0.410212 0.529376 0.545766
v -0.437646 0.565374 0.541217
v -0.446629 0.601254 0.539344
v -0.106866 0.577549 0.541603
v -0.095846 0.613068 0.537103
v -0.079806 0.740340 0.540848
v -0.095245 0.905268 0.544733
v -0.101366 0.906767 0.536189
v -0.111684 0.921561 0.543932
v -0.392171 0.948226 0.550170
v -0.158205 0.945202 0.550006
v -0.340694 0.989336 0.544887
v -0.252986 0.998958 0.530039
v -0.254709 0.446627 0.547018
v -0.269118 0.462835 0.545280
v -0.334324 0.452942 0.541299
v -0.180122 0.493129 0.551090
v -0.423217 0.559332 0.545783
v -0.433978 0.571162 0.544554
v -0.099261 0.598613 0.547675
v -0.462863 0.645599 0.546761
v -0.083722 0.760500 0.544921
v -0.097365 0.785277 0.539414
v -0.120402 0.799086 0.538746
v -0.118694 0.830021 0.535694
v -0.115030 0.840859 0.533950
v -0.099930 0.833929 0.533616
v -0.118664 0.836734 0.537849
v -0.105703 0.854521 0.531711
v -0.103835 0.861676 0.534170
v -0.114491 0.855969 0.534522
v -0.435292 0.879896 0.539653
v -0.431942 0.883203 0.544213
v -0.163480 0.962288 0.536272
v -0.381885 0.966801 0.550152
v -0.241185 0.992359 0.544336
v -0.352298 0.476501 0.548474
v -0.383430 0.499835 0.548819
v -0.137580 0.550985 0.568175
v -0.129184 0.559318 0.548265
v -0.452836 0.618592 0.547942
v -0.074909 0.699201 0.550362
v -0.461899 0.766330 0.546996
v -0.107179 0.795426 0.545501
v -0.447648 0.826416 0.547857
v -0.113236 0.835100 0.539700
v -0.118760 0.844297 0.534696
v -0.122218 0.844700 0.538506
v -0.445407 0.876717 0.553626
v -0.433424 0.915272 0.544857
v -0.389805 0.930236 0.568001
v -0.409996 0.933809 0.543805
v -0.377918 0.959218 0.559669
v -0.233904 0.452548 0.546896
v -0.303438 0.462433 0.553235
v -0.229503 0.458767 0.546894
v -0.185193 0.469261 0.546204
v -0.186991 0.487520 0.551749
v -0.375993 0.497787 0.551104
v -0.158112 0.526368 0.565503
v -0.408870 0.527035 0.566348
v -0.125212 0.555952 0.557355
v -0.118310 0.573312 0.544248
v -0.450994 0.597699 0.553576
v -0.097951 0.618461 0.545498
v -0.094420 0.611975 0.548946
v -0.079913 0.671782 0.543978
v -0.083773 0.731109 0.568666
v -0.470280 0.726097 0.552218
v -0.096756 0.787200 0.546604
v -0.119176 0.822148 0.542689
v -0.122425 0.852301 0.545628
v -0.323704 0.456331 0.546725
v -0.263211 0.458587 0.551963
v -0.296227 0.462790 0.546788
v -0.279303 0.464073 0.552916
v -0.197452 0.482564 0.558583
v -0.367807 0.490232 0.552805
v -0.394677 0.514203 0.552790
v -0.394248 0.506218 0.544720
v -0.424345 0.554724 0.554334
v -0.146875 0.529543 0.560115
v -0.089317 0.633389 0.543793
v -0.079552 0.668483 0.551158
v -0.082669 0.746222 0.543945
v -0.091555 0.789425 0.542040
v -0.122028 0.808934 0.554328
v -0.439599 0.835892 0.547086
v -0.107327 0.837616 0.559585
v -0.105334 0.832958 0.552187
v -0.106130 0.867319 0.565797
v -0.108959 0.881452 0.545883
v -0.098392 0.904144 0.550326
v -0.423743 0.909852 0.553140
v -0.142344 0.932196 0.562490
v -0.363909 0.978953 0.553615
v -0.328603 0.455431 0.556381
v -0.193933 0.473627 0.558653
v -0.429826 0.557839 0.550331
v -0.092216 0.636998 0.556454
v -0.116592 0.844158 0.559720
v -0.418969 0.903997 0.573398
v -0.116981 0.912742 0.555462
v -0.215698 0.983937 0.553700
v -0.327056 0.985471 0.569319
v -0.275801 0.982807 0.559237
v -0.325476 0.464231 0.560069
v -0.229320 0.469036 0.564721
v -0.221079 0.463850 0.565473
v -0.277189 0.473116 0.564711
v -0.184297 0.487239 0.555854
v -0.383299 0.497486 0.555407
v -0.176962 0.499490 0.557603
v -0.390460 0.509228 0.565803
v -0.439676 0.586695 0.552394
v -0.113456 0.588129 0.552975
v -0.469092 0.664367 0.551716
v -0.080626 0.705681 0.558212
v -0.462308 0.718812 0.554029
v -0.083877 0.748614 0.556770
v -0.097371 0.777835 0.553462
v -0.430111 0.804586 0.553738
v -0.430661 0.809373 0.549794
v -0.108493 0.826130 0.559286
v -0.117729 0.883150 0.553458
v -0.193372 0.977094 0.561482
v -0.350102 0.984141 0.562610
v -0.252056 0.461255 0.558979
v -0.339474 0.468959 0.570113
v -0.296216 0.460819 0.557817
v -0.288687 0.478862 0.561179
v -0.187521 0.478722 0.558199
v -0.371599 0.497466 0.563790
v -0.178283 0.487277 0.553590
v -0.120936 0.580181 0.566914
v -0.107070 0.592761 0.556242
v -0.451679 0.633015 0.561722
v -0.438651 0.798573 0.559477
v -0.422123 0.812357 0.556016
v -0.438964 0.819092 0.553885
v -0.104684 0.876336 0.562961
v -0.384274 0.955827 0.558399
v -0.174652 0.952470 0.569208
v -0.188898 0.963787 0.567268
v -0.293864 0.984266 0.559605
v -0.261273 0.986197 0.561747
v -0.240343 0.476131 0.570788
v -0.331785 0.466105 0.568399
v -0.263974 0.461782 0.562631
v -0.268914 0.473165 0.559979
v -0.209313 0.476294 0.564697
v -0.363837 0.496773 0.562725
v -0.379219 0.508449 0.566073
v -0.430461 0.573736 0.566143
v -0.116431 0.583098 0.565021
v -0.445186 0.603710 0.557740
v -0.457181 0.675218 0.557875
v -0.459696 0.725315 0.556745
v -0.460142 0.743826 0.562970
v -0.117333 0.803864 0.562486
v -0.436798 0.877835 0.564851
v -0.427157 0.883036 0.553555
v -0.130275 0.919306 0.564584
v -0.164720 0.932867 0.568903
v -0.243394 0.980232 0.559220
v -0.231596 0.466860 0.570380
v -0.346808 0.475542 0.574497
v -0.303947 0.477013 0.569207
v -0.354746 0.493886 0.573857
v -0.189135 0.487019 0.563094
v -0.373463 0.502396 0.566144
v -0.396834 0.514760 0.563277
v -0.156740 0.529243 0.577477
v -0.145791 0.535614 0.574166
v -0.429353 0.562060 0.568842
v -0.108912 0.603014 0.564904
v -0.106363 0.610009 0.561290
v -0.093171 0.634290 0.565000
v -0.454822 0.704958 0.565475
v -0.105754 0.789635 0.568699
v -0.414849 0.820632 0.571334
v -0.423949 0.839173 0.574905
v -0.119622 0.842124 0.568772
v -0.441998 0.866413 0.564526
v -0.116597 0.904912 0.567317
v -0.361711 0.967777 0.568693
v -0.229323 0.975631 0.586733
v -0.311302 0.982364 0.574766
v -0.305576 0.985209 0.574956
v -0.336784 0.472949 0.569188
v -0.261799 0.472049 0.569531
v -0.295450 0.472089 0.560178
v -0.193278 0.481732 0.563253
v -0.185133 0.481955 0.562806
v -0.176361 0.489895 0.562474
v -0.370488 0.484309 0.567500
v -0.383542 0.508764 0.562078
v -0.412343 0.543979 0.570901
v -0.122185 0.567322 0.573758
v -0.432088 0.591192 0.572139
v -0.442145 0.621300 0.562456
v -0.420269 0.880472 0.565198
v -0.121183 0.886667 0.558807
v -0.403203 0.906993 0.580894
v -0.119909 0.916254 0.565482
v -0.391223 0.920567 0.585355
v -0.172722 0.938643 0.571656
v -0.363534 0.966803 0.576881
v -0.217417 0.969069 0.592291
v -0.242965 0.976123 0.574980
v -0.303912 0.475667 0.576378
v -0.179948 0.487619 0.568418
v -0.181097 0.487345 0.569102
v -0.377299 0.484849 0.569667
v -0.366878 0.496964 0.568748
v -0.089397 0.716862 0.566903
v -0.092028 0.713166 0.573364
v -0.448586 0.743472 0.564647
v -0.441631 0.778997 0.566987
v -0.434443 0.795950 0.570799
v -0.421523 0.914479 0.556776
v -0.251413 0.479544 0.578491
v -0.340459 0.461376 0.569029
v -0.381848 0.501715 0.573371
v -0.174520 0.513938 0.576732
v -0.395549 0.513936 0.571601
v -0.388193 0.522092 0.577858
v -0.116528 0.582019 0.575708
v -0.119003 0.588778 0.571866
v -0.429517 0.626570 0.576389
v -0.104259 0.680344 0.577640
v -0.402462 0.698688 0.563539
v -0.399847 0.679616 0.573117
v -0.400610 0.704480 0.564600
v -0.440245 0.716316 0.566525
v -0.131752 0.813633 0.571300
v -0.137046 0.822187 0.573447
v -0.113108 0.833191 0.568519
v -0.419806 0.886988 0.568246
v -0.151339 0.929564 0.574992
v -0.375992 0.936427 0.576829
v -0.180032 0.943376 0.577141
v -0.366375 0.956008 0.576324
v -0.170176 0.957688 0.570561
v -0.354836 0.976220 0.576630
v -0.326938 0.986978 0.582828
v -0.331562 0.463123 0.574109
v -0.325401 0.478761 0.573028
v -0.206041 0.502326 0.587808
v -0.184007 0.479300 0.574252
v -0.295262 0.504822 0.577492
v -0.183718 0.486900 0.571607
v -0.277921 0.498553 0.571756
v -0.285397 0.504832 0.574431
v -0.154917 0.535686 0.576863
v -0.429522 0.569448 0.576518
v -0.432795 0.591199 0.582907
v -0.107907 0.639021 0.576447
v -0.435925 0.689027 0.570641
v -0.397303 0.704974 0.570806
v -0.401504 0.714961 0.575599
v -0.425662 0.734915 0.568439
v -0.097850 0.731613 0.574302
v -0.436370 0.745637 0.571897
v -0.434393 0.756030 0.569729
v -0.397158 0.811669 0.589176
v -0.419302 0.877467 0.570477
v -0.118212 0.882411 0.582531
v -0.131294 0.885452 0.577985
v -0.409187 0.894947 0.587376
v -0.126869 0.907029 0.576168
v -0.139989 0.921095 0.577053
v -0.173575 0.953979 0.576645
v -0.180436 0.952894 0.575291
v -0.172720 0.960129 0.573985
v -0.335551 0.478289 0.578426
v -0.305055 0.481228 0.574969
v -0.254361 0.487469 0.588864
v -0.233549 0.493374 0.585669
v -0.312044 0.483622 0.573421
v -0.192494 0.508690 0.585782
v -0.181173 0.502030 0.581473
v -0.385979 0.514992 0.576832
v -0.395526 0.528901 0.576918
v -0.409774 0.582741 0.591134
v -0.427524 0.664158 0.572722
v -0.431264 0.684042 0.576356
v -0.103938 0.665383 0.582239
v -0.419696 0.683440 0.572416
v -0.409688 0.725274 0.572415
v -0.407543 0.749741 0.573067
v -0.104204 0.756792 0.587065
v -0.108677 0.774069 0.584963
v -0.112918 0.805036 0.581429
v -0.136261 0.819886 0.579133
v -0.410418 0.826599 0.579365
v -0.138742 0.826928 0.581099
v -0.119018 0.851769 0.579564
v -0.427907 0.868918 0.575535
v -0.106017 0.875074 0.574507
v -0.328223 0.981240 0.584630
v -0.280441 0.989619 0.590589
v -0.253444 0.472787 0.582209
v -0.213105 0.496922 0.585668
v -0.368727 0.507656 0.578617
v -0.377005 0.511492 0.577693
v -0.386705 0.511411 0.585053
v -0.177432 0.528649 0.584812
v -0.270953 0.530626 0.581658
v -0.272702 0.564209 0.574028
v -0.279098 0.539745 0.576020
v -0.418544 0.573886 0.581082
v -0.110169 0.632896 0.582602
v -0.364370 0.646634 0.575855
v -0.367974 0.650864 0.571941
v -0.378206 0.652185 0.578651
v -0.362927 0.648659 0.580796
v -0.371287 0.658629 0.588754
v -0.412277 0.656043 0.581844
v -0.391643 0.677500 0.586745
v -0.380844 0.701004 0.576006
v -0.384885 0.714392 0.576773
v -0.151139 0.686506 0.581579
v -0.149498 0.701345 0.578442
v -0.162686 0.707598 0.571198
v -0.403418 0.768219 0.574851
v -0.406251 0.792147 0.589532
v -0.110611 0.790805 0.580618
v -0.410220 0.810379 0.585270
v -0.416047 0.875966 0.576667
v -0.417215 0.881081 0.582275
v -0.130561 0.898522 0.582940
v -0.354597 0.955996 0.588923
v -0.190037 0.953154 0.583200
v -0.355632 0.968282 0.580144
v -0.258909 0.986579 0.596379
v -0.267021 0.985582 0.599508
v -0.322961 0.492369 0.585646
v -0.310965 0.493522 0.581970
v -0.355717 0.504991 0.591862
v -0.300970 0.501670 0.583380
v -0.358096 0.508333 0.584536
v -0.263834 0.508359 0.588915
v -0.278189 0.522507 0.579644
v -0.288371 0.533776 0.579393
v -0.175866 0.519221 0.583769
v -0.251165 0.573656 0.588077
v -0.312311 0.576916 0.585321
v -0.260257 0.575024 0.584725
v -0.118432 0.585837 0.585584
v -0.418486 0.617366 0.591648
v -0.111371 0.654060 0.581930
v -0.361982 0.629451 0.580333
v -0.397342 0.671190 0.578980
v -0.145067 0.699407 0.575426
v -0.145088 0.683020 0.578546
v -0.139484 0.697486 0.576527
v -0.170303 0.683158 0.589267
v -0.131120 0.696258 0.585376
v -0.103606 0.704386 0.576566
v -0.144513 0.722943 0.580267
v -0.112264 0.731543 0.583323
v -0.163268 0.713725 0.574105
v -0.103182 0.737911 0.577211
v -0.401587 0.738512 0.589543
v -0.401338 0.752074 0.588625
v -0.106066 0.766302 0.582871
v -0.107910 0.800828 0.584168
v -0.124444 0.877125 0.590295
v -0.160194 0.932585 0.585721
v -0.184313 0.933343 0.590849
v -0.337197 0.973704 0.595106
v -0.290467 0.989953 0.596521
v -0.243815 0.493462 0.588744
v -0.343593 0.502448 0.595216
v -0.254510 0.496140 0.592084
v -0.186868 0.508964 0.581344
v -0.374377 0.522535 0.584287
v -0.273377 0.521001 0.585799
v -0.369558 0.517594 0.581369
v -0.393820 0.519985 0.585060
v -0.384857 0.532205 0.581512
v -0.376672 0.537422 0.582980
v -0.392082 0.543439 0.588728
v -0.391142 0.558024 0.588205
v -0.299043 0.557470 0.582147
v -0.267996 0.536507 0.587090
v -0.312781 0.565606 0.588152
v -0.121745 0.597693 0.593234
v -0.352905 0.610189 0.585229
v -0.381885 0.628937 0.591547
v -0.387534 0.641169 0.585690
v -0.172447 0.657663 0.579675
v -0.171373 0.646213 0.584659
v -0.156183 0.665604 0.583294
v -0.392018 0.656592 0.581317
v -0.115576 0.688904 0.586792
v -0.124125 0.700914 0.586373
v -0.122782 0.726327 0.579827
v -0.158086 0.727773 0.588039
v -0.138957 0.734915 0.577788
v -0.392571 0.739168 0.598005
v -0.146138 0.735073 0.585608
v -0.117301 0.750337 0.582501
v -0.104216 0.773418 0.591370
v -0.400210 0.867029 0.585006
v -0.401080 0.875415 0.590273
v -0.131227 0.891244 0.591759
v -0.133689 0.883773 0.584205
v -0.404031 0.901154 0.580408
v -0.391149 0.910117 0.591013
v -0.138590 0.912337 0.588092
v -0.154115 0.913854 0.586398
v -0.159245 0.926103 0.580151
v -0.160759 0.913959 0.592296
v -0.171978 0.927408 0.579586
v -0.175857 0.931780 0.589714
v -0.165705 0.924451 0.583361
v -0.329305 0.514474 0.595425
v -0.301175 0.501959 0.591183
v -0.267374 0.525555 0.592425
v -0.190487 0.534754 0.590008
v -0.301575 0.527111 0.591680
v -0.160164 0.544158 0.589173
v -0.310411 0.545664 0.603806
v -0.355221 0.587423 0.587632
v -0.347233 0.600936 0.582660
v -0.341886 0.587790 0.582696
v -0.328958 0.582219 0.584507
v -0.377002 0.663768 0.593213
v -0.169795 0.671921 0.590549
v -0.115180 0.662456 0.583015
v -0.115715 0.650082 0.588237
v -0.150222 0.673598 0.584842
v -0.375275 0.689465 0.587147
v -0.385944 0.726975 0.594820
v -0.145115 0.765326 0.584739
v -0.109469 0.759448 0.589864
v -0.108288 0.763103 0.587545
v -0.099343 0.757759 0.591170
v -0.394805 0.832979 0.591077
v -0.379354 0.856707 0.588456
v -0.402963 0.887173 0.588339
v -0.392504 0.900892 0.587708
v -0.145862 0.901806 0.593862
v -0.373290 0.925169 0.592058
v -0.364758 0.939060 0.595238
v -0.202752 0.947987 0.603813
v -0.225117 0.503503 0.594089
v -0.337225 0.504890 0.589630
v -0.309492 0.521652 0.596308
v -0.318995 0.502750 0.590366
v -0.358378 0.534090 0.597066
v -0.271347 0.522292 0.592227
v -0.300663 0.531520 0.596986
v -0.163581 0.573452 0.600933
v -0.254887 0.559469 0.591881
v -0.228190 0.576798 0.596702
v -0.339042 0.554450 0.595163
v -0.320143 0.581995 0.588461
v -0.416703 0.600537 0.588124
v -0.375656 0.605819 0.594689
v -0.132789 0.644320 0.596040
v -0.154435 0.742667 0.597591
v -0.105660 0.753735 0.592316
v -0.390433 0.791645 0.591261
v -0.129335 0.813943 0.597712
v -0.140955 0.832430 0.586398
v -0.143309 0.838797 0.591347
v -0.178756 0.925521 0.585185
v -0.189523 0.951245 0.591590
v -0.303398 0.983434 0.613414
v -0.324946 0.500752 0.594858
v -0.317421 0.497574 0.595186
v -0.246858 0.505292 0.590509
v -0.261556 0.498949 0.594853
v -0.213782 0.520182 0.597494
v -0.198262 0.532182 0.594025
v -0.261061 0.525610 0.599952
v -0.269426 0.536641 0.597530
v -0.189361 0.543990 0.594650
v -0.366248 0.579138 0.590924
v -0.326215 0.568366 0.593949
v -0.397830 0.617036 0.595639
v -0.404014 0.620366 0.589591
v -0.167179 0.634398 0.595676
v -0.158430 0.640919 0.592056
v -0.362889 0.648290 0.613061
v -0.396355 0.736677 0.598498
v -0.115805 0.761389 0.597734
v -0.154960 0.782551 0.595386
v -0.118466 0.768671 0.591985
v -0.383489 0.841284 0.593616
v -0.133014 0.869731 0.593209
v -0.157376 0.850738 0.588528
v -0.367814 0.872251 0.593864
v -0.381036 0.889232 0.598652
v -0.136936 0.884113 0.588800
v -0.159857 0.910495 0.590903
v -0.351286 0.943711 0.600074
v -0.221786 0.506258 0.601003
v -0.228267 0.534492 0.597275
v -0.354585 0.517089 0.600068
v -0.256110 0.513932 0.601546
v -0.335858 0.519097 0.595933
v -0.317099 0.510099 0.597333
v -0.315625 0.525337 0.594804
v -0.310083 0.528794 0.596111
v -0.248327 0.560067 0.600383
v -0.375365 0.579459 0.596290
v -0.386072 0.579526 0.593307
v -0.345184 0.602222 0.602009
v -0.139427 0.614345 0.597555
v -0.139830 0.594390 0.600496
v -0.181095 0.623376 0.597079
v -0.177654 0.620871 0.596626
v -0.160127 0.742748 0.600341
v -0.171083 0.713922 0.633702
v -0.155282 0.736888 0.607693
v -0.106438 0.764364 0.596217
v -0.125702 0.785750 0.588757
v -0.119072 0.779610 0.593057
v -0.157658 0.794437 0.598475
v -0.126473 0.800786 0.597640
v -0.154283 0.812461 0.597330
v -0.172239 0.862828 0.592047
v -0.174109 0.873195 0.594339
v -0.147751 0.889546 0.600604
v -0.380082 0.895623 0.594074
v -0.162877 0.903799 0.594406
v -0.185737 0.923502 0.594573
v -0.193815 0.942106 0.609709
v -0.348179 0.961461 0.603575
v -0.331692 0.507787 0.603141
v -0.344974 0.508057 0.600498
v -0.240178 0.529140 0.599350
v -0.313602 0.510164 0.602431
v -0.319480 0.523080 0.598106
v -0.322336 0.511598 0.599591
v -0.313983 0.520091 0.598875
v -0.261149 0.534400 0.597825
v -0.199565 0.555808 0.599384
v -0.216051 0.579225 0.595084
v -0.206611 0.587025 0.596866
v -0.194649 0.593596 0.595150
v -0.183277 0.613987 0.596384
v -0.192631 0.603168 0.597646
v -0.130426 0.623605 0.598597
v -0.150420 0.631943 0.596531
v -0.394208 0.742020 0.604656
v -0.380213 0.764778 0.612199
v -0.387036 0.811879 0.600065
v -0.187174 0.877121 0.596475
v -0.167616 0.895663 0.598798
v -0.183476 0.893910 0.595225
v -0.196783 0.890308 0.596868
v -0.376892 0.912612 0.597393
v -0.367662 0.915757 0.595806
v -0.191233 0.914373 0.598163
v -0.341228 0.962291 0.603694
v -0.338248 0.516916 0.600555
v -0.318998 0.518638 0.604294
v -0.248977 0.534167 0.604924
v -0.262722 0.530611 0.603702
v -0.313648 0.528286 0.606769
v -0.351810 0.532589 0.599745
v -0.317861 0.524779 0.600519
v -0.318324 0.554088 0.597051
v -0.330412 0.551682 0.602558
v -0.192092 0.578495 0.600445
v -0.170649 0.579821 0.604824
v -0.236014 0.549085 0.605260
v -0.176758 0.599150 0.603668
v -0.356641 0.622026 0.607401
v -0.158906 0.623053 0.602827
v -0.151033 0.735361 0.616860
v -0.162747 0.835677 0.599239
v -0.352072 0.886782 0.600854
v -0.159590 0.895434 0.597812
v -0.191975 0.894412 0.600415
v -0.361588 0.894551 0.606914
v -0.361586 0.910372 0.599483
v -0.347019 0.928349 0.608954
v -0.339478 0.952542 0.615617
v -0.212090 0.951592 0.618461
v -0.232038 0.970327 0.618869
v -0.330136 0.516060 0.599878
v -0.322934 0.522860 0.602553
v -0.217692 0.531160 0.606586
v -0.158951 0.597200 0.605005
v -0.200721 0.598398 0.625397
v -0.358482 0.678603 0.633942
v -0.154950 0.740356 0.628881
v -0.356096 0.901485 0.603964
v -0.193474 0.932031 0.615751
v -0.345395 0.943762 0.618383
v -0.180658 0.684622 0.631246
v -0.371827 0.808885 0.629729
v -0.218280 0.893152 0.620047
v -0.193838 0.918046 0.609666
v -0.282313 0.988798 0.618349
v -0.304572 0.575550 0.643504
v -0.396371 0.740870 0.634625
v -0.352480 0.919554 0.611358
v -0.339971 0.932421 0.615607
v -0.312776 0.977807 0.624499
v -0.255684 0.983212 0.616896
v -0.212302 0.937185 0.624449
v -0.325354 0.957418 0.624369
v -0.331742 0.911826 0.618337
v -0.322704 0.896081 0.620605
v -0.390980 0.741391 0.641011
v -0.200972 0.838053 0.651053
v -0.205728 0.918147 0.625227
v -0.315913 0.964326 0.633190
v -0.250139 0.968625 0.636104
v -0.249527 0.565889 0.650270
v -0.188498 0.767078 0.660530
v -0.331097 0.934972 0.632500
v -0.300205 0.963037 0.644455
v -0.229691 0.572517 0.646933
v -0.333210 0.607411 0.642609
v -0.190066 0.645303 0.642607
v -0.390673 0.734130 0.670750
v -0.345806 0.841035 0.648879
v -0.221061 0.920289 0.635556
v -0.199663 0.612884 0.642771
v -0.370508 0.719470 0.636609
v -0.158462 0.732589 0.650151
v -0.386443 0.733303 0.674380
v -0.355850 0.764126 0.663360
v -0.235318 0.954745 0.639358
v -0.347892 0.639520 0.645362
v -0.249828 0.890607 0.639015
v -0.240925 0.882559 0.638000
v -0.296407 0.886476 0.639579
v -0.293820 0.914941 0.650698
v -0.310440 0.935053 0.641845
v -0.264387 0.965937 0.644019
v -0.185874 0.704892 0.656566
v -0.203103 0.781553 0.673675
v -0.233038 0.917687 0.640694
v -0.334309 0.852368 0.651013
v -0.316450 0.597913 0.649154
v -0.197485 0.678042 0.658488
v -0.162955 0.739576 0.682814
v -0.185228 0.734257 0.649330
v -0.252994 0.914907 0.653007
v -0.238659 0.919847 0.647831
v -0.236891 0.937504 0.647713
v -0.299068 0.937692 0.653150
v -0.275865 0.954642 0.651734
v -0.308375 0.583275 0.651214
v -0.341427 0.793561 0.668903
v -0.240619 0.843766 0.671665
v -0.263807 0.565040 0.658555
v -0.241133 0.568162 0.658304
v -0.287743 0.574867 0.663136
v -0.357541 0.704760 0.654817
v -0.352493 0.731985 0.654691
v -0.357986 0.744392 0.657439
v -0.250582 0.940294 0.653211
v -0.224664 0.585610 0.659595
v -0.292050 0.582902 0.665430
v -0.320963 0.631463 0.664169
v -0.205643 0.639625 0.663848
v -0.223765 0.625343 0.662944
v -0.337134 0.678071 0.663929
v -0.296831 0.843660 0.672806
v -0.267035 0.937652 0.656499
v -0.307771 0.622225 0.659962
v -0.333421 0.639566 0.665573
v -0.349175 0.710276 0.662369
v -0.161250 0.732471 0.676650
v -0.255329 0.571786 0.670232
v -0.278093 0.577295 0.670515
v -0.238382 0.603459 0.671282
v -0.196403 0.710242 0.664262
v -0.379706 0.738394 0.693324
v -0.343637 0.756510 0.673355
v -0.340204 0.738602 0.661933
v -0.202334 0.759649 0.673605
v -0.235096 0.823331 0.679847
v -0.283805 0.603784 0.672278
v -0.208525 0.716375 0.667346
v -0.331741 0.737179 0.671585
v -0.286404 0.618583 0.682485
v -0.317590 0.659874 0.677070
v -0.219793 0.666377 0.676584
v -0.314858 0.719546 0.674075
v -0.317891 0.742676 0.673668
v -0.243383 0.730482 0.671455
v -0.236417 0.747109 0.669669
v -0.250620 0.743840 0.669189
v -0.216311 0.739919 0.674601
v -0.225115 0.746312 0.672745
v -0.246910 0.579945 0.672821
v -0.275364 0.588271 0.674791
v -0.244492 0.620997 0.683255
v -0.220065 0.648417 0.670025
v -0.305476 0.666981 0.677709
v -0.221378 0.696624 0.675282
v -0.309490 0.702451 0.678804
v -0.251121 0.735692 0.671851
v -0.243784 0.758553 0.675061
v -0.326218 0.772783 0.689235
v -0.319789 0.814509 0.678330
v -0.286508 0.632784 0.687722
v -0.226400 0.709411 0.674473
v -0.224460 0.702842 0.677529
v -0.292508 0.733331 0.670906
v -0.296897 0.743980 0.668298
v -0.233153 0.739473 0.674506
v -0.377143 0.733259 0.693840
v -0.312566 0.737531 0.675786
v -0.380235 0.735856 0.685033
v -0.282339 0.743273 0.683217
v -0.299702 0.754413 0.674542
v -0.287423 0.756456 0.685734
v -0.255707 0.756183 0.686895
v -0.223001 0.772216 0.688571
v -0.261139 0.606971 0.677138
v -0.302834 0.683604 0.683829
v -0.228831 0.669824 0.677237
v -0.236107 0.660908 0.678643
v -0.221046 0.698267 0.680019
v -0.199852 0.710410 0.687096
v -0.199790 0.704201 0.683259
v -0.233488 0.708080 0.679681
v -0.191285 0.717254 0.682389
v -0.185361 0.718147 0.686579
v -0.288410 0.729879 0.684016
v -0.258738 0.739660 0.682704
v -0.170269 0.738991 0.684717
v -0.272845 0.618505 0.686174
v -0.233269 0.680164 0.682802
v -0.332655 0.701960 0.683580
v -0.314073 0.701614 0.683512
v -0.326800 0.697968 0.686291
v -0.221934 0.700928 0.686724
v -0.349641 0.706595 0.686923
v -0.357602 0.715354 0.690213
v -0.307376 0.710373 0.687808
v -0.290507 0.731771 0.692301
v -0.179378 0.732530 0.688163
v -0.304942 0.763142 0.688419
v -0.253215 0.758725 0.686424
v -0.298445 0.659474 0.681378
v -0.285358 0.663621 0.686606
v -0.249517 0.660035 0.684848
v -0.237285 0.702595 0.684684
v -0.335405 0.700507 0.689514
v -0.237099 0.708036 0.688421
v -0.357787 0.724808 0.687078
v -0.247236 0.724313 0.687405
v -0.293263 0.737633 0.689939
v -0.368302 0.737202 0.689944
v -0.250553 0.733801 0.687992
v -0.189834 0.750706 0.690580
v -0.287138 0.744708 0.690130
v -0.177435 0.738556 0.693229
v -0.291765 0.752809 0.685637
v -0.185703 0.752114 0.687616
v -0.247975 0.753066 0.689964
v -0.204958 0.771767 0.690631
v -0.188722 0.759831 0.693569
v -0.272157 0.652401 0.690875
v -0.244830 0.664023 0.699701
v -0.245103 0.686043 0.696614
v -0.293027 0.691646 0.690469
v -0.246885 0.694895 0.690057
v -0.307142 0.703628 0.688923
v -0.303300 0.703664 0.685190
v -0.184430 0.728865 0.690209
v -0.166493 0.736462 0.689577
v -0.352637 0.763240 0.691067
v -0.356994 0.727749 0.690992
v -0.285368 0.741471 0.692326
v -0.290825 0.754946 0.691232
v -0.214781 0.772028 0.688726
v -0.243558 0.787909 0.693417
v -0.293833 0.790533 0.695127
v -0.273275 0.796410 0.689235
v -0.260704 0.654553 0.690412
v -0.255552 0.635626 0.690943
v -0.281800 0.665608 0.692331
v -0.256642 0.666951 0.691719
v -0.287078 0.662012 0.702970
v -0.249696 0.713743 0.688237
v -0.290406 0.713414 0.688407
v -0.364886 0.739891 0.695523
v -0.267509 0.748298 0.688203
v -0.261171 0.744959 0.686050
v -0.256984 0.752041 0.684884
v -0.257846 0.742811 0.693308
v -0.230902 0.771297 0.697386
v -0.269845 0.776815 0.691295
v -0.210831 0.774408 0.696250
v -0.323839 0.771763 0.697888
v -0.336822 0.767713 0.694678
v -0.338317 0.771977 0.697960
v -0.332371 0.776004 0.694943
v -0.222699 0.775530 0.691445
v -0.284018 0.728375 0.689677
v -0.255956 0.728769 0.691008
v -0.267330 0.742300 0.694719
v -0.302963 0.764865 0.697059
v -0.250647 0.763402 0.690731
v -0.314487 0.776443 0.692926
v -0.233730 0.774490 0.692956
v -0.272080 0.651823 0.703831
v -0.283330 0.666375 0.713762
v -0.256399 0.671268 0.716156
v -0.277882 0.709729 0.709929
v -0.244737 0.766194 0.695858
v -0.262549 0.715355 0.706831
v -0.256744 0.656658 0.711465
v -0.272464 0.658439 0.715716
vn 0.1116 -0.3887 -0.9146
vn -0.2265 -0.1521 -0.9621
vn -0.0960 0.2433 -0.9652
vn 0.3970 -0.8264 -0.3993
vn 0.4808 -0.2690 -0.8345
vn -0.0986 0.6723 -0.7337
vn 0.1746 0.3134 -0.9334
vn -0.5737 0.6301 -0.5234
vn 0.8051 -0.0644 -0.5897
vn -0.0480 -0.8580 -0.5114
vn 0.7299 -0.6570 -0.1889
vn -0.3006 0.9530 -0.0370
vn -0.6038 0.3708 -0.7056
vn -0.4247 -0.5974 -0.6802
vn -0.5604 -0.2268 -0.7966
vn 0.3905 0.8645 -0.3164
vn 0.5012 0.4964 -0.7088
vn 0.1731 -0.9733 0.1511
vn -0.2215 0.1735 -0.9596
vn -0.3122 -0.9466 -0.0805
vn -0.6966 -0.6690 -0.2593
vn -0.6454 0.7298 0.2255
vn -0.9671 0.0299 -0.2526
vn -0.0855 0.6211 -0.7790
vn 0.3572 -0.8435 0.4012
vn -0.1002 0.8699 0.4830
vn 0.2464 0.3549 -0.9019
vn 0.9481 0.1797 -0.2622
vn -0.0816 -0.8234 0.5616
vn 0.9198 -0.3783 0.1042
vn -0.8104 -0.3982 -0.4297
vn -0.4419 0.7780 -0.4466
vn 0.2276 0.8077 -0.5439
vn 0.1706 -0.5625 0.8090
vn -0.4916 -0.7518 0.4394
vn 0.6378 -0.6595 0.3978
vn 0.3451 0.9064 0.2436
vn 0.7389 0.5968 0.3128
vn -0.9958 -0.0426 -0.0806
vn -0.5928 -0.0647 -0.8028
vn -0.7315 -0.5839 0.3520
vn -0.6569 -0.3220 0.6817
vn -0.8881 -0.4585 -0.0327
vn 0.7570 0.5113 -0.4069
vn -0.9078 0.3879 -0.1595
vn 0.7792 0.6076 -0.1539
vn 0.2017 0.2992 -0.9326
vn 0.0278 -0.3027 0.9527
vn 0.2851 0.9555 -0.0753
vn -0.0706 -0.4127 0.9081
vn 0.3744 0.4850 0.7903
vn 0.1202 -0.6089 0.7841
vn -0.8208 -0.2801 0.4978
vn 0.9451 -0.0464 0.3236
vn -0.1832 0.1372 -0.9734
vn 0.5434 0.1544 0.8252
vn 0.8596 0.4131 0.3008
vn 0.9465 0.2655 0.1835
vn 0.9305 0.3332 0.1523
vn 0.7755 0.3330 -0.5365
vn -0.1077 -0.3506 0.9303
vn -0.7698 0.5814 0.2636
vn 0.7881 0.3743 0.4887
vn -0.9175 -0.3632 -0.1618
vn -0.9339 0.1442 0.3272
vn -0.3682 0.8287 0.4215
vn -0.2317 -0.4208 0.8771
vn -0.7513 -0.4174 0.5112
vn 0.7769 0.1528 0.6108
vn 0.5663 -0.2979 0.7685
vn 0.0839 0.9511 0.2974
vn -0.8496 -0.1518 -0.5052
vn 0.4022 -0.2246 -0.8876
vn 0.1912 0.2861 -0.9389
vn 0.8973 0.2650 -0.3530
vn -0.2595 0.0276 -0.9653
vn -0.5680 0.2280 -0.7908
vn 0.3081 0.6726 0.6728
vn 0.9522 0.1917 0.2380
vn -0.1282 -0.1888 -0.9736
vn -0.4873 0.0544 -0.8715
vn 0.6523 0.4612 -0.6016
vn -0.6643 0.1375 0.7347
vn -0.9539 -0.2984 0.0311
vn 0.9587 0.2311 -0.1660
vn 0.5357 0.3516 -0.7677
vn -0.5960 0.0647 -0.8004
vn 0.9659 -0.1443 -0.2148
vn 0.8369 -0.3670 -0.4062
vn -0.5963 0.2978 -0.7455
vn -0.4281 -0.1137 0.8965
vn 0.4357 0.2003 0.8775
vn -0.2389 0.3748 0.8958
vn -0.2571 -0.3531 0.8996
vn 0.4759 -0.4916 -0.7293
vn 0.6591 -0.4958 -0.5655
vn 0.0729 0.0399 0.9965
vn -0.4260 0.0917 -0.9001
vn 0.9557 0.1357 0.2610
vn -0.8450 -0.2215 -0.4867
vn 0.2645 0.3354 -0.9042
vn -0.8260 0.0425 -0.5620
vn -0.0845 0.4210 -0.9031
vn -0.0886 0.5618 -0.8225
vn -0.6838 -0.0311 -0.7290
vn 0.4857 -0.1102 0.8671
vn -0.7772 0.1544 -0.6100
vn -0.3214 0.2220 -0.9206
vn 0.8598 0.1541 0.4869
vn 0.0398 -0.4918 -0.8698
vn 0.9668 -0.1341 0.2176
vn 0.8971 -0.4385 -0.0541
vn -0.4663 0.0545 -0.8830
vn 0.1543 0.2186 -0.9635
vn -0.0442 -0.0085 -0.9990
vn -0.3795 -0.0049 -0.9252
vn -0.7913 0.2510 -0.5575
vn -0.8857 0.1592 -0.4361
vn -0.8973 0.0561 -0.4378
vn -0.0738 0.2191 -0.9729
vn 0.9301 0.1936 -0.3120
vn -0.9232 -0.3641 0.1226
vn -0.2313 0.0025 -0.9729
vn 0.1438 0.0717 -0.9870
vn 0.2456 -0.1242 -0.9614
vn 0.1625 -0.0175 -0.9866
vn -0.0140 0.1388 -0.9902
vn -0.2834 0.1113 -0.9525
vn 0.9567 0.2894 0.0314
vn -0.1843 -0.0985 -0.9779
vn 0.8187 0.2769 0.5031
vn -0.4616 -0.0560 -0.8853
vn 0.6760 -0.0776 0.7328
vn 0.0814 -0.0479 -0.9955
vn 0.8620 0.3767 -0.3392
vn 0.6732 -0.3171 -0.6680
vn 0.2339 -0.2238 -0.9461
vn 0.0343 0.1086 -0.9935
vn 0.0506 0.0887 -0.9948
vn 0.1008 0.2238 -0.9694
vn 0.7988 -0.5577 -0.2257
vn -0.2094 0.0491 -0.9766
vn -0.6308 -0.4286 0.6469
vn 0.9520 0.1992 0.2325
vn 0.5717 -0.0371 -0.8196
vn -0.4686 -0.0528 -0.8818
vn -0.6257 -0.0519 -0.7783
vn -0.2711 -0.3133 -0.9101
vn -0.1353 0.2568 -0.9570
vn -0.1697 -0.2978 -0.9394
vn -0.4799 0.1676 -0.8612
vn 0.8123 0.0595 0.5803
vn 0.5886 -0.4666 -0.6602
vn 0.5720 0.5210 -0.6335
vn 0.1404 0.3073 -0.9412
vn 0.9569 -0.0386 0.2880
vn -0.5921 -0.0239 -0.8055
vn -0.7763 -0.0474 -0.6286
vn -0.6585 -0.6209 -0.4253
vn 0.4301 -0.4068 -0.8059
vn -0.4697 0.1908 -0.8620
vn -0.2808 0.3967 -0.8739
vn -0.0384 0.4393 -0.8975
vn -0.4401 -0.0462 -0.8968
vn 0.3607 -0.8127 -0.4576
vn -0.6400 0.7040 -0.3080
vn -0.7997 0.5628 -0.2092
vn 0.9264 0.3729 -0.0512
vn -0.5951 -0.0137 -0.8036
vn 0.0222 -0.3049 0.9521
vn -0.6201 -0.0291 -0.7840
vn 0.1433 -0.6092 -0.7800
vn -0.0210 -0.9121 -0.4094
vn 0.6842 -0.6502 -0.3303
vn 0.8852 -0.2496 0.3927
vn 0.9895 -0.0357 0.1401
vn -0.2846 -0.7116 -0.6424
vn 0.8363 -0.0873 0.5413
vn 0.9590 0.2829 0.0168
vn 0.9229 0.3762 -0.0817
vn 0.9751 0.0198 0.2209
vn 0.3319 0.5775 -0.7459
vn 0.1663 0.5539 -0.8158
vn -0.5831 0.4591 -0.6703
vn -0.8731 0.4500 -0.1877
vn -0.9915 0.0833 0.0996
vn -0.6627 -0.3308 -0.6719
vn -0.9891 0.1380 -0.0512
vn -0.9493 0.0405 -0.3116
vn -0.8499 -0.2362 -0.4710
vn -0.3094 -0.9461 -0.0957
vn -0.8797 0.4751 0.0207
vn 0.9852 -0.1548 -0.0738
vn 0.3856 -0.5847 -0.7137
vn -0.6998 0.1057 -0.7065
vn -0.4915 0.3799 -0.7837
vn -0.9779 -0.2053 -0.0402
vn -0.7854 0.0214 -0.6186
vn -0.7796 0.0179 -0.6260
vn 0.4053 -0.4360 -0.8035
vn 0.0961 -0.9904 -0.0993
vn -0.1104 0.6240 -0.7736
vn -0.4488 -0.8567 -0.2544
vn 0.6973 -0.2067 0.6863
vn 0.7961 0.0769 0.6003
vn 0.8687 -0.4873 -0.0886
vn 0.7845 -0.5564 0.2737
vn 0.9717 0.2275 0.0640
vn 0.7928 0.4736 -0.3837
vn 0.5189 0.6662 -0.5356
vn -0.3716 0.6005 -0.7080
vn -0.9276 -0.0758 -0.3659
vn 0.9773 0.1322 0.1656
vn 0.8586 -0.3761 -0.3482
vn 0.1759 -0.6275 0.7585
vn 0.2505 -0.6598 -0.7084
vn 0.9950 -0.0552 0.0832
vn -0.7733 0.5442 -0.3253
vn -0.8102 0.5345 0.2405
vn -0.8237 0.1668 0.5420
vn 0.6501 -0.0310 0.7593
vn -0.4642 -0.2038 -0.8619
vn -0.3696 0.0995 -0.9238
vn 0.2833 -0.1031 -0.9535
vn 0.3381 0.4273 -0.8385
vn 0.3637 0.7528 -0.5486
vn 0.0930 0.7742 -0.6261
vn 0.8765 -0.4020 0.2648
vn -0.3906 0.9028 -0.1800
vn -0.4451 0.8950 -0.0295
vn -0.7950 0.4395 0.4181
vn -0.6940 -0.0931 0.7139
vn 0.5857 -0.0482 0.8091
vn -0.8510 -0.0954 0.5164
vn -0.9245 -0.0171 0.3807
vn 0.8231 -0.1258 0.5538
vn -0.7589 -0.1072 -0.6423
vn -0.6618 0.3194 -0.6783
vn -0.5412 0.5332 -0.6502
vn 0.1755 -0.4615 -0.8696
vn 0.8854 0.0537 -0.4618
vn 0.7226 0.0331 0.6905
vn 0.4947 -0.8425 -0.2131
vn -0.2490 -0.9680 -0.0309
vn 0.5055 -0.8616 -0.0465
vn -0.5048 0.8493 0.1542
vn 0.6207 -0.1009 0.7776
vn 0.6212 -0.3111 -0.7192
vn -0.7657 0.1059 -0.6344
vn 0.8824 0.4516 0.1322
vn 0.1582 -0.7144 -0.6816
vn 0.4438 -0.6834 0.5796
vn -0.8093 0.2101 -0.5485
vn -0.2613 0.7757 -0.5745
vn -0.8084 -0.5835 0.0774
vn -0.4409 0.1206 0.8894
vn -0.6812 -0.1208 0.7220
vn -0.5679 0.1200 -0.8143
vn 0.3074 -0.3845 -0.8704
vn -0.8452 0.0023 -0.5344
vn -0.0248 -0.0945 0.9952
vn 0.6479 -0.0592 0.7595
vn 0.5981 -0.0396 0.8005
vn 0.6666 -0.1148 0.7365
vn 0.7304 0.4803 -0.4856
vn -0.8457 -0.4988 0.1896
vn 0.9011 -0.3392 0.2701
vn 0.8975 0.0931 -0.4310
vn 0.7022 -0.0192 0.7117
vn -0.5644 0.4560 0.6881
vn -0.5706 -0.3596 0.7383
vn -0.7956 0.0150 -0.6057
vn -0.8751 -0.4824 0.0385
vn -0.2622 0.2226 -0.9390
vn -0.8828 -0.0944 -0.4602
vn -0.8876 -0.0884 -0.4521
vn -0.0104 0.8919 -0.4521
vn -0.9887 0.1270 0.0802
vn -0.2765 0.9325 -0.2323
vn -0.5799 0.7529 0.3113
vn -0.5818 -0.1137 -0.8053
vn -0.6048 -0.6167 0.5039
vn -0.9147 0.0044 -0.4041
vn -0.3017 0.9507 0.0718
vn -0.2714 -0.4508 -0.8504
vn 0.1787 0.1115 0.9776
vn -0.7940 -0.1017 -0.5994
vn 0.0651 -0.0827 0.9944
vn -0.5993 0.0334 -0.7998
vn -0.8274 -0.1302 -0.5463
vn -0.8212 0.5646 0.0828
vn -0.5822 0.8123 -0.0349
vn -0.1974 0.9653 -0.1712
vn 0.4975 -0.5229 -0.6921
vn -0.9387 -0.1485 -0.3110
vn -0.5332 0.2159 -0.8180
vn 0.3305 -0.1221 -0.9359
vn -0.7694 0.3260 -0.5493
vn -0.1909 0.4784 0.8571
vn -0.9517 0.0223 -0.3063
vn 0.0986 -0.3293 0.9391
vn 0.5112 -0.2327 0.8274
vn 0.7874 -0.0770 -0.6117
vn 0.6103 0.7261 -0.3168
vn -0.5303 0.6671 -0.5232
vn 0.2828 0.8722 -0.3991
vn -0.9432 -0.3297 0.0404
vn 0.5308 0.2482 -0.8103
vn -0.1290 0.0210 -0.9914
vn 0.5386 -0.8192 0.1972
vn -0.2015 -0.3127 -0.9282
vn 0.9150 0.0433 -0.4011
vn 0.8720 0.2172 -0.4387
vn -0.3863 0.7122 0.5861
vn 0.9121 -0.2272 -0.3412
vn 0.9825 0.1547 0.1038
vn -0.6117 -0.1064 -0.7839
vn -0.6566 -0.1890 -0.7302
vn -0.9486 -0.3091 -0.0686
vn -0.4287 -0.7815 -0.4533
vn 0.3728 -0.8866 0.2738
vn 0.9059 0.4231 0.0185
vn 0.8118 0.4773 -0.3364
vn 0.8885 0.3215 0.3275
vn -0.2501 -0.5340 0.8076
vn 0.9511 0.2694 0.1513
vn -0.5551 -0.1587 -0.8165
vn -0.6320 -0.6015 0.4887
vn 0.9323 0.2143 -0.2914
vn 0.4831 0.0367 -0.8748
vn -0.7609 -0.1504 -0.6312
vn -0.4518 0.7914 -0.4119
vn -0.9369 0.3495 -0.0058
vn -0.2011 0.9647 0.1702
vn 0.0848 0.8744 0.4778
vn -0.9266 -0.2287 -0.2985
vn 0.7331 -0.4310 0.5261
vn -0.0827 -0.9805 -0.1781
vn 0.6837 0.2069 0.6998
vn -0.0915 -0.6297 -0.7714
vn 0.8010 0.0830 -0.5928
vn 0.6462 -0.2682 0.7145
vn 0.8023 0.4687 -0.3696
vn -0.0780 0.9600 0.2688
vn -0.6098 -0.3709 -0.7004
vn -0.9812 0.0278 -0.1912
vn 0.9258 0.1457 -0.3489
vn 0.8938 0.3832 -0.2331
vn 0.4985 -0.2887 0.8174
vn -0.6469 -0.3091 -0.6971
vn -0.9172 0.0559 -0.3945
vn 0.4708 -0.8044 -0.3624
vn -0.9931 -0.1166 -0.0142
vn 0.8216 0.4335 -0.3702
vn 0.9617 0.2116 -0.1740
vn -0.2440 0.8631 -0.4422
vn -0.7932 -0.5873 0.1612
vn -0.9323 -0.1327 0.3363
vn -0.5347 0.7366 0.4141
vn -0.9578 -0.0410 -0.2846
vn 0.9224 0.3573 -0.1470
vn -0.2017 -0.9398 0.2758
vn -0.8438 0.5287 0.0919
vn 0.7172 0.4836 -0.5018
vn 0.9653 0.0591 -0.2542
vn 0.9748 0.0028 -0.2232
vn -0.3162 0.9258 0.2073
vn -0.9648 0.1497 0.2162
vn 0.9813 -0.0148 -0.1917
vn 0.6288 0.4291 0.6485
vn 0.9398 0.2180 0.2633
vn -0.9435 -0.2916 -0.1577
vn -0.5660 -0.5108 0.6471
vn 0.5512 -0.4130 0.7250
vn -0.8530 -0.4310 -0.2942
vn 0.4732 0.8303 -0.2943
vn 0.1331 -0.7594 -0.6368
vn 0.2050 0.7984 0.5661
vn 0.9165 0.1601 0.3665
vn 0.9440 -0.2728 -0.1856
vn 0.9056 0.0704 0.4182
vn 0.2578 -0.8923 0.3705
vn -0.9647 -0.0275 -0.2619
vn -0.9644 0.0561 -0.2583
vn 0.8061 0.5827 -0.1031
vn -0.4861 -0.5760 0.6572
vn 0.7209 0.0496 0.6913
vn -0.6780 0.6227 0.3906
vn -0.7959 -0.2964 -0.5280
vn -0.9802 -0.1846 -0.0716
vn -0.6080 -0.7680 -0.2013
vn -0.1220 -0.9923 -0.0206
vn -0.8994 -0.1394 -0.4144
vn 0.9847 0.1255 -0.1210
vn 0.7437 0.1274 0.6563
vn -0.0526 -0.4581 0.8873
vn -0.9239 -0.3640 -0.1181
vn 0.9981 -0.0075 0.0610
vn 0.3231 0.9371 -0.1324
vn -0.5540 -0.6186 0.5572
vn -0.7572 -0.4145 0.5049
vn -0.8187 -0.2033 0.5370
vn -0.2487 0.7186 0.6494
vn 0.9501 0.2608 0.1709
vn -0.9506 -0.3034 -0.0659
vn -0.5806 -0.4890 0.6510
vn -0.9734 -0.2246 -0.0458
vn 0.6559 0.7388 -0.1550
vn 0.1033 0.9741 -0.2011
vn -0.2208 0.9343 -0.2799
vn -0.1206 0.7313 0.6713
vn -0.6665 0.5766 -0.4725
vn -0.3733 -0.6968 0.6124
vn -0.5880 0.4250 0.6882
vn -0.7678 -0.1932 0.6109
vn 0.7550 0.1604 0.6358
vn -0.2641 -0.4634 0.8459
vn 0.4551 -0.3316 0.8264
vn 0.1495 0.5347 0.8317
vn -0.9103 0.3413 -0.2343
vn 0.7901 0.0875 0.6066
vn -0.8282 -0.3552 0.4336
vn 0.9985 -0.0148 0.0525
vn -0.9842 -0.1233 -0.1273
vn -0.6237 0.6782 -0.3887
vn -0.0744 -0.7002 0.7100
vn -0.2439 -0.8833 -0.4003
vn -0.6839 0.0936 0.7236
vn 0.9953 0.0687 -0.0684
vn 0.2256 -0.2513 0.9413
vn 0.7533 0.1002 0.6500
vn -0.2546 -0.0526 0.9656
vn -0.2320 0.4109 0.8817
vn -0.5130 0.3848 0.7673
vn 0.3272 -0.2738 0.9044
vn 0.9719 0.0174 0.2349
vn 0.6435 0.7640 -0.0480
vn -0.3506 -0.2234 0.9095
vn 0.0284 0.0933 0.9952
vn 0.5657 0.0935 0.8193
vn 0.9678 0.0666 0.2427
vn 0.8317 -0.0594 0.5520
vn -0.9272 -0.1852 -0.3256
vn 0.9072 0.4190 0.0373
vn 0.9777 0.1828 0.1030
vn 0.5072 0.8513 -0.1343
vn -0.9165 0.1102 -0.3845
vn 0.5542 -0.0645 0.8299
vn 0.2403 -0.7130 0.6587
vn -0.9119 0.0033 -0.4104
vn -0.7435 0.5205 0.4197
vn 0.6000 -0.1345 0.7886
vn -0.8916 -0.4482 0.0641
vn -0.8887 -0.4576 0.0291
vn -0.1400 -0.9785 0.1512
vn -0.3654 -0.1618 0.9167
vn -0.4912 0.8711 0.0035
vn -0.3737 0.4953 0.7842
vn 0.1877 0.5164 0.8355
vn -0.4327 -0.2574 0.8640
vn 0.2579 -0.3773 0.8895
vn -0.7518 0.4266 -0.5028
vn -0.1327 0.1855 0.9736
vn -0.1113 -0.0466 0.9927
vn 0.0419 -0.0332 0.9986
vn -0.1813 -0.4336 0.8827
vn -0.8318 -0.1192 -0.5422
vn 0.9953 0.0857 0.0444
vn -0.2686 0.5572 0.7857
vn -0.1626 -0.5968 0.7857
vn -0.8169 -0.4854 0.3115
vn -0.9452 0.0267 -0.3253
vn -0.4252 0.8644 -0.2683
vn -0.3895 -0.5681 0.7250
vn -0.5530 -0.5816 0.5966
vn -0.9134 -0.4070 0.0060
vn -0.9636 0.0909 -0.2515
vn -0.1763 -0.9840 -0.0252
vn 0.7129 -0.6960 -0.0858
vn -0.3200 0.8090 0.4931
vn 0.1435 -0.4605 0.8760
vn -0.7485 -0.6571 -0.0889
vn -0.0441 -0.9961 0.0766
vn -0.8645 -0.0832 -0.4957
vn -0.8662 -0.4640 -0.1856
vn 0.5498 0.7622 0.3418
vn -0.2364 0.6170 0.7506
vn 0.9176 -0.0029 0.3974
vn 0.8810 0.0142 0.4729
vn -0.7930 0.5437 -0.2748
vn 0.4824 -0.2743 0.8319
vn -0.7887 -0.5551 0.2642
vn 0.9078 -0.0345 0.4180
vn 0.1184 -0.6889 0.7151
vn 0.8117 0.5560 0.1788
vn -0.0631 0.9934 -0.0955
vn -0.0592 -0.4200 0.9056
vn -0.2951 -0.9326 0.2076
vn -0.9514 -0.3079 -0.0109
vn -0.8008 -0.1910 -0.5677
vn -0.8971 0.4275 -0.1113
vn -0.9093 -0.4157 -0.0208
vn 0.1935 0.9807 0.0281
vn -0.0089 0.9973 0.0722
vn -0.2275 0.9265 0.2996
vn 0.7758 0.0804 0.6259
vn -0.8909 0.2189 -0.3980
vn 0.9192 0.2595 0.2963
vn 0.5165 0.8538 0.0651
vn 0.0079 0.8897 0.4565
vn -0.0345 -0.6909 0.7222
vn -0.7567 0.3605 -0.5453
vn -0.0841 0.9597 0.2681
vn 0.1078 -0.5722 0.8130
vn -0.3702 -0.7435 0.5569
vn 0.3901 0.9094 0.1440
vn 0.7789 0.0496 0.6252
vn -0.8233 0.2338 -0.5172
vn 0.4703 -0.8609 0.1942
vn 0.0854 0.9943 0.0637
vn -0.7167 0.6646 0.2114
vn -0.2271 0.9470 0.2271
vn -0.1170 0.9886 0.0948
vn -0.8217 -0.5592 0.1098
vn -0.8409 -0.0698 -0.5367
vn -0.8330 0.2010 -0.5155
vn 0.8683 0.4851 0.1035
vn -0.5687 -0.7748 0.2761
vn -0.1942 -0.9806 0.0262
vn 0.8629 0.0137 0.5052
vn 0.6841 0.6842 0.2528
vn -0.6366 -0.6357 0.4366
vn -0.7840 -0.0319 -0.6199
vn 0.4930 -0.3360 0.8025
vn 0.7430 -0.0633 0.6663
vn -0.1551 -0.9203 -0.3592
vn -0.2641 -0.7986 -0.5408
vn 0.9176 -0.0542 0.3939
vn 0.8674 0.0904 0.4894
vn 0.8173 0.3279 0.4738
vn -0.2651 0.9565 -0.1217
vn -0.1396 -0.6036 0.7850
vn 0.2015 -0.9745 -0.0987
vn 0.8557 -0.0802 0.5112
vn -0.9910 -0.0011 0.1337
vn -0.3343 0.8114 0.4795
vn -0.1972 0.9617 0.1904
vn -0.9684 -0.2492 -0.0041
vn -0.2925 -0.8931 -0.3418
vn -0.7703 0.1941 -0.6074
vn 0.3783 0.8986 0.2221
vn -0.2323 -0.8087 -0.5404
vn -0.7332 -0.6246 0.2690
vn 0.9669 -0.1072 0.2315
vn 0.0271 0.9793 0.2004
vn 0.0746 -0.8714 0.4849
vn -0.0674 -0.7486 -0.6596
vn -0.7493 -0.1566 -0.6434
vn 0.5256 0.7939 0.3056
vn -0.3261 -0.8036 0.4979
vn -0.4452 0.8686 -0.2177
vn -0.6712 -0.6363 0.3803
vn 0.3958 -0.9052 0.1550
vn -0.5246 -0.5425 -0.6561
vn 0.7304 0.4830 0.4830
vn -0.5243 -0.3975 0.7531
vn -0.8286 0.0779 0.5544
vn -0.4628 0.6431 0.6101
vn -0.7337 -0.6380 0.2339
vn 0.7778 -0.0130 0.6284
vn -0.7552 0.0180 -0.6553
vn 0.5019 -0.2304 0.8337
vn 0.9610 -0.0607 0.2697
vn 0.7830 0.3745 0.4967
vn -0.6828 -0.0360 -0.7297
vn -0.3887 0.3625 0.8470
vn -0.5213 0.5328 0.6666
vn -0.3641 0.7874 0.4974
vn -0.0874 -0.7003 0.7085
vn 0.2548 -0.8733 -0.4153
vn -0.0747 0.9913 0.1086
vn 0.2512 0.9419 0.2228
vn -0.4851 -0.4092 0.7728
vn 0.2410 0.6751 0.6972
vn -0.0988 0.9167 0.3871
vn 0.8862 0.1340 0.4434
vn 0.4323 -0.7673 0.4737
vn -0.0101 -0.7724 -0.6350
vn 0.2651 -0.8270 0.4957
vn -0.4937 0.0183 0.8694
vn -0.4838 0.5877 0.6485
vn 0.0622 0.7032 0.7083
vn 0.5051 -0.8630 0.0109
vn -0.1235 -0.9646 0.2332
vn -0.6651 -0.0995 -0.7401
vn -0.5532 -0.6885 0.4690
vn 0.5828 -0.1141 0.8046
vn -0.2979 -0.7120 0.6359
vn -0.2800 -0.6752 -0.6825
vn 0.6955 0.1447 0.7038
vn 0.3228 0.8710 0.3704
vn -0.4392 -0.8716 0.2178
vn -0.6497 -0.0421 0.7590
vn 0.1593 -0.5259 0.8355
vn -0.8885 -0.4169 0.1919
vn 0.7969 -0.0179 0.6039
vn 0.1994 -0.5876 0.7842
vn -0.3671 0.4066 0.8366
vn -0.1339 0.5294 0.8377
vn -0.3053 -0.5034 0.8083
vn -0.6318 -0.7713 0.0776
vn 0.8945 -0.1475 0.4220
vn -0.1275 -0.8078 -0.5756
vn 0.5869 -0.7752 -0.2336
vn 0.6395 0.5668 0.5194
vn -0.2443 0.9693 -0.0286
vn 0.1147 0.9543 0.2758
vn -0.3370 -0.3114 0.8885
vn 0.1259 -0.0560 0.9905
vn 0.1595 0.1687 0.9727
vn 0.8077 -0.1428 0.5721
vn -0.6614 -0.1188 -0.7406
vn -0.6891 -0.0136 -0.7246
vn 0.6792 0.1736 0.7132
vn 0.4686 0.7378 0.4858
vn -0.5544 -0.8316 -0.0339
vn -0.7312 -0.6468 0.2167
vn -0.5194 -0.5640 0.6419
vn -0.4179 -0.6351 -0.6497
vn 0.6330 -0.7707 -0.0733
vn 0.4205 0.0019 0.9073
vn 0.3907 0.1419 0.9095
vn -0.0502 0.9938 0.0987
vn 0.3867 -0.9210 0.0469
vn 0.5706 0.0456 0.8200
vn -0.6995 0.5524 -0.4534
vn -0.6072 0.7312 -0.3110
vn 0.3901 -0.1779 0.9034
vn 0.5702 -0.1387 0.8097
vn 0.2656 -0.3062 0.9142
vn -0.5335 -0.4927 -0.6875
vn 0.0413 0.9720 0.2314
vn 0.1056 -0.8927 -0.4380
vn 0.4907 0.0801 0.8676
vn 0.7268 -0.0772 0.6825
vn -0.7420 0.4234 -0.5197
vn 0.2016 0.0104 0.9794
vn 0.1651 0.1104 0.9801
vn 0.1934 0.0153 0.9810
vn -0.2137 -0.8063 -0.5515
vn 0.2935 0.1473 0.9445
vn 0.4364 0.1442 0.8881
vn -0.0171 0.0111 0.9998
vn 0.7219 0.3176 0.6148
vn 0.8794 -0.0642 0.4717
vn -0.7429 0.2687 -0.6132
vn 0.7256 -0.6527 -0.2179
vn 0.7012 0.2297 0.6749
vn -0.6772 -0.0514 -0.7340
vn 0.2015 0.9146 0.3505
vn 0.0543 -0.9965 0.0640
vn -0.6510 -0.2945 -0.6996
vn 0.8843 -0.3795 0.2720
vn 0.8611 -0.2636 0.4348
vn 0.6137 0.4975 0.6131
vn 0.3220 -0.3428 0.8825
vn 0.4538 -0.8350 -0.3112
vn 0.8770 -0.2957 0.3787
vn 0.0438 -0.8218 0.5680
vn 0.8047 0.2521 0.5374
vn 0.7735 0.2273 0.5917
vn 0.7050 -0.1173 0.6994
vn -0.1951 0.9801 -0.0369
vn 0.9287 0.0613 0.3657
vn 0.7136 0.4160 0.5637
vn 0.3402 0.8240 0.4531
vn 0.8700 -0.4379 0.2268
vn 0.9624 0.0019 0.2715
vn 0.6940 0.1824 0.6965
vn 0.7056 -0.6951 -0.1380
vn 0.8171 -0.5755 0.0344
vn -0.7425 0.0269 -0.6693
vn 0.6265 0.6530 0.4256
vn 0.5882 -0.8053 -0.0742
vn -0.4759 -0.6148 -0.6289
vn -0.3949 -0.7602 -0.5159
vn -0.5663 -0.5156 -0.6430
vn 0.0295 -0.9305 -0.3652
vn 0.2907 -0.9353 -0.2016
vn -0.5357 0.8086 -0.2434
vn 0.3090 0.8875 0.3418
vn -0.2057 -0.8754 -0.4374
vn 0.9799 -0.1047 0.1701
vn 0.2180 0.9550 0.2010
vn 0.0110 0.9979 0.0639
vn 0.9348 0.1052 0.3392
vn 0.4428 0.8203 0.3620
vn -0.8127 0.1226 -0.5697
vn 0.9578 -0.2391 0.1594
vn -0.7239 -0.3774 -0.5776
vn -0.8022 -0.1464 -0.5788
vn 0.9679 -0.0000 0.2515
vn -0.7681 0.3833 -0.5129
vn -0.6341 0.7010 -0.3264
vn -0.2939 0.9523 -0.0824
vn -0.0943 -0.9590 -0.2672
vn 0.4981 -0.8651 0.0591
vn 0.9409 0.1254 0.3146
vn -0.7307 0.5552 -0.3972
vn 0.7442 -0.6564 0.1235
vn 0.8883 -0.4308 0.1590
vn -0.4344 0.8855 -0.1648
vn 0.3698 0.8909 0.2638
vn 0.1076 -0.9732 -0.2032
vn -0.5500 -0.6849 -0.4779
vn 0.8087 0.4261 0.4056
vn -0.6727 -0.5637 -0.4794
vn -0.8713 -0.2743 -0.4069
vn -0.3016 -0.9186 -0.2552
vn -0.1278 0.9917 0.0157
vn -0.8532 0.2556 -0.4546
vn 0.2815 -0.9591 -0.0291
vn -0.8881 0.0425 -0.4576
vn 0.1664 0.9798 0.1106
vn -0.4994 -0.7988 -0.3354
vn -0.8087 -0.4410 -0.3893
vn -0.8006 0.4386 -0.4083
vn 0.6578 0.6591 0.3646
vn -0.6905 -0.6436 -0.3301
vn 0.9647 -0.1834 0.1889
vn -0.1957 -0.9707 -0.1397
vn -0.9179 -0.1132 -0.3804
vn 0.0359 -0.9969 -0.0699
vn -0.2604 0.9570 -0.1278
vn 0.4681 0.8518 0.2354
vn -0.5871 -0.7633 -0.2696
vn 0.9440 0.0413 0.3273
vn -0.5220 0.7897 -0.3222
vn 0.9068 0.2654 0.3276
vn 0.6863 -0.6884 0.2349
vn 0.8064 -0.5432 0.2336
vn 0.9064 -0.3431 0.2464
vn -0.9207 0.0749 -0.3829
vn 0.3397 0.9290 0.1468
vn -0.4217 -0.8831 -0.2056
vn 0.9457 0.0843 0.3140
vn 0.4170 -0.9029 0.1044
vn -0.8063 -0.5283 -0.2661
vn -0.8857 -0.3992 -0.2369
vn -0.9181 -0.2265 -0.3252
vn -0.1849 -0.9774 -0.1025
vn 0.9373 -0.1030 0.3331
vn 0.2705 -0.9615 0.0488
vn 0.5185 -0.8359 0.1801
vn 0.0236 0.9933 0.1131
vn -0.8521 0.3341 -0.4029
vn -0.6726 0.5289 -0.5175
vn -0.0163 0.9998 0.0117
vn 0.6974 0.6616 0.2755
vn -0.7440 -0.6299 -0.2229
vn 0.6066 0.7950 0.0065
vn 0.2398 0.9674 0.0810
vn 0.8654 -0.3651 0.3433
vn 0.8329 0.4702 0.2919
vn -0.0504 -0.9982 -0.0320
vn 0.2481 -0.9674 0.0502
vn -0.4363 0.7480 -0.5001
vn -0.5249 -0.8368 -0.1559
vn -0.8135 -0.1897 -0.5498
vn 0.9713 -0.0680 0.2278
vn 0.1158 -0.9924 0.0411
vn 0.6126 -0.3573 -0.7051
vn -0.2588 -0.9609 -0.0983
vn -0.6762 -0.7234 -0.1392
vn 0.9197 -0.3877 -0.0615
vn 0.9734 0.0646 0.2197
vn 0.3318 0.9400 -0.0794
vn 0.9289 -0.1943 0.3152
vn -0.9256 -0.2005 -0.3209
vn 0.8766 0.4810 0.0115
vn -0.8672 -0.3941 -0.3044
vn 0.6949 0.7142 -0.0844
vn 0.8774 -0.3482 0.3300
vn 0.0359 0.9829 -0.1805
vn 0.3023 -0.9478 0.1011
vn -0.4233 -0.1903 -0.8858
vn -0.7870 -0.5980 -0.1517
vn 0.9245 0.2555 0.2830
vn -0.4531 0.4872 -0.7465
vn 0.0207 -0.3066 -0.9516
vn -0.2343 0.9011 -0.3648
vn 0.9848 -0.1133 0.1315
vn -0.4187 0.7756 -0.4723
vn -0.3939 -0.9170 -0.0637
vn -0.7707 -0.5884 -0.2445
vn -0.1995 0.6158 -0.7622
vn 0.3615 -0.7617 -0.5377
vn -0.4518 -0.8252 -0.3391
vn -0.5891 -0.4659 -0.6603
vn -0.0802 0.1072 -0.9910
vn 0.4574 -0.8767 -0.1491
vn -0.0977 -0.2473 -0.9640
vn 0.2609 -0.0357 -0.9647
vn -0.3589 0.5262 -0.7709
vn 0.5590 -0.8011 -0.2139
vn -0.1162 -0.9932 -0.0019
vn 0.1708 -0.5851 -0.7927
vn -0.0755 -0.7020 -0.7082
vn 0.3055 -0.7959 -0.5227
vn 0.0750 0.5595 -0.8255
vn 0.5215 -0.7668 -0.3741
vn -0.7779 -0.4604 -0.4277
vn 0.3330 0.5110 -0.7924
vn 0.3563 -0.5844 -0.7290
vn -0.2241 0.6933 -0.6850
vn -0.6501 -0.4918 -0.5793
vn -0.8610 -0.0215 -0.5081
vn -0.5559 0.1363 -0.8200
vn 0.3911 -0.5473 -0.7399
vn 0.2511 -0.2605 -0.9323
vn -0.6031 0.5482 -0.5795
vn 0.2725 -0.8330 -0.4816
vn 0.2010 -0.2485 -0.9475
vn 0.0431 0.4594 -0.8872
vn 0.0167 -0.5907 -0.8067
vn 0.2942 -0.3346 -0.8953
vn 0.0757 0.3599 -0.9299
vn 0.5770 0.4103 -0.7062
vn 0.2038 -0.6038 -0.7706
vn -0.1663 -0.6701 -0.7234
vn -0.1820 -0.2722 -0.9449
vn 0.2150 -0.7136 -0.6668
vn 0.2105 0.0556 -0.9760
vn 0.2195 -0.1357 -0.9661
vn -0.2664 0.7905 -0.5515
vn 0.1020 -0.9916 0.0800
vn -0.6506 -0.5484 -0.5253
vn 0.0804 0.0532 -0.9953
vn 0.3042 -0.6140 -0.7283
vn 0.4013 0.0012 -0.9160
vn 0.4095 -0.7652 -0.4967
vn -0.4708 -0.0908 -0.8776
vn 0.1198 -0.1226 -0.9852
vn -0.1034 0.0022 -0.9946
vn 0.1269 -0.1132 -0.9854
vn 0.5603 0.1736 -0.8099
vn 0.2382 0.2556 -0.9370
vn 0.4068 0.0313 -0.9130
vn -0.7786 -0.1095 -0.6179
vn 0.4334 0.4092 -0.8030
vn -0.2099 0.2819 -0.9362
vn -0.9256 -0.2935 -0.2390
vn 0.9292 -0.2356 0.2847
vn 0.8976 0.4289 0.1018
vn 0.7476 0.4262 -0.5094
vn 0.4783 0.0968 -0.8728
vn -0.4293 0.7640 -0.4817
vn 0.1724 -0.6466 -0.7431
vn -0.6508 -0.3321 -0.6828
vn -0.1172 -0.1213 -0.9857
vn -0.3991 -0.2492 -0.8824
vn 0.1313 0.0858 -0.9876
vn 0.4098 -0.5651 -0.7160
vn -0.1621 -0.2205 -0.9618
vn -0.1846 -0.6905 -0.6993
vn -0.0351 -0.0241 -0.9991
vn -0.2204 -0.0962 -0.9706
vn 0.3059 0.1182 -0.9447
vn -0.3191 0.0177 0.9476
vn 0.3059 0.1183 -0.9447
vn -0.7571 0.0461 -0.6517
vn 0.6562 0.4748 -0.5864
vn -0.1090 0.6922 -0.7134
vn -0.3850 -0.2327 -0.8931
vn 0.0588 0.1625 -0.9850
vn 0.2140 0.2710 -0.9385
vn 0.2298 -0.5863 -0.7768
vn 0.3318 -0.3844 -0.8615
vn 0.0203 -0.0214 -0.9996
vn 0.4108 -0.0732 -0.9088
vn 0.6044 -0.4741 -0.6403
vn -0.7821 -0.1692 -0.5998
vn 0.0224 0.1907 -0.9814
vn 0.1271 -0.3231 -0.9378
vn 0.5308 -0.2370 -0.8137
vn 0.1225 0.2257 -0.9665
vn 0.0981 -0.5589 -0.8234
vn 0.1732 0.5991 -0.7817
vn -0.7652 0.3396 -0.5469
vn -0.0420 0.7530 -0.6567
vn 0.1455 -0.8909 -0.4302
vn 0.7905 0.4298 0.4363
vn -0.6538 0.2055 -0.7283
vn -0.6511 -0.3320 -0.6825
vn 0.5732 -0.7909 0.2143
vn 0.7901 0.4301 0.4367
vn -0.3468 -0.9001 -0.2636
vn 0.7856 -0.3971 -0.4745
vn 0.3330 -0.6011 -0.7265
vn -0.7769 -0.1235 -0.6174
vn 0.2098 0.8767 -0.4328
vn 0.1734 0.0226 -0.9846
vn 0.3052 0.0744 -0.9494
vn 0.0276 0.8123 -0.5826
vn -0.9159 -0.3072 -0.2584
vn 0.2355 -0.9551 0.1800
vn 0.4810 -0.8671 -0.1295
vn -0.7985 -0.4857 -0.3557
vn -0.3179 -0.9420 0.1076
vn -0.4377 0.2031 -0.8759
vn -0.7913 -0.3794 -0.4795
vn 0.6623 -0.0181 -0.7490
vn -0.9942 0.0358 0.1014
vn 0.6040 0.6443 -0.4691
vn -0.5912 0.7180 -0.3673
vn 0.2970 0.0953 -0.9501
vn 0.6427 -0.7434 -0.1851
vn -0.8439 -0.5310 -0.0765
vn 0.1448 -0.4118 -0.8997
vn -0.1443 -0.9820 0.1217
vn -0.6737 -0.0688 -0.7358
vn -0.7952 -0.5098 -0.3282
vn 0.5623 0.7000 -0.4402
vn -0.5793 0.2166 -0.7858
vn -0.8232 0.2308 -0.5188
vn -0.7961 0.5664 -0.2134
vn -0.2419 0.7312 -0.6379
vn 0.0926 0.6082 -0.7884
vn -0.1705 -0.9691 -0.1782
vn 0.3736 -0.9191 -0.1253
vn -0.7846 -0.4537 -0.4225
vn -0.9732 -0.0161 -0.2294
vn -0.4880 -0.6498 -0.5828
vn 0.9478 0.0053 0.3188
vn -0.8899 -0.2462 -0.3839
vn -0.1159 -0.4448 -0.8881
vn 0.7824 0.5471 -0.2976
vn 0.2686 0.2749 -0.9232
vn 0.3764 0.3422 -0.8610
vn 0.2361 0.8626 -0.4474
vn 0.1351 0.6967 -0.7046
vn -0.8145 -0.4236 -0.3966
vn 0.0920 -0.6419 0.7612
vn -0.7092 -0.6134 -0.3475
vn -0.8924 -0.2976 -0.3391
vn -0.9460 -0.2395 -0.2185
vn -0.9362 0.3390 -0.0929
vn 0.5144 0.5865 -0.6256
vn -0.9078 -0.3157 -0.2762
vn -0.7077 -0.2742 -0.6512
vn -0.5887 -0.0573 -0.8063
vn -0.4591 0.7123 -0.5309
vn -0.3350 0.8049 -0.4899
vn -0.0276 0.6401 -0.7678
vn -0.4042 -0.8213 -0.4026
vn -0.7470 -0.1857 -0.6383
vn -0.2264 -0.5958 0.7706
vn 0.1979 -0.1596 -0.9671
vn 0.7018 -0.6584 -0.2720
vn 0.6598 -0.7481 -0.0705
vn 0.5645 -0.4844 -0.6684
vn 0.6338 -0.3723 -0.6780
vn 0.0654 -0.9188 0.3893
vn 0.4852 -0.0745 -0.8712
vn -0.0055 0.9989 -0.0468
vn -0.8003 -0.5975 -0.0503
vn 0.0472 0.0040 -0.9989
vn 0.1606 -0.2694 -0.9495
vn 0.3294 0.6434 -0.6910
vn 0.4691 -0.8748 -0.1211
vn 0.5194 -0.3458 -0.7815
vn 0.1230 -0.2673 -0.9557
vn -0.4526 -0.8606 0.2336
vn 0.0937 -0.1142 -0.9890
vn -0.0289 -0.5700 -0.8211
vn -0.8355 0.3908 -0.3864
vn 0.0992 -0.0364 -0.9944
vn 0.4388 0.4282 -0.7900
vn -0.2520 0.7397 -0.6240
vn 0.0846 -0.9887 0.1239
vn 0.0090 -0.9901 0.1403
vn 0.4608 -0.6982 -0.5479
vn 0.4478 -0.7713 -0.4523
vn -0.0496 -0.9913 -0.1222
vn -0.7862 -0.5077 -0.3524
vn 0.5186 -0.1062 -0.8484
vn -0.4358 -0.6952 -0.5717
vn -0.9467 0.2632 -0.1856
vn -0.8692 -0.3162 -0.3802
vn -0.0077 -0.2007 -0.9796
vn -0.0007 -0.3112 -0.9503
vn 0.7519 -0.6515 -0.1010
vn -0.8443 -0.2331 -0.4825
vn -0.3587 -0.8897 0.2824
vn -0.1743 -0.8450 -0.5057
vn -0.0954 -0.8914 -0.4432
vn -0.9508 0.1136 -0.2881
vn 0.5120 -0.1085 -0.8521
vn 0.2350 -0.6998 -0.6746
vn 0.3295 -0.7773 -0.5359
vn -0.7119 -0.1902 -0.6761
vn 0.2956 0.2123 -0.9314
vn 0.0886 0.4958 -0.8639
vn 0.3140 -0.7521 -0.5795
vn 0.3838 -0.3699 -0.8461
vn 0.7046 -0.7076 0.0539
vn -0.9353 -0.2629 -0.2369
vn -0.2527 -0.2801 -0.9261
vn 0.7677 -0.0975 -0.6333
vn 0.2352 -0.1987 -0.9514
vn 0.0361 0.9765 0.2127
vn -0.7527 0.6390 -0.1585
vn 0.6479 0.6619 -0.3769
vn 0.5031 -0.1937 -0.8423
vn -0.6802 -0.5258 -0.5107
vn 0.0581 -0.6401 -0.7661
vn 0.7132 -0.0320 -0.7003
vn 0.2639 -0.7037 0.6597
vn -0.8339 -0.2610 -0.4863
vn 0.0912 -0.2942 -0.9514
vn -0.5568 -0.6086 -0.5653
vn -0.1274 -0.1121 -0.9855
vn 0.2570 -0.2809 -0.9247
vn -0.0500 -0.5665 -0.8226
vn 0.5803 -0.0436 -0.8132
vn -0.1813 0.8486 -0.4971
vn -0.4032 -0.3472 -0.8467
vn 0.2531 -0.8520 -0.4583
vn 0.3618 -0.7096 -0.6046
vn -0.8323 0.0884 -0.5472
vn -0.2453 0.6839 -0.6871
vn -0.0178 0.8024 -0.5965
vn 0.1946 -0.1683 -0.9663
vn -0.8493 -0.3662 -0.3802
vn 0.3943 -0.8442 -0.3631
vn 0.5109 -0.4732 -0.7177
vn -0.2311 -0.4051 -0.8846
vn 0.1407 -0.1500 -0.9786
vn 0.1846 -0.0892 -0.9787
vn -0.0481 -0.7656 -0.6415
vn 0.2562 -0.1512 -0.9547
vn 0.0387 -0.0284 -0.9988
vn 0.1367 -0.0140 -0.9905
vn 0.8631 -0.3670 0.3469
vn 0.0132 -0.8719 -0.4895
vn 0.7433 -0.4454 0.4992
vn 0.7788 0.3995 -0.4836
vn -0.6408 0.6819 -0.3528
vn 0.7225 -0.5986 -0.3459
vn -0.2447 -0.8305 -0.5004
vn -0.1746 -0.6791 0.7130
vn -0.7558 -0.5500 -0.3554
vn -0.0893 0.1421 -0.9858
vn -0.5522 -0.8294 0.0849
vn 0.1558 -0.1597 -0.9748
vn -0.7562 -0.4295 0.4937
vn -0.0660 -0.0749 -0.9950
vn -0.2854 -0.1277 -0.9498
vn 0.5868 -0.0640 -0.8072
vn 0.3290 -0.2017 -0.9225
vn -0.9830 0.0377 0.1799
vn -0.2670 0.7306 0.6284
vn -0.7464 0.6367 -0.1937
vn -0.7258 0.6413 -0.2489
vn 0.0994 -0.1219 -0.9875
vn 0.5514 -0.7465 -0.3724
vn -0.3819 -0.8206 -0.4251
vn 0.8818 -0.4701 0.0373
vn 0.5649 0.2626 -0.7823
vn -0.7869 -0.2369 -0.5698
vn 0.0770 -0.5873 -0.8057
vn 0.0511 -0.6758 -0.7353
vn -0.3016 -0.3543 -0.8852
vn -0.1463 -0.4290 -0.8914
vn -0.3369 -0.2515 -0.9073
vn 0.0024 -0.8829 -0.4696
vn 0.1887 -0.5748 -0.7962
vn 0.1120 0.0593 -0.9919
vn 0.3406 -0.3966 -0.8524
vn 0.5686 0.0332 -0.8219
vn -0.9740 -0.0238 -0.2251
vn 0.8326 0.0224 0.5534
vn -0.2485 -0.0893 -0.9645
vn 0.6465 -0.6074 -0.4615
vn 0.7198 0.2300 -0.6549
vn 0.5772 0.4098 -0.7063
vn 0.7790 0.3992 -0.4836
vn 0.8169 0.2090 -0.5375
vn -0.7294 0.6436 -0.2320
vn -0.5544 0.7531 -0.3541
vn 0.5127 0.6551 -0.5550
vn 0.2223 0.8158 -0.5339
vn -0.4014 0.8982 -0.1792
vn 0.2532 0.5160 -0.8183
vn 0.5935 -0.7499 -0.2923
vn 0.0803 -0.7318 0.6768
vn 0.3092 -0.3343 -0.8903
vn 0.0196 -0.9169 -0.3987
vn -0.6229 -0.1350 -0.7706
vn 0.2295 -0.8479 0.4779
vn -0.6681 -0.4532 -0.5901
vn -0.5273 -0.6490 0.5484
vn -0.3552 -0.8617 -0.3624
vn -0.9375 -0.0568 -0.3433
vn 0.4643 -0.8780 -0.1165
vn 0.7397 -0.1815 -0.6480
vn 0.2962 0.2030 -0.9333
vn 0.2738 0.3207 -0.9067
vn 0.3721 0.0296 -0.9277
vn 0.0616 0.0687 -0.9957
vn 0.8021 0.3063 -0.5128
vn -0.0618 -0.2166 -0.9743
vn -0.7510 0.0715 -0.6564
vn -0.8169 0.2613 -0.5142
vn -0.1788 0.7966 -0.5775
vn 0.0065 -0.9153 -0.4027
vn 0.2546 -0.9550 0.1521
vn -0.1399 -0.8744 -0.4645
vn -0.2641 -0.4596 -0.8480
vn 0.0748 -0.8080 -0.5844
vn -0.4341 -0.6437 -0.6303
vn 0.8611 -0.4706 -0.1923
vn 0.9570 -0.1629 -0.2401
vn -0.6905 -0.3463 -0.6350
vn -0.3201 -0.1666 -0.9326
vn -0.0487 -0.1158 -0.9921
vn 0.9010 0.4309 -0.0498
vn 0.1475 0.2288 -0.9622
vn 0.2337 0.2021 -0.9511
vn 0.3135 0.4195 -0.8519
vn 0.2769 0.8989 -0.3396
vn 0.2685 -0.9039 -0.3331
vn -0.4880 -0.8293 0.2722
vn 0.4882 -0.8682 -0.0888
vn 0.9135 -0.4058 -0.0286
vn -0.7689 -0.6393 0.0097
vn -0.0337 -0.8848 -0.4647
vn 0.5537 -0.0289 -0.8322
vn 0.4123 -0.8967 0.1610
vn 0.0511 -0.9246 0.3775
vn 0.8501 -0.0015 -0.5265
vn 0.8066 0.1986 -0.5568
vn 0.4890 0.4094 -0.7703
vn 0.4044 0.7025 -0.5856
vn 0.1675 0.8627 -0.4772
vn -0.5708 -0.4744 -0.6702
vn -0.0929 -0.1910 -0.9772
vn 0.1843 -0.1266 -0.9747
vn -0.5900 0.0366 -0.8065
vn -0.6602 0.5395 -0.5225
vn -0.3328 -0.7745 -0.5380
vn 0.6507 -0.5659 -0.5063
vn -0.2451 -0.8540 0.4590
vn -0.0992 -0.9820 -0.1609
vn 0.1438 -0.9239 -0.3546
vn -0.5988 -0.3733 -0.7086
vn 0.9787 0.0736 -0.1917
vn -0.2604 -0.1398 -0.9553
vn -0.5873 -0.1343 -0.7982
vn 0.8423 0.5388 -0.0179
vn 0.8162 0.5777 0.0080
vn 0.4798 0.5368 -0.6940
vn -0.5014 0.8551 -0.1320
vn -0.1651 0.8369 -0.5219
vn 0.1809 0.7987 -0.5739
vn -0.3665 -0.8731 -0.3214
vn -0.3792 -0.7688 -0.5149
vn 0.8385 -0.4573 -0.2961
vn 0.9243 -0.3800 0.0352
vn -0.9944 -0.0918 0.0526
vn -0.3398 -0.3346 -0.8790
vn -0.7248 0.3510 -0.5929
vn -0.2888 0.7830 -0.5509
vn -0.1319 0.6088 -0.7823
vn 0.4329 0.8794 -0.1980
vn 0.5651 -0.8064 -0.1743
vn -0.2480 -0.5546 -0.7943
vn 0.2345 -0.8308 -0.5047
vn -0.2620 -0.9416 -0.2114
vn -0.9641 -0.2391 -0.1153
vn 0.9943 -0.1018 0.0328
vn 0.8469 -0.4237 0.3214
vn 0.3568 -0.9341 0.0073
vn -0.5468 -0.5635 -0.6193
vn -0.0963 -0.5115 -0.8538
vn 0.7649 -0.1702 -0.6212
vn 0.5158 -0.6482 -0.5602
vn -0.9647 -0.2055 0.1646
vn 0.9696 -0.1725 -0.1735
vn 0.9845 0.0536 -0.1673
vn 0.8950 0.4460 -0.0100
vn -0.6356 0.1716 -0.7527
vn -0.6031 0.6634 -0.4430
vn -0.5189 0.6116 -0.5972
vn 0.7421 -0.3710 -0.5582
vn -0.1011 -0.9947 0.0181
vn -0.4227 -0.5609 -0.7119
vn -0.2184 -0.2967 -0.9297
vn 0.5184 -0.3451 -0.7824
vn 0.6966 -0.5326 -0.4806
vn 0.9107 0.4127 -0.0198
vn -0.2115 -0.2772 -0.9372
vn -0.7527 -0.0885 -0.6524
vn -0.5233 0.4824 -0.7025
vn -0.4910 0.6370 -0.5943
vn 0.8132 0.5591 -0.1617
vn 0.0943 0.5693 -0.8167
vn -0.0715 0.9529 -0.2946
vn 0.7669 -0.6407 0.0377
vn 0.1603 -0.9278 0.3369
vn -0.4625 -0.8656 0.1917
vn 0.3687 0.8789 -0.3026
vn -0.7745 0.2788 -0.5679
vn -0.7174 0.3121 -0.6228
vn -0.5254 0.5108 -0.6805
vn -0.4854 0.4099 -0.7723
vn 0.6710 -0.6291 -0.3925
vn -0.8559 -0.4069 -0.3193
vn 0.2343 -0.8578 -0.4575
vn 0.5611 -0.6411 -0.5237
vn -0.6658 -0.6499 -0.3664
vn -0.5446 -0.7660 -0.3415
vn 0.6060 -0.7767 -0.1718
vn 0.8354 -0.5491 0.0241
vn -0.6970 -0.6865 -0.2070
vn 0.6939 -0.1562 -0.7030
vn 0.5467 -0.8052 -0.2296
vn -0.2304 -0.4774 -0.8479
vn -0.5229 -0.3833 -0.7613
vn -0.7814 -0.2971 -0.5488
vn -0.6820 0.1270 -0.7202
vn 0.9097 0.3004 -0.2865
vn 0.6996 0.1833 -0.6907
vn -0.6015 0.3685 -0.7089
vn -0.5787 0.6965 -0.4242
vn -0.4754 0.7662 -0.4323
vn -0.5161 0.7539 -0.4065
vn -0.2942 -0.6773 -0.6743
vn -0.0630 -0.9224 -0.3812
vn 0.7467 -0.6625 -0.0598
vn 0.7326 -0.3783 -0.5658
vn 0.6763 -0.6738 -0.2975
vn 0.7204 0.5060 -0.4742
vn -0.7053 0.2497 -0.6635
vn 0.7271 0.5879 -0.3547
vn -0.2188 0.5174 -0.8273
vn 0.6477 0.7590 -0.0662
vn 0.3841 0.8031 -0.4555
vn -0.1470 0.7823 -0.6054
vn 0.1425 -0.8207 -0.5534
vn 0.5960 -0.1173 -0.7943
vn -0.9105 -0.2601 -0.3214
vn 0.1418 -0.8207 -0.5535
vn -0.2624 -0.9415 -0.2113
vn 0.4782 -0.7958 -0.3715
vn 0.9906 0.0365 -0.1315
vn 0.7266 0.5859 0.3589
vn -0.7085 0.3331 -0.6221
vn 0.4520 0.1585 -0.8778
vn 0.8080 0.5832 -0.0839
vn -0.5438 0.6221 -0.5633
vn 0.2108 -0.4646 -0.8601
vn 0.3357 -0.9324 -0.1338
vn 0.4549 -0.8385 0.3000
vn 0.7466 -0.6625 -0.0598
vn 0.6061 -0.7767 -0.1715
vn 0.7175 -0.6772 -0.1631
vn -0.2716 -0.9620 0.0267
vn 0.9828 -0.0307 0.1821
vn 0.9640 -0.0359 0.2635
vn 0.9749 0.2022 -0.0934
vn 0.6265 0.2188 -0.7481
vn 0.6456 0.4318 -0.6299
vn 0.6556 0.5282 -0.5395
vn -0.3972 0.6060 -0.6892
vn 0.5609 0.8128 -0.1574
vn -0.4813 0.7144 -0.5079
vn -0.5740 -0.6454 -0.5040
vn 0.3300 -0.8660 -0.3758
vn 0.5930 -0.7812 0.1952
vn -0.6570 -0.5176 -0.5482
vn -0.9007 -0.2230 -0.3728
vn 0.9593 0.2152 -0.1831
vn -0.7315 0.3380 -0.5921
vn 0.4215 0.2490 -0.8720
vn 0.2881 0.6718 -0.6824
vn 0.4808 -0.8134 -0.3273
vn -0.0818 -0.9862 -0.1436
vn -0.4567 -0.8367 -0.3025
vn 0.9471 -0.3207 -0.0134
vn -0.7072 -0.4962 -0.5036
vn -0.9377 -0.1042 -0.3313
vn -0.7809 0.3874 -0.4899
vn 0.6170 0.4832 -0.6212
vn -0.3372 0.6987 -0.6310
vn -0.6044 0.7888 -0.1121
vn -0.3458 0.8039 -0.4839
vn -0.4194 -0.6501 -0.6337
vn 0.0570 -0.8965 -0.4393
vn 0.6088 -0.7544 -0.2454
vn 0.7570 -0.6485 -0.0798
vn -0.5649 -0.7532 0.3370
vn -0.7160 -0.3321 -0.6140
vn 0.5761 -0.0823 -0.8132
vn 0.3188 -0.8249 -0.4668
vn 0.9873 -0.1058 0.1183
vn -0.7203 0.2913 -0.6295
vn 0.9237 0.2893 -0.2510
vn 0.3944 0.3161 -0.8629
vn 0.4111 0.3223 -0.8527
vn -0.4365 0.6640 -0.6071
vn 0.3613 0.6233 -0.6935
vn -0.5404 0.7786 -0.3190
vn 0.0797 0.8689 -0.4886
vn -0.8525 -0.5037 -0.1398
vn 0.0675 -0.7744 -0.6291
vn 0.8942 0.0099 -0.4475
vn 0.8735 -0.4438 -0.2002
vn 0.2730 -0.9586 -0.0805
vn 0.8867 -0.3110 -0.3421
vn 0.8481 0.4692 -0.2462
vn 0.7750 0.5376 -0.3321
vn 0.4962 0.4372 -0.7501
vn -0.1317 0.6059 -0.7846
vn -0.9438 -0.2570 -0.2080
vn 0.4410 -0.6221 -0.6469
vn -0.5962 -0.3132 -0.7392
vn 0.1091 -0.9013 -0.4193
vn 0.7677 -0.6178 -0.1702
vn -0.3716 -0.9276 -0.0396
vn 0.9904 0.0909 -0.1039
vn -0.6231 -0.5347 -0.5708
vn 0.9223 0.3159 0.2224
vn -0.3811 -0.6254 -0.6809
vn 0.8874 0.1042 -0.4491
vn 0.2843 0.7172 -0.6362
vn 0.9203 0.0790 -0.3831
vn -0.7706 0.4268 -0.4732
vn -0.6350 0.5046 -0.5849
vn -0.3601 0.5851 -0.7266
vn 0.1169 0.5348 -0.8369
vn 0.4499 0.6206 -0.6422
vn -0.0720 0.9031 -0.4234
vn -0.4319 -0.5670 -0.7014
vn 0.6624 -0.6671 -0.3409
vn 0.9063 -0.2191 -0.3614
vn 0.5410 -0.7978 -0.2662
vn 0.1245 -0.7749 -0.6197
vn 0.8892 0.2216 -0.4004
vn 0.3546 -0.0917 -0.9305
vn -0.8322 0.3682 -0.4145
vn -0.3164 0.7063 -0.6332
vn 0.4603 0.7568 -0.4641
vn -0.4947 0.7113 -0.4993
vn 0.5301 0.6560 -0.5373
vn 0.1482 0.8890 -0.4332
vn 0.7485 -0.4878 -0.4493
vn 0.7094 -0.6283 -0.3193
vn 0.9318 0.3041 0.1983
vn -0.9578 -0.2826 -0.0516
vn -0.9406 0.0864 -0.3284
vn -0.8437 0.3546 -0.4030
vn -0.1018 -0.4679 -0.8779
vn 0.8596 -0.4722 -0.1953
vn 0.4453 -0.6353 -0.6310
vn -0.2236 -0.9126 0.3424
vn 0.8371 0.1509 0.5259
vn -0.9454 0.2328 -0.2280
vn -0.2099 0.7282 -0.6524
vn 0.4698 -0.2815 -0.8367
vn 0.2707 -0.7663 -0.5826
vn 0.0903 -0.7653 -0.6374
vn -0.3931 -0.6554 -0.6449
vn 0.5631 -0.5239 0.6391
vn -0.8947 -0.4169 -0.1605
vn 0.9357 0.2848 -0.2084
vn -0.7632 0.4827 -0.4296
vn 0.7415 0.6080 -0.2838
vn -0.6619 0.6315 -0.4038
vn -0.0193 -0.5337 -0.8454
vn -0.1754 -0.8948 -0.4107
vn 0.9559 0.1220 0.2670
vn 0.6258 -0.0308 -0.7794
vn 0.7967 0.0748 -0.5998
vn 0.3028 0.7321 -0.6102
vn 0.3452 0.6573 -0.6699
vn 0.0459 0.7461 -0.6643
vn 0.0124 -0.2510 -0.9679
vn -0.0030 -0.5485 -0.8362
vn 0.3918 -0.8685 -0.3037
vn 0.3881 -0.7449 0.5427
vn -0.4840 -0.7998 -0.3551
vn 0.9669 0.1927 -0.1670
vn 0.8502 -0.4340 0.2978
vn -0.6720 -0.6374 -0.3770
vn -0.1615 -0.6467 -0.7454
vn 0.8317 -0.1641 -0.5304
vn 0.6549 -0.0431 -0.7545
vn -0.9759 -0.2136 -0.0441
vn -0.9748 -0.1371 -0.1761
vn -0.4095 0.7467 -0.5241
vn -0.1781 0.8064 -0.5639
vn 0.7189 -0.6876 -0.1020
vn 0.1109 -0.7365 -0.6672
vn -0.1079 -0.7767 -0.6205
vn -0.9680 -0.1962 0.1562
vn 0.2774 -0.8143 0.5099
vn 0.9422 0.3050 0.1387
vn 0.5471 0.7317 -0.4066
vn -0.4673 0.7636 -0.4456
vn 0.0920 0.9219 -0.3764
vn 0.4087 -0.8943 0.1821
vn -0.7398 -0.6137 -0.2758
vn 0.9782 -0.2023 0.0466
vn 0.7714 0.2398 -0.5894
vn 0.7678 0.2058 -0.6067
vn -0.9088 0.2881 -0.3017
vn -0.8026 0.4604 -0.3793
vn 0.8706 0.4914 0.0232
vn -0.8917 0.4202 -0.1684
vn -0.7115 0.6267 -0.3179
vn -0.5888 -0.2699 -0.7619
vn 0.3226 -0.6452 -0.6926
vn 0.8599 -0.0313 0.5094
vn 0.1741 -0.4745 -0.8629
vn 0.4575 -0.5809 -0.6733
vn 0.8796 -0.4744 0.0353
vn 0.9395 -0.1078 -0.3251
vn -0.9577 0.1311 -0.2563
vn -0.7799 0.4027 -0.4791
vn 0.4352 0.8056 -0.4021
vn -0.5747 -0.2358 -0.7836
vn -0.2337 -0.7606 -0.6056
vn 0.2605 -0.7507 -0.6071
vn 0.8782 -0.1966 0.4361
vn 0.6715 -0.2198 0.7076
vn -0.9584 -0.2795 0.0582
vn -0.9674 -0.2516 0.0304
vn 0.9259 0.0756 -0.3702
vn -0.7102 0.5556 -0.4323
vn 0.0825 0.8466 -0.5258
vn 0.1941 -0.4006 -0.8955
vn 0.5775 -0.5052 -0.6413
vn 0.9289 -0.3561 -0.1014
vn 0.0683 -0.9033 -0.4236
vn -0.0187 -0.9617 -0.2735
vn 0.5062 -0.7235 -0.4693
vn 0.5935 0.4525 0.6655
vn -0.2257 0.8897 -0.3969
vn 0.6835 -0.2745 -0.6764
vn 0.0670 -0.9951 0.0727
vn -0.0892 -0.7975 -0.5967
vn 0.3777 -0.2513 0.8912
vn -0.6234 -0.7586 -0.1894
vn 0.8019 0.2640 -0.5359
vn -0.8190 0.1784 -0.5453
vn 0.8871 0.4240 -0.1822
vn 0.8030 0.5914 -0.0742
vn -0.4049 0.7828 -0.4725
vn 0.4428 0.7705 -0.4585
vn -0.3511 0.8363 -0.4211
vn 0.0859 0.8037 -0.5888
vn -0.1016 0.8774 -0.4689
vn -0.8291 -0.2372 -0.5063
vn -0.5629 -0.7534 -0.3398
vn 0.4038 -0.9132 0.0545
vn 0.3225 -0.6449 -0.6929
vn 0.5064 -0.7236 -0.4689
vn 0.3138 -0.1801 -0.9323
vn 0.6393 -0.6910 -0.3374
vn 0.1254 -0.9888 -0.0812
vn 0.4781 -0.8359 -0.2696
vn -0.2973 -0.9301 -0.2159
vn 0.9508 -0.3003 0.0758
vn -0.8789 -0.4671 -0.0961
vn -0.9565 0.0889 -0.2780
vn -0.1923 -0.3594 -0.9132
vn -0.9835 -0.1795 -0.0218
vn 0.2296 -0.2459 -0.9417
vn -0.3761 -0.2004 -0.9047
vn 0.0640 -0.9707 -0.2317
vn 0.2874 -0.7902 -0.5412
vn 0.0685 -0.8950 -0.4408
vn 0.3224 -0.5493 -0.7709
vn 0.7849 -0.1148 0.6089
vn -0.9347 -0.3315 -0.1286
vn -0.8317 0.3056 -0.4635
vn -0.5846 0.5392 -0.6062
vn 0.8561 0.5158 -0.0327
vn -0.7926 0.3976 -0.4622
vn 0.0886 0.8556 -0.5100
vn 0.9861 -0.0655 0.1524
vn 0.5878 -0.8085 -0.0281
vn -0.8722 -0.4773 0.1069
vn -0.9649 -0.2585 -0.0462
vn -0.9462 -0.2978 -0.1266
vn 0.6254 0.4175 -0.6592
vn -0.8472 0.3807 -0.3705
vn -0.3852 0.6498 -0.6553
vn 0.7948 0.6028 -0.0707
vn 0.4761 0.8005 -0.3641
vn 0.3825 0.7663 -0.5161
vn 0.1268 0.9029 -0.4107
vn -0.0116 -0.9938 -0.1103
vn -0.1279 -0.9825 -0.1351
vn -0.0261 -0.9336 -0.3573
vn -0.9629 -0.2582 0.0789
vn 0.9813 0.0644 -0.1812
vn 0.8776 0.1499 -0.4553
vn -0.8246 0.3566 -0.4391
vn -0.7035 0.6160 -0.3545
vn -0.8268 0.5325 -0.1813
vn -0.7703 0.5729 -0.2800
vn 0.2423 -0.2934 -0.9248
vn -0.5537 -0.2060 -0.8068
vn -0.7688 0.1009 -0.6314
vn 0.2184 -0.9257 -0.3090
vn 0.2877 -0.7901 -0.5413
vn 0.2186 -0.9256 -0.3089
vn 0.3034 -0.9522 0.0361
vn 0.5557 -0.7478 -0.3633
vn -0.7948 -0.6068 0.0091
vn -0.9788 -0.2040 0.0183
vn -0.9602 -0.2575 0.1085
vn 0.8165 0.5266 0.2366
vn -0.1735 0.8618 -0.4766
vn -0.8977 -0.0332 -0.4393
vn 0.9235 -0.0992 -0.3704
vn 0.6924 -0.2642 -0.6714
vn 0.7356 -0.0212 0.6770
vn 0.9763 -0.1818 0.1171
vn 0.7196 -0.6869 -0.1017
vn 0.2918 0.8144 -0.5016
vn -0.3153 0.8412 -0.4392
vn -0.1245 0.8552 -0.5032
vn 0.7968 -0.3273 -0.5079
vn -0.1327 -0.2564 -0.9574
vn 0.3637 -0.8880 0.2814
vn -0.0521 -0.9892 -0.1370
vn 0.6841 -0.6678 -0.2932
vn 0.9992 0.0095 -0.0386
vn -0.9202 -0.3811 0.0900
vn -0.9695 0.1682 -0.1785
vn 0.5489 0.5390 -0.6389
vn 0.8197 0.5720 -0.0292
vn 0.4381 -0.2522 -0.8628
vn 0.6802 -0.1529 -0.7169
vn -0.9915 0.0490 0.1205
vn 0.0912 -0.9290 0.3587
vn 0.3121 -0.9457 -0.0904
vn 0.2066 -0.9770 -0.0529
vn 0.1874 -0.9621 0.1980
vn 0.8536 -0.4694 0.2259
vn -0.9278 0.3120 -0.2043
vn -0.3101 0.5016 -0.8076
vn 0.4097 0.4314 -0.8038
vn 0.6508 0.4128 -0.6372
vn -0.8032 0.5799 -0.1363
vn -0.2539 0.8357 -0.4869
vn -0.5263 -0.1383 -0.8390
vn -0.2268 -0.9033 0.3641
vn 0.5956 -0.7548 -0.2749
vn 0.9312 -0.1254 0.3423
vn 0.9510 -0.1283 0.2813
vn 0.8003 -0.4976 0.3345
vn 0.8679 -0.3724 0.3288
vn 0.6991 0.6074 -0.3772
vn 0.7948 0.6014 -0.0815
vn 0.0688 0.8656 -0.4959
vn -0.2616 -0.2210 -0.9395
vn 0.2011 -0.4436 -0.8734
vn -0.8655 -0.0261 -0.5003
vn -0.4830 -0.8511 0.2059
vn 0.5230 -0.8399 -0.1448
vn 0.6834 -0.7058 0.1867
vn -0.8846 -0.1688 0.4347
vn -0.2408 -0.9696 0.0427
vn -0.8366 -0.5201 0.1724
vn 0.9257 -0.2538 0.2806
vn -0.9006 -0.2682 0.3419
vn 0.7546 0.3187 -0.5736
vn -0.4446 0.6409 -0.6258
vn -0.3842 0.7322 -0.5624
vn 0.8764 0.4625 0.1346
vn -0.2205 -0.8735 -0.4340
vn 0.1714 -0.1893 -0.9669
vn 0.7096 -0.2969 -0.6390
vn -0.9552 -0.0676 0.2881
vn 0.9977 0.0675 -0.0030
vn 0.9342 0.1988 0.2963
vn 0.5085 -0.8416 0.1821
vn -0.4876 -0.8692 0.0820
vn 0.8495 -0.3362 0.4065
vn 0.9104 -0.2306 0.3435
vn -0.9584 -0.1171 0.2604
vn 0.7948 0.2868 -0.5348
vn -0.8759 0.3949 -0.2771
vn 0.2829 0.5627 -0.7767
vn 0.3152 -0.8158 -0.4850
vn 0.6816 -0.3651 -0.6341
vn -0.0187 -0.6274 0.7785
vn -0.7494 -0.5527 0.3645
vn 0.1876 -0.9782 -0.0894
vn -0.4196 -0.8650 0.2750
vn -0.6896 -0.7111 -0.1370
vn -0.8896 -0.4564 0.0178
vn -0.4707 0.6040 -0.6432
vn 0.4220 0.5077 -0.7511
vn -0.8474 0.3746 -0.3764
vn 0.4395 0.6688 -0.5996
vn -0.6649 0.5552 -0.4996
vn -0.1385 0.8154 -0.5620
vn -0.6828 -0.2169 -0.6976
vn -0.0934 -0.2543 -0.9626
vn 0.3428 -0.2816 -0.8962
vn -0.4738 -0.1850 -0.8610
vn 0.9552 -0.0575 -0.2903
vn 0.8963 -0.0994 -0.4321
vn -0.0927 -0.9542 0.2846
vn 0.3525 -0.9069 0.2309
vn 0.4535 -0.8504 0.2667
vn -0.7463 -0.6266 0.2246
vn -0.7747 -0.6219 -0.1144
vn -0.9588 -0.2613 0.1112
vn 0.9982 -0.0594 0.0004
vn 0.8517 0.4350 -0.2923
vn 0.6595 0.6343 -0.4033
vn -0.5389 0.7925 -0.2855
vn 0.3625 0.7617 -0.5371
vn -0.2601 0.8182 -0.5127
vn -0.0987 0.8187 -0.5656
vn -0.7290 -0.1082 -0.6759
vn -0.0156 -0.9106 0.4129
vn 0.3450 -0.8546 0.3881
vn 0.1898 -0.9112 -0.3656
vn -0.9916 -0.0836 -0.0986
vn -0.9085 -0.1408 0.3935
vn 0.8298 -0.4377 0.3463
vn -0.9997 0.0058 -0.0220
vn 0.1699 0.8246 -0.5396
vn -0.1034 -0.8045 -0.5849
vn -0.9993 -0.0372 -0.0034
vn -0.9314 0.1676 0.3231
vn 0.8862 -0.0291 0.4624
vn 0.3990 -0.1640 0.9022
vn 0.6332 -0.6953 0.3400
vn 0.4635 -0.7403 0.4871
vn -0.2962 -0.9128 0.2812
vn -0.1524 -0.6446 0.7492
vn 0.7961 -0.1524 0.5857
vn 0.8337 -0.0789 0.5465
vn 0.6205 -0.7754 0.1171
vn -0.8795 0.2288 -0.4173
vn -0.1355 -0.0253 -0.9905
vn -0.9329 -0.3530 0.0716
vn -0.9328 -0.3532 0.0717
vn 0.6700 -0.4813 -0.5652
vn -0.8897 -0.4563 0.0177
vn -0.9695 -0.1982 0.1444
vn 0.9508 0.2360 -0.2006
vn -0.5582 0.5661 -0.6066
vn 0.7432 0.4659 -0.4802
vn 0.0528 0.6944 -0.7177
vn 0.3670 -0.7907 -0.4900
vn 0.7198 -0.2395 -0.6516
vn -0.5881 -0.3039 -0.7495
vn -0.5990 -0.1633 -0.7839
vn 0.9114 -0.2101 -0.3537
vn 0.0632 -0.7878 0.6126
vn 0.5214 -0.8372 0.1648
vn -0.9330 -0.3388 -0.1212
vn 0.3440 -0.6577 -0.6702
vn -0.8184 -0.4905 0.2995
vn 0.6761 -0.0105 -0.7367
vn 0.9381 -0.1332 0.3197
vn -0.9392 0.3348 -0.0759
vn 0.3005 0.6828 -0.6660
vn 0.1779 0.7267 -0.6636
vn -0.5989 0.5918 -0.5396
vn -0.2711 0.7063 -0.6540
vn -0.8942 0.4345 -0.1074
vn -0.4729 0.7390 -0.4799
vn -0.7720 -0.0343 -0.6347
vn -0.8847 0.1565 -0.4391
vn 0.6008 -0.1516 0.7849
vn -0.1305 -0.8564 0.4996
vn 0.2329 -0.9720 0.0327
vn 0.2940 -0.9549 0.0421
vn -0.2286 -0.8736 0.4296
vn -0.3176 -0.6827 0.6581
vn 0.0854 -0.9951 -0.0505
vn -0.6865 -0.7271 -0.0071
vn -0.8324 -0.5233 0.1824
vn -0.3164 -0.6403 0.7000
vn -0.0450 0.8237 -0.5653
vn -0.1103 -0.9574 -0.2669
vn -0.9405 -0.2320 0.2482
vn 0.9432 -0.1853 0.2756
vn -0.9828 -0.0370 0.1807
vn -0.9054 0.2873 -0.3125
vn 0.8571 0.4666 -0.2183
vn 0.2504 0.7733 -0.5825
vn 0.9185 -0.2871 -0.2718
vn 0.9750 0.1581 0.1559
vn 0.5099 -0.7361 0.4452
vn -0.3065 -0.9379 0.1626
vn 0.5658 0.5423 -0.6211
vn 0.5217 -0.8371 0.1646
vn 0.1102 -0.9450 -0.3079
vn 0.1098 -0.9451 -0.3078
vn -0.5539 -0.8308 -0.0543
vn 0.8697 -0.3093 0.3846
vn 0.9560 -0.2320 0.1795
vn 0.8655 -0.2387 0.4403
vn -0.8633 0.4455 -0.2373
vn -0.9060 0.2112 -0.3668
vn 0.8179 0.4836 -0.3118
vn -0.2528 0.8096 -0.5297
vn 0.2565 0.8069 -0.5321
vn 0.7823 -0.4935 -0.3802
vn 0.9588 -0.0282 -0.2828
vn 0.9687 0.2457 -0.0349
vn -0.0291 -0.7050 0.7086
vn -0.2485 -0.7522 0.6103
vn 0.3201 -0.8642 0.3883
vn -0.5355 -0.8074 0.2479
vn 0.2808 -0.9593 0.0306
vn -0.4532 -0.8858 -0.0998
vn -0.1907 -0.6579 -0.7285
vn -0.4842 -0.8478 -0.2164
vn -0.8677 -0.2150 0.4481
vn 0.8041 -0.4481 0.3907
vn 0.8103 -0.3499 0.4701
vn 0.8544 0.4174 -0.3093
vn 0.7518 0.5594 -0.3491
vn -0.9154 0.2934 -0.2755
vn 0.5966 0.6276 -0.5003
vn 0.3680 0.6248 -0.6886
vn 0.8317 -0.3560 -0.4261
vn -0.8203 -0.2659 -0.5064
vn 0.9645 -0.1192 -0.2355
vn -0.7230 0.6880 -0.0628
vn 0.8643 -0.1299 0.4859
vn -0.9782 0.2047 -0.0336
vn 0.4209 -0.9022 0.0939
vn 0.5577 -0.7860 -0.2668
vn -0.5573 -0.8030 -0.2111
vn -0.9158 -0.3940 0.0786
vn -0.8059 -0.3966 0.4397
vn 0.9236 -0.3275 0.1995
vn -0.9569 -0.1786 0.2292
vn -0.9794 -0.1951 0.0529
vn -0.8835 -0.1398 0.4471
vn -0.9751 -0.0035 0.2218
vn -0.8121 0.5150 -0.2742
vn -0.6435 0.6604 -0.3869
vn -0.1049 0.8381 -0.5354
vn -0.2236 -0.9267 -0.3019
vn 0.9922 0.0905 -0.0854
vn -0.9292 0.3272 0.1716
vn -0.8134 0.0914 0.5745
vn -0.3859 -0.8733 0.2975
vn 0.0508 -0.8378 0.5436
vn -0.2401 -0.9052 0.3506
vn 0.2095 -0.9593 -0.1893
vn -0.6249 -0.0441 0.7794
vn -0.2036 -0.8343 0.5124
vn 0.0846 -0.9594 0.2692
vn -0.9564 -0.2404 0.1659
vn -0.9543 -0.2656 0.1371
vn -0.9472 -0.1281 0.2938
vn -0.9770 -0.0141 0.2127
vn -0.0751 0.7417 -0.6665
vn 0.3696 0.7225 -0.5842
vn -0.0614 0.7607 -0.6462
vn 0.5860 -0.8021 -0.1151
vn -0.6706 -0.7194 -0.1809
vn 0.9844 0.0778 0.1576
vn 0.8826 0.3035 0.3591
vn -0.0824 -0.9846 -0.1542
vn -0.4187 -0.6337 0.6505
vn 0.6693 -0.6576 -0.3457
vn -0.0099 -0.9743 0.2251
vn -0.0983 -0.9894 0.1069
vn -0.6742 -0.6975 0.2428
vn -0.9404 -0.2902 -0.1771
vn 0.9562 -0.2478 0.1559
vn 0.8579 -0.4250 0.2886
vn 0.9861 0.0985 0.1341
vn 0.9453 0.3263 -0.0006
vn -0.8758 0.1361 -0.4630
vn -0.9039 0.0424 -0.4256
vn -0.8052 0.0743 0.5883
vn 0.1041 -0.2045 0.9733
vn 0.1702 -0.9007 0.3997
vn 0.2408 -0.9698 -0.0381
vn -0.3837 -0.8944 -0.2301
vn 0.2187 -0.9685 -0.1194
vn -0.7658 -0.3760 0.5217
vn -0.0080 -0.9936 -0.1127
vn -0.2757 0.1198 0.9537
vn -0.1829 -0.8601 0.4761
vn -0.2512 0.7739 0.5813
vn -0.6743 -0.6973 0.2429
vn -0.7463 -0.6265 0.2247
vn -0.6870 -0.7171 0.1175
vn -0.2208 -0.9479 0.2298
vn -0.5492 -0.6101 0.5711
vn 0.8981 -0.2906 0.3301
vn -0.9494 -0.2623 0.1730
vn 0.9611 0.2684 0.0647
vn -0.2293 0.8359 -0.4987
vn 0.5066 -0.8541 -0.1176
vn 0.8868 0.0827 0.4546
vn -0.9713 0.1996 -0.1292
vn -0.7441 -0.3795 0.5498
vn -0.0410 0.0904 -0.9951
vn 0.8327 -0.5147 -0.2041
vn -0.5734 -0.5502 -0.6071
vn 0.3546 -0.8991 0.2567
vn 0.1495 -0.9661 0.2106
vn 0.0326 -0.9989 0.0350
vn -0.9371 0.0747 0.3409
vn 0.2443 -0.9472 -0.2078
vn -0.3618 -0.7095 0.6047
vn -0.3150 -0.9123 0.2616
vn -0.5065 -0.4270 0.7491
vn -0.7752 -0.3868 0.4995
vn 0.9359 -0.3476 0.0573
vn 0.9050 -0.4175 0.0811
vn -0.9360 -0.3516 0.0172
vn -0.8765 0.4241 -0.2279
vn -0.2282 0.7262 -0.6485
vn 0.5502 0.7032 -0.4503
vn 0.0330 0.6671 -0.7442
vn -0.5689 -0.2927 -0.7685
vn 0.7481 0.0875 0.6578
vn -0.7244 0.0089 0.6893
vn 0.2651 -0.9192 0.2913
vn 0.1161 -0.9646 -0.2368
vn -0.1110 -0.9938 -0.0112
vn 0.7779 -0.5600 -0.2852
vn -0.4480 -0.8933 0.0365
vn -0.2169 -0.9758 -0.0273
vn 0.0363 -0.9876 0.1528
vn -0.3786 -0.9246 0.0410
vn -0.9988 -0.0401 -0.0271
vn -0.4636 -0.6242 -0.6288
vn -0.8442 -0.3830 0.3751
vn 0.3956 -0.5521 -0.7340
vn 0.9040 -0.3368 0.2635
vn -0.9832 -0.1777 0.0409
vn -0.9747 -0.1381 0.1756
vn -0.9858 -0.0642 0.1549
vn 0.9818 0.0109 0.1894
vn -0.9979 0.0330 0.0555
vn 0.8153 0.5346 -0.2225
vn -0.9815 0.1883 0.0340
vn 0.8810 0.4590 -0.1150
vn 0.8620 0.4785 -0.1676
vn 0.8362 0.4522 -0.3104
vn 0.8415 0.4836 -0.2408
vn -0.2108 0.8147 -0.5402
vn 0.9576 0.2875 0.0182
vn -0.6666 0.0295 -0.7448
vn -0.6616 0.4202 0.6210
vn -0.9351 0.2454 0.2556
vn 0.8776 -0.1719 -0.4474
vn -0.5234 -0.8256 0.2107
vn -0.5194 -0.7442 0.4199
vn -0.3527 -0.9339 -0.0578
vn 0.1693 -0.8551 0.4901
vn -0.2062 -0.9531 -0.2217
vn -0.2807 -0.9561 -0.0843
vn -0.1274 -0.9766 -0.1731
vn -0.5028 -0.5557 0.6621
vn -0.8828 -0.1363 -0.4495
vn -0.6933 -0.7119 -0.1119
vn 0.9408 -0.3367 0.0384
vn -0.9725 -0.1213 0.1989
vn -0.8218 0.5243 -0.2230
vn -0.9427 0.2780 -0.1846
vn 0.8038 0.5491 -0.2289
vn -0.8940 0.3725 -0.2491
vn 0.3748 0.7532 -0.5406
vn -0.1733 0.8395 -0.5150
vn -0.3274 0.8504 -0.4119
vn 0.6515 0.7021 -0.2876
vn -0.6926 -0.5095 -0.5106
vn -0.5063 -0.3650 -0.7813
vn -0.8937 0.3266 -0.3076
vn 0.8003 0.2892 0.5253
vn -0.1710 -0.8554 0.4889
vn 0.6481 -0.7472 -0.1472
vn 0.5453 -0.6681 0.5063
vn -0.1816 -0.8306 0.5265
vn 0.9025 -0.4305 -0.0139
vn -0.2484 -0.8143 0.5247
vn -0.9105 -0.3444 0.2287
vn -0.9174 -0.3215 0.2347
vn 0.9348 -0.2181 0.2802
vn -0.9966 -0.0602 0.0556
vn -0.9797 -0.0123 -0.2003
vn -0.9991 0.0045 -0.0431
vn 0.5161 0.7547 -0.4050
vn 0.6284 0.6146 -0.4769
vn -0.4158 0.6847 -0.5985
vn 0.1772 0.7783 -0.6024
vn -0.1925 0.8839 -0.4262
vn -0.7047 -0.4268 -0.5668
vn -0.9105 0.4125 0.0303
vn 0.9590 0.2614 0.1097
vn 0.0838 -0.9442 -0.3185
vn -0.3637 -0.8995 -0.2421
vn -0.2457 -0.8556 -0.4556
vn -0.4954 -0.8603 -0.1202
vn -0.9894 0.0146 0.1443
vn 0.9364 -0.2970 -0.1870
vn 0.9607 -0.2775 0.0103
vn -0.9669 -0.2549 -0.0144
vn -0.9845 -0.1755 -0.0012
vn 0.9707 -0.1501 0.1876
vn -0.9642 -0.0900 -0.2494
vn 0.8834 0.3802 -0.2738
vn 0.0256 0.8522 -0.5226
vn 0.6631 -0.6946 -0.2788
vn -0.4895 -0.0986 -0.8664
vn 0.5570 0.2468 0.7930
vn -0.2267 -0.9208 0.3173
vn 0.2523 -0.9559 -0.1501
vn 0.6549 -0.7345 0.1778
vn -0.4664 -0.8475 -0.2533
vn -0.0286 -0.8725 -0.4878
vn 0.6237 -0.7132 -0.3199
vn -0.7861 -0.6106 0.0964
vn 0.3834 -0.8880 -0.2537
vn 0.0520 -0.8877 0.4575
vn -0.9504 0.1273 0.2838
vn -0.8155 -0.3889 -0.4286
vn 0.9037 -0.2678 -0.3341
vn -0.9923 -0.1241 -0.0061
vn 0.9334 -0.3263 0.1491
vn -0.9907 -0.0487 -0.1274
vn 0.9646 0.1363 0.2258
vn -0.8252 0.5258 -0.2064
vn -0.3881 0.7015 -0.5978
vn -0.8370 0.1760 0.5181
vn 0.5432 -0.0689 0.8368
vn 0.0371 -0.9832 -0.1785
vn -0.4922 -0.6917 -0.5284
vn 0.3669 -0.9300 0.0235
vn -0.2612 -0.8834 -0.3890
vn -0.0113 -0.8518 -0.5237
vn -0.6740 -0.5349 0.5095
vn 0.7384 0.4766 -0.4771
vn -0.2783 -0.9214 0.2713
vn -0.9038 0.0520 0.4248
vn -0.8333 -0.1083 0.5421
vn -0.9426 -0.3337 -0.0109
vn -0.9458 -0.3194 0.0589
vn -0.9842 -0.0899 -0.1526
vn -0.9842 -0.0936 0.1502
vn 0.5389 0.6153 -0.5754
vn -0.5488 0.6584 -0.5151
vn -0.2566 0.7372 -0.6251
vn 0.9975 0.0709 -0.0076
vn 0.6086 0.7470 -0.2676
vn -0.4288 -0.9001 -0.0767
vn -0.5577 0.7141 -0.4230
vn -0.3699 -0.6766 -0.6367
vn -0.6893 0.3185 0.6507
vn -0.2633 0.4069 0.8747
vn 0.1175 -0.8032 0.5840
vn -0.0949 -0.8473 -0.5225
vn 0.2172 -0.9689 0.1187
vn 0.1386 -0.9854 -0.0992
vn -0.3064 -0.8741 -0.3770
vn -0.2713 -0.8639 -0.4243
vn -0.5821 -0.6315 -0.5123
vn -0.7007 -0.6175 0.3575
vn -0.4167 -0.7755 0.4743
vn -0.9958 -0.0908 -0.0086
vn -0.9868 -0.1609 -0.0163
vn 0.9931 0.0889 0.0759
vn 0.5143 0.7626 -0.3924
vn -0.1576 -0.9839 0.0841
vn 0.9470 0.1991 -0.2522
vn -0.7133 0.6038 0.3558
vn -0.7233 0.4049 0.5594
vn 0.5809 -0.8137 0.0213
vn -0.3107 -0.8622 0.4000
vn -0.3445 -0.8477 -0.4034
vn 0.2951 -0.7875 -0.5411
vn -0.1180 -0.8671 -0.4840
vn -0.9177 -0.3784 0.1211
vn -0.0792 -0.9919 0.0991
vn -0.9616 -0.2665 0.0659
vn -0.7630 -0.4955 -0.4152
vn 0.8927 -0.3670 -0.2616
vn -0.9660 -0.2569 0.0284
vn -0.9934 -0.0081 -0.1143
vn 0.5425 0.7369 -0.4034
vn -0.1128 0.5718 -0.8126
vn 0.7585 0.5793 -0.2984
vn 0.3398 0.8369 -0.4291
vn -0.8508 0.5106 -0.1240
vn -0.8594 -0.4853 -0.1609
vn 0.8039 -0.4207 -0.4205
vn 0.8164 0.5700 0.0931
vn 0.2905 0.3351 0.8963
vn 0.1333 -0.7456 -0.6529
vn 0.0675 -0.9748 0.2125
vn -0.5359 -0.8361 0.1175
vn 0.4441 -0.8909 -0.0948
vn -0.0419 -0.8047 -0.5922
vn -0.7682 -0.3669 -0.5246
vn -0.9395 -0.3423 -0.0115
vn -0.9434 -0.2779 -0.1809
vn 0.9806 -0.0592 -0.1869
vn 0.9940 -0.0977 -0.0500
vn -0.8765 -0.4732 -0.0884
vn -0.9992 -0.0045 -0.0404
vn 0.8972 0.4406 -0.0298
vn -0.8946 0.4183 -0.1573
vn 0.9830 0.1227 -0.1368
vn -0.9236 0.3362 -0.1843
vn 0.5278 0.7206 -0.4497
vn 0.6286 0.6823 -0.3732
vn -0.3736 0.7785 -0.5043
vn -0.2394 0.8380 -0.4903
vn -0.9541 0.2867 0.0863
vn 0.5380 0.5745 0.6169
vn -0.6778 0.1864 0.7112
vn -0.3860 -0.7226 -0.5735
vn 0.2971 -0.9035 0.3088
vn 0.4098 -0.8874 -0.2113
vn 0.3945 -0.9078 0.1424
vn -0.6079 -0.7482 -0.2659
vn 0.6509 -0.6633 0.3693
vn -0.7151 -0.6303 -0.3022
vn 0.8875 -0.3963 -0.2353
vn -0.7415 -0.3586 0.5671
vn -0.7393 -0.5356 -0.4081
vn -0.9641 -0.2605 0.0520
vn -0.9710 -0.2344 -0.0472
vn 0.9688 -0.1713 0.1791
vn -0.9997 0.0261 -0.0010
vn 0.9311 0.3643 -0.0157
vn -0.9109 0.3865 -0.1445
vn -0.4849 0.7447 -0.4585
vn -0.8974 -0.4325 0.0874
vn 0.9004 -0.4308 0.0611
vn -0.2075 0.9719 -0.1115
vn -0.7460 0.5949 0.2992
vn 0.4989 0.0665 0.8641
vn -0.3684 -0.7313 -0.5740
vn -0.1964 -0.5522 -0.8102
vn 0.2036 -0.9777 0.0514
vn -0.1141 -0.8044 -0.5830
vn -0.9056 -0.4053 -0.1254
vn -0.4733 -0.4221 0.7732
vn 0.8593 -0.4570 -0.2298
vn -0.8695 -0.4545 0.1934
vn -0.7724 -0.6229 0.1242
vn -0.9917 -0.1218 0.0406
vn -0.9730 -0.0896 0.2129
vn -0.8170 0.4931 -0.2990
vn -0.3777 0.7769 -0.5037
vn 0.8351 0.4823 -0.2647
vn -0.0157 0.8956 -0.4445
vn 0.4919 -0.8699 0.0372
vn 0.9123 -0.4023 0.0765
vn -0.9364 -0.3504 -0.0185
vn -0.1014 0.1014 0.9897
vn 0.1030 -0.8282 -0.5508
vn 0.0312 -0.4625 -0.8861
vn 0.4952 -0.5805 -0.6464
vn -0.0434 -0.4509 0.8915
vn 0.0227 -0.9802 0.1966
vn 0.1363 -0.9905 0.0174
vn 0.5688 -0.7770 0.2698
vn -0.1635 -0.7829 -0.6003
vn -0.7395 -0.6657 -0.0999
vn -0.5056 -0.2322 0.8309
vn 0.9310 -0.3155 -0.1837
vn -0.9957 -0.0886 -0.0281
vn 0.9695 0.2253 0.0969
vn 0.7151 0.0810 -0.6943
vn 0.9215 -0.3742 0.1044
vn -0.9896 0.0090 0.1436
vn -0.2943 0.8681 -0.3997
vn -0.3664 0.9262 0.0888
vn 0.3509 -0.5020 0.7904
vn 0.0306 -0.5678 -0.8226
vn 0.1465 -0.9783 0.1465
vn -0.0204 -0.9998 0.0063
vn -0.2837 -0.9019 -0.3258
vn 0.0665 -0.9842 0.1642
vn -0.1280 -0.8562 -0.5006
vn 0.0801 -0.7248 -0.6843
vn -0.7487 -0.5706 0.3374
vn -0.3764 -0.2985 0.8771
vn 0.2196 0.1149 0.9688
vn 0.3076 -0.4363 0.8456
vn -0.2547 -0.2998 0.9193
vn 0.9489 -0.3114 0.0521
vn -0.8807 -0.3079 0.3599
vn 0.9724 -0.1636 0.1664
vn -0.9814 0.0982 0.1652
vn -0.9230 0.3773 -0.0751
vn 0.4090 0.7663 -0.4955
vn -0.7818 0.4867 -0.3898
vn -0.3045 0.8595 -0.4106
vn -0.2911 0.8647 -0.4094
vn 0.0783 0.8858 -0.4574
vn -0.9567 0.2864 0.0524
vn 0.8387 0.2532 0.4822
vn 0.4700 0.2684 0.8409
vn 0.2117 -0.8719 -0.4415
vn 0.5496 -0.4913 -0.6757
vn -0.2693 -0.7440 -0.6115
vn -0.0272 -0.9990 -0.0347
vn 0.3880 -0.8226 0.4156
vn 0.1078 -0.7984 0.5924
vn 0.2278 -0.9321 0.2818
vn -0.7271 -0.2719 0.6304
vn 0.8536 -0.3717 0.3650
vn -0.9690 -0.2468 0.0101
vn -0.9327 -0.3593 0.0312
vn 0.9953 -0.0916 0.0306
vn -0.9021 -0.2699 0.3367
vn -0.9860 -0.0014 -0.1669
vn 0.9656 -0.1408 0.2186
vn -0.9806 -0.0708 0.1829
vn -0.9794 0.0371 0.1986
vn -0.9698 0.2050 0.1321
vn 0.7787 -0.5704 0.2612
vn 0.2254 0.8278 -0.5137
vn -0.4729 0.7945 -0.3810
vn 0.3500 0.8618 -0.3671
vn -0.9465 -0.3221 -0.0193
vn -0.8100 0.5569 0.1838
vn 0.7017 -0.2194 -0.6778
vn 0.2144 -0.9465 -0.2413
vn 0.5942 -0.8038 0.0279
vn 0.6814 -0.6886 0.2482
vn -0.8908 -0.2492 0.3801
vn 0.8021 -0.5935 -0.0664
vn -0.8722 -0.4244 0.2433
vn 0.9098 -0.2989 0.2879
vn -0.3889 -0.4196 0.8202
vn 0.9930 -0.1157 0.0229
vn -0.9991 -0.0003 -0.0425
vn -0.9257 -0.2490 0.2847
vn 0.9616 0.2584 -0.0923
vn 0.9787 0.1997 -0.0485
vn -0.1161 0.8679 -0.4830
vn 0.2657 0.8954 -0.3574
vn 0.3956 0.8787 -0.2673
vn 0.0324 0.9502 -0.3101
vn 0.9856 -0.1684 0.0126
vn -0.9623 -0.2170 -0.1638
vn 0.1527 0.9881 -0.0180
vn 0.4860 0.7362 0.4709
vn -0.4269 0.6681 0.6094
vn -0.2542 0.5704 0.7811
vn -0.2611 0.5184 0.8143
vn 0.3111 -0.7460 -0.5888
vn -0.2708 -0.0422 -0.9617
vn 0.6543 -0.1076 -0.7486
vn -0.5324 0.2838 -0.7975
vn -0.5365 -0.6771 -0.5037
vn 0.4153 -0.5978 -0.6857
vn 0.4514 -0.8894 -0.0729
vn -0.0067 -0.7073 -0.7069
vn -0.1340 -0.9441 0.3012
vn 0.0277 -0.8113 -0.5840
vn 0.5133 -0.8195 0.2550
vn -0.8221 -0.3273 -0.4658
vn -0.9201 -0.2910 0.2622
vn 0.6400 -0.7604 -0.1105
vn 0.8638 -0.4867 0.1301
vn -0.6862 -0.5081 0.5206
vn -0.8876 -0.4589 0.0385
vn -0.9411 -0.2983 0.1590
vn -0.9465 0.2751 -0.1686
vn 0.0597 0.9517 -0.3010
vn 0.3594 0.8973 -0.2564
vn -0.9964 -0.0735 0.0431
vn 0.7318 0.6258 -0.2698
vn 0.9557 0.0050 0.2943
vn 0.1117 0.6604 0.7426
vn -0.4013 -0.7875 -0.4679
vn 0.7862 -0.6079 -0.1106
vn 0.7811 -0.6244 -0.0060
vn 0.1476 -0.9147 -0.3762
vn 0.0722 -0.9440 -0.3221
vn -0.7919 -0.5506 0.2639
vn 0.9093 -0.3434 0.2352
vn 0.9511 -0.1698 0.2581
vn 0.7318 -0.3034 0.6103
vn -0.9391 -0.2792 0.2002
vn 0.8888 -0.2094 0.4076
vn -0.9859 0.0794 -0.1474
vn -0.9597 -0.1644 0.2278
vn -0.9304 0.3051 -0.2032
vn -0.6461 -0.7231 0.2444
vn 0.2746 0.9549 -0.1132
vn 0.0583 0.9949 -0.0822
vn -0.1297 0.9033 0.4089
vn -0.1829 0.6631 0.7258
vn 0.2170 0.7425 0.6337
vn 0.0984 -0.9224 -0.3734
vn 0.6551 -0.5765 -0.4883
vn -0.2689 -0.7443 -0.6113
vn -0.4007 -0.7877 -0.4680
vn 0.4885 -0.6874 -0.5374
vn -0.4938 -0.7906 -0.3621
vn -0.1434 -0.9658 -0.2160
vn -0.2886 -0.9508 -0.1125
vn -0.1531 -0.9858 0.0695
vn -0.1429 -0.9409 -0.3071
vn 0.7096 -0.6954 0.1138
vn -0.4435 -0.8604 -0.2509
vn -0.4511 -0.4869 -0.7479
vn -0.7610 -0.2249 -0.6085
vn -0.7696 -0.5499 0.3246
vn -0.9563 -0.1729 0.2359
vn 0.9972 0.0699 0.0281
vn 0.9015 -0.1668 0.3994
vn 0.8833 0.4672 -0.0392
vn -0.6437 0.6596 -0.3881
vn -0.4283 0.8871 -0.1723
vn 0.0184 -0.8163 -0.5773
vn 0.6594 -0.7011 -0.2713
vn -0.5944 -0.7873 -0.1637
vn -0.0175 -0.9986 0.0492
vn 0.0809 -0.9602 0.2673
vn 0.1411 -0.9845 0.1045
vn 0.2253 -0.8534 0.4700
vn 0.8981 -0.4208 0.1275
vn -0.6162 -0.7255 0.3064
vn -0.7980 -0.1726 -0.5774
vn 0.9360 -0.2600 0.2374
vn 0.9473 -0.2645 0.1807
vn -0.8470 -0.3860 0.3655
vn -0.9244 -0.3031 0.2316
vn 0.9648 0.2501 0.0812
vn 0.8593 0.4690 0.2041
vn -0.3079 0.8616 -0.4035
vn 0.6002 0.7672 -0.2261
vn 0.2863 0.9131 -0.2903
vn -0.2705 0.8848 -0.3795
vn 0.8234 -0.1629 0.5436
vn -0.7187 0.3621 0.5936
vn -0.3453 0.8218 0.4533
vn -0.1701 0.8029 0.5713
vn 0.1317 0.3714 0.9191
vn -0.4916 -0.7654 -0.4154
vn 0.0761 -0.5046 -0.8600
vn 0.8861 -0.3661 0.2843
vn -0.3991 -0.9047 0.1492
vn 0.3689 -0.9138 0.1701
vn -0.6181 -0.7860 -0.0085
vn -0.7863 -0.6032 0.1339
vn 0.7448 -0.5855 0.3199
vn 0.0970 -0.9951 -0.0212
vn 0.8111 0.1327 -0.5696
vn 0.6405 -0.7600 -0.1105
vn 0.8304 -0.4968 -0.2523
vn 0.3575 -0.8829 0.3044
vn 0.0365 -0.9981 0.0506
vn -0.8913 0.0654 0.4487
vn -0.8906 -0.3495 0.2910
vn -0.9872 0.1359 0.0831
vn 0.9128 0.4078 -0.0228
vn -0.9297 0.3234 -0.1760
vn 0.5754 0.7857 -0.2272
vn -0.0354 -0.9251 0.3781
vn -0.6693 -0.2971 0.6810
vn 0.7261 -0.6185 0.3003
vn -0.4370 0.7654 0.4725
vn 0.1942 0.8485 0.4922
vn -0.1466 -0.8889 -0.4339
vn 0.2741 -0.7497 -0.6024
vn -0.6477 -0.4797 -0.5920
vn 0.6350 -0.5917 -0.4967
vn 0.5600 -0.6653 -0.4937
vn -0.5327 -0.7509 -0.3902
vn -0.5882 -0.8087 -0.0095
vn -0.4555 -0.8772 -0.1518
vn -0.6512 -0.7161 -0.2512
vn 0.8348 -0.5086 -0.2107
vn 0.4427 -0.8521 0.2794
vn 0.1534 -0.9044 0.3982
vn 0.0951 -0.9942 0.0507
vn 0.8563 -0.4669 0.2208
vn 0.6585 -0.7516 0.0383
vn 0.8247 -0.5415 0.1633
vn -0.9641 -0.2192 0.1496
vn -0.9663 0.1924 0.1710
vn 0.9559 -0.2931 0.0161
vn 0.9433 -0.1504 0.2959
vn 0.9185 -0.1837 0.3501
vn -0.9682 0.1524 -0.1983
vn -0.9363 -0.2250 0.2695
vn 0.9386 0.3359 -0.0791
vn -0.9289 0.2541 -0.2694
vn 0.7532 -0.5542 0.3544
vn 0.4205 -0.6902 0.5889
vn 0.8711 0.2088 0.4445
vn -0.1182 0.9917 -0.0501
vn -0.0638 0.9975 0.0319
vn 0.7900 -0.5196 -0.3253
vn -0.5443 -0.7948 0.2683
vn 0.0955 -0.8431 0.5292
vn -0.6473 -0.6693 0.3648
vn -0.9943 -0.0966 -0.0449
vn 0.8308 -0.4963 -0.2521
vn 0.9268 -0.2187 0.3054
vn 0.8378 -0.2755 0.4714
vn 0.9865 -0.1557 0.0507
vn 0.8949 -0.2119 0.3927
vn 0.9953 -0.0810 0.0530
vn -0.9608 -0.2164 0.1731
vn 0.9573 0.2880 -0.0236
vn 0.9785 0.1931 0.0727
vn -0.8855 0.2870 -0.3654
vn 0.3237 0.9167 -0.2341
vn -0.8804 0.1170 0.4596
vn -0.5652 0.5915 0.5750
vn -0.0451 0.9965 -0.0703
vn 0.1945 0.9209 0.3377
vn 0.1178 0.6903 0.7139
vn -0.4860 -0.7928 0.3677
vn 0.8801 -0.4631 -0.1049
vn 0.1473 -0.9304 0.3356
vn 0.2486 -0.9512 0.1827
vn 0.8385 -0.4207 0.3463
vn -0.7936 -0.4021 0.4567
vn 0.9630 -0.2661 0.0421
vn -0.7283 -0.5117 0.4558
vn -0.9361 -0.2846 0.2066
vn -0.8984 -0.2064 0.3877
vn 0.8965 -0.2915 0.3338
vn -0.9765 0.1856 -0.1097
vn -0.9791 0.1067 0.1734
vn 0.8485 0.5291 -0.0090
vn -0.9409 0.2799 -0.1905
vn 0.8540 0.3967 0.3365
vn -0.3836 0.8814 -0.2756
vn 0.3320 0.9136 -0.2349
vn 0.3117 -0.8810 0.3559
vn 0.4299 0.8869 -0.1694
vn -0.3105 0.9369 0.1607
vn 0.5221 0.8522 0.0353
vn -0.7220 0.6806 0.1247
vn 0.0663 0.9951 0.0728
vn 0.5886 -0.8016 0.1045
vn -0.7218 -0.1094 -0.6834
vn -0.0476 -0.9108 0.4101
vn -0.2692 -0.9565 0.1125
vn -0.8720 -0.3391 0.3530
vn 0.0525 -0.9862 0.1568
vn 0.1926 0.9684 -0.1582
vn 0.2655 -0.9163 0.3000
vn 0.3201 -0.8543 -0.4095
vn 0.8487 -0.3232 0.4187
vn -0.6509 -0.5577 -0.5151
vn -0.8027 -0.5230 0.2867
vn 0.8741 -0.2608 0.4098
vn -0.9380 -0.2029 0.2812
vn 0.9195 0.3865 0.0718
vn 0.3828 0.8690 -0.3135
vn -0.8319 0.5382 -0.1349
vn 0.1086 0.9253 -0.3634
vn 0.7934 -0.5800 0.1848
vn 0.9282 0.3652 0.0707
vn 0.2083 0.9779 0.0190
vn 0.4104 0.5012 0.7618
vn 0.2038 0.9769 0.0635
vn -0.1128 0.9907 0.0760
vn -0.4013 -0.8555 0.3272
vn 0.6057 -0.7581 -0.2417
vn -0.1519 -0.8440 0.5145
vn 0.2652 -0.9112 0.3153
vn -0.3485 -0.9211 0.1735
vn 0.7673 -0.5802 0.2732
vn 0.8384 -0.5447 -0.0176
vn -0.9464 -0.3189 -0.0504
vn -0.7074 -0.7069 -0.0013
vn 0.8491 -0.3957 0.3500
vn -0.8705 -0.4611 0.1724
vn -0.8535 -0.4654 0.2345
vn 0.9729 -0.1982 0.1191
vn -0.8000 -0.5759 0.1684
vn -0.9723 0.1464 0.1824
vn 0.9381 0.3316 0.1001
vn 0.6941 0.7140 -0.0917
vn -0.2057 0.8733 -0.4416
vn -0.1250 0.7090 -0.6940
vn -0.3087 0.9450 0.1080
vn 0.1149 -0.9374 0.3289
vn -0.4344 -0.8001 0.4137
vn -0.9826 0.0860 -0.1647
vn -0.4791 -0.6687 -0.5687
vn 0.3364 -0.9395 0.0641
vn -0.4716 -0.8206 -0.3228
vn 0.6479 0.1643 0.7438
vn -0.0097 -0.9890 0.1478
vn -0.1570 -0.9795 0.1264
vn 0.3568 -0.9262 0.1215
vn -0.2692 -0.9565 0.1126
vn -0.1977 -0.8268 0.5266
vn -0.2268 -0.9390 0.2585
vn 0.8672 -0.4108 0.2814
vn -0.7357 -0.4570 0.4998
vn 0.5158 -0.8351 -0.1913
vn -0.0889 -0.8703 -0.4845
vn -0.7924 -0.5054 0.3416
vn 0.9956 -0.0602 0.0714
vn -0.9598 -0.1579 0.2319
vn -0.9869 0.0566 0.1514
vn -0.9763 0.2165 0.0067
vn -0.7072 0.4404 -0.5532
vn -0.2649 0.8613 -0.4336
vn -0.6955 -0.5178 0.4982
vn -0.9062 -0.0158 0.4225
vn 0.3095 0.4111 0.8574
vn -0.0388 -0.8227 0.5672
vn -0.0264 -0.8198 0.5720
vn -0.5969 -0.3274 -0.7325
vn -0.6820 -0.7219 -0.1171
vn 0.1328 -0.8444 0.5191
vn -0.4933 -0.8614 0.1215
vn -0.1528 -0.9852 0.0780
vn -0.4716 -0.8207 -0.3227
vn 0.8515 -0.3863 0.3544
vn -0.8175 -0.5082 0.2710
vn 0.6216 -0.6367 0.4563
vn -0.5209 -0.4384 0.7324
vn -0.0569 -0.6918 0.7198
vn -0.4723 -0.8814 -0.0053
vn -0.9635 -0.2122 -0.1631
vn -0.9429 -0.2886 0.1664
vn -0.9949 0.0845 -0.0548
vn 0.7600 0.4827 0.4352
vn 0.4574 0.8433 -0.2822
vn 0.5314 0.8348 -0.1437
vn -0.0320 0.8835 -0.4673
vn -0.3042 0.8717 -0.3843
vn -0.9913 0.0453 0.1237
vn 0.2647 -0.4032 0.8760
vn -0.7778 0.5501 0.3041
vn -0.3367 -0.7943 0.5057
vn 0.5477 -0.7859 0.2871
vn 0.1710 -0.9677 0.1852
vn 0.2605 -0.2648 0.9284
vn 0.9133 -0.1861 0.3623
vn 0.6425 -0.3682 0.6720
vn 0.4399 -0.7359 -0.5148
vn 0.9976 0.0061 0.0687
vn 0.8370 -0.5391 0.0937
vn -0.8800 -0.3044 0.3646
vn 0.6897 -0.3172 0.6510
vn -0.9457 0.2039 -0.2530
vn 0.9664 0.2036 0.1571
vn 0.5016 0.7028 -0.5044
vn 0.0716 0.9300 -0.3605
vn -0.2253 0.9735 0.0397
vn 0.4091 0.8464 0.3410
vn 0.3800 0.9052 0.1905
vn -0.3484 0.9290 0.1248
vn 0.2634 -0.9644 -0.0258
vn -0.2779 -0.6655 0.6928
vn -0.4351 -0.6647 0.6073
vn -0.3225 -0.5113 0.7966
vn 0.2247 -0.3157 0.9218
vn -0.4287 -0.8860 -0.1767
vn 0.1503 -0.8323 -0.5335
vn 0.2944 -0.9094 0.2937
vn 0.0248 -0.9997 0.0028
vn 0.8312 -0.4922 0.2586
vn 0.0891 -0.9959 0.0160
vn 0.5499 -0.7750 0.3113
vn -0.9462 -0.1408 0.2914
vn -0.8970 -0.4239 -0.1252
vn -0.8279 -0.4995 0.2552
vn -0.8083 -0.5348 0.2463
vn -0.8880 -0.4002 0.2264
vn -0.9215 -0.3482 0.1722
vn -0.9713 -0.2293 0.0629
vn 0.9475 -0.2165 0.2354
vn 0.8957 0.4445 0.0149
vn -0.4290 0.8381 -0.3370
vn 0.5341 -0.5573 -0.6357
vn 0.6655 -0.5617 -0.4915
vn -0.2541 0.7940 -0.5523
vn -0.7366 0.2242 0.6380
vn -0.8471 0.4623 0.2621
vn 0.0656 -0.8135 0.5779
vn -0.3305 -0.7782 0.5339
vn -0.6154 -0.7165 0.3285
vn 0.4730 -0.5788 0.6643
vn 0.5766 -0.7629 0.2923
vn -0.1805 -0.9712 -0.1558
vn -0.3589 -0.7303 0.5812
vn -0.2087 -0.9715 -0.1123
vn 0.6212 -0.7837 -0.0053
vn -0.0531 -0.9795 0.1945
vn 0.3766 -0.8234 0.4245
vn -0.7307 -0.5752 0.3678
vn 0.6868 -0.5823 0.4349
vn -0.5048 -0.7658 0.3983
vn -0.0383 -0.9404 0.3380
vn -0.8101 -0.3312 0.4838
vn 0.9565 -0.2444 0.1592
vn 0.7004 -0.4060 0.5871
vn -0.8477 -0.4614 0.2617
vn 0.8522 -0.4971 0.1632
vn 0.9321 -0.2650 0.2469
vn 0.9872 -0.1547 0.0393
vn -0.9907 -0.1268 0.0498
vn -0.9897 -0.1419 0.0195
vn -0.9649 -0.2616 -0.0228
vn -0.9386 0.1490 -0.3111
vn 0.9563 0.2573 0.1393
vn -0.9868 0.1492 0.0628
vn -0.9301 0.2936 -0.2206
vn -0.9645 0.1150 -0.2377
vn -0.8348 0.4615 -0.3003
vn -0.8962 0.4435 -0.0026
vn -0.0963 0.9056 -0.4130
vn -0.4817 -0.6985 0.5292
vn 0.6528 0.6410 0.4038
vn -0.0391 0.9854 0.1655
vn 0.3576 -0.7540 0.5510
vn -0.5411 -0.7502 -0.3800
vn -0.0232 -0.8187 -0.5737
vn 0.4821 -0.5711 -0.6644
vn 0.6941 -0.5831 0.4222
vn -0.1808 -0.9711 -0.1560
vn 0.6942 -0.5832 0.4219
vn 0.8858 0.0835 -0.4565
vn 0.0830 -0.9782 0.1906
vn 0.3129 -0.9330 0.1780
vn -0.1240 -0.6859 0.7170
vn 0.9698 -0.2029 0.1351
vn -0.8942 -0.4153 0.1670
vn -0.9045 -0.3894 0.1739
vn 0.9842 0.1123 -0.1372
vn 0.9869 0.1181 0.1095
vn 0.9556 0.2930 0.0328
vn 0.5806 0.8142 0.0039
vn -0.7495 0.6615 -0.0241
vn -0.3326 0.8756 -0.3504
vn 0.3652 0.9201 -0.1418
vn -0.3436 0.8942 -0.2871
vn -0.7129 0.4928 -0.4988
vn 0.2084 0.9483 -0.2393
vn -0.4585 0.7566 -0.4662
vn 0.2370 -0.8432 0.4826
vn -0.4609 -0.7326 0.5009
vn -0.4328 -0.8239 0.3659
vn -0.6004 0.7231 0.3415
vn -0.3290 -0.7108 0.6217
vn -0.9768 0.1955 0.0873
vn -0.6388 -0.6152 -0.4621
vn -0.3227 -0.5115 0.7964
vn -0.0963 0.9553 0.2795
vn -0.9768 0.1958 0.0872
vn -0.0659 -0.7130 0.6981
vn 0.8323 -0.4161 -0.3662
vn -0.5054 -0.7284 0.4627
vn 0.6513 -0.6769 0.3428
vn 0.6578 -0.5023 0.5612
vn -0.2157 -0.9748 -0.0563
vn 0.3038 -0.7588 0.5761
vn -0.2276 -0.5182 0.8244
vn 0.7318 -0.4787 0.4852
vn 0.1537 -0.8876 0.4342
vn -0.8197 -0.4658 0.3332
vn -0.7705 -0.5828 0.2581
vn 0.4375 -0.8604 0.2613
vn 0.7985 -0.1949 0.5696
vn 0.8586 -0.4859 0.1637
vn -0.9214 -0.3880 -0.0213
vn -0.9462 -0.2805 0.1613
vn -0.9986 0.0519 0.0060
vn -0.9469 0.2939 -0.1303
vn -0.9652 -0.2279 -0.1281
vn 0.9610 0.2614 0.0902
vn 0.9406 0.3394 0.0030
vn 0.6036 0.7384 -0.3008
vn -0.8588 0.5123 -0.0033
vn 0.7989 0.0538 0.5991
vn 0.0876 -0.6767 0.7311
vn 0.2372 0.6522 -0.7200
vn 0.9708 -0.2352 0.0470
vn -0.5027 -0.7902 -0.3505
vn -0.6965 -0.6669 -0.2650
vn -0.6386 -0.5502 0.5381
vn 0.5390 -0.4744 0.6960
vn -0.0513 -0.9255 0.3751
vn -0.1646 -0.7318 0.6613
vn 0.3176 -0.2277 0.9205
vn -0.4030 -0.5375 0.7407
vn 0.5955 -0.6734 0.4381
vn -0.7114 -0.5282 0.4635
vn 0.5811 -0.5084 0.6355
vn -0.8734 -0.4207 0.2453
vn 0.9139 -0.2819 0.2922
vn 0.8404 -0.3040 0.4487
vn -0.9933 0.1139 0.0188
vn -0.9578 -0.1089 -0.2660
vn -0.9626 0.2594 0.0786
vn -0.9715 0.0527 0.2312
vn 0.8521 0.5167 0.0833
vn 0.2640 0.9158 -0.3026
vn 0.7230 0.3036 0.6206
vn 0.1858 -0.6457 0.7407
vn 0.1931 -0.5211 0.8314
vn 0.8226 -0.5387 0.1822
vn 0.0750 -0.6557 0.7513
vn 0.5392 -0.4742 0.6960
vn 0.5370 0.1534 -0.8295
vn -0.0229 -0.8187 -0.5737
vn 0.2107 -0.9113 0.3538
vn 0.4695 -0.7644 0.4418
vn 0.3363 -0.5482 0.7657
vn 0.4460 -0.4486 0.7745
vn 0.2134 -0.6636 0.7170
vn 0.8531 -0.3649 0.3730
vn -0.9526 -0.2898 -0.0930
vn -0.8840 -0.4611 0.0768
vn -0.9193 -0.3246 0.2226
vn -0.9871 0.1586 0.0206
vn 0.4043 0.8684 -0.2870
vn -0.2804 0.8843 -0.3734
vn 0.0051 -0.9502 0.3117
vn 0.0351 -0.5942 0.8035
vn -0.5234 -0.5650 0.6378
vn -0.2620 -0.7223 0.6400
vn -0.6220 -0.6514 0.4345
vn -0.5361 -0.4243 0.7298
vn -0.1218 -0.7423 0.6589
vn 0.3416 -0.8278 0.4451
vn 0.4299 -0.6132 0.6627
vn -0.7652 -0.5319 0.3627
vn 0.9357 -0.1415 0.3232
vn 0.6894 -0.3174 0.6511
vn -0.6138 -0.3962 0.6828
vn 0.7003 -0.4058 0.5872
vn 0.4471 -0.7098 0.5443
vn -0.9353 0.3350 -0.1138
vn -0.9098 0.0738 -0.4085
vn -0.8294 -0.5306 -0.1751
vn 0.9842 0.1664 0.0598
vn 0.7789 -0.1946 0.5963
vn -0.9812 0.0104 0.1925
vn 0.9191 0.3636 0.1519
vn -0.9594 0.2801 0.0330
vn -0.8346 -0.2331 0.4991
vn -0.6756 -0.5222 0.5205
vn -0.4343 0.8180 0.3772
vn -0.0609 0.8303 0.5540
vn 0.3322 0.8514 0.4059
vn 0.3949 0.7489 0.5322
vn -0.1524 0.9138 0.3764
vn 0.2201 0.8077 0.5469
vn 0.0168 -0.9560 0.2929
vn 0.1144 -0.6801 0.7241
vn 0.1755 -0.6997 0.6926
vn 0.3059 -0.3738 0.8756
vn 0.3813 -0.6065 0.6977
vn -0.7440 -0.6549 0.1329
vn -0.8116 -0.5830 -0.0388
vn -0.7292 -0.6799 -0.0775
vn -0.7738 -0.5992 0.2052
vn 0.5958 -0.5061 0.6236
vn 0.8650 -0.4074 0.2929
vn -0.9906 -0.1301 0.0419
vn 0.9431 -0.2993 0.1446
vn -0.9637 -0.2562 -0.0749
vn 0.9601 -0.1503 0.2356
vn -0.9771 0.1961 0.0826
vn -0.9913 0.1010 0.0848
vn 0.7861 0.6176 0.0259
vn 0.5188 0.8487 -0.1026
vn -0.1727 0.8703 -0.4612
vn 0.2955 0.9396 -0.1728
vn 0.8666 -0.3085 0.3922
vn -0.9127 -0.0155 0.4084
vn 0.3199 0.7516 0.5769
vn -0.5513 -0.6779 0.4863
vn -0.4319 -0.7288 0.5313
vn 0.5674 -0.5172 0.6408
vn -0.1033 -0.7985 0.5931
vn -0.6001 -0.4343 0.6717
vn 0.0799 -0.7914 0.6060
vn -0.7605 -0.5752 0.3013
vn 0.6890 -0.5205 0.5042
vn -0.6623 -0.0795 0.7450
vn -0.2390 -0.2018 0.9498
vn -0.0092 -0.9910 0.1334
vn -0.0100 -0.9970 -0.0771
vn -0.4137 -0.5194 0.7477
vn 0.5975 -0.5670 0.5670
vn 0.5962 -0.4356 0.6744
vn -0.3852 -0.8881 0.2509
vn 0.9806 -0.1815 -0.0740
vn 0.9546 -0.0933 0.2830
vn 0.9697 0.1713 0.1742
vn -0.9604 0.0261 0.2774
vn 0.0276 0.9996 -0.0064
vn -0.1669 0.9805 -0.1034
vn 0.0303 -0.8011 0.5978
vn 0.5604 -0.3302 0.7596
vn -0.1000 0.6602 0.7444
vn 0.3113 -0.7548 0.5773
vn -0.2633 -0.7292 0.6317
vn 0.4960 -0.8671 0.0457
vn -0.1288 -0.7023 0.7001
vn -0.4556 -0.7882 0.4137
vn -0.5501 -0.4975 0.6707
vn 0.2827 -0.7087 0.6463
vn -0.6517 -0.7561 -0.0604
vn 0.3212 -0.7395 0.5916
vn 0.1754 -0.6995 0.6928
vn -0.6628 -0.1622 0.7311
vn 0.1231 -0.9569 0.2630
vn -0.1317 -0.6798 0.7215
vn 0.8414 -0.4395 0.3144
vn -0.3936 -0.8851 0.2484
vn 0.8017 -0.2012 0.5628
vn 0.6761 -0.2860 0.6791
vn -0.9214 -0.3233 0.2158
vn 0.5851 -0.6950 0.4178
vn 0.6037 -0.7124 0.3577
vn 0.8169 -0.3156 0.4827
vn -0.9524 -0.2595 -0.1599
vn 0.8478 -0.5288 0.0409
vn -0.8669 -0.4634 -0.1839
vn 0.8809 -0.4726 -0.0260
vn -0.9440 -0.3282 0.0339
vn 0.9516 0.3010 -0.0614
vn 0.9470 0.2312 0.2230
vn 0.8107 0.5707 0.1304
vn -0.7420 0.6339 -0.2183
vn -0.5194 -0.6734 0.5260
vn -0.8522 -0.3360 0.4010
vn -0.8419 0.4009 0.3613
vn -0.4686 0.5293 0.7072
vn 0.2348 -0.8012 0.5504
vn 0.2567 -0.5474 0.7965
vn 0.5674 -0.4298 0.7024
vn -0.2548 -0.9628 -0.0897
vn 0.3021 -0.8168 0.4914
vn 0.1229 -0.9571 0.2624
vn -0.2793 -0.4735 0.8354
vn -0.3472 -0.6418 0.6838
vn 0.3203 -0.6005 0.7326
vn 0.0315 -0.8831 0.4682
vn -0.3865 -0.5688 0.7261
vn 0.5686 -0.6142 0.5473
vn -0.3654 -0.8518 -0.3754
vn -0.9117 -0.2880 -0.2931
vn -0.7855 -0.5042 0.3589
vn 0.0729 -0.5682 0.8196
vn -0.8881 -0.4552 0.0644
vn -0.8307 -0.5255 -0.1835
vn 0.8596 -0.4952 0.1259
vn 0.9772 -0.1306 0.1674
vn -0.9842 -0.1561 0.0838
vn -0.9917 -0.1017 0.0783
vn -0.9183 0.3945 0.0321
vn -0.8295 0.5146 -0.2169
vn -0.5187 0.7666 -0.3785
vn 0.6619 0.7340 0.1521
vn -0.2072 0.9376 -0.2791
vn -0.1435 -0.7053 0.6942
vn -0.7622 -0.2542 0.5953
vn 0.6993 0.1604 0.6966
vn -0.1443 0.7067 0.6927
vn 0.1210 -0.9672 0.2232
vn 0.1768 -0.8200 0.5443
vn 0.1686 -0.9784 0.1193
vn 0.3849 -0.8691 0.3106
vn 0.7679 -0.6136 0.1838
vn -0.1604 -0.7758 0.6103
vn -0.9693 -0.1643 0.1827
vn 0.8533 -0.3571 0.3800
vn -0.6280 -0.3054 0.7158
vn 0.9887 -0.1206 -0.0894
vn 0.9839 -0.0422 -0.1735
vn -0.5309 0.7592 -0.3765
vn -0.0611 0.9047 -0.4216
vn 0.4134 0.9077 0.0728
vn -0.6846 0.3714 0.6272
vn -0.1696 0.5256 0.8337
vn 0.0869 -0.8688 0.4874
vn -0.5259 -0.8431 0.1120
vn 0.7682 -0.6348 -0.0828
vn 0.6798 -0.6851 0.2616
vn -0.3094 -0.6247 0.7169
vn -0.3718 -0.6928 0.6179
vn -0.9275 -0.2249 0.2987
vn -0.5456 -0.5234 0.6545
vn -0.3052 -0.5566 0.7727
vn -0.3449 -0.9376 0.0448
vn -0.6457 -0.5177 0.5613
vn 0.9424 0.1287 -0.3088
vn -0.4572 -0.5492 0.6996
vn -0.1109 -0.8229 0.5572
vn 0.4792 -0.6276 0.6135
vn -0.3835 -0.6307 0.6746
vn -0.7070 0.0857 0.7020
vn -0.7558 -0.1047 0.6463
vn 0.7100 -0.6290 0.3165
vn 0.7247 -0.6538 0.2175
vn 0.8016 -0.1895 0.5670
vn -0.8392 -0.4713 0.2714
vn -0.9456 -0.3093 0.1005
vn 0.9006 -0.3168 0.2976
vn -0.9784 0.1737 0.1122
vn -0.9874 0.0976 0.1243
vn 0.7757 -0.0765 0.6264
vn -0.9697 0.2372 0.0583
vn -0.1372 0.9419 -0.3067
vn 0.2125 0.9738 -0.0808
vn 0.5088 -0.5667 0.6480
vn 0.1457 0.6021 0.7850
vn -0.8239 -0.3838 0.4170
vn -0.8082 -0.2842 0.5158
vn 0.8006 -0.1952 0.5665
vn 0.4138 -0.4541 0.7891
vn -0.1321 -0.4345 0.8909
vn 0.1376 -0.6335 0.7614
vn 0.5404 -0.8378 0.0779
vn 0.6231 -0.6749 0.3952
vn 0.7887 -0.6055 0.1067
vn -0.2525 -0.5638 0.7863
vn 0.0729 -0.2485 0.9659
vn 0.3245 -0.4151 0.8499
vn -0.7317 -0.4438 0.5173
vn -0.8127 -0.5322 0.2372
vn 0.8942 -0.2802 0.3490
vn 0.9996 -0.0289 0.0001
vn 0.9779 -0.1679 0.1249
vn -0.8041 -0.5319 0.2655
vn -0.9626 -0.2610 0.0725
vn 0.8912 0.0256 0.4530
vn -0.9915 0.1209 0.0481
vn 0.7476 -0.1105 0.6549
vn 0.7707 0.4008 -0.4954
vn 0.4445 0.8895 -0.1058
vn 0.5295 0.8414 -0.1082
vn 0.6178 0.7862 -0.0140
vn 0.1059 0.9785 -0.1767
vn -0.0384 0.9671 -0.2515
vn -0.2996 0.9372 -0.1784
vn -0.1131 -0.6550 0.7471
vn 0.5420 0.0289 0.8399
vn 0.3900 -0.7006 0.5975
vn -0.1769 -0.5856 0.7911
vn 0.2190 -0.4420 0.8699
vn -0.2026 -0.5951 0.7777
vn -0.2518 -0.7419 0.6215
vn -0.3386 0.2627 0.9035
vn -0.5543 -0.7888 0.2657
vn -0.5900 -0.7043 0.3947
vn -0.2681 -0.5232 0.8089
vn -0.5402 -0.8285 0.1473
vn 0.3216 -0.5577 0.7652
vn 0.6427 -0.7543 0.1341
vn -0.8261 -0.4499 0.3395
vn 0.3684 -0.4765 0.7982
vn -0.1130 -0.7022 0.7030
vn 0.4876 -0.4430 0.7523
vn -0.3653 -0.4753 0.8004
vn 0.4164 -0.8461 0.3329
vn 0.6812 -0.4383 0.5863
vn -0.9380 -0.3385 0.0742
vn -0.9447 -0.2687 0.1882
vn 0.9503 -0.1926 0.2448
vn -0.9829 -0.1614 0.0887
vn 0.7986 0.5273 0.2901
vn -0.5327 0.8362 -0.1302
vn -0.0696 0.9856 -0.1540
vn -0.7339 -0.4398 0.5177
vn 0.3049 -0.0868 0.9484
vn 0.5564 0.3392 0.7585
vn 0.0349 0.5933 0.8042
vn 0.7155 -0.6015 0.3555
vn 0.7829 0.3142 0.5370
vn 0.5990 -0.5003 0.6253
vn 0.2852 -0.6962 0.6588
vn 0.4418 -0.5045 0.7418
vn -0.0579 -0.5085 0.8591
vn -0.1590 -0.6945 0.7017
vn -0.3662 -0.5968 0.7139
vn 0.7987 -0.4954 0.3415
vn 0.0024 -0.7789 0.6272
vn -0.6028 -0.5528 0.5754
vn 0.7162 -0.2886 0.6354
vn 0.9902 -0.1146 0.0804
vn 0.8191 -0.3806 0.4292
vn 0.8566 -0.3676 0.3621
vn -0.9837 -0.0492 0.1729
vn -0.9755 0.2200 0.0033
vn 0.8137 -0.5254 -0.2488
vn 0.9378 0.1957 0.2867
vn -0.2563 0.9568 -0.1375
vn -0.2173 0.9608 -0.1719
vn 0.3688 -0.4939 0.7874
vn -0.3856 -0.5555 0.7367
vn -0.1012 -0.2004 0.9745
vn -0.4985 0.0091 0.8668
vn 0.0950 0.0909 0.9913
vn -0.7320 0.0225 0.6810
vn -0.1056 -0.7835 0.6123
vn -0.0104 -0.5448 0.8385
vn 0.4497 -0.4453 0.7743
vn 0.7911 -0.3359 0.5111
vn 0.3683 -0.5647 0.7385
vn 0.2506 -0.7923 0.5563
vn -0.5821 -0.5355 0.6119
vn -0.7319 -0.4439 0.5170
vn -0.6865 -0.2460 -0.6843
vn -0.8128 -0.5321 0.2373
vn 0.9231 -0.2700 0.2740
vn 0.9903 -0.1027 -0.0940
vn -0.9884 -0.0911 0.1215
vn 0.9240 0.3225 0.2054
vn 0.9245 0.3515 0.1477
vn -0.9436 0.2745 0.1850
vn -0.9343 0.0042 0.3565
vn 0.2742 0.8711 -0.4074
vn -0.9707 0.2345 0.0531
vn 0.6464 0.7543 0.1146
vn 0.5097 0.8565 -0.0819
vn -0.2467 -0.4959 0.8326
vn 0.0237 -0.3605 0.9325
vn 0.3346 -0.4048 0.8510
vn 0.3426 -0.0559 0.9378
vn -0.5134 0.3780 0.7704
vn 0.2337 -0.4311 0.8715
vn -0.4981 -0.7937 0.3493
vn 0.7557 -0.4574 0.4688
vn -0.1934 -0.5894 0.7844
vn 0.4472 -0.5603 0.6972
vn 0.1875 -0.4872 0.8529
vn 0.7931 -0.3656 0.4871
vn 0.1723 -0.7915 0.5864
vn -0.4118 -0.6777 0.6092
vn -0.6880 -0.5485 0.4753
vn 0.4494 -0.6903 0.5670
vn 0.2270 -0.8043 -0.5491
vn 0.3380 -0.8791 0.3361
vn -0.8125 -0.5325 0.2373
vn 0.9702 -0.2251 0.0895
vn 0.9807 -0.1915 0.0401
vn 0.9971 -0.0755 -0.0029
vn -0.9970 0.0524 0.0572
vn 0.8545 -0.0025 0.5194
vn -0.5417 0.8147 -0.2069
vn 0.7112 0.6981 0.0827
vn -0.3237 0.9452 -0.0429
vn 0.0883 -0.3970 0.9136
vn 0.7479 -0.2104 0.6295
vn -0.7270 0.0438 0.6853
vn 0.1922 0.4891 0.8508
vn -0.2549 0.2725 0.9278
vn 0.3202 -0.7642 0.5599
vn -0.4745 -0.6129 0.6318
vn -0.8414 -0.2364 -0.4860
vn -0.8603 -0.3043 -0.4090
vn -0.9726 -0.0544 -0.2262
vn 0.9848 -0.1001 -0.1420
vn 0.9844 0.0902 0.1510
vn 0.8791 0.1229 0.4606
vn -0.9408 0.1880 0.2820
vn 0.8676 0.2593 0.4242
vn -0.3355 0.9405 -0.0540
vn -0.5417 -0.2208 0.8111
vn 0.0896 0.0065 0.9960
vn 0.4341 0.3227 0.8411
vn -0.3241 -0.5372 0.7787
vn -0.3795 -0.4334 0.8174
vn 0.2281 -0.7082 0.6681
vn -0.3314 -0.9383 0.0987
vn 0.6801 -0.5532 0.4811
vn -0.4149 -0.5920 0.6910
vn -0.2927 -0.9546 0.0558
vn 0.6590 -0.4315 0.6161
vn -0.8126 -0.5324 0.2373
vn 0.6619 -0.7248 0.1912
vn -0.8482 -0.2799 0.4496
vn -0.8414 -0.2363 -0.4860
vn -0.7858 -0.6184 -0.0094
vn -0.7969 -0.5715 -0.1960
vn -0.7903 -0.4323 0.4343
vn -0.9279 -0.2890 0.2355
vn 0.9310 0.1514 0.3320
vn -0.9169 0.3968 0.0427
vn -0.6084 0.7754 -0.1693
vn -0.4817 0.8763 -0.0064
vn -0.0112 0.2338 0.9722
vn 0.1534 -0.4822 0.8625
vn -0.3081 -0.7740 0.5531
vn 0.7327 -0.5642 0.3806
vn 0.5796 -0.7695 0.2681
vn 0.0845 -0.6697 0.7378
vn 0.3639 -0.7067 0.6067
vn 0.4223 -0.5699 0.7048
vn -0.6790 -0.3590 0.6404
vn -0.2901 -0.5533 0.7808
vn 0.2692 -0.8890 -0.3705
vn 0.8739 -0.3825 0.3000
vn -0.0677 -0.8837 0.4632
vn 0.4566 -0.2201 0.8620
vn 0.1892 -0.2970 0.9360
vn -0.8776 -0.4200 -0.2310
vn -0.3228 -0.8721 -0.3677
vn -0.8336 -0.4552 0.3130
vn 0.7745 -0.4010 0.4893
vn 0.9587 -0.2710 0.0862
vn 0.9880 0.0814 0.1315
vn -0.9945 0.0251 0.1017
vn 0.9371 0.2003 0.2857
vn -0.9605 -0.1726 0.2181
vn 0.8830 0.2275 0.4105
vn -0.9874 -0.0446 0.1518
vn -0.9890 0.1055 0.1032
vn 0.4357 0.8927 0.1156
vn 0.5083 0.8612 0.0062
vn 0.2218 -0.0279 0.9747
vn 0.1407 -0.3997 0.9058
vn 0.3320 -0.6686 -0.6654
vn -0.4688 -0.5595 0.6835
vn 0.0448 -0.4159 0.9083
vn -0.2819 -0.6023 0.7469
vn -0.0352 -0.9641 0.2631
vn 0.7938 -0.3197 0.5173
vn 0.9476 -0.2212 0.2304
vn 0.9423 -0.2199 0.2524
vn -0.8843 -0.4049 0.2327
vn 0.7556 -0.4962 0.4276
vn -0.9831 0.0166 0.1822
vn -0.9749 -0.1035 0.1970
vn 0.9275 0.3618 0.0937
vn -0.9892 0.1396 -0.0437
vn 0.2150 -0.7291 0.6498
vn -0.8320 -0.2788 0.4797
vn 0.5669 -0.3658 0.7381
vn 0.1811 -0.8052 0.5647
vn 0.1465 -0.6685 0.7291
vn -0.8147 -0.3681 0.4481
vn 0.4037 -0.4879 0.7739
vn -0.8653 -0.3835 0.3228
vn -0.5410 -0.8281 -0.1470
vn 0.9327 -0.1083 0.3441
vn 0.5943 -0.4846 0.6418
vn 0.5244 -0.6363 0.5658
vn -0.3590 -0.9331 0.0226
vn -0.8069 -0.5573 0.1956
vn -0.6522 -0.7454 0.1378
vn -0.6160 -0.6876 0.3843
vn 0.9159 -0.3100 0.2551
vn 0.9714 0.1890 0.1439
vn 0.8145 0.2552 0.5211
vn -0.8611 0.5076 0.0298
vn -0.4701 0.8737 -0.1250
vn -0.4988 0.8665 -0.0179
vn -0.1999 0.9751 -0.0963
vn 0.3092 0.9510 -0.0042
vn -0.1363 0.9871 -0.0844
vn 0.1132 -0.5507 0.8270
vn -0.0265 -0.3309 0.9433
vn -0.2124 -0.4532 0.8657
vn 0.6832 -0.2626 0.6814
vn 0.4071 0.0317 0.9128
vn 0.2850 -0.6690 0.6864
vn 0.0659 -0.3445 0.9365
vn -0.3609 -0.7340 0.5753
vn -0.4078 -0.3696 0.8349
vn 0.6614 -0.7241 -0.1956
vn -0.4960 -0.6494 0.5764
vn 0.8618 -0.4740 0.1807
vn -0.7089 -0.5136 0.4834
vn 0.8768 -0.3008 0.3750
vn -0.6935 0.5529 -0.4619
vn 0.6728 -0.6016 0.4306
vn 0.6645 -0.5892 0.4596
vn -0.6835 -0.4184 0.5982
vn 0.9894 -0.0723 0.1257
vn -0.7637 -0.1603 -0.6253
vn -0.9177 -0.2280 0.3254
vn -0.9631 -0.1891 -0.1913
vn -0.9517 -0.2834 0.1184
vn 0.9583 -0.2642 0.1091
vn -0.4422 0.8962 0.0373
vn 0.0764 0.9970 0.0129
vn 0.1367 -0.3685 0.9195
vn -0.2115 -0.6376 0.7407
vn -0.2767 -0.5440 0.7921
vn -0.1921 -0.4869 0.8521
vn -0.0908 -0.6700 0.7368
vn 0.0860 -0.8945 0.4388
vn -0.5636 -0.8260 0.0133
vn -0.1983 -0.8349 0.5135
vn -0.5973 -0.5358 0.5968
vn 0.8748 0.0764 0.4783
vn 0.9304 -0.1441 0.3370
vn 0.5545 -0.4170 0.7202
vn 0.2521 -0.8227 0.5095
vn -0.6560 -0.6422 0.3966
vn -0.9628 -0.0108 -0.2698
vn -0.7033 -0.6813 0.2029
vn 0.8908 -0.3090 0.3331
vn -0.4764 -0.5786 0.6621
vn 0.9973 -0.0679 -0.0284
vn 0.9929 0.0828 0.0857
vn -0.9954 0.0954 0.0108
vn 0.8632 0.4830 0.1471
vn -0.8062 0.5880 0.0659
vn 0.7896 0.5812 0.1968
vn 0.6234 0.7755 0.1000
vn 0.3961 0.9158 0.0665
vn 0.1000 0.9905 0.0945
vn -0.1645 -0.5730 0.8029
vn 0.0204 -0.4933 0.8696
vn 0.0265 -0.6342 0.7727
vn -0.2242 -0.7555 0.6156
vn 0.8214 -0.4273 0.3777
vn -0.3994 -0.5318 0.7467
vn 0.1287 -0.6558 0.7439
vn 0.7286 -0.3474 0.5903
vn 0.7865 -0.3788 0.4878
vn -0.9199 -0.2719 0.2827
vn 0.9228 0.1583 0.3513
vn 0.8779 0.3356 0.3415
vn 0.8423 0.4390 0.3126
vn 0.0254 0.9990 -0.0358
vn -0.2123 -0.5080 0.8348
vn 0.4769 -0.4948 0.7264
vn 0.2718 -0.5645 0.7794
vn -0.3468 -0.4891 0.8004
vn 0.3085 -0.6084 0.7312
vn -0.6929 -0.1087 0.7128
vn 0.1892 -0.2022 0.9609
vn 0.3612 -0.7362 0.5723
vn -0.2398 0.0754 0.9679
vn -0.0627 -0.6816 0.7291
vn 0.8193 -0.5711 -0.0503
vn -0.6438 -0.4880 0.5894
vn -0.9763 -0.0970 -0.1932
vn -0.0610 -0.5723 0.8178
vn -0.6616 -0.5564 0.5027
vn 0.8477 -0.3274 0.4174
vn 0.3217 -0.6242 0.7120
vn -0.6852 -0.5797 0.4409
vn 0.8125 -0.4373 0.3855
vn -0.9167 0.3939 0.0671
vn 0.7483 0.6305 0.2064
vn -0.5308 -0.1744 0.8293
vn -0.0682 -0.4856 0.8715
vn 0.2713 -0.7365 0.6196
vn 0.2526 -0.4905 0.8340
vn -0.7389 -0.5004 0.4512
vn 0.1462 -0.5451 0.8255
vn -0.5130 -0.6535 0.5566
vn -0.3978 -0.8245 0.4025
vn -0.4414 -0.6355 0.6335
vn 0.4958 -0.4378 0.7500
vn 0.7450 -0.2559 0.6160
vn -0.3399 -0.3514 0.8723
vn -0.9496 0.2924 -0.1127
vn -0.5029 -0.1253 0.8552
vn 0.5219 -0.4933 0.6959
vn 0.9318 -0.1754 0.3178
vn 0.9605 -0.1829 0.2098
vn 0.9324 0.1782 0.3143
vn -0.9899 0.0276 0.1387
vn 0.9296 0.3567 0.0928
vn 0.6407 0.6953 0.3257
vn 0.8389 0.0986 0.5353
vn -0.7352 0.6555 0.1728
vn 0.4541 0.8900 -0.0403
vn -0.1865 0.9776 -0.0977
vn 0.2178 0.9632 -0.1578
vn 0.6145 -0.7818 0.1058
vn -0.8136 -0.5350 0.2276
vn 0.6612 -0.4885 0.5694
vn 0.7347 -0.5140 0.4427
vn 0.3081 -0.3144 0.8979
vn 0.9107 -0.3665 0.1907
vn 0.0324 -0.9163 0.3992
vn 0.8265 -0.5360 0.1720
vn -0.1831 -0.6833 0.7068
vn 0.8467 -0.4169 0.3307
vn 0.9914 -0.1022 0.0817
vn -0.7035 -0.3456 0.6210
vn -0.8860 -0.0814 -0.4564
vn -0.9317 -0.3393 0.1299
vn -0.6439 -0.3392 0.6858
vn -0.7864 -0.2101 0.5808
vn 0.9907 0.1060 0.0850
vn 0.8700 0.4931 0.0069
vn 0.8528 0.2202 0.4735
vn -0.9258 0.3257 0.1917
vn 0.7296 0.6386 0.2448
vn -0.4606 0.8866 -0.0428
vn -0.0285 -0.4266 0.9040
vn 0.2319 -0.6290 0.7420
vn -0.3840 -0.5550 0.7379
vn 0.7389 -0.5612 0.3730
vn 0.2710 -0.6587 0.7019
vn -0.6541 -0.6566 0.3755
vn 0.2574 -0.7469 0.6132
vn 0.6865 -0.7108 0.1536
vn -0.3949 -0.6972 0.5983
vn -0.3346 -0.5292 0.7797
vn 0.3984 -0.9172 -0.0096
vn 0.3697 -0.4101 0.8338
vn 0.7615 -0.3686 0.5331
vn -0.7991 -0.4368 0.4131
vn -0.9371 -0.0801 0.3397
vn 0.9480 -0.1857 0.2585
vn -0.9078 -0.2566 0.3318
vn 0.8407 0.5415 0.0015
vn 0.5945 0.7953 0.1188
vn -0.9212 0.0068 0.3890
vn 0.7196 0.3118 0.6205
vn -0.9943 0.1061 -0.0047
vn 0.2481 0.9684 -0.0256
vn -0.1068 -0.3981 0.9111
vn -0.1891 -0.5620 0.8052
vn -0.1085 -0.7814 0.6145
vn -0.0885 -0.5713 0.8159
vn -0.2332 -0.4065 0.8834
vn -0.0055 -0.2565 0.9665
vn -0.4708 -0.4417 0.7637
vn 0.2592 -0.5230 0.8120
vn -0.8946 -0.2650 0.3597
vn -0.7943 -0.2771 0.5407
vn -0.5765 -0.3147 0.7541
vn -0.5626 -0.3994 0.7238
vn 0.9455 -0.1773 0.2732
vn -0.6385 -0.4323 0.6367
vn 0.9658 0.0717 0.2493
vn -0.7821 0.5907 0.1984
vn -0.9127 0.2979 0.2797
vn -0.9573 -0.1726 -0.2319
vn -0.0347 0.9874 -0.1543
vn 0.3695 -0.7037 0.6068
vn -0.4081 -0.4017 0.8198
vn 0.0921 -0.5977 0.7964
vn -0.2558 -0.4947 0.8306
vn 0.5516 -0.6291 0.5478
vn 0.5937 -0.6062 0.5292
vn -0.2565 -0.5671 0.7827
vn -0.0980 -0.3820 0.9190
vn -0.3912 -0.8124 0.4325
vn -0.3227 -0.4264 0.8450
vn 0.1364 -0.8658 0.4814
vn 0.5907 -0.3133 0.7436
vn 0.7079 -0.5651 0.4238
vn -0.5128 -0.2213 0.8295
vn -0.8946 -0.2653 0.3595
vn -0.7338 -0.0160 -0.6791
vn -0.7943 -0.2771 0.5406
vn 0.8019 -0.3344 0.4951
vn 0.9007 0.2688 0.3412
vn 0.8826 0.4034 0.2412
vn 0.8590 0.4824 0.1715
vn 0.8453 0.5169 0.1350
vn -0.7855 0.5794 0.2174
vn 0.9597 -0.0466 0.2772
vn 0.6412 0.7657 0.0513
vn -0.3811 0.9206 0.0852
vn 0.1013 -0.4760 0.8736
vn 0.6950 -0.3469 0.6298
vn 0.4207 -0.3811 0.8232
vn -0.2621 -0.3703 0.8912
vn 0.2686 -0.3516 0.8968
vn -0.0449 -0.4368 0.8984
vn 0.2981 -0.5971 0.7447
vn -0.1085 -0.4963 0.8613
vn -0.8116 -0.3034 0.4993
vn -0.1477 -0.4164 0.8971
vn -0.4453 -0.0735 0.8924
vn 0.5023 -0.3926 0.7705
vn -0.2092 -0.1031 0.9724
vn 0.8690 -0.1121 0.4819
vn 0.7543 -0.2584 0.6035
vn 0.8396 -0.1691 0.5163
vn -0.8651 -0.3178 0.3880
vn -0.9443 0.2734 0.1834
vn -0.9053 -0.0635 0.4201
vn -0.0869 0.9481 -0.3057
vn -0.4727 -0.2288 0.8510
vn -0.4749 -0.6416 0.6024
vn -0.3366 -0.4377 0.8337
vn 0.6952 -0.3468 0.6296
vn -0.3232 -0.4262 0.8449
vn 0.7241 -0.5911 0.3553
vn 0.4583 -0.4312 0.7772
vn 0.3337 -0.2059 0.9199
vn 0.8625 -0.1182 0.4921
vn -0.2838 -0.2766 0.9181
vn -0.9135 -0.3046 0.2697
vn -0.6152 -0.4791 0.6261
vn -0.8791 -0.2773 0.3876
vn -0.6618 -0.4807 0.5752
vn 0.8888 0.1950 0.4148
vn 0.7971 0.5954 -0.1012
vn 0.8586 -0.0001 0.5126
vn -0.9976 -0.0244 -0.0654
vn -0.7750 0.6274 -0.0759
vn -0.5981 -0.5966 0.5350
vn -0.0678 -0.8602 0.5054
vn 0.1603 -0.7949 0.5852
vn -0.1500 -0.4102 0.8996
vn -0.8861 -0.4306 0.1713
vn 0.3870 -0.7932 0.4701
vn -0.2217 -0.2883 0.9315
vn 0.3969 -0.3465 0.8499
vn -0.7801 0.0751 -0.6211
vn 0.1259 -0.4078 0.9044
vn -0.0305 -0.4748 0.8796
vn -0.4718 -0.5352 0.7006
vn 0.1967 -0.3490 0.9163
vn 0.6968 -0.1473 0.7020
vn 0.4145 -0.4153 0.8098
vn -0.4330 -0.3898 0.8128
vn -0.3452 -0.5878 0.7317
vn 0.8876 0.2370 0.3950
vn -0.9915 0.0323 0.1257
vn 0.8249 0.1569 0.5431
vn 0.7544 0.4683 0.4600
vn -0.9785 0.2017 -0.0431
vn 0.7357 0.4578 0.4992
vn -0.9226 -0.0329 -0.3843
vn 0.5782 0.8143 -0.0506
vn 0.7422 0.6526 0.1523
vn -0.2792 0.9599 0.0244
vn -0.3270 -0.9025 0.2804
vn 0.0429 -0.8601 0.5083
vn -0.2338 -0.7653 0.5997
vn -0.0725 -0.3795 0.9224
vn -0.0064 -0.3181 0.9480
vn -0.0429 -0.2712 0.9616
vn -0.3519 -0.4089 0.8420
vn -0.3046 -0.5347 0.7883
vn 0.8627 -0.1395 0.4861
vn 0.4231 -0.5068 0.7511
vn -0.9549 -0.2106 0.2095
vn 0.7244 -0.2147 0.6551
vn 0.8885 0.3334 0.3153
vn -0.8075 0.5483 0.2174
vn 0.7241 0.6878 0.0518
vn 0.9002 0.0322 0.4342
vn 0.8481 -0.2345 0.4751
vn 0.9269 0.3599 0.1065
vn -0.7052 0.6478 0.2881
vn -0.5968 0.7574 0.2648
vn -0.0092 0.9764 -0.2157
vn -0.9065 -0.3583 0.2233
vn 0.4490 -0.8631 0.2312
vn -0.2736 -0.7500 0.6022
vn -0.6085 -0.7553 0.2436
vn -0.1420 -0.3652 0.9200
vn 0.3294 -0.3369 0.8820
vn 0.0570 -0.3287 0.9427
vn 0.3985 -0.4485 0.8000
vn -0.4370 -0.3612 0.8238
vn -0.8027 -0.3411 0.4893
vn 0.5284 -0.4097 0.7436
vn 0.7048 -0.1528 0.6928
vn 0.8758 0.3185 0.3627
vn -0.9396 0.1182 -0.3212
vn 0.8035 0.5685 0.1766
vn 0.2803 0.9596 -0.0258
vn -0.3744 0.9259 0.0513
vn 0.5278 -0.7755 0.3465
vn -0.7286 -0.6616 0.1774
vn -0.5444 -0.3839 0.7458
vn 0.0057 -0.2921 0.9564
vn 0.3821 -0.4007 0.8327
vn -0.8859 -0.3942 -0.2446
vn 0.5109 -0.3014 0.8051
vn -0.9018 -0.2187 0.3727
vn -0.6652 -0.4104 -0.6237
vn -0.8669 0.4743 -0.1532
vn -0.2149 -0.9125 0.3482
vn -0.7469 -0.3281 0.5784
vn 0.4068 -0.8712 0.2750
vn -0.6219 -0.7508 0.2226
vn 0.9081 -0.4154 0.0526
vn 0.3563 -0.6528 0.6685
vn -0.1943 -0.4339 0.8797
vn -0.2918 -0.5346 0.7931
vn 0.0034 -0.4640 0.8858
vn 0.4367 -0.4554 0.7758
vn -0.7097 -0.5088 0.4872
vn -0.4825 -0.5151 0.7084
vn -0.9013 -0.2340 -0.3646
vn -0.8422 -0.4836 0.2383
vn 0.7493 -0.1438 0.6464
vn -0.8072 -0.3669 0.4624
vn 0.8747 0.4159 0.2488
vn 0.8793 0.0891 0.4679
vn 0.5698 0.6525 0.4996
vn 0.6472 0.4256 0.6325
vn -0.9517 -0.1222 -0.2818
vn -0.7708 -0.0741 -0.6328
vn 0.6257 -0.6671 0.4043
vn 0.5438 -0.7616 0.3524
vn 0.4413 -0.8829 0.1606
vn 0.0720 -0.9444 0.3208
vn 0.1229 -0.5687 0.8133
vn 0.2673 -0.6612 0.7010
vn -0.7107 -0.4180 0.5658
vn 0.2994 -0.3106 0.9022
vn -0.8484 -0.4041 -0.3420
vn 0.4680 -0.4216 0.7767
vn -0.8768 -0.4356 0.2036
vn -0.8129 -0.4577 0.3601
vn -0.8830 -0.1468 0.4459
vn 0.6708 0.6205 -0.4063
vn -0.9494 0.0800 0.3038
vn 0.8945 0.3100 0.3223
vn 0.9943 0.0645 -0.0849
vn -0.5739 0.8186 0.0225
vn -0.5320 0.8467 -0.0129
vn -0.6257 0.7195 0.3014
vn 0.5581 0.8298 0.0070
vn 0.2921 0.9513 -0.0982
vn 0.1388 0.9857 -0.0960
vn -0.4388 -0.8031 0.4032
vn -0.9347 -0.3414 0.0987
vn -0.4962 -0.8399 0.2201
vn -0.7209 -0.6591 0.2142
vn -0.8596 -0.2363 0.4530
vn -0.9612 -0.2757 0.0044
vn 0.6888 -0.2548 0.6787
vn 0.8892 -0.1946 0.4142
vn -0.7765 -0.5385 0.3272
vn 0.8617 0.4588 0.2165
vn 0.9272 -0.0015 0.3746
vn 0.7150 -0.2793 0.6409
vn -0.9367 -0.3133 0.1562
vn 0.6234 0.0501 0.7803
vn -0.6945 0.2960 -0.6558
vn -0.9587 0.2831 -0.0293
vn -0.4443 0.8924 0.0791
vn -0.1421 0.9829 -0.1170
vn -0.2469 0.9656 -0.0810
vn -0.1036 0.9727 -0.2075
vn 0.1453 -0.9850 0.0927
vn 0.1184 -0.8816 0.4569
vn -0.1100 -0.8800 0.4620
vn 0.0162 -0.9944 0.1045
vn 0.7910 -0.6086 0.0625
vn 0.8412 -0.5211 -0.1444
vn 0.4608 -0.8835 0.0843
vn 0.8614 -0.4698 0.1932
vn 0.6656 -0.4100 0.6235
vn 0.7670 -0.5699 0.2948
vn -0.7935 -0.6086 0.0021
vn 0.5533 -0.6359 0.5380
vn -0.8069 -0.5700 -0.1551
vn 0.8369 -0.0864 0.5405
vn -0.6575 -0.6270 0.4178
vn -0.2089 -0.6084 0.7656
vn -0.8596 -0.2367 0.4528
vn -0.8482 -0.4044 -0.3420
vn -0.8770 -0.4352 0.2037
vn 0.8292 0.1476 0.5392
vn 0.8656 0.1447 0.4794
vn 0.8084 0.3140 0.4979
vn -0.8394 0.5326 0.1080
vn -0.8645 -0.4111 0.2891
vn 0.8447 0.1513 0.5133
vn -0.7271 0.5888 -0.3529
vn -0.3930 0.9017 0.1804
vn -0.2742 -0.9587 -0.0760
vn 0.5440 -0.7603 0.3549
vn 0.2775 -0.8639 0.4203
vn 0.7426 -0.6321 -0.2212
vn -0.8064 -0.5612 -0.1865
vn -0.4035 -0.6054 0.6861
vn -0.8485 -0.4041 -0.3419
vn -0.7833 -0.4462 0.4329
vn 0.4773 -0.3680 0.7979
vn 0.4277 -0.3920 0.8145
vn -0.9021 -0.3147 -0.2954
vn 0.7389 0.5606 0.3737
vn 0.7055 0.5070 0.4952
vn 0.7586 0.3573 0.5449
vn 0.6571 0.0512 0.7520
vn -0.8636 0.4152 0.2860
vn 0.6729 0.7347 -0.0860
vn -0.7168 0.6151 0.3283
vn 0.6195 0.7379 -0.2677
vn -0.4035 0.9062 0.1264
vn 0.0279 0.9989 -0.0384
vn -0.2808 -0.9507 0.1314
vn 0.4508 -0.8859 -0.1092
vn -0.6012 -0.7331 0.3180
vn 0.8582 -0.5126 -0.0285
vn 0.1636 -0.9603 0.2261
vn -0.1759 -0.9208 0.3481
vn -0.3415 -0.8564 0.3873
vn -0.8852 -0.3446 -0.3126
vn 0.7180 -0.6920 0.0747
vn 0.6648 -0.6718 0.3267
vn -0.6644 -0.6163 -0.4228
vn 0.2932 -0.7945 -0.5318
vn -0.6568 -0.0739 -0.7504
vn -0.4328 -0.6563 -0.6180
vn 0.5308 -0.3283 0.7813
vn -0.6200 -0.5111 0.5953
vn 0.5191 -0.3631 0.7738
vn 0.5793 -0.2927 0.7607
vn 0.8904 -0.0831 0.4474
vn -0.9368 -0.1970 0.2890
vn -0.9928 0.0478 0.1094
vn 0.8286 0.0750 0.5548
vn 0.3339 0.6923 -0.6397
vn 0.3049 0.0390 -0.9516
vn 0.3050 0.0383 -0.9516
vn 0.3338 0.6922 -0.6398
vn 0.9273 -0.0015 0.3742
vn 0.9105 0.3257 0.2547
vn 0.5719 0.4042 0.7139
vn -0.9506 -0.0881 0.2977
vn -0.9870 0.1606 -0.0084
vn 0.6247 0.7805 0.0236
vn -0.0026 -0.9334 0.3588
vn 0.1330 -0.9871 0.0894
vn 0.5006 -0.8574 -0.1193
vn -0.6897 -0.7221 0.0537
vn -0.7624 -0.6114 0.2119
vn -0.7509 -0.6497 0.1186
vn -0.3505 -0.9340 0.0690
vn 0.5691 -0.7782 -0.2657
vn 0.9025 -0.0017 -0.4307
vn 0.1851 -0.8469 0.4985
vn -0.9091 -0.3616 -0.2068
vn 0.6135 -0.3290 0.7179
vn -0.7639 -0.6329 0.1263
vn 0.7655 -0.0750 0.6390
vn -0.8394 -0.4220 -0.3424
vn 0.7314 -0.6554 0.1887
vn 0.7493 -0.1434 0.6466
vn 0.8674 0.3503 0.3535
vn 0.6711 -0.1981 0.7144
vn 0.5226 -0.2779 0.8060
vn 0.8134 0.1424 0.5639
vn 0.3338 0.6924 -0.6396
vn 0.4869 0.8726 -0.0391
vn 0.9415 -0.0283 -0.3357
vn -0.4563 0.8115 0.3651
vn -0.2101 0.9736 0.0897
vn 0.3417 0.9396 -0.0206
vn -0.5853 -0.4727 0.6588
vn 0.8694 -0.4882 0.0756
vn -0.5918 -0.7669 -0.2484
vn 0.4795 -0.7765 0.4088
vn 0.8508 -0.5252 -0.0189
vn 0.7691 -0.6354 -0.0693
vn 0.8765 -0.2039 0.4361
vn 0.8868 0.0647 0.4577
vn 0.9458 -0.0651 -0.3182
vn 0.2923 0.9546 0.0568
vn -0.1081 0.9940 -0.0139
vn 0.1721 -0.9674 0.1856
vn 0.1476 -0.9763 0.1584
vn 0.2629 -0.7961 -0.5450
vn -0.8084 -0.5876 0.0353
vn 0.4174 -0.8676 0.2703
vn -0.5559 -0.8221 0.1229
vn -0.7688 -0.6385 -0.0355
vn 0.8096 -0.1177 -0.5751
vn 0.2780 -0.9351 -0.2196
vn 0.9497 -0.3132 -0.0049
vn -0.6139 -0.7136 0.3375
vn 0.6154 -0.4470 0.6492
vn 0.7638 -0.2979 0.5725
vn -0.9243 -0.2885 0.2498
vn 0.8012 0.0232 0.5980
vn 0.9004 0.4351 0.0063
vn 0.9747 -0.2151 0.0613
vn -0.7327 0.5971 0.3265
vn -0.5775 0.7774 0.2493
vn 0.5644 0.7521 -0.3403
vn -0.4908 0.8713 -0.0033
vn 0.3343 -0.8975 0.2877
vn -0.4917 -0.8539 0.1704
vn 0.3898 0.4863 0.7821
vn -0.0258 -0.8190 0.5732
vn -0.2974 -0.8990 0.3216
vn 0.6210 -0.7836 -0.0152
vn 0.7846 -0.5828 0.2116
vn 0.7155 -0.4262 0.5536
vn -0.7582 -0.6500 0.0513
vn 0.4846 -0.2618 0.8347
vn 0.6835 -0.2191 0.6963
vn 0.3999 0.7077 0.5824
vn 0.8723 0.3736 0.3154
vn -0.3193 -0.2646 0.9099
vn 0.6612 -0.2083 -0.7207
vn -0.2069 0.9654 -0.1585
vn 0.5449 -0.0484 0.8371
vn 0.6655 -0.7438 0.0619
vn 0.1468 -0.9611 0.2340
vn 0.7452 -0.6664 -0.0215
vn -0.1481 -0.9888 -0.0164
vn 0.4054 -0.8465 0.3451
vn 0.7723 -0.6251 -0.1129
vn 0.7866 -0.5433 -0.2933
vn 0.3120 -0.8918 0.3277
vn -0.6942 -0.7195 -0.0218
vn 0.8992 -0.2572 -0.3541
vn 0.4594 -0.8653 0.2005
vn -0.7569 -0.5056 -0.4141
vn 0.5317 -0.5022 0.6820
vn 0.7456 -0.3099 0.5900
vn -0.8616 -0.2926 -0.4147
vn 0.6039 -0.2232 0.7651
vn 0.4326 -0.3865 0.8146
vn 0.7705 0.2124 0.6010
vn -0.8568 0.4996 0.1281
vn 0.8094 0.4087 0.4216
vn 0.7865 0.6131 0.0746
vn -0.7924 0.2275 0.5659
vn 0.7584 0.5293 0.3804
vn -0.6769 0.0371 0.7352
vn -0.5971 0.1087 0.7947
vn 0.5481 0.3434 -0.7626
vn 0.8250 0.3576 -0.4375
vn 0.5891 0.7883 -0.1776
vn -0.8096 0.4899 0.3234
vn -0.4692 0.8781 0.0931
vn 0.2726 0.9599 0.0654
vn 0.3345 -0.8975 0.2873
vn 0.5866 -0.8015 -0.1159
vn 0.5080 -0.3447 -0.7894
vn -0.0212 -0.8937 0.4482
vn 0.5867 -0.8014 -0.1162
vn -0.4954 -0.6386 0.5888
vn -0.3649 -0.8820 0.2980
vn 0.7466 -0.6653 -0.0075
vn -0.4348 -0.9000 -0.0321
vn -0.5614 -0.8264 -0.0431
vn -0.4626 -0.8740 0.1488
vn 0.8882 -0.2295 0.3981
vn 0.7702 -0.6181 -0.1576
vn -0.7065 -0.6822 0.1881
vn 0.9934 -0.0045 0.1149
vn 0.5836 -0.6289 0.5137
vn 0.8643 -0.4341 0.2542
vn -0.9649 -0.2229 -0.1387
vn -0.9474 0.2988 0.1147
vn 0.8188 -0.3506 0.4546
vn -0.5334 -0.1690 0.8288
vn -0.8548 -0.5009 0.1358
vn -0.8642 -0.3646 0.3469
vn 0.8758 0.0769 -0.4766
vn 0.6284 0.7467 0.2179
vn 0.2593 0.9348 0.2429
vn 0.3134 -0.8440 0.4352
vn -0.6940 -0.6866 0.2167
vn -0.7794 -0.5618 0.2773
vn -0.5023 -0.8095 0.3039
vn -0.6106 -0.7528 0.2458
vn 0.8175 0.1013 -0.5669
vn 0.7044 -0.6771 -0.2127
vn 0.9751 -0.2210 0.0162
vn -0.7879 -0.5969 -0.1513
vn -0.8642 -0.2684 -0.4255
vn -0.8539 -0.5205 0.0015
vn 0.8936 0.1757 0.4129
vn 0.7249 -0.6878 -0.0387
vn 0.7199 0.3398 0.6052
vn 0.5886 0.7937 0.1533
vn -0.9118 0.3950 0.1125
vn 0.6845 0.6325 0.3626
vn -0.9266 -0.3126 0.2088
vn -0.9498 0.3044 0.0724
vn 0.9432 -0.3229 -0.0784
vn -0.7170 -0.6959 -0.0399
vn -0.8437 0.2159 0.4915
vn 0.8366 0.2615 -0.4813
vn 0.8524 0.5205 0.0502
vn 0.5138 0.8556 0.0629
vn -0.6156 0.7405 0.2695
vn 0.6842 0.7277 -0.0477
vn 0.2169 -0.8061 0.5506
vn -0.0182 -0.9065 0.4219
vn -0.4955 -0.6386 0.5887
vn -0.0674 -0.9392 0.3368
vn 0.5449 -0.0486 0.8371
vn -0.0669 -0.9391 0.3369
vn -0.0672 -0.9392 0.3368
vn 0.4431 -0.8111 -0.3818
vn 0.4465 -0.6203 0.6449
vn -0.1661 -0.9108 0.3779
vn 0.2850 -0.9063 0.3119
vn 0.6785 -0.6119 -0.4066
vn -0.7149 -0.6753 0.1814
vn -0.8786 -0.4200 0.2272
vn 0.9498 -0.2847 -0.1299
vn 0.9597 -0.2810 0.0091
vn 0.7187 -0.5853 0.3755
vn -0.7360 -0.6103 0.2929
vn 0.9674 -0.1747 0.1833
vn 0.4459 -0.8799 0.1643
vn 0.8174 0.1045 0.5665
vn 0.8199 -0.3559 0.4485
vn 0.8912 -0.3837 0.2418
vn 0.9664 -0.2387 -0.0953
vn -0.9111 -0.2986 0.2842
vn 0.9464 -0.1229 0.2988
vn -0.9626 0.1751 0.2066
vn 0.6979 0.2220 0.6809
vn 0.6109 0.6595 -0.4381
vn 0.9458 -0.0652 -0.3183
vn 0.8247 0.3579 -0.4379
vn 0.6830 -0.2177 -0.6973
vn -0.6387 0.6736 0.3719
vn -0.6280 0.6001 0.4954
vn 0.8244 0.4944 0.2756
vn -0.6081 0.7635 0.2175
vn 0.4178 0.8895 0.1849
vn 0.1428 -0.9882 0.0559
vn 0.1432 -0.9881 0.0561
vn -0.8490 -0.3847 0.3624
vn 0.3309 -0.7948 0.5088
vn 0.8347 -0.4655 -0.2944
vn 0.9239 -0.3702 -0.0967
vn -0.7751 -0.6314 0.0214
vn 0.8657 -0.3777 0.3284
vn 0.9603 -0.2660 0.0839
vn 0.9457 -0.2062 -0.2512
vn -0.8774 -0.2373 0.4170
vn 0.8723 -0.2380 0.4272
vn 0.8085 -0.0829 0.5826
vn 0.4562 0.8850 -0.0931
vn -0.8253 0.5613 0.0621
vn 0.5799 0.7961 0.1732
vn 0.4744 0.6744 0.5658
vn -0.9929 -0.0374 -0.1128
vn -0.9668 -0.1280 0.2212
vn -0.7259 -0.0732 0.6839
vn -0.7820 0.5684 0.2558
vn -0.7891 0.5760 0.2133
vn -0.1029 0.9805 0.1672
vn -0.0719 -0.7833 0.6175
vn -0.8009 -0.5480 0.2413
vn 0.2680 -0.7647 0.5860
vn 0.8199 -0.5381 0.1956
vn -0.4396 -0.7404 0.5084
vn 0.8225 -0.4936 -0.2825
vn 0.8371 -0.5444 0.0541
vn 0.8134 0.1022 -0.5726
vn 0.3848 -0.0133 -0.9229
vn 0.5730 -0.6795 0.4582
vn 0.7053 -0.6296 0.3258
vn 0.9061 -0.4168 -0.0720
vn 0.7751 -0.5709 0.2707
vn 0.9733 -0.1017 0.2057
vn -0.9505 -0.0331 0.3090
vn -0.9747 0.1232 0.1863
vn 0.7895 0.3257 0.5202
vn 0.3763 0.6029 0.7036
vn -0.9955 -0.0713 -0.0629
vn -0.9751 0.2134 -0.0610
vn 0.6861 -0.5109 0.5179
vn -0.5887 0.7955 0.1434
vn -0.4309 0.8223 0.3717
vn -0.2319 0.9292 0.2876
vn -0.2517 -0.8422 0.4768
vn 0.9828 -0.1534 0.1024
vn 0.8938 -0.4226 -0.1503
vn 0.5675 -0.7528 0.3333
vn -0.7090 -0.6945 0.1224
vn -0.7526 -0.5068 0.4205
vn -0.9350 0.2503 0.2512
vn 0.5393 0.7075 0.4566
vn 0.6498 0.5208 0.5536
vn 0.7404 0.6304 0.2333
vn 0.9018 0.3218 0.2886
vn 0.1133 0.9823 0.1489
vn -0.0708 0.9865 0.1478
vn -0.5777 -0.6995 0.4206
vn 0.0742 -0.8267 0.5577
vn -0.2418 -0.8769 0.4153
vn 0.1362 -0.9133 0.3838
vn 0.3470 -0.9290 0.1286
vn 0.7953 -0.4046 -0.4514
vn -0.3327 -0.8718 0.3594
vn 0.7792 -0.6264 -0.0231
vn -0.8987 -0.4306 -0.0830
vn 0.9583 -0.2554 -0.1282
vn -0.7811 -0.6076 0.1441
vn 0.8612 -0.4302 0.2707
vn -0.9363 -0.0037 0.3513
vn -0.8480 -0.1379 0.5118
vn 0.9906 0.0339 0.1326
vn 0.8105 0.3683 0.4555
vn 0.4115 -0.2572 0.8744
vn -0.8494 0.4510 0.2739
vn 0.5766 0.7970 0.1796
vn 0.1403 0.9502 0.2783
vn -0.1577 0.9019 0.4022
vn 0.2336 0.9219 0.3092
vn 0.0983 -0.7734 0.6263
vn 0.1747 -0.8006 0.5732
vn 0.0806 -0.9341 0.3477
vn -0.4961 -0.7524 0.4335
vn 0.6828 -0.6280 0.3734
vn -0.8744 -0.4853 0.0029
vn -0.7350 -0.6405 0.2227
vn -0.9189 -0.3464 -0.1886
vn 0.8293 -0.5023 0.2448
vn 0.7922 -0.4084 0.4535
vn 0.8645 0.1227 0.4875
vn 0.5558 0.8257 0.0968
vn 0.8112 0.5573 0.1772
vn 0.6951 0.5542 0.4579
vn -0.6987 0.5636 0.4407
vn 0.6702 0.4836 0.5630
vn -0.1953 0.9804 0.0244
vn 0.2049 0.9268 0.3147
vn -0.1517 -0.7753 0.6131
vn -0.2301 -0.8538 0.4670
vn -0.5294 -0.7851 0.3216
vn 0.6863 -0.6596 -0.3063
vn -0.7061 -0.6710 -0.2263
vn -0.7133 -0.6073 0.3499
vn 0.9009 -0.3677 0.2307
vn -0.7140 -0.3302 0.6174
vn 0.8903 0.3029 0.3401
vn 0.6507 0.7593 0.0021
vn 0.9007 0.1994 0.3861
vn 0.9766 -0.1486 0.1553
vn 0.3645 -0.8113 0.4570
vn 0.1544 -0.1977 0.9680
vn 0.7156 -0.3528 -0.6029
vn 0.1150 -0.1200 0.9861
vn 0.4202 -0.4832 0.7680
vn 0.5799 -0.5250 0.6230
vn -0.5652 0.8193 -0.0961
vn -0.8195 0.4759 0.3191
vn 0.5127 0.8557 0.0701
vn -0.5964 0.7632 0.2489
vn 0.3871 0.8539 0.3479
vn -0.5698 -0.7415 0.3543
vn -0.6755 -0.7334 0.0765
vn 0.7955 -0.5915 0.1311
vn 0.9163 -0.3996 -0.0267
vn -0.9312 -0.3244 0.1664
vn 0.9060 -0.0851 0.4145
vn -0.8439 0.3384 0.4164
vn 0.6386 0.7601 -0.1200
vn -0.7330 0.2605 0.6283
vn 0.7985 0.2704 -0.5378
vn 0.4722 0.2296 0.8511
vn 0.9143 0.3545 0.1959
vn -0.6352 0.7627 0.1216
vn -0.4523 0.7901 0.4138
vn -0.5841 0.6155 0.5292
vn -0.6791 0.4685 0.5651
vn -0.8290 0.4111 0.3793
vn 0.8506 -0.4614 0.2524
vn 0.1717 -0.8292 0.5320
vn 0.5660 -0.7321 0.3789
vn 0.9173 -0.3848 -0.1020
vn 0.9062 -0.3480 -0.2401
vn -0.4303 -0.8362 0.3399
vn 0.6203 -0.7143 0.3240
vn -0.7688 -0.5433 0.3373
vn 0.9388 -0.3004 -0.1687
vn 0.5344 -0.6835 0.4972
vn -0.7820 -0.3053 0.5434
vn 0.9546 -0.2935 0.0504
vn 0.9507 -0.1403 -0.2767
vn 0.9224 -0.0622 0.3813
vn 0.8297 -0.0280 0.5575
vn -0.8689 0.0597 0.4914
vn 0.6587 0.7460 0.0981
vn 0.8799 0.2409 0.4097
vn 0.9821 -0.1593 0.1002
vn -0.1079 -0.8268 0.5520
vn -0.3723 -0.7536 0.5418
vn 0.0645 -0.9562 0.2855
vn -0.0594 -0.7957 0.6028
vn -0.0456 -0.7472 0.6630
vn -0.5239 -0.7089 0.4722
vn -0.4891 -0.8291 0.2710
vn -0.1949 -0.8470 0.4946
vn -0.8348 -0.5264 -0.1613
vn 0.8450 -0.5091 0.1638
vn 0.8519 -0.3542 0.3859
vn 0.9129 -0.1421 0.3826
vn 0.9451 0.1839 0.2702
vn 0.6502 0.7597 0.0021
vn 0.6582 0.7464 0.0982
vn -0.5163 0.8372 -0.1802
vn 0.8615 0.4186 0.2874
vn -0.8692 -0.0267 0.4938
vn 0.8254 0.5330 0.1861
vn 0.9480 -0.1445 -0.2835
vn 0.8766 -0.4470 0.1784
vn 0.7635 -0.0719 0.6418
vn 0.5898 0.0296 0.8070
vn -0.4714 0.7602 0.4471
vn 0.4229 0.8084 0.4094
vn -0.7617 0.5982 0.2489
vn 0.3423 -0.8219 0.4553
vn -0.3276 -0.7223 0.6091
vn -0.7131 -0.6766 -0.1837
vn 0.9605 -0.2689 0.0711
vn 0.6728 0.7350 0.0845
vn -0.7993 0.2971 0.5223
vn 0.6610 0.6901 0.2947
vn 0.0205 0.9841 0.1763
vn 0.1902 0.9804 0.0517
vn -0.0494 0.9817 0.1839
vn 0.2990 -0.6811 0.6684
vn 0.2587 -0.7141 0.6505
vn 0.1936 -0.8155 0.5454
vn -0.1107 -0.6384 0.7617
vn 0.7421 -0.6263 -0.2390
vn -0.2643 -0.8496 0.4564
vn 0.9387 -0.3273 0.1082
vn -0.3990 -0.8355 0.3777
vn -0.4924 -0.4693 0.7330
vn 0.7542 -0.5290 0.3891
vn -0.5916 -0.2062 0.7794
vn 0.7970 -0.0996 0.5956
vn -0.6439 -0.1144 0.7565
vn 0.9064 0.3073 0.2899
vn 0.8250 0.4507 0.3409
vn -0.7177 0.6321 0.2921
vn -0.6900 -0.1619 0.7054
vn 0.8712 -0.4617 0.1668
vn 0.7778 0.1249 0.6159
vn 0.5572 0.7106 0.4297
vn -0.3347 0.9136 0.2308
vn -0.0831 -0.6788 0.7296
vn -0.3854 -0.8526 -0.3529
vn 0.0621 -0.8660 0.4961
vn 0.0311 -0.4767 0.8785
vn 0.6558 -0.5502 0.5169
vn -0.5008 -0.8554 0.1326
vn 0.5424 -0.7336 -0.4095
vn 0.9088 -0.4169 0.0197
vn 0.5593 -0.6681 0.4907
vn -0.6352 -0.1016 0.7656
vn -0.7049 0.6779 0.2089
vn -0.7998 0.2970 0.5216
vn -0.5649 -0.5270 0.6349
vn 0.7911 0.6116 0.0107
vn -0.6718 0.6637 0.3290
vn 0.6809 0.6572 0.3233
vn 0.5885 0.6909 0.4198
vn -0.0345 0.9809 0.1913
vn 0.2576 0.9107 0.3230
vn -0.0562 -0.6490 0.7587
vn 0.1631 -0.7939 0.5858
vn -0.6021 -0.6453 0.4703
vn -0.5785 -0.4974 0.6465
vn 0.6284 -0.6269 0.4605
vn -0.3040 -0.8988 0.3158
vn -0.7387 -0.6492 0.1812
vn -0.9725 -0.2147 0.0904
vn 0.8144 -0.5129 0.2715
vn -0.6387 -0.2096 0.7404
vn -0.3575 -0.1766 0.9171
vn -0.4959 -0.1192 0.8602
vn -0.3964 -0.1556 0.9048
vn 0.7088 0.6832 0.1755
vn -0.4004 0.7699 0.4968
vn -0.7109 0.5378 0.4531
vn 0.5282 0.7886 0.3149
vn 0.3743 0.8851 0.2766
vn 0.2413 0.8662 0.4375
vn 0.4933 -0.6351 0.5944
vn -0.6996 -0.5904 0.4025
vn -0.4337 -0.6848 0.5856
vn -0.6981 -0.6296 0.3410
vn 0.6898 -0.6621 -0.2929
vn -0.7684 -0.3481 -0.5370
vn -0.7629 -0.6309 0.1413
vn 0.7469 -0.5257 0.4072
vn 0.6070 -0.6616 0.4403
vn -0.9201 -0.3747 0.1138
vn 0.8104 -0.3095 0.4974
vn 0.7492 -0.2649 0.6071
vn 0.8231 -0.2433 0.5131
vn -0.3822 -0.0772 0.9208
vn 0.8651 0.4707 0.1734
vn -0.7980 0.0090 0.6027
vn -0.5955 -0.2121 0.7749
vn 0.8404 0.1695 0.5148
vn -0.7323 0.1173 0.6708
vn 0.7745 0.1138 0.6222
vn -0.7330 0.6480 0.2068
vn 0.0586 0.9799 0.1906
vn -0.2052 0.9637 0.1706
vn -0.1695 0.9834 0.0649
vn -0.3774 -0.9001 -0.2175
vn -0.2261 -0.7417 0.6315
vn 0.5702 -0.2962 0.7663
vn -0.2101 -0.6205 0.7556
vn 0.1995 -0.9612 0.1906
vn 0.7864 -0.5892 0.1853
vn 0.3215 -0.9179 0.2326
vn -0.1206 -0.6549 0.7460
vn -0.6770 -0.4434 0.5874
vn 0.7296 -0.5783 0.3650
vn -0.9445 -0.1866 0.2702
vn -0.5267 -0.0971 0.8445
vn -0.8060 0.4270 0.4099
vn 0.7794 0.5267 0.3392
vn -0.5121 0.2890 0.8088
vn 0.6572 0.6616 0.3610
vn -0.4891 0.7072 0.5106
vn 0.6123 0.6873 0.3908
vn -0.6535 0.5800 0.4864
vn 0.3823 0.8566 0.3466
vn 0.2541 0.9603 0.1152
vn 0.0503 -0.7177 0.6946
vn -0.0214 0.1511 -0.9883
vn 0.9242 -0.2914 0.2468
vn -0.6440 -0.2507 -0.7228
vn 0.2576 -0.9613 0.0979
vn 0.6760 -0.0075 0.7369
vn 0.6423 0.0440 0.7652
vn -0.4336 -0.0090 0.9010
vn -0.7046 0.2384 0.6684
vn -0.7214 0.3364 0.6053
vn -0.7440 0.5091 0.4328
vn 0.5428 -0.7588 0.3600
vn -0.6862 -0.7233 -0.0768
vn -0.7001 -0.6153 0.3623
vn 0.8433 -0.3413 0.4151
vn -0.6002 -0.5737 0.5574
vn -0.5829 -0.7555 0.2989
vn 0.9968 -0.0225 -0.0763
vn 0.9581 -0.1616 0.2365
vn -0.7755 0.1028 0.6229
vn 0.6832 0.1193 0.7204
vn 0.2714 -0.0200 0.9622
vn -0.5831 0.2901 0.7588
vn -0.6365 -0.2288 0.7366
vn -0.2587 0.0022 0.9659
vn 0.7257 0.6878 0.0176
vn 0.8979 -0.0053 0.4401
vn 0.6097 -0.2399 0.7554
vn -0.9610 0.0524 0.2717
vn 0.4115 0.9025 0.1270
vn -0.6991 0.4980 0.5131
vn 0.9327 -0.2358 0.2727
vn -0.7178 0.2427 0.6526
vn 0.9718 -0.2169 -0.0930
vn -0.5813 0.6797 0.4474
vn -0.4062 0.9135 0.0235
vn 0.4342 -0.8552 -0.2829
vn 0.3440 -0.5442 0.7652
vn 0.3205 -0.5211 0.7911
vn -0.2567 -0.8221 0.5082
vn 0.5909 -0.2934 0.7515
vn -0.7295 -0.2979 0.6157
vn -0.3730 -0.3113 0.8740
vn 0.0714 -0.3181 0.9454
vn 0.5939 -0.7521 -0.2857
vn -0.4635 -0.3423 0.8173
vn -0.9443 -0.0772 0.3198
vn 0.7503 -0.1941 0.6319
vn -0.5340 0.1543 0.8313
vn -0.5918 -0.0775 0.8023
vn -0.2716 -0.4569 0.8471
vn -0.0889 -0.0750 0.9932
vn 0.4595 -0.1186 0.8802
vn -0.3326 0.1168 0.9358
vn -0.1890 -0.1546 0.9697
vn -0.4737 0.0325 0.8801
vn -0.7820 0.3704 0.5013
vn 0.3930 0.8415 0.3707
vn 0.8999 0.1721 0.4007
vn -0.4241 0.2829 0.8603
vn 0.6776 0.2037 0.7067
vn 0.4628 0.6172 0.6363
vn 0.8851 0.0027 0.4653
vn -0.0745 0.9883 -0.1334
vn -0.1229 0.9767 -0.1761
vn 0.0369 -0.4140 0.9095
vn -0.6807 -0.6762 -0.2819
vn -0.4648 -0.3631 0.8075
vn 0.2098 -0.6314 0.7466
vn -0.0651 -0.7928 0.6061
vn 0.1594 -0.4865 0.8590
vn 0.2298 -0.3262 0.9169
vn -0.9209 -0.2216 -0.3206
vn -0.8395 -0.3868 0.3817
vn -0.4236 -0.2309 0.8759
vn -0.3162 -0.0114 0.9486
vn -0.0693 -0.0058 0.9976
vn 0.5823 -0.0611 0.8107
vn 0.0636 0.2197 0.9735
vn -0.2999 0.1312 0.9449
vn -0.6442 0.0410 0.7638
vn 0.4716 -0.5128 0.7174
vn 0.9664 0.2570 0.0085
vn 0.7146 0.6290 -0.3061
vn 0.7587 0.5682 -0.3187
vn -0.7642 0.0743 0.6406
vn 0.9398 0.1158 0.3214
vn 0.6801 -0.3338 0.6528
vn -0.4612 0.3335 0.8222
vn 0.8575 0.0924 0.5061
vn -0.6011 0.7786 0.1799
vn 0.1020 0.9901 -0.0962
vn 0.5374 -0.7492 0.3872
vn 0.2159 -0.6510 0.7278
vn -0.1770 -0.4506 0.8750
vn -0.0680 -0.2994 0.9517
vn -0.6261 -0.7152 0.3107
vn 0.2767 -0.3123 0.9088
vn -0.7597 0.3063 0.5736
vn -0.2512 -0.1718 0.9525
vn 0.0606 0.1257 0.9902
vn -0.4410 -0.2804 0.8526
vn 0.8783 -0.0898 0.4695
vn -0.4492 0.2671 0.8526
vn -0.4374 -0.5529 0.7092
vn 0.2389 -0.0285 0.9706
vn -0.8702 -0.3789 0.3148
vn -0.5559 -0.6329 0.5389
vn -0.2414 0.2719 0.9316
vn -0.5807 0.1750 0.7951
vn -0.6963 0.0627 0.7150
vn -0.4210 -0.5105 0.7498
vn 0.2536 0.2120 0.9438
vn 0.0685 0.0532 0.9962
vn 0.5110 0.0504 0.8581
vn -0.3061 -0.1480 0.9404
vn -0.3312 -0.1744 0.9273
vn 0.9537 0.0890 -0.2873
vn -0.3796 -0.1276 0.9163
vn -0.6836 -0.1480 0.7147
vn -0.7658 -0.1757 0.6186
vn 0.7911 0.2004 0.5779
vn -0.7938 0.2345 0.5611
vn 0.0335 0.9789 0.2014
vn -0.4490 0.6849 0.5739
vn 0.1696 0.9847 -0.0393
vn 0.0644 0.9896 -0.1289
vn -0.0505 -0.7459 0.6641
vn -0.0201 -0.5385 0.8424
vn -0.7625 -0.4247 0.4881
vn 0.9288 -0.1434 0.3416
vn -0.7413 -0.4071 0.5337
vn -0.7131 -0.3799 0.5892
vn -0.4058 -0.0623 0.9118
vn 0.4516 -0.1018 0.8864
vn 0.7685 -0.1201 0.6285
vn -0.6629 0.2281 0.7132
vn 0.1800 -0.2796 0.9431
vn -0.2181 -0.5941 0.7743
vn 0.7872 -0.3036 0.5369
vn -0.2354 0.0165 0.9718
vn 0.5389 -0.0262 0.8420
vn 0.0020 0.2458 0.9693
vn -0.5232 0.1660 0.8359
vn 0.1142 -0.1744 0.9780
vn 0.0074 0.3579 0.9337
vn -0.4813 -0.0215 0.8763
vn 0.8229 0.0504 0.5660
vn -0.4031 -0.2913 0.8675
vn 0.2577 -0.0277 0.9658
vn 0.0403 -0.1656 0.9854
vn 0.1842 -0.0593 0.9811
vn 0.5142 -0.5488 0.6591
vn 0.2337 -0.1939 0.9528
vn -0.9436 -0.1205 0.3083
vn -0.8423 0.1116 0.5274
vn 0.9956 0.0821 0.0459
vn 0.8982 0.4009 0.1802
vn 0.5332 0.2138 0.8185
vn 0.2917 0.2444 0.9248
vn 0.7543 0.2803 0.5937
vn -0.6972 0.6275 0.3468
vn -0.2315 0.9721 0.0387
vn 0.2335 -0.4503 0.8618
vn 0.1434 -0.5444 0.8265
vn 0.0342 -0.4950 0.8682
vn 0.1810 -0.2720 0.9451
vn -0.3699 -0.3189 0.8726
vn -0.7309 -0.2348 0.6409
vn -0.1805 -0.4079 0.8950
vn -0.4327 -0.6680 0.6055
vn 0.4953 -0.2108 0.8428
vn -0.2455 -0.2778 0.9287
vn -0.3440 -0.1456 0.9276
vn -0.4814 -0.1216 0.8680
vn 0.5795 0.2491 0.7760
vn -0.9268 0.3611 0.1030
vn 0.4913 0.3929 0.7773
vn 0.6663 -0.1369 0.7330
vn -0.5744 -0.3337 0.7475
vn 0.2235 0.3428 0.9124
vn 0.0004 0.3436 0.9391
vn 0.3377 -0.0314 0.9407
vn -0.1565 0.4478 0.8803
vn -0.2351 0.1026 0.9665
vn -0.2131 -0.0692 0.9746
vn 0.2486 0.0602 0.9667
vn 0.2271 0.1984 0.9535
vn -0.0069 0.0395 0.9992
vn 0.6802 -0.5594 0.4737
vn 0.2284 -0.1025 0.9682
vn -0.3820 -0.4336 0.8161
vn 0.7962 -0.2140 0.5660
vn -0.0528 -0.4432 0.8949
vn 0.9822 0.1851 0.0309
vn -0.3919 -0.1857 0.9011
vn -0.4493 -0.3240 0.8326
vn 0.7993 -0.1680 0.5769
vn 0.6766 0.4496 0.5832
vn 0.0120 0.3359 0.9418
vn -0.5416 0.1035 0.8342
vn 0.4255 0.4817 0.7661
vn 0.3217 0.4898 0.8103
vn 0.2982 0.0536 0.9530
vn 0.2857 0.3319 0.8990
vn 0.1512 0.0357 0.9879
vn 0.4810 -0.1261 0.8676
vn 0.2289 0.2975 0.9269
vn -0.8623 -0.4499 0.2324
vn 0.7527 -0.1894 0.6305
vn -0.4531 -0.5767 0.6798
vn 0.4133 -0.3120 0.8555
vn 0.6979 -0.2796 0.6594
vn 0.3963 -0.3726 0.8391
vn 0.0305 0.3073 0.9511
vn 0.3135 0.0902 0.9453
vn 0.0113 -0.1217 0.9925
vn 0.1328 0.2039 0.9699
vn -0.2924 -0.0602 0.9544
vn -0.0992 -0.3403 0.9351
vn 0.7985 -0.1682 0.5780
vn 0.0799 0.0618 0.9949
vn 0.5915 0.1430 0.7935
vn -0.3573 0.3553 0.8638
vn -0.6531 0.0413 0.7562
vn -0.7788 -0.4068 0.4775
vn 0.3880 -0.1536 0.9088
vn -0.2860 -0.9503 0.1231
vn 0.9291 0.1973 -0.3127
vn 0.9785 -0.1405 -0.1507
vn -0.4570 0.1308 0.8798
vn -0.4985 0.0711 0.8640
vn -0.3993 -0.0504 0.9154
vn -0.4349 0.2898 0.8526
vn 0.2622 0.3777 0.8880
vn -0.5330 0.3827 0.7546
vn -0.5892 0.4392 0.6782
vn 0.5291 0.6884 0.4961
vn -0.2226 -0.6005 0.7680
vn -0.0891 -0.0129 0.9959
vn 0.1703 -0.3235 0.9308
vn 0.8275 -0.3386 0.4478
vn -0.5096 -0.0824 0.8565
vn -0.6762 -0.3731 0.6352
vn 0.6854 -0.3715 0.6263
vn 0.4478 -0.2771 0.8501
vn -0.8051 0.4598 0.3748
vn 0.0072 -0.5908 0.8068
vn -0.1926 0.3233 0.9265
vn -0.3672 -0.8744 0.3172
vn -0.3630 -0.0811 0.9283
vn 0.2064 0.1325 0.9695
vn 0.0710 0.2785 0.9578
vn 0.5332 0.4635 0.7077
vn -0.0763 -0.9775 0.1965
vn -0.6575 -0.1270 0.7427
vn 0.6592 0.4738 0.5839
vn 0.9202 0.3894 -0.0408
vn 0.6180 0.0713 0.7829
vn 0.5077 -0.0329 0.8609
vn 0.2038 0.8521 0.4821
vn -0.0905 0.9728 0.2132
vn -0.3860 -0.5909 0.7084
vn 0.7271 -0.5262 0.4409
vn 0.2044 -0.2698 0.9410
vn -0.7243 -0.5498 0.4160
vn 0.5111 -0.3308 0.7933
vn 0.3807 -0.2623 0.8867
vn -0.5285 -0.3792 0.7596
vn -0.7566 0.2378 0.6091
vn 0.1918 -0.3240 0.9264
vn 0.1679 -0.1712 0.9708
vn -0.0629 0.4075 0.9110
vn -0.2184 0.1883 0.9575
vn -0.2028 0.1984 0.9589
vn -0.2014 0.5043 0.8397
vn -0.2544 0.3983 0.8813
vn -0.9321 -0.3148 0.1793
vn -0.3819 -0.4340 0.8160
vn 0.3699 -0.9283 -0.0385
vn -0.9436 -0.1206 0.3082
vn -0.5372 -0.4436 0.7174
vn 0.3249 -0.1497 0.9338
vn -0.6439 -0.2834 0.7107
vn -0.6248 0.2441 0.7416
vn 0.1679 -0.0175 0.9856
vn 0.1330 0.1185 0.9840
vn -0.2818 0.1984 0.9388
vn -0.1223 0.1265 0.9844
vn 0.4294 -0.1227 0.8947
vn 0.1869 -0.0156 0.9823
vn -0.7641 0.1420 0.6293
vn 0.1233 -0.4946 0.8603
vn -0.2047 -0.1500 0.9673
vn -0.5022 -0.1419 0.8530
vn -0.3150 -0.2449 0.9169
vn 0.3731 -0.9246 0.0770
vn 0.5587 -0.1886 0.8076
vn 0.7937 -0.4902 -0.3603
vn 0.6553 -0.4175 0.6295
vn -0.4969 0.3908 0.7748
vn 0.0470 -0.1246 0.9911
vn -0.1495 -0.0934 0.9843
vn -0.7280 -0.6715 0.1382
vn 0.2047 0.0730 0.9761
vn 0.3240 -0.1169 0.9388
vn 0.7836 -0.0979 0.6135
vn -0.1685 0.2725 0.9473
vn 0.6345 0.1035 0.7659
vn 0.9065 -0.1613 0.3903
vn -0.7679 -0.5748 0.2828
vn 0.3510 0.0541 0.9348
vn -0.2915 -0.1968 0.9361
vn 0.1379 0.1648 0.9766
vn 0.3744 -0.0338 0.9267
vn -0.0286 -0.1996 0.9795
vn 0.0718 -0.1538 0.9855
vn 0.3384 0.1008 0.9356
vn 0.0665 -0.2002 0.9775
vn 0.2267 -0.1153 0.9671
vn -0.2575 -0.1077 0.9602
vn 0.1429 0.3575 0.9229
vn 0.8122 -0.2131 0.5431
vn 0.5673 0.5822 0.5824
vn -0.5889 0.5633 0.5795
vn -0.2126 -0.5200 0.8273
vn -0.0568 -0.3617 0.9306
vn 0.2774 -0.3444 0.8969
vn 0.6792 -0.6870 0.2584
vn 0.4509 -0.6362 0.6260
vn 0.2040 -0.1595 0.9659
vn -0.8919 -0.4304 0.1388
vn -0.4705 -0.0391 0.8816
vn 0.5079 -0.2413 0.8269
vn -0.0235 0.0320 0.9992
vn 0.4188 -0.4561 0.7853
vn -0.1009 0.1251 0.9870
vn 0.1596 -0.0895 0.9831
vn 0.7556 -0.6513 0.0701
vn 0.1744 0.0205 0.9845
vn 0.0140 0.2945 0.9555
vn 0.7227 0.6906 -0.0260
vn -0.8296 -0.0324 0.5574
vn -0.7864 0.0575 0.6150
vn 0.3392 0.1798 0.9234
vn -0.0109 0.1773 0.9841
vn 0.0918 0.0274 0.9954
vn 0.4451 0.0757 0.8923
vn -0.1907 0.3952 0.8986
vn -0.1678 0.3444 0.9237
vn 0.5353 -0.1048 0.8381
vn -0.4773 0.6861 0.5491
vn -0.0445 -0.0087 0.9990
vn -0.6132 -0.6636 -0.4284
vn 0.1678 -0.2814 0.9448
vn -0.5999 0.0155 0.7999
vn -0.1900 0.0409 0.9809
vn -0.1216 0.1281 0.9843
vn -0.3345 0.4135 0.8468
vn -0.2090 0.0766 0.9749
vn -0.0401 0.1625 0.9859
vn -0.0823 0.0535 0.9952
vn 0.0383 -0.1828 0.9824
vn 0.1440 0.0128 0.9895
vn -0.1963 0.1758 0.9647
vn -0.8604 -0.4179 0.2916
vn 0.0021 0.2548 0.9670
vn 0.8337 -0.5427 0.1023
vn 0.4841 0.2071 0.8501
vn -0.4480 -0.0244 0.8937
vn 0.0099 0.1490 0.9888
vn 0.0698 -0.2732 0.9594
vn -0.1933 -0.0302 0.9807
vn -0.3795 0.2077 0.9016
vn -0.4866 0.2515 0.8366
vn -0.5818 0.4847 0.6531
vn 0.6474 0.5190 0.5582
vn 0.4710 0.7966 0.3789
vn 0.0021 0.0548 0.9985
vn -0.2035 0.1036 0.9736
vn -0.1019 0.0131 0.9947
vn 0.0654 0.0369 0.9972
vn 0.7995 -0.5268 0.2886
vn -0.8879 -0.2238 0.4019
vn -0.5671 0.8234 0.0204
vn -0.1920 -0.0080 0.9814
vn 0.8043 -0.0172 0.5940
vn -0.8496 0.0446 0.5255
vn 0.9125 -0.1850 0.3648
vn -0.7948 0.2333 0.5603
vn 0.6262 -0.4887 0.6076
vn 0.8016 -0.3837 0.4585
vn 0.0127 0.9159 0.4011
vn -0.5706 -0.7931 0.2129
vn -0.5815 0.8052 0.1162
vn -0.5165 0.0194 0.8561
vn -0.7946 -0.2483 0.5541
vn -0.4907 0.6976 0.5221
vn 0.3282 0.8890 0.3192
vn 0.5238 0.3825 0.7611
vn -0.6281 0.4039 0.6651
vn -0.5739 -0.1873 0.7972
vn -0.5142 0.2900 0.8071
vn 0.2847 0.9571 0.0547
vn 0.6452 0.4027 0.6493
vn 0.6310 -0.1256 0.7656
vn -0.6598 0.2936 0.6917
vn 0.3215 0.7277 0.6059
vn 0.0727 -0.9923 -0.1007
vn 0.7869 0.0315 0.6163
vn -0.6303 0.0355 0.7756
vn -0.1288 0.6278 0.7677
vn 0.5434 -0.8306 0.1218
vn -0.6352 -0.5018 0.5871
vn 0.8916 -0.1652 0.4217
vn -0.8655 -0.4244 0.2662
vn -0.6874 0.3783 0.6200
vn 0.4818 -0.0987 0.8707
vn 0.7523 -0.3139 0.5792
vn -0.8381 -0.0924 0.5376
vn -0.7426 -0.6627 -0.0969
vn 0.8539 -0.4510 -0.2599
vn -0.7931 0.0318 0.6082
vn 0.5752 0.4064 0.7099
vn -0.8467 -0.2194 0.4847
vn 0.4097 -0.3527 0.8413
vn 0.3096 0.4460 0.8397
vn -0.2173 0.0607 0.9742
vn -0.3721 -0.2253 0.9004
vn -0.5949 0.0784 0.8000
vn 0.1709 0.5956 0.7849
vn 0.7718 -0.0939 0.6289
vn 0.6239 0.1644 0.7640
vn 0.6626 -0.0497 0.7473
vn -0.4987 0.4654 0.7312
vn -0.5817 -0.3613 0.7287
vn 0.7001 -0.1149 0.7047
vn 0.5695 0.8156 0.1019
vn 0.6363 0.0723 0.7680
vn 0.1914 -0.2288 0.9545
vn 0.5706 -0.2460 0.7835
vn 0.6126 0.0632 0.7879
vn -0.3146 0.1766 0.9327
vn -0.0744 0.4691 0.8800
vn -0.7007 -0.5134 0.4954
vn -0.6383 0.2568 0.7257
vn 0.2583 0.5660 0.7829
vn -0.1063 -0.9504 0.2923
vn 0.4598 -0.7820 0.4208
vn -0.4447 -0.7048 0.5527
vn -0.7658 -0.1756 0.6186
vn -0.5428 -0.1373 0.8285
vn -0.7285 -0.1890 0.6585
vn 0.2755 0.2595 0.9256
vn 0.6722 -0.4094 0.6168
vn -0.5320 -0.2719 0.8019
vn -0.2516 -0.4580 0.8526
vn 0.5382 -0.2730 0.7974
vn 0.5359 -0.3040 0.7877
vn -0.6564 -0.1096 0.7464
vn -0.1242 0.4595 0.8794
vn 0.0151 0.0430 0.9990
vn -0.4952 -0.3995 0.7715
vn -0.5496 -0.3036 0.7783
vn -0.5482 0.0724 0.8332
vn 0.0115 -0.9827 -0.1851
vn 0.0553 -0.6346 0.7708
vn -0.2853 -0.5551 0.7813
vn 0.4906 -0.1855 0.8514
vn 0.4827 0.0744 0.8726
vn -0.3010 0.8742 0.3810
vn -0.3563 -0.4233 0.8330
vn -0.4894 0.0574 0.8702
vn 0.4350 -0.2813 0.8554
vn 0.3303 0.3374 0.8815
vn -0.3443 -0.3395 0.8753
vn 0.4339 0.1046 0.8949
vn -0.4483 0.2293 0.8640
vn -0.4895 -0.3730 0.7882
vn -0.2465 -0.1954 0.9492
vn 0.3085 -0.1979 0.9304
vn -0.1578 0.0463 0.9864
vn -0.1030 0.0959 0.9900
vn 0.0438 0.2900 0.9560
vn -0.2155 -0.0100 0.9765
vn 0.5057 -0.1250 0.8536
vn 0.3597 0.2081 0.9096
vn 0.0697 0.0577 0.9959
vn 0.3041 -0.3132 0.8997
vn -0.1977 -0.1853 0.9626
vn 0.4609 -0.2030 0.8639
vn 0.3258 -0.2548 0.9105
vn -0.4942 -0.3072 0.8132
vn 0.5540 -0.0808 0.8286
vn -0.7192 0.2006 0.6652
vn 0.5903 0.3905 0.7064
vn 0.2472 -0.5946 0.7651
vn -0.6417 0.1743 0.7469
vn -0.4363 0.3414 0.8325
vn -0.3756 -0.1869 0.9077
vn 0.3747 0.2141 0.9021
vn 0.7278 0.6779 -0.1037
vn -0.5455 0.2996 0.7827
vn -0.1773 -0.1534 0.9721
vn -0.2008 0.2006 0.9589
vn 0.0765 -0.9581 0.2760
vn 0.0619 0.1342 0.9890
vn 0.4688 0.5628 -0.6808
vn -0.7013 0.3689 0.6100
vn -0.1372 -0.6111 0.7796
vn 0.0819 -0.3602 0.9293
vn 0.8684 -0.4049 -0.2863
vn 0.4995 -0.3179 0.8059
vn 0.0450 -0.3234 0.9452
vn -0.5446 -0.0049 0.8387
vn 0.5417 -0.2412 0.8052
vn 0.5062 -0.3852 0.7716
vn 0.5981 -0.4918 -0.6328
vn -0.2637 0.5663 -0.7809
vn 0.2199 -0.6453 -0.7316
vn 0.6267 0.5984 0.4991
vn -0.2291 0.1851 -0.9557
vn 0.7231 -0.5744 0.3836
vn -0.8905 0.3281 -0.3151
vn 0.9532 0.3012 -0.0258
vn 0.0111 -0.9827 -0.1848
vn -0.4102 0.7013 -0.5831
vn 0.5692 0.8159 0.1014
vn -0.0614 -0.4573 0.8872
vn 0.5357 0.0076 0.8444
vn -0.0970 0.0424 -0.9944
vn -0.3483 0.7325 -0.5849
vn -0.1975 -0.9419 -0.2718
vn -0.0052 -0.7294 0.6841
vn -0.4556 -0.8041 -0.3819
vn -0.8254 -0.5485 -0.1336
vn -0.6720 0.7300 0.1242
vn -0.6057 -0.0010 0.7957
vn 0.4848 -0.1875 -0.8543
vn -0.5453 -0.8069 0.2269
vn 0.5914 -0.7842 -0.1880
vn -0.4389 -0.4745 0.7630
vn -0.1345 -0.6789 0.7218
vn 0.2801 -0.5116 0.8123
vn 0.0768 -0.4524 0.8885
vn 0.4432 0.6950 0.5662
vn 0.2269 0.2648 0.9372
vn 0.2466 0.1359 -0.9595
vn 0.7172 0.3053 0.6264
vn -0.8363 -0.3306 -0.4374
vn -0.6092 -0.3974 -0.6863
vn 0.9390 0.1595 -0.3048
vn -0.8192 -0.5726 -0.0317
vn 0.8254 0.3986 -0.3997
vn 0.4854 -0.1875 -0.8540
vn 0.4421 0.0542 0.8953
vn -0.0428 -0.0837 -0.9956
vn 0.3562 0.2275 -0.9063
vn 0.7163 -0.4025 -0.5700
vn 0.4422 0.0542 0.8953
vn 0.4067 0.7856 -0.4662
vn 0.7270 0.6663 0.1660
vn -0.3657 -0.4833 0.7954
vn 0.6362 -0.7224 0.2710
vn 0.8506 0.2186 0.4781
vn -0.6680 0.1073 0.7364
vn 0.7113 0.1764 0.6804
vn 0.1273 -0.6085 0.7833
vn -0.1508 -0.6453 0.7489
vn -0.1258 -0.2321 0.9645
vn -0.6095 -0.3975 -0.6859
vn 0.6742 -0.1894 0.7138
vn -0.0752 0.7712 -0.6322
vn 0.9452 0.3255 -0.0251
vn 0.1990 0.3801 0.9033
vn 0.8128 0.3761 0.4448
vn -0.1709 0.2765 -0.9457
vn 0.0811 0.1604 0.9837
vn -0.0912 0.2674 0.9593
vn 0.0567 0.2353 0.9703
vn 0.6503 -0.5728 0.4991
vn 0.1558 -0.0881 0.9838
vn -0.4572 -0.8892 0.0132
vn 0.4575 -0.8550 0.2442
vn -0.4046 -0.8882 0.2178
vn 0.5590 0.0597 0.8270
vn 0.0124 -0.2092 0.9778
vn -0.0017 0.3107 0.9505
vn -0.0015 0.3109 0.9504
vn 0.0506 0.5234 0.8506
vn 0.0344 0.6707 0.7409
vn -0.3023 0.1514 0.9411
vn -0.0017 0.1925 0.9813
vn -0.0023 0.3107 0.9505
vn 0.5293 0.1096 0.8413
vn 0.0507 -0.1429 0.9884
vn 0.4994 -0.3179 0.8059
vn -0.1026 0.1586 0.9820
vn 0.5288 0.1101 0.8416
vn -0.6417 0.1746 0.7468
vn -0.0235 -0.1725 0.9847
vn 0.3073 -0.8127 -0.4951
vn -0.1709 0.2763 -0.9457
vn -0.0749 0.7715 -0.6318
vn -0.2040 0.2500 0.9465
vn -0.1389 0.9348 -0.3268
vn -0.1028 0.1584 0.9820
vn -0.1529 0.9115 -0.3819
vn -0.2984 0.0566 0.9528
vn 0.5041 0.0802 0.8599
vn 0.0820 0.5003 0.8620
vn 0.1312 -0.1037 0.9859
vn -0.5142 0.1961 0.8349
vn -0.0233 -0.1726 0.9847
vn -0.2108 0.5671 0.7962
vn -0.0474 0.6228 0.7809
vn -0.2593 -0.9629 0.0749
vn -0.6485 -0.0878 0.7562
vn 0.4605 0.0364 0.8869
vn -0.4295 0.3035 0.8506
vn -0.4793 0.4990 0.7220
vn 0.5735 0.3239 0.7525
vn 0.4261 -0.7601 0.4906
vn -0.2275 -0.5902 0.7745
vt 0.733309 0.672100
vt 0.720427 0.667548
vt 0.740858 0.665071
vt 0.924582 0.353949
vt 0.920302 0.358293
vt 0.919551 0.342498
vt 0.720893 0.660277
vt 0.748540 0.670217
vt 0.751173 0.659693
vt 0.739825 0.658808
vt 0.758976 0.662769
vt 0.926628 0.367930
vt 0.922965 0.373430
vt 0.924596 0.340817
vt 0.726446 0.657441
vt 0.742856 0.643260
vt 0.924159 0.385153
vt 0.962339 0.622376
vt 0.965312 0.601427
vt 0.965312 0.634549
vt 0.718028 0.653132
vt 0.759847 0.648963
vt 0.932106 0.367205
vt 0.293940 0.669892
vt 0.296604 0.657596
vt 0.303197 0.691598
vt 0.699510 0.629174
vt 0.919551 0.332939
vt 0.932406 0.379989
vt 0.297679 0.686492
vt 0.292298 0.681814
vt 0.736852 0.655829
vt 0.940100 0.704176
vt 0.940595 0.701085
vt 0.947223 0.705019
vt 0.753251 0.642742
vt 0.926820 0.391819
vt 0.932390 0.353574
vt 0.778959 0.951756
vt 0.769264 0.939636
vt 0.775462 0.943458
vt 0.707449 0.635155
vt 0.945186 0.689232
vt 0.767065 0.650719
vt 0.818162 0.584102
vt 0.822355 0.575797
vt 0.827579 0.574892
vt 0.916557 0.489130
vt 0.916721 0.475728
vt 0.924215 0.484012
vt 0.777366 0.931827
vt 0.924095 0.498733
vt 0.290636 0.665695
vt 0.747326 0.634379
vt 0.763063 0.635028
vt 0.817545 0.575638
vt 0.932421 0.392125
vt 0.804888 0.588386
vt 0.933934 0.339203
vt 0.772330 0.946615
vt 0.132218 0.965410
vt 0.138087 0.959862
vt 0.138087 0.969962
vt 0.935557 0.687055
vt 0.295689 0.620026
vt 0.932236 0.490883
vt 0.285382 0.656834
vt 0.768423 0.926199
vt 0.778959 0.928505
vt 0.294348 0.990565
vt 0.292977 0.983721
vt 0.294348 0.978886
vt 0.705051 0.614920
vt 0.935731 0.701432
vt 0.937942 0.681792
vt 0.944026 0.679750
vt 0.767922 0.639567
vt 0.696463 0.593473
vt 0.831633 0.557709
vt 0.800503 0.583485
vt 0.286270 0.679047
vt 0.763182 0.629616
vt 0.500642 0.883798
vt 0.504186 0.848096
vt 0.507406 0.877432
vt 0.823870 0.561553
vt 0.567639 0.834936
vt 0.570182 0.822862
vt 0.575252 0.825055
vt 0.819566 0.561880
vt 0.973376 0.482735
vt 0.974781 0.470129
vt 0.974781 0.496359
vt 0.781236 0.577549
vt 0.787696 0.587477
vt 0.252154 0.985105
vt 0.253324 0.978886
vt 0.253324 0.993042
vt 0.810433 0.574058
vt 0.797324 0.577216
vt 0.845517 0.967220
vt 0.849141 0.972829
vt 0.845517 0.976449
vt 0.930767 0.687485
vt 0.923433 0.474277
vt 0.690784 0.591135
vt 0.693111 0.523997
vt 0.515058 0.857374
vt 0.511892 0.881709
vt 0.509289 0.855962
vt 0.832710 0.534961
vt 0.916557 0.464513
vt 0.921171 0.467281
vt 0.509214 0.838183
vt 0.700005 0.546193
vt 0.826810 0.538176
vt 0.933875 0.672100
vt 0.918326 0.455746
vt 0.925880 0.458800
vt 0.287365 0.621940
vt 0.571938 0.799673
vt 0.930767 0.704566
vt 0.932566 0.680470
vt 0.753493 0.625507
vt 0.758390 0.624172
vt 0.579027 0.804369
vt 0.782386 0.564240
vt 0.821781 0.489322
vt 0.514158 0.837696
vt 0.933403 0.469608
vt 0.935798 0.479680
vt 0.763326 0.625820
vt 0.283366 0.606074
vt 0.500642 0.777348
vt 0.291120 0.596184
vt 0.572439 0.782553
vt 0.572587 0.773571
vt 0.578505 0.774190
vt 0.567639 0.778286
vt 0.567639 0.762529
vt 0.925754 0.453417
vt 0.510860 0.806046
vt 0.302607 0.547938
vt 0.944851 0.832919
vt 0.934978 0.821533
vt 0.943075 0.813864
vt 0.973197 0.946197
vt 0.969159 0.934171
vt 0.973197 0.930778
vt 0.792124 0.562301
vt 0.237684 0.000000
vt 0.247812 0.006931
vt 0.222515 0.005888
vt 0.572798 0.753055
vt 0.634852 0.950140
vt 0.635583 0.940642
vt 0.638347 0.944594
vt 0.567639 0.782553
vt 0.638158 0.935181
vt 0.923703 0.452594
vt 0.287066 0.579540
vt 0.573764 0.620959
vt 0.577557 0.625739
vt 0.579281 0.646876
vt 0.700564 0.490040
vt 0.931018 0.832919
vt 0.260112 0.787891
vt 0.268214 0.790523
vt 0.267781 0.805273
vt 0.767922 0.324621
vt 0.770770 0.315182
vt 0.773286 0.324759
vt 0.636180 0.930143
vt 0.629894 0.925500
vt 0.633311 0.925418
vt 0.772045 0.572030
vt 0.232446 0.012286
vt 0.624571 0.945289
vt 0.628895 0.940450
vt 0.930470 0.457344
vt 0.631623 0.930957
vt 0.818245 0.495494
vt 0.259213 0.816046
vt 0.267046 0.816754
vt 0.770718 0.559746
vt 0.779125 0.558595
vt 0.767922 0.561881
vt 0.254764 0.811676
vt 0.261135 0.015096
vt 0.245880 0.014554
vt 0.298472 0.940094
vt 0.310223 0.931441
vt 0.306166 0.946718
vt 0.775569 0.318787
vt 0.625966 0.932270
vt 0.624571 0.929220
vt 0.296003 0.519585
vt 0.693188 0.459473
vt 0.244421 0.020597
vt 0.301064 0.929944
vt 0.308408 0.929031
vt 0.210880 0.013401
vt 0.791573 0.451721
vt 0.518529 0.864726
vt 0.515676 0.758976
vt 0.231915 0.019521
vt 0.232402 0.013749
vt 0.295203 0.925707
vt 0.301999 0.915286
vt 0.780525 0.311463
vt 0.779850 0.296395
vt 0.244220 0.860769
vt 0.786014 0.349486
vt 0.777131 0.345130
vt 0.271008 0.816519
vt 0.310223 0.916948
vt 0.174860 0.022451
vt 0.572417 0.714713
vt 0.681383 0.461168
vt 0.267621 0.008217
vt 0.289960 0.028125
vt 0.271226 0.026631
vt 0.256121 0.022740
vt 0.236692 0.031148
vt 0.975748 0.540201
vt 0.977800 0.537809
vt 0.977800 0.550609
vt 0.219332 0.018911
vt 0.791825 0.277593
vt 0.795254 0.259760
vt 0.571496 0.610500
vt 0.571496 0.540384
vt 0.573549 0.585902
vt 0.633682 0.467484
vt 0.648440 0.457702
vt 0.641430 0.469691
vt 0.662175 0.456204
vt 0.647290 0.446095
vt 0.633381 0.440112
vt 0.784426 0.355466
vt 0.784459 0.324296
vt 0.308224 0.918465
vt 0.625863 0.488944
vt 0.787405 0.314439
vt 0.237529 0.987503
vt 0.237529 0.978886
vt 0.239466 0.981376
vt 0.194818 0.025709
vt 0.871068 0.525044
vt 0.883539 0.460993
vt 0.875686 0.548716
vt 0.625612 0.509633
vt 0.309729 0.800475
vt 0.312933 0.775273
vt 0.312933 0.859853
vt 0.403319 0.810154
vt 0.380620 0.794394
vt 0.397338 0.785053
vt 0.660207 0.473132
vt 0.667263 0.439552
vt 0.673477 0.453861
vt 0.657520 0.430966
vt 0.313286 0.032613
vt 0.264267 0.847276
vt 0.629312 0.527382
vt 0.622857 0.561014
vt 0.619882 0.521800
vt 0.795249 0.434814
vt 0.283155 0.537794
vt 0.289533 0.525815
vt 0.875821 0.462270
vt 0.636736 0.509496
vt 0.095589 0.016484
vt 0.127214 0.021199
vt 0.130765 0.026614
vt 0.063008 0.031683
vt 0.298557 0.494810
vt 0.303197 0.484751
vt 0.680618 0.469333
vt 0.645166 0.430247
vt 0.413446 0.946607
vt 0.413510 0.941616
vt 0.428860 0.941946
vt 0.418455 0.939395
vt 0.792633 0.306892
vt 0.219520 0.021054
vt 0.542746 0.936254
vt 0.550079 0.914864
vt 0.549933 0.940582
vt 0.155375 0.024643
vt 0.647515 0.494063
vt 0.412918 0.801341
vt 0.579281 0.540384
vt 0.064962 0.020579
vt 0.699854 0.456511
vt 0.676179 0.444525
vt 0.303835 0.032616
vt 0.798461 0.281195
vt 0.180366 0.034145
vt 0.172036 0.025271
vt 0.806465 0.493632
vt 0.772586 0.421763
vt 0.080757 0.033339
vt 0.291327 0.503292
vt 0.405398 0.762079
vt 0.412394 0.781029
vt 0.050495 0.032417
vt 0.625004 0.419776
vt 0.634544 0.413174
vt 0.651673 0.416528
vt 0.413446 0.929917
vt 0.250526 0.859166
vt 0.297333 0.046566
vt 0.253588 0.030473
vt 0.796186 0.304655
vt 0.542746 0.908796
vt 0.620090 0.487560
vt 0.788269 0.433319
vt 0.139628 0.031474
vt 0.871068 0.434879
vt 0.412552 0.770153
vt 0.705537 0.465620
vt 0.976159 0.690633
vt 0.974673 0.701589
vt 0.974673 0.680856
vt 0.240055 0.867986
vt 0.239764 0.861598
vt 0.231332 0.871162
vt 0.260982 0.852877
vt 0.310834 0.040923
vt 0.796435 0.351202
vt 0.792256 0.328092
vt 0.289096 0.502908
vt 0.233373 0.873106
vt 0.797720 0.386853
vt 0.796448 0.344931
vt 0.791680 0.323367
vt 0.801104 0.305283
vt 0.957180 0.089896
vt 0.951385 0.066625
vt 0.957702 0.064561
vt 0.799126 0.295378
vt 0.548460 0.896073
vt 0.632219 0.544077
vt 0.684716 0.422921
vt 0.662450 0.415488
vt 0.507123 0.933216
vt 0.496652 0.930537
vt 0.499966 0.919485
vt 0.255739 0.038065
vt 0.256711 0.041181
vt 0.922758 0.931484
vt 0.922945 0.924031
vt 0.926372 0.932152
vt 0.260748 0.039013
vt 0.240314 0.037604
vt 0.210425 0.042926
vt 0.283945 0.505485
vt 0.932131 0.923652
vt 0.281541 0.040694
vt 0.858821 0.984228
vt 0.857407 0.985573
vt 0.857407 0.978886
vt 0.196924 0.032972
vt 0.947223 0.684865
vt 0.955172 0.672100
vt 0.955172 0.701477
vt 0.421964 0.772087
vt 0.050020 0.042746
vt 0.626972 0.405110
vt 0.233756 0.041023
vt 0.177188 0.051815
vt 0.136924 0.040683
vt 0.420254 0.785212
vt 0.784748 0.408269
vt 0.789525 0.406242
vt 0.652847 0.399012
vt 0.229550 0.889198
vt 0.797012 0.330590
vt 0.800997 0.323306
vt 0.807655 0.254646
vt 0.798648 0.237899
vt 0.798008 0.215005
vt 0.808025 0.222274
vt 0.421278 0.770655
vt 0.412626 0.767470
vt 0.228927 0.881052
vt 0.951385 0.057581
vt 0.773276 0.406149
vt 0.878320 0.424616
vt 0.706595 0.432520
vt 0.691253 0.413355
vt 0.637372 0.388778
vt 0.924889 0.912462
vt 0.807459 0.292081
vt 0.417954 0.804274
vt 0.777507 0.408270
vt 0.427698 0.769255
vt 0.424636 0.770330
vt 0.889102 0.443179
vt 0.935710 0.916096
vt 0.967935 0.046824
vt 0.963195 0.037788
vt 0.967935 0.027314
vt 0.291628 0.046870
vt 0.263414 0.044980
vt 0.804585 0.352930
vt 0.860036 0.240721
vt 0.855526 0.215587
vt 0.862600 0.215005
vt 0.291863 0.905777
vt 0.296854 0.906708
vt 0.298542 0.913290
vt 0.416118 0.816552
vt 0.682855 0.399912
vt 0.662220 0.395408
vt 0.274127 0.866471
vt 0.488525 0.921233
vt 0.963062 0.044533
vt 0.285075 0.048331
vt 0.572940 0.862549
vt 0.577081 0.851234
vt 0.578153 0.856125
vt 0.935109 0.882408
vt 0.944566 0.874930
vt 0.943702 0.890389
vt 0.244198 0.044893
vt 0.933045 0.874930
vt 0.237734 0.046359
vt 0.818449 0.285711
vt 0.105647 0.058923
vt 0.031109 0.052027
vt 0.036565 0.038497
vt 0.628652 0.387874
vt 0.490379 0.926284
vt 0.576735 0.844485
vt 0.864462 0.239878
vt 0.306057 0.915286
vt 0.808295 0.303442
vt 0.978801 0.706169
vt 0.980332 0.701117
vt 0.980332 0.714263
vt 0.238804 0.898148
vt 0.920751 0.916033
vt 0.269649 0.870413
vt 0.296470 0.051215
vt 0.293758 0.053801
vt 0.810949 0.360940
vt 0.804439 0.331366
vt 0.870854 0.220141
vt 0.873551 0.239202
vt 0.854683 0.179319
vt 0.867124 0.137948
vt 0.871035 0.143145
vt 0.305286 0.906661
vt 0.289848 0.899339
vt 0.428715 0.796597
vt 0.777672 0.985229
vt 0.777672 0.978886
vt 0.779330 0.980669
vt 0.035751 0.060038
vt 0.023823 0.050301
vt 0.645496 0.380986
vt 0.922613 0.904120
vt 0.799174 0.393116
vt 0.818113 0.394037
vt 0.817314 0.400292
vt 0.566362 0.860362
vt 0.341175 0.986541
vt 0.339157 0.982126
vt 0.341175 0.978886
vt 0.860232 0.147139
vt 0.955814 0.215005
vt 0.955814 0.241324
vt 0.947319 0.232032
vt 0.425159 0.808915
vt 0.441631 0.792874
vt 0.767922 0.403840
vt 0.080946 0.070743
vt 0.881537 0.403840
vt 0.560913 0.845153
vt 0.967060 0.496359
vt 0.967060 0.479056
vt 0.971004 0.492970
vt 0.817856 0.316491
vt 0.815073 0.322966
vt 0.815846 0.302377
vt 0.297059 0.889097
vt 0.223148 0.053100
vt 0.815370 0.223936
vt 0.978241 0.888418
vt 0.976057 0.884088
vt 0.978241 0.877381
vt 0.983448 0.228341
vt 0.984566 0.224028
vt 0.984566 0.230225
vt 0.888181 0.431808
vt 0.232089 0.897997
vt 0.500617 0.913124
vt 0.813042 0.378812
vt 0.568539 0.884341
vt 0.576949 0.885968
vt 0.816215 0.334291
vt 0.824075 0.950897
vt 0.820261 0.935527
vt 0.824075 0.935675
vt 0.814507 0.934885
vt 0.810031 0.940834
vt 0.232162 0.050391
vt 0.857185 0.132881
vt 0.207299 0.060081
vt 0.291878 0.884885
vt 0.180046 0.060159
vt 0.140843 0.083048
vt 0.666171 0.370333
vt 0.925748 0.904077
vt 0.493951 0.906207
vt 0.500092 0.907839
vt 0.578153 0.896468
vt 0.572891 0.894331
vt 0.855009 0.162279
vt 0.749592 0.815982
vt 0.752782 0.810505
vt 0.756910 0.823069
vt 0.228112 0.053514
vt 0.160232 0.073564
vt 0.433765 0.762771
vt 0.754717 0.969924
vt 0.750310 0.973062
vt 0.750310 0.962270
vt 0.861317 0.253212
vt 0.558155 0.858333
vt 0.845075 0.175539
vt 0.559730 0.853811
vt 0.816334 0.343235
vt 0.951180 0.640991
vt 0.942224 0.628219
vt 0.951180 0.629085
vt 0.861914 0.123155
vt 0.866266 0.122490
vt 0.935196 0.907445
vt 0.938187 0.911840
vt 0.937561 0.903540
vt 0.487365 0.915072
vt 0.498477 0.904170
vt 0.877201 0.268777
vt 0.970158 0.820393
vt 0.970158 0.801700
vt 0.972991 0.805291
vt 0.850505 0.150168
vt 0.854587 0.147693
vt 0.942653 0.613907
vt 0.454769 0.791184
vt 0.024698 0.060661
vt 0.575581 0.899460
vt 0.814795 0.348482
vt 0.557613 0.883666
vt 0.844613 0.167685
vt 0.744295 0.829970
vt 0.737964 0.824299
vt 0.742438 0.817235
vt 0.810154 0.948406
vt 0.825126 0.302581
vt 0.904160 0.453183
vt 0.715709 0.409670
vt 0.632210 0.369378
vt 0.686943 0.382639
vt 0.978801 0.014690
vt 0.978801 0.009008
vt 0.982864 0.013712
vt 0.501277 0.899591
vt 0.502726 0.902771
vt 0.964849 0.452594
vt 0.961167 0.435053
vt 0.964849 0.423279
vt 0.852614 0.133081
vt 0.738119 0.817912
vt 0.290740 0.863434
vt 0.281344 0.854346
vt 0.822298 0.217137
vt 0.447452 0.799070
vt 0.456226 0.765126
vt 0.434612 0.758976
vt 0.711924 0.457679
vt 0.723376 0.459617
vt 0.720943 0.473871
vt 0.723942 0.445146
vt 0.570990 0.895596
vt 0.564449 0.893925
vt 0.878369 0.244485
vt 0.473265 0.530523
vt 0.465921 0.524058
vt 0.498218 0.522488
vt 0.857069 0.117668
vt 0.859379 0.095865
vt 0.864165 0.090831
vt 0.182987 0.069129
vt 0.440256 0.815118
vt 0.274127 0.894582
vt 0.923330 0.899878
vt 0.844533 0.189558
vt 0.499894 0.540384
vt 0.505450 0.538637
vt 0.411628 0.903861
vt 0.413446 0.919449
vt 0.411628 0.936571
vt 0.482488 0.521757
vt 0.475774 0.517717
vt 0.470935 0.511861
vt 0.748756 0.788133
vt 0.208663 0.066389
vt 0.950813 0.614751
vt 0.458238 0.502659
vt 0.736270 0.803487
vt 0.855911 0.126914
vt 0.208442 0.064909
vt 0.455455 0.509823
vt 0.297451 0.867331
vt 0.291164 0.821048
vt 0.284467 0.820325
vt 0.200324 0.943844
vt 0.210447 0.943844
vt 0.207706 0.958125
vt 0.102390 0.077878
vt 0.643603 0.353538
vt 0.926614 0.898637
vt 0.972164 0.708079
vt 0.967217 0.717378
vt 0.967217 0.704593
vt 0.565089 0.895960
vt 0.559388 0.892497
vt 0.847007 0.126914
vt 0.948350 0.608974
vt 0.445026 0.490457
vt 0.833072 0.221890
vt 0.274127 0.817750
vt 0.434250 0.817290
vt 0.826520 0.388670
vt 0.864621 0.285420
vt 0.753829 0.807260
vt 0.755108 0.788290
vt 0.293230 0.832133
vt 0.828866 0.256365
vt 0.310469 0.595830
vt 0.312784 0.609865
vt 0.310469 0.644969
vt 0.425483 0.821548
vt 0.302062 0.787891
vt 0.721447 0.429808
vt 0.491775 0.895897
vt 0.504690 0.895049
vt 0.551159 0.899576
vt 0.814779 0.209419
vt 0.834872 0.173069
vt 0.305040 0.595830
vt 0.303347 0.588800
vt 0.310947 0.587854
vt 0.468733 0.505830
vt 0.942839 0.601427
vt 0.847998 0.267837
vt 0.858780 0.044818
vt 0.859270 0.039186
vt 0.871021 0.048548
vt 0.037430 0.087167
vt 0.858433 0.288047
vt 0.889269 0.290580
vt 0.841377 0.153647
vt 0.313286 0.582966
vt 0.451289 0.483041
vt 0.654123 0.363315
vt 0.919604 0.903438
vt 0.919859 0.895379
vt 0.926579 0.893310
vt 0.484538 0.909534
vt 0.833254 0.185526
vt 0.332693 0.415293
vt 0.320730 0.404020
vt 0.330782 0.402012
vt 0.013034 0.067288
vt 0.244829 0.904737
vt 0.239293 0.905042
vt 0.934727 0.894025
vt 0.476549 0.513784
vt 0.311180 0.568509
vt 0.300524 0.849438
vt 0.363604 0.434886
vt 0.403865 0.445233
vt 0.412923 0.464916
vt 0.938187 0.895340
vt 0.490036 0.899346
vt 0.830754 0.165325
vt 0.303347 0.574405
vt 0.310501 0.547966
vt 0.347135 0.425379
vt 0.364393 0.426502
vt 0.844091 0.403840
vt 0.829039 0.379276
vt 0.841687 0.387079
vt 0.507123 0.888901
vt 0.473583 0.509116
vt 0.476824 0.506684
vt 0.839619 0.135682
vt 0.182819 0.081642
vt 0.752858 0.758611
vt 0.843094 0.222384
vt 0.840020 0.041081
vt 0.698315 0.381882
vt 0.875454 0.287135
vt 0.482938 0.888901
vt 0.470185 0.894691
vt 0.474413 0.891300
vt 0.841930 0.383166
vt 0.517204 0.525741
vt 0.556053 0.532645
vt 0.488764 0.513171
vt 0.433237 0.475462
vt 0.845745 0.217691
vt 0.083302 0.085797
vt 0.060555 0.082023
vt 0.726199 0.412160
vt 0.932986 0.280082
vt 0.938517 0.281023
vt 0.933295 0.284918
vt 0.837226 0.396604
vt 0.474145 0.899266
vt 0.464157 0.905428
vt 0.798255 0.212683
vt 0.456226 0.923429
vt 0.463686 0.909178
vt 0.463228 0.921656
vt 0.831444 0.134893
vt 0.845761 0.035540
vt 0.696705 0.749974
vt 0.697206 0.737418
vt 0.702072 0.741873
vt 0.437024 0.829857
vt 0.111173 0.081747
vt 0.342129 0.404958
vt 0.480881 0.506852
vt 0.746056 0.743585
vt 0.839114 0.091494
vt 0.306057 0.811441
vt 0.371912 0.414639
vt 0.693920 0.360444
vt 0.939466 0.276693
vt 0.253968 0.960096
vt 0.260116 0.968537
vt 0.253968 0.969259
vt 0.978748 0.212848
vt 0.978748 0.222352
vt 0.976288 0.216725
vt 0.484538 0.900477
vt 0.471570 0.907750
vt 0.468076 0.491926
vt 0.465970 0.498122
vt 0.840040 0.123749
vt 0.164875 0.090509
vt 0.132486 0.102583
vt 0.444189 0.827108
vt 0.319354 0.385179
vt 0.720797 0.401173
vt 0.676473 0.359444
vt 0.657027 0.353333
vt 0.468038 0.912596
vt 0.014984 0.101139
vt 0.932986 0.249725
vt 0.941119 0.273839
vt 0.942566 0.276877
vt 0.505177 0.978886
vt 0.506198 0.990272
vt 0.505177 0.992292
vt 0.977528 0.420920
vt 0.974842 0.416203
vt 0.977528 0.410079
vt 0.479204 0.900588
vt 0.894678 0.290870
vt 0.825767 0.154810
vt 0.485874 0.501231
vt 0.978679 0.139330
vt 0.975882 0.133159
vt 0.978679 0.130361
vt 0.751276 0.748304
vt 0.751953 0.739840
vt 0.855526 0.253961
vt 0.001045 0.080468
vt 0.984966 0.097769
vt 0.983448 0.100869
vt 0.983448 0.095947
vt 0.466614 0.925554
vt 0.471597 0.918239
vt 0.804496 0.198505
vt 0.506199 0.512768
vt 0.827656 0.133840
vt 0.735202 0.763359
vt 0.424843 0.452673
vt 0.431264 0.841775
vt 0.103449 0.089577
vt 0.006161 0.115904
vt 0.959475 0.332939
vt 0.964292 0.341901
vt 0.959475 0.357771
vt 0.858899 0.300926
vt 0.944377 0.276152
vt 0.851893 0.388997
vt 0.819330 0.168132
vt 0.444923 0.463836
vt 0.853421 0.402201
vt 0.495688 0.497880
vt 0.803048 0.215005
vt 0.946922 0.269984
vt 0.476281 0.911616
vt 0.478867 0.913821
vt 0.734517 0.734129
vt 0.731015 0.749068
vt 0.409723 0.433787
vt 0.313406 0.376879
vt 0.316256 0.353936
vt 0.974337 0.754882
vt 0.971576 0.745993
vt 0.974337 0.738208
vt 0.942597 0.265726
vt 0.482109 0.906446
vt 0.484313 0.911524
vt 0.855526 0.396260
vt 0.513562 0.508049
vt 0.451862 0.462672
vt 0.476267 0.473672
vt 0.126316 0.101905
vt 0.334511 0.386772
vt 0.347502 0.394086
vt 0.704150 0.367664
vt 0.970093 0.770289
vt 0.966413 0.760118
vt 0.969673 0.760169
vt 0.479587 0.917809
vt 0.794058 0.205855
vt 0.509231 0.503347
vt 0.713112 0.721084
vt 0.115001 0.100527
vt 0.721941 0.380354
vt 0.970093 0.751623
vt 0.484538 0.921491
vt 0.891007 0.397737
vt 0.885473 0.389674
vt 0.885888 0.355964
vt 0.490257 0.489386
vt 0.826632 0.108311
vt 0.814262 0.083907
vt 0.685375 0.743739
vt 0.685214 0.710397
vt 0.456226 0.854152
vt 0.540089 0.952807
vt 0.531826 0.942960
vt 0.540089 0.933698
vt 0.802011 0.193001
vt 0.806609 0.190243
vt 0.875325 0.391006
vt 0.876303 0.364392
vt 0.536346 0.513460
vt 0.964873 0.952316
vt 0.964873 0.967901
vt 0.959095 0.955164
vt 0.732945 0.710689
vt 0.022336 0.156716
vt 0.870086 0.365048
vt 0.940368 0.975143
vt 0.936477 0.968888
vt 0.940368 0.965012
vt 0.865560 0.349431
vt 0.881846 0.349494
vt 0.869831 0.345267
vt 0.505070 0.497588
vt 0.498131 0.491617
vt 0.745624 0.711930
vt 0.038000 0.107214
vt 0.554360 0.526557
vt 0.871727 0.391024
vt 0.867114 0.340899
vt 0.528740 0.938080
vt 0.127006 0.108073
vt 0.077910 0.114295
vt 0.635646 0.331037
vt 0.863059 0.355311
vt 0.874004 0.339309
vt 0.868876 0.556801
vt 0.859382 0.552481
vt 0.862165 0.546340
vt 0.802121 0.055403
vt 0.749741 0.701109
vt 0.100872 0.102820
vt 0.857734 0.320765
vt 0.894866 0.296493
vt 0.881772 0.396259
vt 0.859583 0.384559
vt 0.863667 0.360799
vt 0.862693 0.560955
vt 0.851366 0.559983
vt 0.858724 0.556921
vt 0.863950 0.332939
vt 0.856194 0.552209
vt 0.871068 0.534432
vt 0.827884 0.032387
vt 0.810510 0.017158
vt 0.708339 0.711840
vt 0.109864 0.111352
vt 0.856090 0.318788
vt 0.855526 0.305465
vt 0.561894 0.531742
vt 0.887085 0.394333
vt 0.549998 0.512675
vt 0.866224 0.390451
vt 0.435130 0.438823
vt 0.365177 0.397005
vt 0.792249 0.195374
vt 0.850007 0.546658
vt 0.483003 0.477048
vt 0.820968 0.124823
vt 0.815751 0.106579
vt 0.457669 0.439432
vt 0.724250 0.713688
vt 0.330806 0.360053
vt 0.671929 0.336045
vt 0.856862 0.544663
vt 0.925276 0.549627
vt 0.922833 0.542420
vt 0.928176 0.542420
vt 0.716998 0.706641
vt 0.114381 0.112443
vt 0.063505 0.119231
vt 0.781941 0.193921
vt 0.819788 0.041287
vt 0.693854 0.339218
vt 0.783768 0.210135
vt 0.396835 0.941936
vt 0.389554 0.935461
vt 0.396714 0.936524
vt 0.871795 0.397095
vt 0.375560 0.397237
vt 0.098653 0.110153
vt 0.344987 0.374736
vt 0.627572 0.333430
vt 0.712465 0.363517
vt 0.861810 0.396662
vt 0.725932 0.698467
vt 0.097139 0.120301
vt 0.330595 0.978886
vt 0.331718 0.986709
vt 0.330595 0.992799
vt 0.395488 0.926486
vt 0.867115 0.396457
vt 0.855526 0.397737
vt 0.855839 0.531003
vt 0.749346 0.683671
vt 0.705396 0.351990
vt 0.430885 0.415135
vt 0.093602 0.116768
vt 0.904077 0.314321
vt 0.113565 0.119264
vt 0.678440 0.325362
vt 0.775677 0.191260
vt 0.384453 0.940158
vt 0.384160 0.925284
vt 0.393787 0.921806
vt 0.803477 0.067589
vt 0.107071 0.120009
vt 0.091201 0.124118
vt 0.559501 0.507641
vt 0.444622 0.898685
vt 0.431822 0.880740
vt 0.436801 0.876069
vt 0.726538 0.692480
vt 0.396170 0.391086
vt 0.326180 0.347725
vt 0.780099 0.188888
vt 0.862674 0.505178
vt 0.866417 0.527548
vt 0.073835 0.121992
vt 0.850507 0.502360
vt 0.470937 0.434641
vt 0.460014 0.414338
vt 0.808432 0.018875
vt 0.219827 0.489403
vt 0.228390 0.485199
vt 0.229986 0.500147
vt 0.209290 0.498649
vt 0.209110 0.495297
vt 0.365642 0.379508
vt 0.357807 0.361591
vt 0.345932 0.354663
vt 0.659929 0.318034
vt 0.857965 0.502188
vt 0.804537 0.086836
vt 0.241685 0.498612
vt 0.414934 0.394898
vt 0.771022 0.200931
vt 0.899728 0.894616
vt 0.902879 0.897783
vt 0.895882 0.899074
vt 0.382621 0.932260
vt 0.796152 0.039589
vt 0.179423 0.953319
vt 0.173596 0.963900
vt 0.173596 0.945523
vt 0.030832 0.158060
vt 0.313286 0.339273
vt 0.560147 0.497575
vt 0.268419 0.974980
vt 0.266004 0.973256
vt 0.268419 0.961318
vt 0.253317 0.484751
vt 0.756910 0.672100
vt 0.188852 0.518031
vt 0.781600 0.210549
vt 0.771442 0.206373
vt 0.568356 0.511322
vt 0.384451 0.912947
vt 0.396590 0.916562
vt 0.386263 0.903861
vt 0.396835 0.910233
vt 0.111082 0.131416
vt 0.891842 0.332939
vt 0.222693 0.510973
vt 0.183149 0.518868
vt 0.039666 0.146281
vt 0.329435 0.319785
vt 0.707148 0.933100
vt 0.719192 0.926262
vt 0.716201 0.932425
vt 0.000000 0.141566
vt 0.000722 0.114809
vt 0.314053 0.328357
vt 0.573596 0.513605
vt 0.904414 0.891635
vt 0.794885 0.065452
vt 0.428349 0.866913
vt 0.444622 0.860329
vt 0.182527 0.541845
vt 0.181573 0.507020
vt 0.345175 0.328233
vt 0.721221 0.929312
vt 0.767922 0.196663
vt 0.912862 0.893179
vt 0.907205 0.894461
vt 0.443332 0.903773
vt 0.420418 0.875501
vt 0.430636 0.401759
vt 0.118359 0.152901
vt 0.100289 0.137207
vt 0.165147 0.975721
vt 0.161744 0.971360
vt 0.165147 0.965392
vt 0.158607 0.985963
vt 0.158607 0.978886
vt 0.161063 0.982095
vt 0.461816 0.404446
vt 0.379079 0.372764
vt 0.565378 0.498060
vt 0.069530 0.139247
vt 0.633967 0.313879
vt 0.720645 0.905380
vt 0.911745 0.896861
vt 0.907288 0.898140
vt 0.903190 0.910704
vt 0.899313 0.902466
vt 0.898032 0.909384
vt 0.858211 0.484843
vt 0.228619 0.518305
vt 0.672286 0.318529
vt 0.695239 0.330427
vt 0.722480 0.925140
vt 0.895882 0.930741
vt 0.897940 0.921774
vt 0.900551 0.929029
vt 0.380620 0.920146
vt 0.866648 0.481328
vt 0.851910 0.470587
vt 0.368558 0.359119
vt 0.579281 0.504830
vt 0.919072 0.895367
vt 0.217994 0.528458
vt 0.707148 0.887841
vt 0.717374 0.899503
vt 0.338366 0.955036
vt 0.343831 0.962256
vt 0.338366 0.970100
vt 0.725635 0.923636
vt 0.914698 0.900287
vt 0.910692 0.908634
vt 0.899318 0.914589
vt 0.903226 0.921962
vt 0.257663 0.494434
vt 0.249416 0.510009
vt 0.417833 0.866360
vt 0.062672 0.149407
vt 0.724180 0.914294
vt 0.578806 0.499255
vt 0.566612 0.491950
vt 0.862338 0.479006
vt 0.203627 0.531593
vt 0.367239 0.349513
vt 0.744125 0.944794
vt 0.755350 0.923611
vt 0.755350 0.951793
vt 0.595155 0.978886
vt 0.595155 0.988618
vt 0.593861 0.981921
vt 0.730203 0.916251
vt 0.917682 0.899462
vt 0.914310 0.908802
vt 0.856047 0.474886
vt 0.786799 0.031688
vt 0.396831 0.364192
vt 0.714863 0.890122
vt 0.724197 0.898878
vt 0.911650 0.913623
vt 0.907614 0.917906
vt 0.861284 0.465716
vt 0.798464 0.011767
vt 0.417517 0.869984
vt 0.399098 0.372139
vt 0.868020 0.448221
vt 0.212198 0.550849
vt 0.252185 0.521031
vt 0.343966 0.316627
vt 0.646979 0.310719
vt 0.684569 0.319278
vt 0.727807 0.909817
vt 0.723089 0.911945
vt 0.728643 0.904722
vt 0.720440 0.890279
vt 0.917988 0.916958
vt 0.576989 0.491706
vt 0.910509 0.927898
vt 0.973636 0.639220
vt 0.973636 0.623468
vt 0.975732 0.629219
vt 0.441092 0.387315
vt 0.098253 0.190958
vt 0.049403 0.163835
vt 0.355834 0.329831
vt 0.343913 0.298821
vt 0.338194 0.295472
vt 0.728263 0.896734
vt 0.915351 0.921441
vt 0.436327 0.854444
vt 0.974547 0.027314
vt 0.974547 0.043367
vt 0.971795 0.027853
vt 0.268504 0.945836
vt 0.268504 0.905042
vt 0.273569 0.931976
vt 0.779679 0.012261
vt 0.795056 0.006736
vt 0.783169 0.032227
vt 0.786521 0.051621
vt 0.197343 0.560802
vt 0.265142 0.513088
vt 0.366511 0.336351
vt 0.396018 0.351936
vt 0.647430 0.289034
vt 0.964595 0.667232
vt 0.964595 0.639529
vt 0.967826 0.651394
vt 0.413446 0.854153
vt 0.408116 0.358710
vt 0.027574 0.207531
vt 0.020642 0.244294
vt 0.767922 0.623096
vt 0.777386 0.614339
vt 0.772586 0.633992
vt 0.448944 0.384739
vt 0.419133 0.367004
vt 0.851154 0.448895
vt 0.860089 0.433729
vt 0.864379 0.447126
vt 0.176667 0.581067
vt 0.780423 0.601935
vt 0.802742 0.601239
vt 0.227816 0.563564
vt 0.832710 0.428654
vt 0.855417 0.428497
vt 0.777164 0.002192
vt 0.266558 0.508645
vt 0.175032 0.903603
vt 0.178633 0.919307
vt 0.165195 0.877691
vt 0.036510 0.190472
vt 0.361001 0.312409
vt 0.835708 0.420046
vt 0.835416 0.872217
vt 0.825216 0.866858
vt 0.844849 0.851378
vt 0.825216 0.833620
vt 0.191780 0.888784
vt 0.204699 0.580255
vt 0.831969 0.888143
vt 0.847647 0.900678
vt 0.848713 0.908226
vt 0.416937 0.359130
vt 0.826081 0.880455
vt 0.856127 0.874424
vt 0.841049 0.880549
vt 0.431206 0.363611
vt 0.410864 0.346420
vt 0.425288 0.352471
vt 0.857665 0.857418
vt 0.200324 0.877691
vt 0.053419 0.213144
vt 0.262953 0.536036
vt 0.431931 0.356211
vt 0.068606 0.199365
vt 0.800771 0.612001
vt 0.265873 0.495100
vt 0.277792 0.523599
vt 0.438248 0.366638
vt 0.122397 0.232904
vt 0.962896 0.765996
vt 0.962896 0.738208
vt 0.966412 0.751716
vt 0.380615 0.309685
vt 0.380440 0.321262
vt 0.365122 0.286572
vt 0.861161 0.415160
vt 0.866977 0.428039
vt 0.441830 0.353390
vt 0.446926 0.371043
vt 0.254152 0.555383
vt 0.974150 0.192988
vt 0.972908 0.210904
vt 0.972908 0.176364
vt 0.396316 0.325399
vt 0.397761 0.332815
vt 0.866206 0.411311
vt 0.429792 0.338195
vt 0.767922 0.000000
vt 0.434635 0.342334
vt 0.823485 0.884362
vt 0.823485 0.833009
vt 0.825170 0.862716
vt 0.970139 0.461416
vt 0.964844 0.467840
vt 0.964844 0.452594
vt 0.441151 0.350136
vt 0.637755 0.274374
vt 0.440266 0.333321
vt 0.368134 0.301818
vt 0.789497 0.639068
vt 0.773112 0.646391
vt 0.279399 0.531317
vt 0.862911 0.411573
vt 0.402512 0.299488
vt 0.815322 0.588386
vt 0.440377 0.355465
vt 0.452640 0.334645
vt 0.464618 0.354032
vt 0.361846 0.277221
vt 0.379908 0.299498
vt 0.871068 0.403840
vt 0.283155 0.513138
vt 0.264359 0.557108
vt 0.485454 0.337493
vt 0.070658 0.219198
vt 0.398673 0.260788
vt 0.263561 0.569863
vt 0.141761 0.164658
vt 0.148443 0.218734
vt 0.131463 0.187995
vt 0.186242 0.635283
vt 0.144184 0.229716
vt 0.221580 0.612179
vt 0.250198 0.603098
vt 0.011069 0.231680
vt 0.808737 0.630822
vt 0.174473 0.617531
vt 0.484480 0.346746
vt 0.205675 0.626957
vt 0.436503 0.310393
vt 0.664168 0.280958
vt 0.663670 0.297791
vt 0.755385 0.935358
vt 0.756899 0.923482
vt 0.756899 0.957691
vt 0.648901 0.254348
vt 0.415278 0.272952
vt 0.673750 0.299880
vt 0.399551 0.246507
vt 0.495870 0.341710
vt 0.073903 0.242013
vt 0.465483 0.307348
vt 0.131020 0.241055
vt 0.100283 0.247885
vt 0.816508 0.606695
vt 0.450036 0.277564
vt 0.048873 0.248237
vt 0.813302 0.651895
vt 0.029737 0.258927
vt 0.631837 0.251188
vt 0.212816 0.635611
vt 0.271569 0.618403
vt 0.448610 0.263807
vt 0.038956 0.251811
vt 0.523261 0.309260
vt 0.496493 0.298786
vt 0.620144 0.253866
vt 0.816508 0.636694
vt 0.227529 0.636661
vt 0.168097 0.644634
vt 0.165195 0.627262
vt 0.415983 0.256223
vt 0.276354 0.607383
vt 0.144796 0.250196
vt 0.120444 0.259219
vt 0.199052 0.653029
vt 0.152683 0.245115
vt 0.551142 0.960997
vt 0.542746 0.954931
vt 0.551142 0.940582
vt 0.611319 0.264198
vt 0.639748 0.256732
vt 0.057230 0.260813
vt 0.246382 0.633541
vt 0.074869 0.256318
vt 0.657166 0.257524
vt 0.183356 0.655354
vt 0.133138 0.260762
vt 0.048611 0.261011
vt 0.410925 0.244654
vt 0.146342 0.269446
vt 0.481043 0.290130
vt 0.166362 0.253229
vt 0.208383 0.662533
vt 0.090891 0.274349
vt 0.226781 0.650494
vt 0.621842 0.218416
vt 0.410823 0.224346
vt 0.689071 0.289133
vt 0.695658 0.283298
vt 0.701914 0.301888
vt 0.162711 0.282648
vt 0.484829 0.249444
vt 0.014089 0.303870
vt 0.606251 0.221844
vt 0.467719 0.217664
vt 0.543770 0.274594
vt 0.533129 0.306496
vt 0.530897 0.275771
vt 0.501758 0.271873
vt 0.061234 0.307289
vt 0.678242 0.259533
vt 0.196582 0.701431
vt 0.179106 0.680732
vt 0.460985 0.232385
vt 0.259282 0.673858
vt 0.146001 0.315630
vt 0.133331 0.325530
vt 0.104228 0.312988
vt 0.214343 0.679864
vt 0.494319 0.260216
vt 0.247438 0.655073
vt 0.274404 0.642729
vt 0.831497 0.667998
vt 0.817286 0.641478
vt 0.832448 0.647676
vt 0.659678 0.233072
vt 0.049551 0.333467
vt 0.032583 0.323254
vt 0.643351 0.227214
vt 0.451728 0.194298
vt 0.153886 0.320649
vt 0.436886 0.175269
vt 0.680762 0.233027
vt 0.527783 0.254859
vt 0.477574 0.186395
vt 0.230486 0.715162
vt 0.253514 0.699442
vt 0.596829 0.219980
vt 0.579281 0.220525
vt 0.190341 0.713551
vt 0.045963 0.373462
vt 0.507833 0.218009
vt 0.240963 0.708427
vt 0.693619 0.244707
vt 0.816508 0.588386
vt 0.306439 0.792028
vt 0.309729 0.775273
vt 0.309729 0.813577
vt 0.211234 0.715687
vt 0.161660 0.330355
vt 0.573227 0.212363
vt 0.496990 0.204592
vt 0.168951 0.318697
vt 0.682865 0.219263
vt 0.527024 0.209167
vt 0.088142 0.354776
vt 0.463986 0.177281
vt 0.111315 0.340281
vt 0.701154 0.247233
vt 0.716687 0.260145
vt 0.547368 0.224475
vt 0.663832 0.208897
vt 0.262121 0.715603
vt 0.027218 0.361808
vt 0.143128 0.340767
vt 0.498447 0.174617
vt 0.014154 0.348560
vt 0.019091 0.311004
vt 0.039330 0.370451
vt 0.631733 0.200230
vt 0.579281 0.217122
vt 0.502740 0.209259
vt 0.875371 0.964800
vt 0.875371 0.935268
vt 0.878475 0.951123
vt 0.207993 0.730670
vt 0.126392 0.353029
vt 0.756899 0.901830
vt 0.752150 0.883581
vt 0.756899 0.866768
vt 0.282696 0.706549
vt 0.167055 0.347604
vt 0.159370 0.351324
vt 0.950431 0.936863
vt 0.959095 0.930778
vt 0.959095 0.955083
vt 0.832448 0.590329
vt 0.605283 0.190322
vt 0.961088 0.577558
vt 0.966745 0.577063
vt 0.966745 0.595743
vt 0.909285 0.529070
vt 0.909328 0.538173
vt 0.904160 0.518666
vt 0.588493 0.188052
vt 0.593199 0.180604
vt 0.606208 0.188302
vt 0.939217 0.989852
vt 0.939217 0.978886
vt 0.939989 0.985975
vt 0.226224 0.729286
vt 0.916276 0.541359
vt 0.916557 0.547448
vt 0.595873 0.205988
vt 0.594366 0.189376
vt 0.912439 0.530533
vt 0.649801 0.194092
vt 0.279686 0.709856
vt 0.124997 0.358503
vt 0.672329 0.199314
vt 0.906781 0.511298
vt 0.907514 0.525597
vt 0.602570 0.175692
vt 0.823247 0.969475
vt 0.825000 0.950897
vt 0.825000 0.974286
vt 0.072488 0.377942
vt 0.031934 0.970244
vt 0.031934 0.959600
vt 0.037410 0.967995
vt 0.914536 0.533344
vt 0.600451 0.188332
vt 0.912636 0.526806
vt 0.911877 0.521600
vt 0.091148 0.949216
vt 0.082183 0.960784
vt 0.082183 0.946547
vt 0.908407 0.505667
vt 0.905545 0.503568
vt 0.614321 0.187083
vt 0.622217 0.179949
vt 0.036317 0.971075
vt 0.079743 0.984837
vt 0.077253 0.986249
vt 0.077253 0.978886
vt 0.605413 0.187975
vt 0.731039 0.950297
vt 0.739730 0.950297
vt 0.731210 0.962457
vt 0.911234 0.511700
vt 0.627807 0.189245
vt 0.697469 0.210048
vt 0.910052 0.492908
vt 0.621591 0.186962
vt 0.200628 0.739588
vt 0.114854 0.984908
vt 0.116837 0.978886
vt 0.116837 0.987936
vt 0.567135 0.982483
vt 0.569882 0.978886
vt 0.569882 0.983593
vt 0.615068 0.187245
vt 0.910934 0.507754
vt 0.905159 0.491746
vt 0.909344 0.481683
vt 0.633038 0.187169
vt 0.619100 0.169921
vt 0.243767 0.743398
vt 0.579281 0.943323
vt 0.582465 0.943952
vt 0.580898 0.948688
vt 0.586261 0.947053
vt 0.218484 0.743945
vt 0.587947 0.935092
vt 0.587397 0.943273
vt 0.968891 0.027173
vt 0.963939 0.023195
vt 0.968891 0.018000
vt 0.890481 0.795485
vt 0.898719 0.807222
vt 0.894565 0.806940
vt 0.892813 0.794244
vt 0.895677 0.797768
vt 0.730366 0.985097
vt 0.728824 0.986139
vt 0.728824 0.978886
vt 0.156619 0.352510
vt 0.148266 0.355767
vt 0.149458 0.351273
vt 0.097629 0.978886
vt 0.097629 0.984608
vt 0.094455 0.983507
vt 0.896454 0.790805
vt 0.147162 0.351957
vt 0.105743 0.364275
vt 0.530969 0.198117
vt 0.478107 0.171319
vt 0.442903 0.174306
vt 0.478654 0.134677
vt 0.618849 0.187283
vt 0.911595 0.498448
vt 0.620197 0.186797
vt 0.620106 0.188020
vt 0.580942 0.175268
vt 0.597709 0.172687
vt 0.978801 0.965190
vt 0.980252 0.958852
vt 0.980252 0.965521
vt 0.978858 0.952352
vt 0.182119 0.353321
vt 0.183717 0.351405
vt 0.186901 0.352614
vt 0.761204 0.946261
vt 0.767240 0.947734
vt 0.763658 0.950932
vt 0.981847 0.245445
vt 0.981847 0.252681
vt 0.978801 0.250485
vt 0.899029 0.822767
vt 0.902429 0.813397
vt 0.903377 0.826939
vt 0.909352 0.816036
vt 0.978801 0.765475
vt 0.978801 0.750632
vt 0.980149 0.758378
vt 0.179007 0.354748
vt 0.165084 0.355967
vt 0.174612 0.352528
vt 0.492890 0.970572
vt 0.489201 0.972795
vt 0.488054 0.968664
vt 0.312933 0.914421
vt 0.312933 0.945773
vt 0.310409 0.943280
vt 0.923882 0.975605
vt 0.923882 0.964467
vt 0.927504 0.968490
vt 0.905637 0.800772
vt 0.151182 0.360015
vt 0.889958 0.787862
vt 0.895470 0.785740
vt 0.891489 0.790596
vt 0.892965 0.782086
vt 0.951259 0.000000
vt 0.946939 0.022391
vt 0.949420 0.000183
vt 0.488776 0.743766
vt 0.483699 0.746305
vt 0.469356 0.742495
vt 0.944221 0.007926
vt 0.942199 0.010478
vt 0.626797 0.187342
vt 0.633849 0.190268
vt 0.911267 0.492017
vt 0.646656 0.182516
vt 0.643436 0.190465
vt 0.981807 0.271774
vt 0.978801 0.275904
vt 0.978801 0.268652
vt 0.534622 0.543766
vt 0.527494 0.546454
vt 0.529852 0.543366
vt 0.524388 0.544795
vt 0.582151 0.952795
vt 0.587947 0.951559
vt 0.581221 0.955615
vt 0.581057 0.958445
vt 0.759697 0.939061
vt 0.768423 0.944627
vt 0.977880 0.466057
vt 0.976045 0.454671
vt 0.977880 0.452594
vt 0.756910 0.940489
vt 0.492890 0.965944
vt 0.490203 0.963553
vt 0.168674 0.360235
vt 0.909676 0.809418
vt 0.833574 0.976118
vt 0.836993 0.969157
vt 0.836993 0.977221
vt 0.910940 0.818037
vt 0.914990 0.813924
vt 0.909653 0.803123
vt 0.698356 0.982673
vt 0.696412 0.978886
vt 0.699099 0.978886
vt 0.906526 0.796438
vt 0.907625 0.800249
vt 0.155548 0.350790
vt 0.943775 0.025469
vt 0.488966 0.738675
vt 0.493357 0.736658
vt 0.910545 0.499527
vt 0.912701 0.475458
vt 0.631172 0.174720
vt 0.526780 0.551612
vt 0.928492 0.398994
vt 0.928534 0.396565
vt 0.930619 0.398117
vt 0.959820 0.981878
vt 0.959820 0.978886
vt 0.962552 0.981764
vt 0.933935 0.393058
vt 0.933797 0.397373
vt 0.768423 0.937721
vt 0.463702 0.975999
vt 0.459481 0.971347
vt 0.463702 0.970383
vt 0.665130 0.978886
vt 0.667031 0.982780
vt 0.663985 0.982780
vt 0.102418 0.974746
vt 0.104227 0.969931
vt 0.106297 0.976426
vt 0.881703 0.978886
vt 0.881703 0.983380
vt 0.879962 0.982307
vt 0.162471 0.360368
vt 0.168355 0.349008
vt 0.911391 0.804086
vt 0.906364 0.790983
vt 0.141952 0.355605
vt 0.690649 0.204679
vt 0.912554 0.459971
vt 0.651109 0.177587
vt 0.193288 0.359175
vt 0.194194 0.350291
vt 0.197275 0.355182
vt 0.066572 0.964098
vt 0.071064 0.964058
vt 0.070239 0.968594
vt 0.525095 0.550770
vt 0.182720 0.359696
vt 0.983448 0.331574
vt 0.985700 0.330717
vt 0.985700 0.333435
vt 0.182209 0.356016
vt 0.928564 0.395856
vt 0.983448 0.071050
vt 0.983448 0.066613
vt 0.985162 0.068405
vt 0.931044 0.395397
vt 0.180564 0.357928
vt 0.176365 0.360154
vt 0.764185 0.931086
vt 0.106297 0.969548
vt 0.758195 0.932098
vt 0.760828 0.931833
vt 0.879667 0.979580
vt 0.909654 0.799245
vt 0.983448 0.040834
vt 0.985644 0.042434
vt 0.983448 0.044328
vt 0.696778 0.983150
vt 0.149692 0.357356
vt 0.149300 0.355163
vt 0.903110 0.784013
vt 0.587172 0.167326
vt 0.916557 0.452594
vt 0.664569 0.196256
vt 0.668039 0.188883
vt 0.065963 0.969974
vt 0.974842 0.410079
vt 0.974842 0.423087
vt 0.971513 0.414527
vt 0.971325 0.410723
vt 0.492914 0.982049
vt 0.494311 0.978886
vt 0.493908 0.984608
vt 0.471755 0.978886
vt 0.471755 0.985900
vt 0.469763 0.983363
vt 0.969339 0.197407
vt 0.964820 0.198424
vt 0.964820 0.192959
vt 0.746188 0.978886
vt 0.747772 0.983612
vt 0.746188 0.985714
vt 0.491917 0.978886
vt 0.978465 0.978886
vt 0.979858 0.980453
vt 0.978465 0.984569
vt 0.595155 0.983304
vt 0.598005 0.981313
vt 0.183260 0.973849
vt 0.179449 0.976372
vt 0.179449 0.969991
vt 0.928492 0.392125
vt 0.181285 0.362430
vt 0.900812 0.776475
vt 0.135726 0.367558
vt 0.477010 0.733959
vt 0.487744 0.730878
vt 0.606905 0.165295
vt 0.630826 0.167499
vt 0.071064 0.972474
vt 0.538067 0.545610
vt 0.531888 0.551012
vt 0.591723 0.971438
vt 0.591118 0.968159
vt 0.594759 0.968287
vt 0.978801 0.688347
vt 0.981646 0.684585
vt 0.981646 0.691674
vt 0.173655 0.363399
vt 0.797183 0.989311
vt 0.796213 0.983594
vt 0.797183 0.978886
vt 0.150783 0.366125
vt 0.140495 0.363806
vt 0.521455 0.194444
vt 0.090300 0.378878
vt 0.030443 0.365805
vt 0.946780 0.028164
vt 0.707098 0.210700
vt 0.497745 0.728941
vt 0.672967 0.192843
vt 0.676026 0.188161
vt 0.670777 0.180041
vt 0.641619 0.167833
vt 0.523915 0.554498
vt 0.190540 0.362213
vt 0.846490 0.669043
vt 0.843493 0.664496
vt 0.845291 0.664652
vt 0.840020 0.671769
vt 0.847269 0.671769
vt 0.594685 0.971070
vt 0.171571 0.365811
vt 0.163497 0.368713
vt 0.144593 0.374316
vt 0.910673 0.786723
vt 0.110832 0.377769
vt 0.050631 0.378485
vt 0.944363 0.033867
vt 0.949472 0.036232
vt 0.599590 0.164157
vt 0.632434 0.157102
vt 0.630568 0.160747
vt 0.487978 0.971134
vt 0.485525 0.977658
vt 0.486485 0.971727
vt 0.975568 0.913287
vt 0.971675 0.908714
vt 0.975568 0.907289
vt 0.216414 0.956932
vt 0.218640 0.953382
vt 0.220198 0.962430
vt 0.224918 0.962451
vt 0.224008 0.955481
vt 0.534107 0.552684
vt 0.537817 0.550824
vt 0.540622 0.547520
vt 0.180204 0.362144
vt 0.543098 0.540384
vt 0.544844 0.544911
vt 0.148451 0.971646
vt 0.153013 0.964183
vt 0.153013 0.973561
vt 0.930767 0.738955
vt 0.936177 0.738108
vt 0.936177 0.743588
vt 0.591118 0.976452
vt 0.891273 0.664694
vt 0.891273 0.672092
vt 0.884933 0.668628
vt 0.768398 0.926199
vt 0.908044 0.792472
vt 0.911109 0.789986
vt 0.977790 0.249721
vt 0.975608 0.240466
vt 0.977790 0.237382
vt 0.459555 0.743266
vt 0.687232 0.202612
vt 0.680656 0.196321
vt 0.649149 0.166787
vt 0.525893 0.558059
vt 0.931068 0.057516
vt 0.938373 0.052309
vt 0.936006 0.057516
vt 0.931047 0.050660
vt 0.973418 0.903712
vt 0.220360 0.951258
vt 0.549805 0.546165
vt 0.546333 0.547475
vt 0.044466 0.978886
vt 0.048109 0.978886
vt 0.045645 0.983979
vt 0.073542 0.972727
vt 0.072286 0.964927
vt 0.076758 0.968736
vt 0.210771 0.743297
vt 0.901064 0.771667
vt 0.597391 0.935092
vt 0.590756 0.951777
vt 0.587947 0.949678
vt 0.946455 0.038432
vt 0.477060 0.728415
vt 0.973709 0.452594
vt 0.976045 0.458388
vt 0.973833 0.460819
vt 0.690542 0.193074
vt 0.678747 0.195030
vt 0.968820 0.601284
vt 0.971669 0.608973
vt 0.968820 0.624177
vt 0.652038 0.960729
vt 0.651887 0.943235
vt 0.659231 0.947712
vt 0.933812 0.045098
vt 0.485525 0.966356
vt 0.876988 0.983848
vt 0.878376 0.978886
vt 0.878376 0.985521
vt 0.224918 0.949615
vt 0.545099 0.551131
vt 0.539805 0.983500
vt 0.539805 0.978886
vt 0.542654 0.983192
vt 0.317985 0.983598
vt 0.317985 0.978886
vt 0.321341 0.979170
vt 0.983448 0.106302
vt 0.984572 0.100869
vt 0.984572 0.107517
vt 0.943827 0.319122
vt 0.928877 0.302704
vt 0.941130 0.286122
vt 0.177566 0.367398
vt 0.176035 0.366508
vt 0.002320 0.986205
vt 0.002320 0.978886
vt 0.004923 0.980376
vt 0.074568 0.963045
vt 0.076758 0.958888
vt 0.174740 0.370219
vt 0.913568 0.790291
vt 0.755290 0.957997
vt 0.748977 0.958636
vt 0.903579 0.775750
vt 0.597391 0.956421
vt 0.128681 0.389820
vt 0.951259 0.041920
vt 0.685614 0.199462
vt 0.975736 0.466587
vt 0.624571 0.942378
vt 0.622844 0.955236
vt 0.622844 0.927345
vt 0.686145 0.199702
vt 0.929838 0.044823
vt 0.978801 0.380505
vt 0.978801 0.373856
vt 0.982027 0.377481
vt 0.181694 0.369323
vt 0.345028 0.955036
vt 0.338366 0.949730
vt 0.339538 0.943981
vt 0.345280 0.944601
vt 0.928877 0.327057
vt 0.928928 0.314635
vt 0.277161 0.715700
vt 0.165817 0.375476
vt 0.973630 0.370007
vt 0.973630 0.355054
vt 0.975864 0.365141
vt 0.689743 0.973408
vt 0.692369 0.970709
vt 0.692714 0.973725
vt 0.875252 0.981028
vt 0.876988 0.978886
vt 0.876988 0.984193
vt 0.443895 0.740623
vt 0.452200 0.745280
vt 0.448767 0.743721
vt 0.984755 0.357792
vt 0.983448 0.354839
vt 0.984755 0.353393
vt 0.974077 0.335428
vt 0.976421 0.332939
vt 0.975159 0.338986
vt 0.976421 0.346626
vt 0.973709 0.466305
vt 0.646219 0.164089
vt 0.661181 0.168230
vt 0.522870 0.563500
vt 0.535066 0.555908
vt 0.940438 0.047246
vt 0.784113 0.978886
vt 0.783828 0.982375
vt 0.781115 0.978886
vt 0.554743 0.548136
vt 0.547251 0.550538
vt 0.180911 0.371214
vt 0.177035 0.372898
vt 0.179053 0.370018
vt 0.554013 0.542831
vt 0.984917 0.303958
vt 0.983448 0.303026
vt 0.984917 0.299595
vt 0.558553 0.544562
vt 0.558017 0.547215
vt 0.172947 0.370994
vt 0.580938 0.969689
vt 0.584873 0.970204
vt 0.580938 0.976364
vt 0.984949 0.048831
vt 0.983448 0.049434
vt 0.910620 0.780499
vt 0.691477 0.976578
vt 0.500518 0.714615
vt 0.506880 0.727643
vt 0.695771 0.191210
vt 0.625788 0.155061
vt 0.649443 0.164800
vt 0.204353 0.377355
vt 0.193962 0.359786
vt 0.541498 0.552530
vt 0.544969 0.558785
vt 0.784240 0.982401
vt 0.787042 0.978886
vt 0.981280 0.745566
vt 0.978801 0.739853
vt 0.981280 0.737465
vt 0.174922 0.372791
vt 0.465356 0.954417
vt 0.464444 0.957207
vt 0.458364 0.952656
vt 0.869099 0.664909
vt 0.874386 0.664528
vt 0.867882 0.671991
vt 0.429336 0.978886
vt 0.431358 0.981593
vt 0.429336 0.986042
vt 0.726783 0.976363
vt 0.730022 0.969316
vt 0.730586 0.976363
vt 0.911819 0.790565
vt 0.914377 0.788074
vt 0.755350 0.962270
vt 0.752145 0.961665
vt 0.914990 0.785845
vt 0.746139 0.960004
vt 0.444543 0.743176
vt 0.978801 0.728177
vt 0.978801 0.723941
vt 0.981366 0.727185
vt 0.046767 0.376015
vt 0.689743 0.978559
vt 0.460094 0.730663
vt 0.621749 0.150212
vt 0.653241 0.159712
vt 0.656875 0.162933
vt 0.518816 0.574602
vt 0.182605 0.372330
vt 0.533531 0.560706
vt 0.555398 0.554610
vt 0.559140 0.547933
vt 0.346939 0.947823
vt 0.344020 0.941456
vt 0.348902 0.943445
vt 0.337349 0.982859
vt 0.338967 0.978886
vt 0.339157 0.984015
vt 0.711656 0.985204
vt 0.713075 0.978886
vt 0.713075 0.986899
vt 0.874386 0.670808
vt 0.456226 0.951295
vt 0.457412 0.956348
vt 0.279458 0.711544
vt 0.283155 0.709853
vt 0.977434 0.833073
vt 0.974683 0.828454
vt 0.977434 0.825888
vt 0.860835 0.403840
vt 0.865196 0.402362
vt 0.866158 0.403840
vt 0.228114 0.980901
vt 0.230765 0.978886
vt 0.230765 0.985190
vt 0.861835 0.397926
vt 0.891639 0.982074
vt 0.889298 0.978886
vt 0.892144 0.978886
vt 0.858331 0.935268
vt 0.857665 0.932266
vt 0.862619 0.930284
vt 0.554670 0.196630
vt 0.981218 0.731783
vt 0.543684 0.960997
vt 0.545617 0.963146
vt 0.542892 0.964814
vt 0.964384 0.978886
vt 0.964384 0.983334
vt 0.962552 0.981728
vt 0.700862 0.204187
vt 0.507665 0.712940
vt 0.240446 0.962867
vt 0.234153 0.956218
vt 0.236236 0.952789
vt 0.527214 0.569360
vt 0.536283 0.564399
vt 0.601783 0.973514
vt 0.597540 0.967053
vt 0.601783 0.964948
vt 0.980382 0.920587
vt 0.981322 0.922621
vt 0.978801 0.923843
vt 0.978801 0.520982
vt 0.978801 0.514688
vt 0.982130 0.517660
vt 0.339198 0.936964
vt 0.164501 0.965177
vt 0.157707 0.965392
vt 0.161572 0.960517
vt 0.169354 0.380649
vt 0.157707 0.957965
vt 0.161308 0.952678
vt 0.502779 0.955412
vt 0.497952 0.950458
vt 0.507123 0.955289
vt 0.866077 0.400069
vt 0.985195 0.461924
vt 0.985531 0.464184
vt 0.983448 0.464184
vt 0.859033 0.924919
vt 0.165365 0.380489
vt 0.438829 0.742507
vt 0.751226 0.978886
vt 0.753065 0.981899
vt 0.751226 0.984683
vt 0.484358 0.718153
vt 0.629838 0.978886
vt 0.629838 1.000000
vt 0.629256 0.989652
vt 0.660076 0.166413
vt 0.234153 0.966991
vt 0.554169 0.559678
vt 0.540700 0.567907
vt 0.048433 0.920214
vt 0.055957 0.926243
vt 0.050165 0.929089
vt 0.049775 0.917737
vt 0.965617 0.794921
vt 0.970134 0.796154
vt 0.965617 0.803465
vt 0.598613 0.962620
vt 0.337349 0.987446
vt 0.604377 0.951288
vt 0.606729 0.946393
vt 0.608391 0.951369
vt 0.177589 0.374721
vt 0.602496 0.944148
vt 0.978801 0.275979
vt 0.983158 0.275904
vt 0.983158 0.280905
vt 0.661769 0.980469
vt 0.658894 0.983023
vt 0.658894 0.978886
vt 0.960838 0.236119
vt 0.962178 0.243823
vt 0.960838 0.249493
vt 0.306476 0.969577
vt 0.312104 0.965491
vt 0.312104 0.970560
vt 0.165195 0.960095
vt 0.591118 0.958092
vt 0.593255 0.958776
vt 0.306761 0.964977
vt 0.311296 0.961786
vt 0.206542 0.973002
vt 0.206212 0.967563
vt 0.210191 0.969135
vt 0.210252 0.965329
vt 0.206212 0.963770
vt 0.974934 0.822181
vt 0.660898 0.977070
vt 0.660898 0.969135
vt 0.664383 0.971862
vt 0.496888 0.951416
vt 0.208393 0.958125
vt 0.861741 0.934774
vt 0.866683 0.929784
vt 0.697860 0.963086
vt 0.699051 0.967506
vt 0.697336 0.968133
vt 0.862773 0.918488
vt 0.601881 0.948539
vt 0.597540 0.962620
vt 0.597540 0.935092
vt 0.488271 0.981508
vt 0.490375 0.984359
vt 0.489535 0.985418
vt 0.501130 0.984112
vt 0.501130 0.978886
vt 0.503171 0.979798
vt 0.490375 0.978886
vt 0.435274 0.740082
vt 0.543970 0.966456
vt 0.470327 0.129054
vt 0.702627 0.207979
vt 0.507208 0.705940
vt 0.602933 0.150970
vt 0.612621 0.144213
vt 0.696894 0.185697
vt 0.673943 0.174255
vt 0.646033 0.153170
vt 0.664747 0.161206
vt 0.530763 0.566714
vt 0.052651 0.934156
vt 0.526607 0.959286
vt 0.518816 0.966020
vt 0.518816 0.956585
vt 0.293800 0.784394
vt 0.297603 0.784382
vt 0.294893 0.786149
vt 0.960565 0.799958
vt 0.960904 0.795455
vt 0.613612 0.952108
vt 0.610689 0.946983
vt 0.961088 0.601194
vt 0.961088 0.595743
vt 0.964610 0.599186
vt 0.965565 0.601379
vt 0.175082 0.380091
vt 0.170736 0.378428
vt 0.277974 0.983180
vt 0.280528 0.978886
vt 0.280528 0.985234
vt 0.703497 0.959723
vt 0.873152 0.918682
vt 0.870471 0.927094
vt 0.863146 0.914124
vt 0.861096 0.916720
vt 0.433479 0.975237
vt 0.431666 0.965912
vt 0.435523 0.969826
vt 0.140949 0.381052
vt 0.570532 0.204595
vt 0.058354 0.383043
vt 0.501868 0.985592
vt 0.542746 0.971115
vt 0.547136 0.972675
vt 0.547136 0.964582
vt 0.443400 0.733335
vt 0.460332 0.722744
vt 0.718736 0.216435
vt 0.746188 0.987481
vt 0.744929 0.986455
vt 0.641466 0.150034
vt 0.547852 0.565147
vt 0.962263 0.793047
vt 0.965617 0.796691
vt 0.583715 0.982283
vt 0.580471 0.982810
vt 0.580471 0.978886
vt 0.600744 0.805551
vt 0.605605 0.805228
vt 0.607129 0.812874
vt 0.266292 0.984340
vt 0.264263 0.986962
vt 0.264263 0.978886
vt 0.560325 0.557776
vt 0.978801 0.701117
vt 0.978801 0.691674
vt 0.980936 0.698631
vt 0.981322 0.928203
vt 0.299834 0.775273
vt 0.593039 0.962695
vt 0.591466 0.961831
vt 0.595512 0.961346
vt 0.344708 0.933181
vt 0.456470 0.962242
vt 0.463564 0.962242
vt 0.969053 0.057140
vt 0.963062 0.057199
vt 0.963062 0.046824
vt 0.964214 0.240836
vt 0.502869 0.942832
vt 0.870235 0.915383
vt 0.536411 0.162376
vt 0.107884 0.381728
vt 0.068371 0.384026
vt 0.846009 0.954926
vt 0.845517 0.945537
vt 0.849388 0.946556
vt 0.942143 0.805243
vt 0.935507 0.808558
vt 0.931017 0.796707
vt 0.675635 0.172030
vt 0.681189 0.174612
vt 0.679684 0.169471
vt 0.659231 0.938359
vt 0.674248 0.162765
vt 0.629893 0.973711
vt 0.629893 0.966186
vt 0.634523 0.972289
vt 0.978801 0.936622
vt 0.982703 0.934160
vt 0.982703 0.939079
vt 0.563441 0.557026
vt 0.528298 0.940211
vt 0.528740 0.942095
vt 0.521408 0.938220
vt 0.909239 0.826939
vt 0.913876 0.831504
vt 0.909239 0.833579
vt 0.518977 0.933698
vt 0.023849 0.984464
vt 0.026277 0.978886
vt 0.026277 0.986580
vt 0.604776 0.943041
vt 0.613612 0.942836
vt 0.592154 0.964646
vt 0.386717 0.985898
vt 0.386717 0.978886
vt 0.388855 0.981190
vt 0.304665 0.786149
vt 0.983448 0.347105
vt 0.984366 0.348764
vt 0.983448 0.353393
vt 0.573289 0.982621
vt 0.575933 0.978886
vt 0.575933 0.983755
vt 0.302742 0.777254
vt 0.697336 0.955582
vt 0.872121 0.910899
vt 0.875247 0.911972
vt 0.435671 0.965912
vt 0.861529 0.907401
vt 0.862988 0.910879
vt 0.863689 0.907206
vt 0.869701 0.901469
vt 0.871450 0.912890
vt 0.117155 0.384213
vt 0.227251 0.998280
vt 0.227251 0.978886
vt 0.228114 0.990739
vt 0.848239 0.953988
vt 0.423941 0.734504
vt 0.421573 0.743849
vt 0.486598 0.711337
vt 0.491885 0.716286
vt 0.523083 0.579220
vt 0.526142 0.578201
vt 0.954709 0.880013
vt 0.954709 0.865347
vt 0.959443 0.869631
vt 0.981477 0.454628
vt 0.978801 0.451644
vt 0.981477 0.446726
vt 0.533581 0.568407
vt 0.927670 0.963944
vt 0.920108 0.960543
vt 0.923659 0.956483
vt 0.600095 0.813223
vt 0.610175 0.810073
vt 0.612794 0.815826
vt 0.913377 0.983481
vt 0.911829 0.984534
vt 0.911829 0.978886
vt 0.926825 0.955651
vt 0.919604 0.952603
vt 0.914990 0.829319
vt 0.241500 0.762830
vt 0.830747 0.975392
vt 0.829203 0.970980
vt 0.832271 0.972520
vt 0.650455 0.976020
vt 0.653516 0.972495
vt 0.653614 0.976867
vt 0.518816 0.941358
vt 0.507123 0.940304
vt 0.002450 0.779827
vt 0.004071 0.774922
vt 0.007828 0.788343
vt 0.000000 0.772343
vt 0.001657 0.767555
vt 0.003840 0.772315
vt 0.872574 0.906749
vt 0.088842 0.386484
vt 0.079859 0.386904
vt 0.410192 0.743074
vt 0.404450 0.749167
vt 0.706748 0.201872
vt 0.705711 0.193789
vt 0.701181 0.187204
vt 0.690158 0.177064
vt 0.946953 0.986926
vt 0.945920 0.981908
vt 0.946953 0.978886
vt 0.654606 0.147307
vt 0.668853 0.148189
vt 0.185386 0.983640
vt 0.182947 0.985844
vt 0.182947 0.978886
vt 0.540371 0.570944
vt 0.609488 0.819941
vt 0.919604 0.964467
vt 0.601881 0.936105
vt 0.597391 0.968159
vt 0.061597 0.976369
vt 0.057657 0.973071
vt 0.061597 0.969820
vt 0.967088 0.248761
vt 0.968133 0.129105
vt 0.969987 0.124864
vt 0.971310 0.129574
vt 0.975607 0.531724
vt 0.975607 0.517589
vt 0.977554 0.527262
vt 0.158322 0.388643
vt 0.742883 0.844415
vt 0.749817 0.839184
vt 0.752093 0.847100
vt 0.110138 0.388759
vt 0.165195 0.974803
vt 0.168610 0.969726
vt 0.168610 0.977380
vt 0.473401 0.712282
vt 0.513821 0.706752
vt 0.633372 0.135598
vt 0.639591 0.141460
vt 0.683938 0.161454
vt 0.950431 0.968134
vt 0.956104 0.961585
vt 0.954325 0.965657
vt 0.588863 0.820805
vt 0.588932 0.811869
vt 0.594583 0.816588
vt 0.601396 0.818693
vt 0.596400 0.815055
vt 0.192697 0.401572
vt 0.607660 0.936678
vt 0.428860 0.959327
vt 0.435671 0.949598
vt 0.432375 0.963206
vt 0.832919 0.966585
vt 0.981145 0.208350
vt 0.978801 0.213977
vt 0.978801 0.204436
vt 0.781115 0.984752
vt 0.779330 0.980296
vt 0.887848 0.213625
vt 0.886283 0.205881
vt 0.893109 0.213063
vt 0.971577 0.121769
vt 0.968133 0.117177
vt 0.338366 0.932078
vt 0.327595 0.975085
vt 0.323124 0.970512
vt 0.327595 0.967997
vt 0.504631 0.933216
vt 0.009530 0.773144
vt 0.570107 0.199828
vt 0.430701 0.722561
vt 0.823604 0.884361
vt 0.825170 0.892252
vt 0.823604 0.899162
vt 0.623577 0.143414
vt 0.651155 0.149940
vt 0.960503 0.878903
vt 0.548223 0.575499
vt 0.521533 0.949756
vt 0.523631 0.949093
vt 0.956656 0.964988
vt 0.962986 0.282816
vt 0.963537 0.277485
vt 0.965452 0.286122
vt 0.579281 0.817567
vt 0.587834 0.815690
vt 0.588463 0.822270
vt 0.900450 0.972583
vt 0.895882 0.968567
vt 0.900450 0.964605
vt 0.896246 0.973435
vt 0.893699 0.205881
vt 0.554164 0.979996
vt 0.552004 0.984933
vt 0.552004 0.978886
vt 0.169763 0.384305
vt 0.972358 0.118710
vt 0.870492 0.899186
vt 0.010645 0.762945
vt 0.859952 0.903017
vt 0.737471 0.844911
vt 0.739345 0.829970
vt 0.743050 0.831301
vt 0.415072 0.729753
vt 0.943119 0.813864
vt 0.491649 0.707251
vt 0.588708 0.150530
vt 0.600520 0.147695
vt 0.588903 0.158690
vt 0.700170 0.182085
vt 0.623812 0.136576
vt 0.654808 0.141323
vt 0.662687 0.149908
vt 0.530022 0.579002
vt 0.965452 0.272755
vt 0.979610 0.380505
vt 0.982263 0.386700
vt 0.978801 0.386700
vt 0.982222 0.813982
vt 0.981082 0.819772
vt 0.978801 0.813982
vt 0.650455 0.966684
vt 0.871035 0.213754
vt 0.878678 0.205881
vt 0.874826 0.214802
vt 0.013693 0.785114
vt 0.005195 0.762528
vt 0.861024 0.902328
vt 0.458863 0.713943
vt 0.465453 0.713079
vt 0.484187 0.705825
vt 0.497828 0.696197
vt 0.500457 0.706271
vt 0.553500 0.575687
vt 0.205490 0.391620
vt 0.523733 0.952531
vt 0.985163 0.255140
vt 0.983448 0.256926
vt 0.983448 0.252946
vt 0.582156 0.824567
vt 0.592152 0.823740
vt 0.606618 0.822509
vt 0.938655 0.507236
vt 0.944746 0.498733
vt 0.943876 0.505232
vt 0.010016 0.978886
vt 0.012371 0.978886
vt 0.012039 0.986869
vt 0.954098 0.955083
vt 0.950431 0.959525
vt 0.889531 0.685091
vt 0.888233 0.672100
vt 0.889958 0.677060
vt 0.229836 0.756482
vt 0.267471 0.738693
vt 0.263567 0.737871
vt 0.267293 0.732426
vt 0.904061 0.212930
vt 0.905089 0.205972
vt 0.905668 0.214937
vt 0.829203 0.963527
vt 0.085832 0.979865
vt 0.083425 0.986494
vt 0.083425 0.978886
vt 0.878527 0.906251
vt 0.742164 0.861311
vt 0.382207 0.756078
vt 0.375294 0.753749
vt 0.384024 0.744914
vt 0.424667 0.723963
vt 0.723089 0.260418
vt 0.726506 0.226104
vt 0.728508 0.227041
vt 0.971325 0.391628
vt 0.973904 0.405891
vt 0.971325 0.406876
vt 0.482437 0.704810
vt 0.121383 0.960697
vt 0.115423 0.957502
vt 0.118552 0.957180
vt 0.609983 0.140450
vt 0.611009 0.142176
vt 0.606975 0.145471
vt 0.508997 0.702457
vt 0.510927 0.699681
vt 0.518816 0.698755
vt 0.066390 0.942663
vt 0.610091 0.827216
vt 0.584629 0.829029
vt 0.959095 0.974101
vt 0.963363 0.967901
vt 0.963363 0.975326
vt 0.881532 0.674471
vt 0.963535 0.273022
vt 0.982337 0.731783
vt 0.981403 0.737465
vt 0.978801 0.731783
vt 0.712774 0.937878
vt 0.716126 0.936671
vt 0.713239 0.941937
vt 0.871035 0.206109
vt 0.717504 0.941277
vt 0.984556 0.274079
vt 0.983448 0.270121
vt 0.984556 0.268060
vt 0.862015 0.889942
vt 0.731829 0.850399
vt 0.445466 0.712023
vt 0.719740 0.214639
vt 0.706687 0.193426
vt 0.940133 0.797476
vt 0.943119 0.796958
vt 0.598670 0.137069
vt 0.698513 0.175479
vt 0.677893 0.152678
vt 0.646654 0.133858
vt 0.615134 0.824762
vt 0.944494 0.512570
vt 0.601087 0.824648
vt 0.885037 0.973629
vt 0.887018 0.968680
vt 0.889210 0.970109
vt 0.984530 0.279706
vt 0.983448 0.282717
vt 0.983448 0.276687
vt 0.710550 0.933100
vt 0.707149 0.938854
vt 0.714991 0.944803
vt 0.718874 0.943453
vt 0.706804 0.955582
vt 0.701066 0.945057
vt 0.510180 0.987731
vt 0.508643 0.982770
vt 0.510180 0.978886
vt 0.629838 0.983095
vt 0.632029 0.978886
vt 0.632029 0.984483
vt 0.012494 0.791815
vt 0.019145 0.789013
vt 0.017712 0.793799
vt 0.572791 0.193886
vt 0.471993 0.702731
vt 0.722847 0.215994
vt 0.121383 0.941959
vt 0.936681 0.791812
vt 0.590674 0.138040
vt 0.934758 0.786953
vt 0.937285 0.778924
vt 0.508560 0.696836
vt 0.508827 0.700668
vt 0.533061 0.591041
vt 0.066390 0.919009
vt 0.802032 0.970395
vt 0.805664 0.968443
vt 0.805664 0.976591
vt 0.983448 0.374895
vt 0.985073 0.373400
vt 0.985073 0.376835
vt 0.925624 0.132068
vt 0.925844 0.128409
vt 0.927787 0.132376
vt 0.889169 0.965480
vt 0.885037 0.962157
vt 0.814907 0.966755
vt 0.812422 0.973704
vt 0.810031 0.966755
vt 0.901149 0.214937
vt 0.714581 0.946566
vt 0.705950 0.942357
vt 0.019646 0.773003
vt 0.492897 0.135912
vt 0.726953 0.223490
vt 0.973689 0.410079
vt 0.723490 0.205150
vt 0.942934 0.787256
vt 0.594157 0.132473
vt 0.934916 0.780764
vt 0.614682 0.139402
vt 0.692603 0.165110
vt 0.515981 0.690143
vt 0.956662 0.891839
vt 0.583687 0.838968
vt 0.592550 0.825938
vt 0.596102 0.829658
vt 0.927714 0.128343
vt 0.938708 0.513459
vt 0.016629 0.800867
vt 0.022643 0.789746
vt 0.020552 0.802912
vt 0.020195 0.753937
vt 0.857665 0.898895
vt 0.400014 0.727912
vt 0.516165 0.149192
vt 0.970496 0.738030
vt 0.970496 0.717378
vt 0.972882 0.733282
vt 0.480050 0.134769
vt 0.112845 0.948322
vt 0.698671 0.173621
vt 0.701775 0.175911
vt 0.703690 0.182998
vt 0.612226 0.137452
vt 0.936732 0.771667
vt 0.671868 0.143460
vt 0.615656 0.828920
vt 0.618297 0.823732
vt 0.925624 0.123555
vt 0.471065 0.969822
vt 0.470640 0.963546
vt 0.474661 0.962001
vt 0.268927 0.748127
vt 0.024687 0.795937
vt 0.752150 0.858290
vt 0.362617 0.753097
vt 0.413303 0.723236
vt 0.476882 0.690528
vt 0.486950 0.696486
vt 0.720803 0.184081
vt 0.615950 0.134160
vt 0.625938 0.131498
vt 0.641890 0.123062
vt 0.525498 0.595270
vt 0.210537 0.378824
vt 0.972032 0.017008
vt 0.969050 0.021592
vt 0.969050 0.000000
vt 0.607612 0.828863
vt 0.603005 0.826874
vt 0.618544 0.829698
vt 0.848199 0.672045
vt 0.847269 0.665828
vt 0.850570 0.664496
vt 0.928974 0.123845
vt 0.973940 0.864816
vt 0.976579 0.861120
vt 0.975734 0.865127
vt 0.228897 0.758568
vt 0.237106 0.766604
vt 0.468499 0.962001
vt 0.022801 0.779998
vt 0.455414 0.703766
vt 0.475359 0.133030
vt 0.473085 0.127057
vt 0.708125 0.180562
vt 0.672508 0.983194
vt 0.670860 0.986034
vt 0.670860 0.978886
vt 0.603119 0.128798
vt 0.702396 0.166761
vt 0.510838 0.693652
vt 0.623602 0.129955
vt 0.625706 0.131254
vt 0.193295 0.978886
vt 0.195782 0.980889
vt 0.193295 0.985692
vt 0.665379 0.128352
vt 0.877990 0.693518
vt 0.877249 0.684003
vt 0.601944 0.833222
vt 0.928714 0.983507
vt 0.927119 0.984277
vt 0.927119 0.978886
vt 0.928176 0.548112
vt 0.933998 0.543083
vt 0.933998 0.549627
vt 0.534133 0.967336
vt 0.535107 0.963295
vt 0.540089 0.962382
vt 0.707312 0.946575
vt 0.638347 0.957626
vt 0.638347 0.949181
vt 0.642305 0.952550
vt 0.534133 0.960927
vt 0.710829 0.948016
vt 0.536178 0.959183
vt 0.566164 0.185773
vt 0.974294 0.249595
vt 0.974294 0.225229
vt 0.975608 0.243229
vt 0.960565 0.796124
vt 0.953639 0.778048
vt 0.960565 0.771667
vt 0.730987 0.199461
vt 0.726617 0.193030
vt 0.976048 0.197400
vt 0.977952 0.186987
vt 0.977952 0.199787
vt 0.715219 0.176857
vt 0.705983 0.178194
vt 0.617337 0.124238
vt 0.217962 0.392829
vt 0.232357 0.410832
vt 0.609875 0.836477
vt 0.938587 0.527133
vt 0.591238 0.836785
vt 0.978801 0.077006
vt 0.978801 0.071574
vt 0.982993 0.073552
vt 0.928667 0.117253
vt 0.982450 0.920587
vt 0.978801 0.920587
vt 0.982148 0.915311
vt 0.710808 0.950230
vt 0.715157 0.951021
vt 0.028557 0.790542
vt 0.145197 0.400756
vt 0.020314 0.766356
vt 0.738721 0.876199
vt 0.575450 0.189369
vt 0.576331 0.190573
vt 0.983448 0.117910
vt 0.983448 0.122763
vt 0.978801 0.122399
vt 0.520736 0.154004
vt 0.473419 0.688927
vt 0.498070 0.691000
vt 0.502153 0.691559
vt 0.964461 0.127085
vt 0.964461 0.118194
vt 0.968133 0.120197
vt 0.705269 0.165283
vt 0.604344 0.131002
vt 0.689288 0.144972
vt 0.063801 0.987772
vt 0.062065 0.989520
vt 0.062065 0.978886
vt 0.659576 0.126147
vt 0.604973 0.839427
vt 0.216414 0.962451
vt 0.220951 0.962451
vt 0.217239 0.972896
vt 0.944746 0.525827
vt 0.564388 0.561538
vt 0.557518 0.614459
vt 0.445845 0.983832
vt 0.442978 0.983832
vt 0.443687 0.978886
vt 0.934154 0.517909
vt 0.854202 0.666229
vt 0.593861 0.979103
vt 0.593854 0.984283
vt 0.592117 0.978886
vt 0.244523 0.767565
vt 0.868539 0.675898
vt 0.538251 0.955860
vt 0.749098 0.875904
vt 0.731039 0.861702
vt 0.124059 0.987573
vt 0.122177 0.988391
vt 0.122177 0.981049
vt 0.123025 0.978886
vt 0.947319 0.241324
vt 0.951901 0.242887
vt 0.949164 0.249471
vt 0.953662 0.241324
vt 0.492972 0.685275
vt 0.602747 0.122730
vt 0.709829 0.161989
vt 0.968029 0.113587
vt 0.690867 0.154194
vt 0.198296 0.974576
vt 0.198296 0.955343
vt 0.200324 0.964000
vt 0.680765 0.131869
vt 0.619009 0.832605
vt 0.615367 0.837419
vt 0.853331 0.672045
vt 0.768042 0.672100
vt 0.776471 0.677426
vt 0.766982 0.739546
vt 0.645883 0.955598
vt 0.707149 0.951495
vt 0.027024 0.793253
vt 0.701757 0.935690
vt 0.031109 0.784883
vt 0.370244 0.736754
vt 0.428959 0.705814
vt 0.456765 0.690289
vt 0.608901 0.125064
vt 0.587979 0.842648
vt 0.621629 0.834544
vt 0.624571 0.829304
vt 0.644038 0.960026
vt 0.973940 0.852939
vt 0.303632 0.987342
vt 0.303632 0.978886
vt 0.305513 0.980938
vt 0.708823 0.952901
vt 0.539698 0.952807
vt 0.028161 0.774942
vt 0.438693 0.697731
vt 0.632341 0.119814
vt 0.552535 0.606340
vt 0.610284 0.848760
vt 0.974778 0.077702
vt 0.974778 0.084810
vt 0.971986 0.082446
vt 0.241262 0.767599
vt 0.243896 0.762221
vt 0.638388 0.962455
vt 0.950141 0.129725
vt 0.941891 0.114164
vt 0.949727 0.117935
vt 0.945135 0.125106
vt 0.349072 0.743395
vt 0.485534 0.126273
vt 0.495955 0.683757
vt 0.718428 0.169320
vt 0.507242 0.668877
vt 0.592117 0.986118
vt 0.263871 0.761801
vt 0.141305 0.967758
vt 0.142477 0.963128
vt 0.142477 0.973486
vt 0.028530 0.756525
vt 0.811795 0.866405
vt 0.805740 0.854761
vt 0.810272 0.862175
vt 0.811326 0.855148
vt 0.603558 0.111114
vt 0.702448 0.148804
vt 0.692390 0.139878
vt 0.686743 0.134880
vt 0.543974 0.622345
vt 0.602048 0.854655
vt 0.603615 0.841768
vt 0.268504 0.974970
vt 0.269701 0.969392
vt 0.272489 0.970798
vt 0.642984 0.964505
vt 0.141011 0.969808
vt 0.955574 0.167174
vt 0.960630 0.168804
vt 0.960167 0.176329
vt 0.951608 0.116784
vt 0.950159 0.113372
vt 0.749173 0.897988
vt 0.747884 0.887749
vt 0.823485 0.875877
vt 0.817209 0.899501
vt 0.814300 0.863323
vt 0.393526 0.723338
vt 0.418364 0.701357
vt 0.965271 0.102380
vt 0.615140 0.114768
vt 0.631583 0.114086
vt 0.944013 0.541517
vt 0.784180 0.694520
vt 0.240819 0.777640
vt 0.241843 0.784361
vt 0.038631 0.808739
vt 0.033854 0.804321
vt 0.040193 0.801574
vt 0.242427 0.778661
vt 0.263530 0.980901
vt 0.260344 0.978886
vt 0.958215 0.164499
vt 0.178636 0.414248
vt 0.947707 0.113005
vt 0.033746 0.791249
vt 0.027878 0.800622
vt 0.822484 0.900937
vt 0.465188 0.110788
vt 0.472782 0.110948
vt 0.540089 0.956348
vt 0.542560 0.933698
vt 0.542560 0.963401
vt 0.714944 0.152109
vt 0.621666 0.113034
vt 0.677434 0.114566
vt 0.974418 0.093443
vt 0.260922 0.983074
vt 0.138087 0.971073
vt 0.962972 0.172180
vt 0.345361 0.758976
vt 0.333116 0.748078
vt 0.027549 0.750805
vt 0.733346 0.254038
vt 0.743495 0.234161
vt 0.743578 0.245357
vt 0.505555 0.130245
vt 0.449742 0.689066
vt 0.489802 0.673980
vt 0.731575 0.176702
vt 0.494570 0.671942
vt 0.970813 0.304274
vt 0.967030 0.299216
vt 0.970813 0.286122
vt 0.499850 0.671913
vt 0.531796 0.634595
vt 0.257700 0.771562
vt 0.961715 0.168038
vt 0.333792 0.978886
vt 0.337349 0.982574
vt 0.333792 0.983246
vt 0.163433 0.414372
vt 0.028292 0.747448
vt 0.010390 0.709435
vt 0.020192 0.707755
vt 0.020348 0.730235
vt 0.733146 0.260168
vt 0.437605 0.692754
vt 0.458097 0.686210
vt 0.709150 0.149973
vt 0.579281 0.873342
vt 0.242733 0.769759
vt 0.262963 0.765535
vt 0.268504 0.965270
vt 0.984765 0.198827
vt 0.983448 0.196005
vt 0.985926 0.196005
vt 0.182947 0.991557
vt 0.181606 0.989416
vt 0.268513 0.758730
vt 0.008022 0.988334
vt 0.008022 0.978886
vt 0.010016 0.987798
vt 0.962972 0.159895
vt 0.951273 0.107281
vt 0.037325 0.786187
vt 0.359197 0.737914
vt 0.393080 0.710827
vt 0.812483 0.833009
vt 0.471970 0.677905
vt 0.687913 0.127428
vt 0.546126 0.637108
vt 0.267049 0.409727
vt 0.610631 0.862030
vt 0.040610 0.817505
vt 0.048978 0.801946
vt 0.246274 0.780261
vt 0.249239 0.777643
vt 0.254126 0.774133
vt 0.978801 0.042351
vt 0.980987 0.038330
vt 0.980987 0.048822
vt 0.037013 0.780513
vt 0.004317 0.694429
vt 0.008793 0.678445
vt 0.017757 0.682291
vt 0.652723 0.111968
vt 0.552612 0.640058
vt 0.252754 0.777608
vt 0.406297 0.975315
vt 0.405284 0.971794
vt 0.408165 0.975220
vt 0.408165 0.969930
vt 0.935798 0.487027
vt 0.946110 0.487027
vt 0.936682 0.497494
vt 0.943037 0.107923
vt 0.323875 0.752592
vt 0.823485 0.852717
vt 0.482424 0.107306
vt 0.446234 0.686858
vt 0.471127 0.100932
vt 0.458508 0.089305
vt 0.724146 0.162602
vt 0.618639 0.095818
vt 0.703723 0.136982
vt 0.976863 0.278123
vt 0.973768 0.281962
vt 0.973768 0.271423
vt 0.629962 0.107012
vt 0.644667 0.107603
vt 0.684808 0.122315
vt 0.866911 0.724531
vt 0.856062 0.687964
vt 0.254474 0.772023
vt 0.971795 0.027314
vt 0.971795 0.044644
vt 0.970881 0.039981
vt 0.353794 0.983526
vt 0.350493 0.983526
vt 0.351408 0.978886
vt 0.261921 0.770630
vt 0.407488 0.978399
vt 0.741616 0.967184
vt 0.743843 0.971437
vt 0.740271 0.974245
vt 0.967935 0.037842
vt 0.981473 0.850011
vt 0.978801 0.845989
vt 0.981473 0.842659
vt 0.648839 0.978886
vt 0.651159 0.982457
vt 0.648839 0.984085
vt 0.739598 0.899227
vt 0.025637 0.713970
vt 0.416688 0.694158
vt 0.432693 0.685515
vt 0.281143 0.407841
vt 0.257326 0.400217
vt 0.538022 0.640304
vt 0.276035 0.418152
vt 0.757017 0.779474
vt 0.763800 0.732580
vt 0.588032 0.879743
vt 0.878785 0.742349
vt 0.874085 0.735709
vt 0.879264 0.698375
vt 0.984838 0.430565
vt 0.983448 0.428791
vt 0.984838 0.426833
vt 0.685468 0.984025
vt 0.685468 0.978886
vt 0.687708 0.980404
vt 0.266161 0.767895
vt 0.554460 0.982272
vt 0.556658 0.982327
vt 0.556830 0.983783
vt 0.980172 0.849019
vt 0.976426 0.404402
vt 0.973904 0.396558
vt 0.976426 0.395077
vt 0.041874 0.958828
vt 0.047614 0.955136
vt 0.048433 0.963157
vt 0.348896 0.731246
vt 0.453113 0.681147
vt 0.468972 0.671399
vt 0.459860 0.084673
vt 0.479733 0.664150
vt 0.677612 0.106409
vt 0.583054 0.876045
vt 0.777767 0.721935
vt 0.904949 0.982949
vt 0.906892 0.978886
vt 0.907128 0.982949
vt 0.260309 0.775075
vt 0.946018 0.968877
vt 0.948738 0.972393
vt 0.945428 0.971956
vt 0.745047 0.974245
vt 0.984905 0.451133
vt 0.983448 0.453221
vt 0.983448 0.449922
vt 0.554165 0.980357
vt 0.556830 0.978886
vt 0.044712 0.784712
vt 0.479703 0.991986
vt 0.478650 0.982025
vt 0.479703 0.978886
vt 0.168179 0.422239
vt 0.951608 0.102380
vt 0.364190 0.725100
vt 0.418851 0.694147
vt 0.734745 0.221920
vt 0.740184 0.194234
vt 0.744777 0.204549
vt 0.462396 0.669206
vt 0.734714 0.192722
vt 0.958699 0.431655
vt 0.953154 0.428207
vt 0.956500 0.427096
vt 0.724373 0.155407
vt 0.716685 0.138526
vt 0.712270 0.141261
vt 0.693905 0.117235
vt 0.063288 0.829579
vt 0.249148 0.785366
vt 0.252338 0.778411
vt 0.153072 0.953394
vt 0.157707 0.952678
vt 0.153297 0.957647
vt 0.719255 0.978886
vt 0.721464 0.980957
vt 0.719255 0.983990
vt 0.725877 0.982453
vt 0.723148 0.978886
vt 0.725936 0.979563
vt 0.723148 0.982911
vt 0.974256 0.391628
vt 0.048433 0.945720
vt 0.378167 0.709874
vt 0.008695 0.699363
vt 0.022179 0.699474
vt 0.761166 0.221047
vt 0.492256 0.656188
vt 0.497810 0.663295
vt 0.506128 0.659032
vt 0.509510 0.660664
vt 0.515974 0.653584
vt 0.548308 0.654890
vt 0.295033 0.421489
vt 0.398039 0.984521
vt 0.395392 0.983665
vt 0.398039 0.978886
vt 0.259101 0.780766
vt 0.986053 0.221958
vt 0.983448 0.224028
vt 0.983448 0.221365
vt 0.675102 0.932189
vt 0.672329 0.929056
vt 0.675451 0.929947
vt 0.945428 0.975250
vt 0.335738 0.735794
vt 0.359522 0.721949
vt 0.391253 0.701914
vt 0.822455 0.843822
vt 0.731475 0.172700
vt 0.438831 0.059361
vt 0.445187 0.067816
vt 0.445954 0.072945
vt 0.657377 0.101455
vt 0.295268 0.427780
vt 0.764225 0.773081
vt 0.602235 0.883451
vt 0.787280 0.715035
vt 0.077679 0.840529
vt 0.157707 0.962418
vt 0.669888 0.931392
vt 0.945512 0.977280
vt 0.425608 0.965278
vt 0.428627 0.967338
vt 0.424525 0.971157
vt 0.706073 0.122980
vt 0.643880 0.099316
vt 0.648904 0.098282
vt 0.531551 0.658610
vt 0.759197 0.794072
vt 0.955814 0.244017
vt 0.960838 0.222462
vt 0.796281 0.697022
vt 0.540832 0.893007
vt 0.534584 0.894139
vt 0.541473 0.881102
vt 0.257009 0.787891
vt 0.155533 0.962734
vt 0.676230 0.934361
vt 0.024773 0.678933
vt 0.918979 0.981287
vt 0.917841 0.986544
vt 0.917841 0.978886
vt 0.447960 0.661781
vt 0.470653 0.671789
vt 0.734488 0.175407
vt 0.451414 0.069770
vt 0.448089 0.079737
vt 0.396835 0.923154
vt 0.408784 0.903861
vt 0.407265 0.926490
vt 0.551159 0.958918
vt 0.551159 0.934963
vt 0.559884 0.948989
vt 0.623887 0.843486
vt 0.854101 0.725309
vt 0.156292 0.969370
vt 0.538397 0.884110
vt 0.831334 0.982469
vt 0.833837 0.978886
vt 0.834088 0.982469
vt 0.428627 0.972969
vt 0.427545 0.974698
vt 0.755441 0.963831
vt 0.760303 0.971761
vt 0.755441 0.972753
vt 0.978801 0.913373
vt 0.978801 0.922186
vt 0.976098 0.916569
vt 0.035003 0.733800
vt 0.412889 0.690297
vt 0.475593 0.653286
vt 0.475429 0.661468
vt 0.954137 0.415974
vt 0.744129 0.175835
vt 0.746619 0.184011
vt 0.514039 0.646841
vt 0.628896 0.096346
vt 0.887170 0.782542
vt 0.880631 0.782166
vt 0.597818 0.894982
vt 0.529007 0.896073
vt 0.528795 0.884511
vt 0.675117 0.941509
vt 0.671253 0.941370
vt 0.058884 0.802009
vt 0.056039 0.741583
vt 0.972921 0.833620
vt 0.972921 0.852720
vt 0.970183 0.849210
vt 0.035132 0.719168
vt 0.463162 0.085740
vt 0.454781 0.071770
vt 0.722760 0.149927
vt 0.720676 0.132849
vt 0.689671 0.111104
vt 0.129212 0.946471
vt 0.130363 0.959163
vt 0.138087 0.942739
vt 0.863714 0.751676
vt 0.972868 0.974243
vt 0.975922 0.965457
vt 0.975922 0.976322
vt 0.669888 0.949338
vt 0.674829 0.947119
vt 0.559884 0.973842
vt 0.562734 0.970744
vt 0.562734 0.978886
vt 0.983448 0.132546
vt 0.984535 0.135840
vt 0.983448 0.139231
vt 0.187657 0.428303
vt 0.752150 0.919714
vt 0.337678 0.731644
vt 0.029242 0.698705
vt 0.404459 0.690851
vt 0.753216 0.189371
vt 0.956554 0.381771
vt 0.961661 0.370673
vt 0.961661 0.398055
vt 0.500384 0.650118
vt 0.505702 0.643031
vt 0.445558 0.062244
vt 0.544582 0.661089
vt 0.530022 0.671831
vt 0.531789 0.663973
vt 0.556503 0.653597
vt 0.396835 0.935214
vt 0.555889 0.958019
vt 0.258148 0.429629
vt 0.777870 0.748500
vt 0.787866 0.741962
vt 0.835767 0.984756
vt 0.834088 0.981946
vt 0.835767 0.978886
vt 0.169704 0.427429
vt 0.171054 0.432470
vt 0.043526 0.738436
vt 0.036743 0.708313
vt 0.030842 0.706104
vt 0.418881 0.679557
vt 0.759150 0.209677
vt 0.456214 0.656054
vt 0.728800 0.158104
vt 0.736273 0.161759
vt 0.548091 0.669380
vt 0.551103 0.664336
vt 0.798203 0.699577
vt 0.975607 0.532311
vt 0.973328 0.525762
vt 0.943593 0.327216
vt 0.943593 0.332836
vt 0.938904 0.328419
vt 0.088504 0.984336
vt 0.085832 0.985732
vt 0.085832 0.978886
vt 0.508995 0.969263
vt 0.511338 0.971293
vt 0.508279 0.973101
vt 0.374540 0.987761
vt 0.374540 0.981221
vt 0.376247 0.982529
vt 0.340064 0.725131
vt 0.376558 0.706968
vt 0.016676 0.652341
vt 0.958699 0.399028
vt 0.482882 0.647728
vt 0.745435 0.163441
vt 0.485443 0.653008
vt 0.731776 0.151791
vt 0.496782 0.639732
vt 0.672648 0.095113
vt 0.308963 0.425958
vt 0.306701 0.421044
vt 0.528068 0.669121
vt 0.767922 0.671644
vt 0.770082 0.659851
vt 0.773742 0.671006
vt 0.974488 0.436770
vt 0.971747 0.439607
vt 0.971747 0.423279
vt 0.887675 0.797708
vt 0.402898 0.956093
vt 0.408165 0.965909
vt 0.402898 0.969930
vt 0.087834 0.872744
vt 0.079717 0.855957
vt 0.105061 0.896777
vt 0.844206 0.694456
vt 0.672665 0.951546
vt 0.356289 0.967337
vt 0.351953 0.969183
vt 0.352665 0.966450
vt 0.536580 0.881060
vt 0.680993 0.940104
vt 0.679108 0.934558
vt 0.908334 0.978886
vt 0.909843 0.983554
vt 0.908334 0.984727
vt 0.339902 0.907444
vt 0.341678 0.914676
vt 0.339566 0.914234
vt 0.973025 0.332939
vt 0.973294 0.339508
vt 0.971545 0.344436
vt 0.313286 0.738650
vt 0.326584 0.733575
vt 0.338228 0.729991
vt 0.382075 0.700701
vt 0.026501 0.665019
vt 0.014353 0.639653
vt 0.010112 0.617423
vt 0.017358 0.624656
vt 0.725976 0.154515
vt 0.725707 0.143217
vt 0.602504 0.096895
vt 0.612342 0.089717
vt 0.599146 0.109485
vt 0.439961 0.052263
vt 0.294138 0.974848
vt 0.291657 0.970078
vt 0.293955 0.967112
vt 0.719407 0.119434
vt 0.650144 0.089030
vt 0.661907 0.089320
vt 0.327813 0.927515
vt 0.337801 0.943123
vt 0.327813 0.952762
vt 0.889958 0.813875
vt 0.880648 0.798025
vt 0.411276 0.927769
vt 0.092733 0.885470
vt 0.675547 0.951680
vt 0.353033 0.974393
vt 0.356289 0.972544
vt 0.510672 0.974110
vt 0.971021 0.983313
vt 0.971021 0.978886
vt 0.972831 0.981258
vt 0.742968 0.917933
vt 0.344487 0.721109
vt 0.348024 0.718959
vt 0.041405 0.722851
vt 0.439506 0.670031
vt 0.449265 0.058802
vt 0.702224 0.108090
vt 0.725230 0.832673
vt 0.715816 0.834173
vt 0.719804 0.831190
vt 0.728941 0.837266
vt 0.783410 0.651895
vt 0.274800 0.422075
vt 0.740425 0.999994
vt 0.739904 0.995841
vt 0.740425 0.978886
vt 0.764624 0.785531
vt 0.099603 0.881176
vt 0.551159 0.892624
vt 0.543566 0.879096
vt 0.549499 0.867880
vt 0.971799 0.833073
vt 0.970955 0.822704
vt 0.974683 0.829615
vt 0.345379 0.916457
vt 0.338366 0.926156
vt 0.975627 0.027303
vt 0.975627 0.014302
vt 0.977708 0.021115
vt 0.541257 0.878699
vt 0.539361 0.866756
vt 0.543287 0.872569
vt 0.078927 0.790078
vt 0.081670 0.805315
vt 0.375493 0.978886
vt 0.790611 0.985796
vt 0.789135 0.982780
vt 0.790611 0.978886
vt 0.337803 0.724998
vt 0.978801 0.894189
vt 0.978801 0.888717
vt 0.982363 0.893790
vt 0.368141 0.703750
vt 0.488271 0.988517
vt 0.486843 0.982813
vt 0.488271 0.978886
vt 0.396714 0.692689
vt 0.022252 0.638903
vt 0.953500 0.413171
vt 0.750727 0.165879
vt 0.686703 0.095985
vt 0.725566 0.848580
vt 0.731039 0.847640
vt 0.783410 0.667910
vt 0.877032 0.822058
vt 0.880980 0.806414
vt 0.756910 0.809893
vt 0.763889 0.804603
vt 0.267493 0.437242
vt 0.341838 0.923579
vt 0.341954 0.927469
vt 0.546845 0.865571
vt 0.344518 0.910044
vt 0.511338 0.978226
vt 0.330383 0.726583
vt 0.336633 0.726259
vt 0.976664 0.299831
vt 0.975377 0.303098
vt 0.974337 0.300980
vt 0.335044 0.724355
vt 0.339580 0.724733
vt 0.337042 0.727604
vt 0.859767 0.978886
vt 0.862343 0.980841
vt 0.859767 0.982546
vt 0.033151 0.688535
vt 0.473097 0.653336
vt 0.477502 0.659282
vt 0.748041 0.152720
vt 0.740470 0.142298
vt 0.503734 0.636831
vt 0.610713 0.082035
vt 0.512244 0.645612
vt 0.312933 0.901988
vt 0.310183 0.893239
vt 0.312659 0.881093
vt 0.631025 0.077699
vt 0.409500 0.943287
vt 0.867701 0.791993
vt 0.303052 0.435427
vt 0.805814 0.697844
vt 0.811443 0.696189
vt 0.353342 0.922421
vt 0.342056 0.929604
vt 0.983448 0.211519
vt 0.984354 0.206782
vt 0.984354 0.214461
vt 0.549477 0.861454
vt 0.343585 0.904602
vt 0.338366 0.902173
vt 0.340886 0.899879
vt 0.974077 0.344087
vt 0.908334 0.986211
vt 0.907128 0.983333
vt 0.973249 0.305964
vt 0.976664 0.307191
vt 0.983266 0.553868
vt 0.978801 0.553868
vt 0.980080 0.552080
vt 0.840844 0.972074
vt 0.840745 0.970109
vt 0.843088 0.969006
vt 0.983084 0.551826
vt 0.985303 0.445108
vt 0.983448 0.443472
vt 0.985303 0.442393
vt 0.340530 0.723213
vt 0.983448 0.358628
vt 0.985243 0.357792
vt 0.985243 0.360979
vt 0.411895 0.677382
vt 0.040238 0.671847
vt 0.443914 0.658683
vt 0.487721 0.643724
vt 0.441792 0.044270
vt 0.716441 0.108177
vt 0.702149 0.829970
vt 0.778610 0.796409
vt 0.787655 0.760886
vt 0.351303 0.932078
vt 0.974683 0.820393
vt 0.975570 0.123410
vt 0.978080 0.115567
vt 0.978080 0.126587
vt 0.816650 0.984175
vt 0.815260 0.986039
vt 0.815260 0.978886
vt 0.949229 0.782928
vt 0.943119 0.786440
vt 0.943861 0.780956
vt 0.945687 0.775872
vt 0.039418 0.988877
vt 0.040764 0.978886
vt 0.040764 0.992676
vt 0.978801 0.825866
vt 0.980847 0.820954
vt 0.982034 0.821932
vt 0.978801 0.819772
vt 0.982848 0.549724
vt 0.979802 0.549224
vt 0.038747 0.710431
vt 0.047883 0.693711
vt 0.036618 0.695301
vt 0.471321 0.645112
vt 0.491290 0.647575
vt 0.724785 0.112843
vt 0.643426 0.076596
vt 0.697921 0.103284
vt 0.726638 0.853949
vt 0.110102 0.911385
vt 0.107277 0.914625
vt 0.779500 0.779810
vt 0.348661 0.916049
vt 0.351308 0.920219
vt 0.535414 0.878209
vt 0.535267 0.869988
vt 0.973249 0.299831
vt 0.973249 0.286122
vt 0.975825 0.296500
vt 0.967760 0.949880
vt 0.964767 0.944236
vt 0.969159 0.940770
vt 0.527192 0.870334
vt 0.350641 0.909843
vt 0.169746 0.431237
vt 0.747752 0.920028
vt 0.961624 0.816824
vt 0.961081 0.810710
vt 0.961624 0.803803
vt 0.956310 0.807046
vt 0.319630 0.732797
vt 0.845517 0.972309
vt 0.344065 0.716451
vt 0.047615 0.718739
vt 0.044481 0.712952
vt 0.303761 0.961786
vt 0.303761 0.946718
vt 0.312104 0.958853
vt 0.759613 0.171592
vt 0.758575 0.159376
vt 0.962896 0.764809
vt 0.957741 0.746716
vt 0.494229 0.639023
vt 0.722919 0.126224
vt 0.729712 0.131402
vt 0.696063 0.095016
vt 0.563746 0.680055
vt 0.310824 0.441522
vt 0.767638 0.819520
vt 0.770355 0.804230
vt 0.290846 0.447881
vt 0.098267 0.864256
vt 0.847934 0.754698
vt 0.523292 0.877119
vt 0.949853 0.771667
vt 0.949015 0.775805
vt 0.957875 0.813197
vt 0.318296 0.730568
vt 0.982443 0.636572
vt 0.978801 0.636572
vt 0.979372 0.630947
vt 0.057587 0.972591
vt 0.052858 0.969383
vt 0.057657 0.966559
vt 0.845517 0.959807
vt 0.052421 0.730550
vt 0.353511 0.712732
vt 0.971675 0.911402
vt 0.968783 0.905051
vt 0.971675 0.888798
vt 0.394616 0.680133
vt 0.418002 0.672505
vt 0.421720 0.674330
vt 0.480363 0.643923
vt 0.606185 0.083913
vt 0.512485 0.636065
vt 0.681870 0.073474
vt 0.701494 0.832883
vt 0.313286 0.426473
vt 0.113502 0.917737
vt 0.973630 0.360838
vt 0.971430 0.376468
vt 0.971430 0.355054
vt 0.777929 0.787211
vt 0.847219 0.729452
vt 0.255842 0.924188
vt 0.267147 0.906001
vt 0.268504 0.908317
vt 0.964767 0.937808
vt 0.530810 0.871063
vt 0.535953 0.862643
vt 0.953639 0.780645
vt 0.542755 0.866570
vt 0.558854 0.734225
vt 0.567639 0.714713
vt 0.565925 0.731059
vt 0.547131 0.853591
vt 0.774169 0.959815
vt 0.776948 0.961732
vt 0.770781 0.963775
vt 0.332704 0.727611
vt 0.335777 0.722629
vt 0.052858 0.959688
vt 0.343211 0.712885
vt 0.358395 0.702560
vt 0.432654 0.659313
vt 0.434397 0.662845
vt 0.962601 0.393946
vt 0.961661 0.379147
vt 0.965193 0.398055
vt 0.016729 0.599974
vt 0.748605 0.129847
vt 0.740197 0.132579
vt 0.294138 0.960243
vt 0.435664 0.032122
vt 0.687590 0.087817
vt 0.722769 0.861290
vt 0.521238 0.694878
vt 0.522390 0.683241
vt 0.105544 0.888979
vt 0.268504 0.939778
vt 0.795053 0.746426
vt 0.354319 0.910120
vt 0.257780 0.905233
vt 0.261145 0.905042
vt 0.345839 0.903527
vt 0.106705 0.978886
vt 0.108725 0.984240
vt 0.106705 0.987796
vt 0.650692 0.901049
vt 0.651199 0.904492
vt 0.644633 0.901317
vt 0.974077 0.351412
vt 0.770781 0.954198
vt 0.634874 0.981360
vt 0.632029 0.983193
vt 0.251502 0.908854
vt 0.249003 0.912548
vt 0.249389 0.905042
vt 0.978801 0.601468
vt 0.978801 0.591474
vt 0.980861 0.599867
vt 0.056349 0.732483
vt 0.049713 0.695506
vt 0.027513 0.637201
vt 0.036297 0.591966
vt 0.305199 0.443159
vt 0.860782 0.822781
vt 0.254471 0.437385
vt 0.842636 0.709673
vt 0.825217 0.690898
vt 0.354590 0.915367
vt 0.359552 0.924695
vt 0.353876 0.926576
vt 0.527157 0.864647
vt 0.967368 0.930778
vt 0.946834 0.790243
vt 0.951383 0.790406
vt 0.949397 0.793050
vt 0.551159 0.844485
vt 0.518816 0.869655
vt 0.253092 0.909804
vt 0.204588 0.978886
vt 0.204287 0.983198
vt 0.200670 0.978886
vt 0.546304 0.755320
vt 0.554888 0.716635
vt 0.248360 0.983252
vt 0.248360 0.978886
vt 0.252154 0.982990
vt 0.331273 0.958222
vt 0.327813 0.964593
vt 0.745747 0.923611
vt 0.984431 0.366695
vt 0.983448 0.370628
vt 0.983448 0.364871
vt 0.240783 0.908817
vt 0.957568 0.817222
vt 0.956585 0.824787
vt 0.575632 0.970116
vt 0.574129 0.968424
vt 0.575632 0.960044
vt 0.570157 0.970823
vt 0.323124 0.962723
vt 0.326850 0.957471
vt 0.327231 0.967997
vt 0.365819 0.696991
vt 0.965193 0.369401
vt 0.030386 0.623823
vt 0.661158 0.068782
vt 0.565855 0.684436
vt 0.104023 0.880198
vt 0.854136 0.778063
vt 0.971575 0.751623
vt 0.968741 0.750633
vt 0.971575 0.744062
vt 0.966413 0.747661
vt 0.357922 0.920643
vt 0.953639 0.793085
vt 0.953227 0.786821
vt 0.736879 0.971892
vt 0.734860 0.968626
vt 0.739730 0.972100
vt 0.251502 0.912236
vt 0.524642 0.864453
vt 0.201688 0.982364
vt 0.648745 0.906869
vt 0.547911 0.848313
vt 0.983779 0.534449
vt 0.983448 0.539324
vt 0.983448 0.528031
vt 0.543815 0.984617
vt 0.542654 0.978886
vt 0.544940 0.978886
vt 0.953744 0.815533
vt 0.570201 0.965096
vt 0.323121 0.723452
vt 0.074771 0.749647
vt 0.973011 0.330876
vt 0.973011 0.307219
vt 0.974691 0.319537
vt 0.059242 0.721093
vt 0.368830 0.688463
vt 0.482949 0.628015
vt 0.624289 0.082350
vt 0.618717 0.077153
vt 0.701582 0.092790
vt 0.694558 0.088403
vt 0.864665 0.802034
vt 0.113068 0.867255
vt 0.544770 0.783150
vt 0.983448 0.036432
vt 0.985199 0.037747
vt 0.946815 0.797347
vt 0.949346 0.799310
vt 0.946327 0.803764
vt 0.532212 0.861886
vt 0.645184 0.908941
vt 0.535248 0.854989
vt 0.539215 0.849582
vt 0.978801 0.106293
vt 0.978801 0.099395
vt 0.982083 0.102680
vt 0.978801 0.678026
vt 0.978801 0.670095
vt 0.981364 0.676338
vt 0.778959 0.954160
vt 0.335633 0.961240
vt 0.573245 0.961983
vt 0.782672 0.975577
vt 0.778937 0.972775
vt 0.782672 0.969352
vt 0.985135 0.539324
vt 0.983533 0.541426
vt 0.338539 0.711354
vt 0.689231 0.986442
vt 0.687708 0.981245
vt 0.689231 0.978886
vt 0.052362 0.709696
vt 0.048210 0.707856
vt 0.402535 0.673806
vt 0.408441 0.673294
vt 0.974673 0.697712
vt 0.973010 0.704569
vt 0.973010 0.680856
vt 0.421954 0.664135
vt 0.034119 0.647207
vt 0.447357 0.640377
vt 0.029652 0.611795
vt 0.456377 0.639440
vt 0.763247 0.157917
vt 0.760351 0.146641
vt 0.439841 0.033821
vt 0.700945 0.090017
vt 0.672838 0.076657
vt 0.118210 0.906835
vt 0.857823 0.800647
vt 0.551931 0.797810
vt 0.554986 0.810224
vt 0.548411 0.812105
vt 0.833911 0.709834
vt 0.969280 0.738208
vt 0.718677 0.975053
vt 0.716079 0.971345
vt 0.718677 0.967439
vt 0.901150 0.213625
vt 0.898195 0.210724
vt 0.901150 0.205972
vt 0.708902 0.983029
vt 0.708902 0.978886
vt 0.711656 0.982224
vt 0.919630 0.195437
vt 0.917413 0.199253
vt 0.914094 0.197511
vt 0.739730 0.962457
vt 0.981325 0.842659
vt 0.978801 0.836738
vt 0.981325 0.834859
vt 0.419515 0.986635
vt 0.419515 0.978886
vt 0.421393 0.979546
vt 0.975152 0.952055
vt 0.975152 0.942467
vt 0.978080 0.950500
vt 0.913040 0.976035
vt 0.916691 0.969143
vt 0.916691 0.976706
vt 0.380894 0.879463
vt 0.385667 0.870026
vt 0.385457 0.878021
vt 0.387620 0.888409
vt 0.380620 0.890256
vt 0.774677 0.951756
vt 0.626583 0.965361
vt 0.629517 0.962472
vt 0.631686 0.964616
vt 0.984755 0.299595
vt 0.983448 0.296249
vt 0.985380 0.296249
vt 0.326933 0.717383
vt 0.072070 0.984269
vt 0.074479 0.981342
vt 0.074479 0.986502
vt 0.066018 0.743067
vt 0.338302 0.711905
vt 0.344508 0.709580
vt 0.072936 0.978886
vt 0.464159 0.639667
vt 0.493418 0.631696
vt 0.757144 0.146944
vt 0.497476 0.622956
vt 0.976056 0.874322
vt 0.974749 0.888418
vt 0.974749 0.865347
vt 0.639852 0.064774
vt 0.658543 0.064333
vt 0.699521 0.085975
vt 0.694824 0.830450
vt 0.120923 0.916461
vt 0.870816 0.825379
vt 0.861506 0.808632
vt 0.853800 0.800867
vt 0.788853 0.776811
vt 0.853624 0.986831
vt 0.853624 0.978886
vt 0.854818 0.982508
vt 0.716020 0.976128
vt 0.714975 0.973547
vt 0.985476 0.372626
vt 0.983448 0.373400
vt 0.953600 0.795975
vt 0.763735 0.978886
vt 0.765990 0.980772
vt 0.763735 0.983577
vt 0.527257 0.973809
vt 0.522576 0.973922
vt 0.526076 0.969341
vt 0.901070 0.213253
vt 0.893699 0.212038
vt 0.651887 0.913157
vt 0.384374 0.893027
vt 0.079611 0.759145
vt 0.640709 0.982630
vt 0.639592 0.978886
vt 0.642837 0.978886
vt 0.967261 0.978886
vt 0.967261 0.983227
vt 0.965394 0.983030
vt 0.323929 0.719066
vt 0.346573 0.703809
vt 0.327231 0.945395
vt 0.044594 0.678498
vt 0.415372 0.664882
vt 0.421295 0.659252
vt 0.432664 0.648528
vt 0.754795 0.145560
vt 0.730465 0.119395
vt 0.627572 0.073753
vt 0.306717 0.885241
vt 0.713926 0.087811
vt 0.667423 0.066185
vt 0.859382 0.814903
vt 0.852584 0.789579
vt 0.783769 0.785776
vt 0.088504 0.983921
vt 0.090599 0.978886
vt 0.092128 0.983921
vt 0.900450 0.976522
vt 0.903113 0.969468
vt 0.911142 0.202902
vt 0.983448 0.565171
vt 0.983924 0.568522
vt 0.983448 0.570562
vt 0.917285 0.205367
vt 0.394283 0.886623
vt 0.387996 0.894493
vt 0.387272 0.899668
vt 0.389399 0.902690
vt 0.385311 0.903861
vt 0.624571 0.959994
vt 0.983448 0.515888
vt 0.984764 0.516719
vt 0.983448 0.519023
vt 0.983448 0.159260
vt 0.985170 0.156074
vt 0.985170 0.160248
vt 0.014356 0.984492
vt 0.014356 0.978886
vt 0.017700 0.980325
vt 0.105104 0.987488
vt 0.106705 0.990162
vt 0.061264 0.728331
vt 0.056462 0.708418
vt 0.385621 0.670952
vt 0.398828 0.673878
vt 0.047553 0.663199
vt 0.429187 0.655141
vt 0.025514 0.588354
vt 0.011783 0.593584
vt 0.021597 0.576237
vt 0.028596 0.578203
vt 0.726077 0.116132
vt 0.728754 0.106504
vt 0.697642 0.074058
vt 0.311220 0.454711
vt 0.780707 0.806729
vt 0.786849 0.960784
vt 0.794183 0.951684
vt 0.793860 0.958962
vt 0.174627 0.972885
vt 0.174627 0.963900
vt 0.179423 0.965229
vt 0.796508 0.757928
vt 0.837890 0.697755
vt 0.985495 0.117274
vt 0.983448 0.115849
vt 0.985495 0.113683
vt 0.551940 0.971035
vt 0.551159 0.963986
vt 0.556753 0.968574
vt 0.982199 0.231009
vt 0.981785 0.235802
vt 0.978801 0.231728
vt 0.966025 0.224779
vt 0.970414 0.218282
vt 0.970414 0.231399
vt 0.634815 0.969616
vt 0.638156 0.966186
vt 0.638156 0.975840
vt 0.691552 0.983171
vt 0.691552 0.978886
vt 0.694230 0.979695
vt 0.917626 0.207482
vt 0.919630 0.214832
vt 0.911693 0.213457
vt 0.522576 0.966021
vt 0.634523 0.967528
vt 0.648543 0.915624
vt 0.831229 0.689740
vt 0.838450 0.695383
vt 0.828617 0.691093
vt 0.829372 0.689494
vt 0.244059 0.913652
vt 0.781216 0.965480
vt 0.975922 0.976122
vt 0.976383 0.972037
vt 0.978123 0.973624
vt 0.622581 0.981582
vt 0.625030 0.978886
vt 0.625030 0.983937
vt 0.323766 0.716549
vt 0.983448 0.179419
vt 0.985981 0.179419
vt 0.984103 0.182209
vt 0.974006 0.517193
vt 0.974006 0.507471
vt 0.977253 0.516523
vt 0.062459 0.718617
vt 0.359607 0.693636
vt 0.056178 0.698045
vt 0.412028 0.664262
vt 0.446748 0.994578
vt 0.445845 0.985727
vt 0.446748 0.978886
vt 0.037225 0.625463
vt 0.462647 0.637069
vt 0.748717 0.138549
vt 0.625151 0.067003
vt 0.307740 0.876125
vt 0.844165 0.760047
vt 0.092547 0.793141
vt 0.161744 0.970257
vt 0.157707 0.974765
vt 0.953744 0.824864
vt 0.957543 0.831227
vt 0.954069 0.830372
vt 0.556107 0.966031
vt 0.553649 0.962154
vt 0.556753 0.958918
vt 0.959028 0.825261
vt 0.966472 0.215005
vt 0.386480 0.860304
vt 0.390489 0.865306
vt 0.385493 0.863854
vt 0.641918 0.910283
vt 0.394302 0.869765
vt 0.983448 0.333435
vt 0.984944 0.334557
vt 0.983448 0.337485
vt 0.470934 0.952480
vt 0.469015 0.954109
vt 0.468499 0.951093
vt 0.946050 0.531211
vt 0.944746 0.531514
vt 0.944746 0.515341
vt 0.948169 0.524125
vt 0.110985 0.974736
vt 0.106890 0.970164
vt 0.109727 0.972092
vt 0.978260 0.967497
vt 0.205837 0.975785
vt 0.201889 0.970223
vt 0.206212 0.970223
vt 0.638072 0.961117
vt 0.634254 0.962891
vt 0.633990 0.959057
vt 0.341024 0.702466
vt 0.374589 0.677247
vt 0.423988 0.656353
vt 0.437180 0.645253
vt 0.759553 0.137267
vt 0.614059 0.063797
vt 0.615767 0.069696
vt 0.436898 0.023008
vt 0.434959 0.024989
vt 0.957950 0.626519
vt 0.962339 0.631640
vt 0.959759 0.629809
vt 0.702476 0.076913
vt 0.685214 0.834968
vt 0.965429 0.836843
vt 0.970184 0.833620
vt 0.970184 0.850207
vt 0.742472 0.983313
vt 0.743830 0.978886
vt 0.743830 0.986928
vt 0.794183 0.965170
vt 0.858916 0.806931
vt 0.848393 0.783152
vt 0.540493 0.814761
vt 0.529526 0.788440
vt 0.885185 0.400071
vt 0.887113 0.403815
vt 0.881961 0.403840
vt 0.907977 0.208507
vt 0.634874 0.986800
vt 0.634874 0.978886
vt 0.636422 0.984153
vt 0.670897 0.925865
vt 0.678606 0.928344
vt 0.668131 0.929056
vt 0.633916 0.907623
vt 0.635767 0.896773
vt 0.639480 0.905965
vt 0.640845 0.912653
vt 0.393448 0.859178
vt 0.395102 0.873766
vt 0.234145 0.914128
vt 0.107277 0.967181
vt 0.983448 0.557202
vt 0.984209 0.555720
vt 0.984209 0.559530
vt 0.110985 0.964464
vt 0.209836 0.983309
vt 0.208509 0.978886
vt 0.212308 0.978886
vt 0.634207 0.950140
vt 0.330909 0.713743
vt 0.356382 0.692950
vt 0.391815 0.668895
vt 0.044429 0.635326
vt 0.335633 0.952762
vt 0.338298 0.959738
vt 0.335633 0.972653
vt 0.702949 0.083258
vt 0.524573 0.708444
vt 0.860141 0.830168
vt 0.131149 0.904342
vt 0.561741 0.835585
vt 0.556029 0.834270
vt 0.551730 0.822646
vt 0.908459 0.103876
vt 0.899684 0.096920
vt 0.903617 0.092318
vt 0.953744 0.832919
vt 0.960098 0.827875
vt 0.677475 0.923016
vt 0.390445 0.856590
vt 0.397261 0.877753
vt 0.470806 0.957765
vt 0.396336 0.891246
vt 0.228927 0.905684
vt 0.631686 0.950140
vt 0.895882 0.885655
vt 0.887483 0.876283
vt 0.891678 0.870405
vt 0.947531 0.517379
vt 0.792592 0.982264
vt 0.790611 0.984019
vt 0.307685 0.971307
vt 0.310607 0.972822
vt 0.312104 0.975902
vt 0.638157 0.966187
vt 0.327288 0.713785
vt 0.329374 0.711234
vt 0.343300 0.699701
vt 0.070302 0.731190
vt 0.358405 0.687597
vt 0.430014 0.651156
vt 0.758506 0.134998
vt 0.755505 0.119053
vt 0.730328 0.099190
vt 0.726376 0.095349
vt 0.961024 0.621872
vt 0.292144 0.468113
vt 0.294377 0.451952
vt 0.859653 0.812597
vt 0.854594 0.809292
vt 0.957757 0.833620
vt 0.959386 0.842335
vt 0.954009 0.842406
vt 0.126476 0.891650
vt 0.780974 0.804333
vt 0.796018 0.779940
vt 0.984666 0.316181
vt 0.984666 0.321238
vt 0.983448 0.319100
vt 0.881961 0.397866
vt 0.971277 0.658916
vt 0.967826 0.642634
vt 0.971277 0.639529
vt 0.978801 0.237530
vt 0.008022 0.990346
vt 0.006379 0.987683
vt 0.878794 0.969991
vt 0.881973 0.969991
vt 0.880462 0.977503
vt 0.683703 0.922635
vt 0.397172 0.862742
vt 0.474212 0.956058
vt 0.335705 0.705444
vt 0.350132 0.695039
vt 0.363949 0.682659
vt 0.062634 0.705511
vt 0.060671 0.700923
vt 0.367075 0.685073
vt 0.403853 0.662472
vt 0.950431 0.930778
vt 0.956093 0.906019
vt 0.956486 0.914238
vt 0.950431 0.893310
vt 0.477391 0.620541
vt 0.028710 0.568422
vt 0.028828 0.570023
vt 0.487147 0.614302
vt 0.743842 0.105992
vt 0.738504 0.103497
vt 0.649078 0.070236
vt 0.370720 0.985952
vt 0.369159 0.988596
vt 0.369159 0.978886
vt 0.852015 0.808002
vt 0.964844 0.477312
vt 0.960124 0.466447
vt 0.793729 0.790424
vt 0.624571 0.910934
vt 0.620462 0.927345
vt 0.620462 0.894982
vt 0.905697 0.204649
vt 0.512741 0.978886
vt 0.510994 0.984194
vt 0.076758 0.964918
vt 0.080358 0.965157
vt 0.078260 0.968454
vt 0.118579 0.987230
vt 0.118579 0.978886
vt 0.120726 0.985481
vt 0.640860 0.917503
vt 0.034969 0.978886
vt 0.037258 0.982186
vt 0.034969 0.987012
vt 0.473488 0.959586
vt 0.404510 0.896571
vt 0.088983 0.770943
vt 0.232958 0.921619
vt 0.942069 0.189747
vt 0.952216 0.185993
vt 0.942669 0.197609
vt 0.947280 0.176364
vt 0.327589 0.707009
vt 0.331277 0.701468
vt 0.339294 0.697059
vt 0.345603 0.695021
vt 0.558254 0.988035
vt 0.556830 0.981188
vt 0.558254 0.978886
vt 0.051327 0.675371
vt 0.408337 0.657399
vt 0.038191 0.576693
vt 0.484408 0.622376
vt 0.626094 0.052410
vt 0.306376 0.470930
vt 0.771254 0.821941
vt 0.793093 0.816078
vt 0.557211 0.835968
vt 0.911224 0.115312
vt 0.903094 0.108160
vt 0.533019 0.810164
vt 0.119101 0.853698
vt 0.883413 0.039091
vt 0.884925 0.022338
vt 0.900068 0.073598
vt 0.873396 0.981690
vt 0.875252 0.978886
vt 0.875252 0.983874
vt 0.082183 0.971416
vt 0.403811 0.861614
vt 0.671236 0.920746
vt 0.624571 0.897708
vt 0.628640 0.910256
vt 0.402716 0.865052
vt 0.613612 0.971325
vt 0.617550 0.965357
vt 0.617550 0.974973
vt 0.948901 0.511936
vt 0.950433 0.515957
vt 0.953507 0.517847
vt 0.947271 0.198569
vt 0.631686 0.966187
vt 0.735652 0.984553
vt 0.733681 0.984553
vt 0.734837 0.978886
vt 0.324880 0.707558
vt 0.031982 0.985125
vt 0.031982 0.978886
vt 0.034969 0.982642
vt 0.338839 0.697626
vt 0.359552 0.968186
vt 0.362684 0.970727
vt 0.359552 0.977778
vt 0.393523 0.663680
vt 0.432627 0.644992
vt 0.504889 0.613034
vt 0.508541 0.615655
vt 0.695211 0.951351
vt 0.697336 0.961150
vt 0.695211 0.972022
vt 0.733271 0.098712
vt 0.639716 0.058467
vt 0.958524 0.616239
vt 0.695228 0.063856
vt 0.955574 0.133169
vt 0.961176 0.145734
vt 0.955574 0.159895
vt 0.710738 0.881422
vt 0.960431 0.845320
vt 0.850677 0.812239
vt 0.783687 0.805431
vt 0.567639 0.840081
vt 0.303347 0.662451
vt 0.303347 0.595830
vt 0.310469 0.652196
vt 0.116141 0.920029
vt 0.120580 0.926094
vt 0.113607 0.922119
vt 0.117979 0.917737
vt 0.731827 0.984915
vt 0.731827 0.978886
vt 0.733681 0.982513
vt 0.372228 0.939788
vt 0.374108 0.946174
vt 0.369541 0.945690
vt 0.082183 0.958888
vt 0.873351 0.000727
vt 0.878929 0.006812
vt 0.680456 0.914276
vt 0.635427 0.912205
vt 0.958272 0.332765
vt 0.952206 0.326315
vt 0.959288 0.327464
vt 0.477686 0.958009
vt 0.567827 0.972543
vt 0.565702 0.965928
vt 0.570144 0.969429
vt 0.402868 0.886681
vt 0.234079 0.924586
vt 0.699099 0.980254
vt 0.700413 0.978886
vt 0.700413 0.987598
vt 0.942069 0.211840
vt 0.329483 0.703357
vt 0.187774 0.984923
vt 0.185386 0.985994
vt 0.185386 0.978886
vt 0.072007 0.729481
vt 0.078565 0.742038
vt 0.978801 0.572253
vt 0.981667 0.568614
vt 0.981667 0.575816
vt 0.042051 0.616291
vt 0.034931 0.605100
vt 0.759577 0.138728
vt 0.762313 0.136959
vt 0.627471 0.057935
vt 0.437860 0.014956
vt 0.433546 0.017555
vt 0.570850 0.694055
vt 0.301946 0.471247
vt 0.593578 0.927415
vt 0.600799 0.924328
vt 0.601881 0.935092
vt 0.549307 0.834033
vt 0.847846 0.794333
vt 0.444622 0.880214
vt 0.455515 0.866900
vt 0.455515 0.918463
vt 0.884327 0.070585
vt 0.242694 0.979985
vt 0.246006 0.978886
vt 0.246006 0.983915
vt 0.325852 0.985742
vt 0.323565 0.980931
vt 0.325852 0.978886
vt 0.448623 0.862752
vt 0.395625 0.854152
vt 0.871035 0.000000
vt 0.375575 0.951341
vt 0.669008 0.912538
vt 0.672539 0.917905
vt 0.402508 0.873873
vt 0.665472 0.909188
vt 0.951687 0.322495
vt 0.957585 0.323290
vt 0.400422 0.881928
vt 0.402600 0.884019
vt 0.758083 0.978886
vt 0.758083 0.984033
vt 0.756016 0.980576
vt 0.978801 0.429120
vt 0.978801 0.422963
vt 0.982258 0.425889
vt 0.174548 0.985970
vt 0.172963 0.989767
vt 0.172963 0.978886
vt 0.348805 0.975902
vt 0.348805 0.968588
vt 0.351459 0.976725
vt 0.351953 0.972472
vt 0.334181 0.698324
vt 0.069558 0.715344
vt 0.359747 0.685428
vt 0.362075 0.681764
vt 0.058950 0.690477
vt 0.452894 0.623840
vt 0.463767 0.617577
vt 0.767922 0.142870
vt 0.385437 0.964622
vt 0.387660 0.973402
vt 0.385014 0.969866
vt 0.682119 0.057123
vt 0.686353 0.060700
vt 0.692734 0.062444
vt 0.964464 0.418853
vt 0.966275 0.414839
vt 0.968934 0.416330
vt 0.788155 0.803929
vt 0.964464 0.399028
vt 0.123981 0.869941
vt 0.204588 0.981151
vt 0.207228 0.978886
vt 0.207228 0.985263
vt 0.112845 0.929277
vt 0.613249 0.968788
vt 0.613425 0.977888
vt 0.610249 0.977888
vt 0.124321 0.922808
vt 0.529037 0.979935
vt 0.531003 0.978886
vt 0.531003 0.985622
vt 0.723148 0.985568
vt 0.721464 0.981395
vt 0.951368 0.316614
vt 0.101627 0.984086
vt 0.101627 0.978886
vt 0.105104 0.981179
vt 0.984454 0.214460
vt 0.984454 0.221365
vt 0.983448 0.219113
vt 0.454465 0.856751
vt 0.953223 0.982289
vt 0.955619 0.978886
vt 0.955619 0.982306
vt 0.984904 0.363225
vt 0.983448 0.360979
vt 0.978296 0.448374
vt 0.976023 0.452456
vt 0.976023 0.441577
vt 0.983448 0.167389
vt 0.983448 0.163014
vt 0.985077 0.164534
vt 0.977112 0.507471
vt 0.974006 0.502802
vt 0.977112 0.497119
vt 0.922003 0.399122
vt 0.925184 0.393573
vt 0.924819 0.401874
vt 0.928437 0.395690
vt 0.073824 0.723571
vt 0.351675 0.686508
vt 0.358651 0.683271
vt 0.066643 0.691088
vt 0.384136 0.659364
vt 0.405206 0.650240
vt 0.054949 0.654595
vt 0.438329 0.639482
vt 0.443442 0.630307
vt 0.457875 0.625193
vt 0.974769 0.168966
vt 0.977000 0.167894
vt 0.977189 0.171396
vt 0.752811 0.109331
vt 0.633421 0.053568
vt 0.962339 0.601427
vt 0.781964 0.825130
vt 0.847373 0.821453
vt 0.954009 0.858108
vt 0.287441 0.459013
vt 0.849851 0.807879
vt 0.844729 0.803338
vt 0.527585 0.821205
vt 0.118725 0.840738
vt 0.823247 0.968360
vt 0.818795 0.974164
vt 0.818795 0.966389
vt 0.369706 0.953571
vt 0.636945 0.916821
vt 0.633142 0.921919
vt 0.959288 0.317455
vt 0.800894 0.977624
vt 0.797690 0.974494
vt 0.800894 0.968788
vt 0.360380 0.983347
vt 0.360380 0.978886
vt 0.363799 0.979364
vt 0.174548 0.981945
vt 0.176790 0.978886
vt 0.176790 0.986562
vt 0.965394 0.983120
vt 0.964384 0.986925
vt 0.962975 0.285859
vt 0.960037 0.285670
vt 0.962975 0.275468
vt 0.952220 0.202831
vt 0.883702 0.883591
vt 0.886109 0.871388
vt 0.972882 0.731649
vt 0.972882 0.717378
vt 0.975710 0.720242
vt 0.074954 0.729874
vt 0.351375 0.966450
vt 0.981831 0.660343
vt 0.978801 0.663378
vt 0.978801 0.656652
vt 0.060498 0.668972
vt 0.421986 0.644271
vt 0.428724 0.642351
vt 0.045268 0.626089
vt 0.758866 0.120287
vt 0.653921 0.051001
vt 0.718067 0.075917
vt 0.705731 0.067076
vt 0.709630 0.065447
vt 0.701353 0.066263
vt 0.147173 0.898349
vt 0.846479 0.816314
vt 0.590900 0.924347
vt 0.134291 0.887623
vt 0.908012 0.117116
vt 0.900662 0.107771
vt 0.538622 0.824601
vt 0.884652 0.100053
vt 0.876677 0.098534
vt 0.978923 0.410410
vt 0.982430 0.408573
vt 0.982430 0.412939
vt 0.835767 0.983949
vt 0.837704 0.981715
vt 0.978801 0.407066
vt 0.217206 0.981955
vt 0.219913 0.978886
vt 0.219913 0.985084
vt 0.897473 0.978886
vt 0.897473 0.985380
vt 0.896088 0.983230
vt 0.978801 0.969067
vt 0.980962 0.972131
vt 0.979424 0.974350
vt 0.579281 0.702237
vt 0.578537 0.706048
vt 0.574375 0.694509
vt 0.984094 0.326613
vt 0.983448 0.330717
vt 0.983448 0.321238
vt 0.571544 0.704999
vt 0.120223 0.934577
vt 0.122398 0.929287
vt 0.983287 0.645644
vt 0.983287 0.650196
vt 0.978801 0.649580
vt 0.677610 0.911449
vt 0.181606 0.987873
vt 0.179701 0.987112
vt 0.181606 0.978886
vt 0.404295 0.880097
vt 0.570144 0.958641
vt 0.188039 0.972146
vt 0.188039 0.959779
vt 0.192913 0.965251
vt 0.813989 0.989164
vt 0.813016 0.983530
vt 0.813989 0.978886
vt 0.606759 0.960349
vt 0.603958 0.958125
vt 0.608449 0.955418
vt 0.974077 0.354669
vt 0.974077 0.346626
vt 0.977381 0.351731
vt 0.601881 0.952108
vt 0.448919 0.854153
vt 0.954757 0.283553
vt 0.895882 0.851464
vt 0.082965 0.758556
vt 0.086575 0.745147
vt 0.949894 0.498733
vt 0.919326 0.403680
vt 0.920173 0.397655
vt 0.506745 0.969936
vt 0.503524 0.955411
vt 0.508259 0.964006
vt 0.503524 0.966521
vt 0.352848 0.682511
vt 0.369254 0.675217
vt 0.973158 0.053759
vt 0.976335 0.045234
vt 0.976335 0.056996
vt 0.499883 0.605973
vt 0.385014 0.976451
vt 0.515832 0.604508
vt 0.726534 0.081221
vt 0.846907 0.828807
vt 0.204295 0.913668
vt 0.208029 0.921217
vt 0.200324 0.927277
vt 0.790833 0.806264
vt 0.532572 0.823527
vt 0.574444 0.708001
vt 0.980962 0.965521
vt 0.703367 0.983884
vt 0.703367 0.978886
vt 0.705657 0.981786
vt 0.369541 0.957599
vt 0.407755 0.878533
vt 0.667987 0.903092
vt 0.888476 0.859029
vt 0.532501 0.985043
vt 0.531003 0.987718
vt 0.081269 0.740013
vt 0.084153 0.745639
vt 0.073604 0.714646
vt 0.362697 0.673858
vt 0.070193 0.702159
vt 0.392648 0.987137
vt 0.391440 0.991294
vt 0.391440 0.978886
vt 0.411927 0.641211
vt 0.432748 0.634335
vt 0.490078 0.608136
vt 0.755958 0.119137
vt 0.756860 0.115278
vt 0.757095 0.122864
vt 0.843081 0.833620
vt 0.207433 0.910499
vt 0.593921 0.921121
vt 0.598656 0.915832
vt 0.207806 0.905946
vt 0.537617 0.832885
vt 0.904958 0.120603
vt 0.524332 0.827680
vt 0.521555 0.984995
vt 0.521555 0.978886
vt 0.523761 0.982800
vt 0.984806 0.206782
vt 0.983448 0.205242
vt 0.984806 0.201637
vt 0.571830 0.708160
vt 0.691151 0.936947
vt 0.697336 0.935690
vt 0.693980 0.937663
vt 0.404339 0.860642
vt 0.407600 0.865144
vt 0.742472 0.981756
vt 0.740425 0.984230
vt 0.646300 0.983647
vt 0.646917 0.978886
vt 0.648839 0.983647
vt 0.408844 0.882337
vt 0.374330 0.961359
vt 0.409845 0.872430
vt 0.671256 0.916663
vt 0.413446 0.889322
vt 0.406420 0.889706
vt 0.659312 0.898599
vt 0.637480 0.922515
vt 0.633671 0.925418
vt 0.639772 0.924529
vt 0.871340 0.397838
vt 0.871340 0.403284
vt 0.868227 0.400026
vt 0.231213 0.925727
vt 0.786665 0.954770
vt 0.786665 0.965480
vt 0.778959 0.963211
vt 0.603857 0.962587
vt 0.602748 0.959943
vt 0.949610 0.213581
vt 0.507848 0.960837
vt 0.919326 0.392607
vt 0.344866 0.692248
vt 0.341618 0.689484
vt 0.347490 0.680407
vt 0.927670 0.968311
vt 0.927670 0.955592
vt 0.930089 0.971677
vt 0.349852 0.683241
vt 0.048646 0.628770
vt 0.058590 0.632069
vt 0.038757 0.562275
vt 0.030969 0.567354
vt 0.977189 0.159304
vt 0.506537 0.599617
vt 0.286721 0.467795
vt 0.979869 0.630947
vt 0.978801 0.628101
vt 0.979869 0.611701
vt 0.117629 0.938399
vt 0.112845 0.936882
vt 0.114651 0.933053
vt 0.118127 0.932519
vt 0.689298 0.936498
vt 0.692149 0.940660
vt 0.685214 0.940045
vt 0.696002 0.941448
vt 0.458256 0.974854
vt 0.455878 0.968157
vt 0.459481 0.967215
vt 0.975606 0.713062
vt 0.972164 0.716002
vt 0.972164 0.704593
vt 0.675174 0.907740
vt 0.628558 0.919514
vt 0.626468 0.915339
vt 0.228927 0.931448
vt 0.968235 0.159895
vt 0.966297 0.169383
vt 0.962972 0.165055
vt 0.092663 0.754014
vt 0.089019 0.759667
vt 0.886211 0.853589
vt 0.967826 0.658916
vt 0.972205 0.668462
vt 0.969372 0.667459
vt 0.081415 0.730856
vt 0.077860 0.715708
vt 0.931111 0.958877
vt 0.416389 0.975040
vt 0.413446 0.978575
vt 0.413446 0.969757
vt 0.351454 0.677565
vt 0.381107 0.659048
vt 0.040545 0.581301
vt 0.024708 0.551889
vt 0.037951 0.549448
vt 0.036323 0.553649
vt 0.759684 0.115858
vt 0.648717 0.046002
vt 0.735289 0.084156
vt 0.732008 0.076794
vt 0.674923 0.052793
vt 0.518816 0.706498
vt 0.796663 0.816872
vt 0.839481 0.815693
vt 0.899334 0.119729
vt 0.889272 0.117994
vt 0.885112 0.110545
vt 0.113933 0.941614
vt 0.127299 0.939203
vt 0.251502 0.952243
vt 0.252385 0.946036
vt 0.254676 0.946938
vt 0.256624 0.942730
vt 0.668932 0.904128
vt 0.624571 0.918909
vt 0.630210 0.923898
vt 0.617718 0.972321
vt 0.621691 0.965357
vt 0.621691 0.973644
vt 0.601881 0.966731
vt 0.942934 0.591815
vt 0.933001 0.595815
vt 0.933001 0.586356
vt 0.656143 0.978886
vt 0.656143 0.987819
vt 0.654805 0.983824
vt 0.335547 0.976230
vt 0.332475 0.974387
vt 0.335633 0.970117
vt 0.976060 0.150018
vt 0.974356 0.154852
vt 0.973127 0.146414
vt 0.809700 0.659615
vt 0.810973 0.652891
vt 0.814748 0.657826
vt 0.325732 0.695228
vt 0.328690 0.693560
vt 0.333684 0.698691
vt 0.338217 0.687946
vt 0.437420 0.626823
vt 0.053902 0.600020
vt 0.478616 0.605527
vt 0.765164 0.128601
vt 0.743190 0.098810
vt 0.685214 0.879884
vt 0.840124 0.819741
vt 0.707148 0.977393
vt 0.707148 0.968076
vt 0.710496 0.976828
vt 0.587183 0.929185
vt 0.899240 0.124109
vt 0.528810 0.836907
vt 0.871035 0.119122
vt 0.122595 0.941959
vt 0.126926 0.941393
vt 0.768590 0.972141
vt 0.765755 0.972682
vt 0.765054 0.968407
vt 0.129212 0.937200
vt 0.415133 0.954257
vt 0.413817 0.955995
vt 0.579281 0.710218
vt 0.691413 0.947610
vt 0.577658 0.714483
vt 0.410340 0.978886
vt 0.411477 0.984698
vt 0.410340 0.991787
vt 0.945816 0.385003
vt 0.947997 0.397650
vt 0.944840 0.395568
vt 0.546745 0.978886
vt 0.550258 0.978886
vt 0.549417 0.982610
vt 0.260116 0.946537
vt 0.409907 0.869381
vt 0.258808 0.939778
vt 0.682858 0.913925
vt 0.684098 0.918561
vt 0.975039 0.716267
vt 0.677354 0.982345
vt 0.674650 0.983225
vt 0.674650 0.978886
vt 0.663986 0.984238
vt 0.661769 0.980307
vt 0.663986 0.978886
vt 0.937727 0.599917
vt 0.935897 0.601228
vt 0.940360 0.595286
vt 0.964047 0.169808
vt 0.978801 0.568614
vt 0.980204 0.561531
vt 0.095594 0.766418
vt 0.103671 0.760643
vt 0.879327 0.861655
vt 0.967826 0.671198
vt 0.080725 0.721349
vt 0.930874 0.952603
vt 0.068245 0.675945
vt 0.059355 0.653406
vt 0.424728 0.633280
vt 0.431508 0.631552
vt 0.969032 0.407150
vt 0.971325 0.410358
vt 0.968934 0.418853
vt 0.048287 0.616024
vt 0.491099 0.599106
vt 0.436120 0.000000
vt 0.571496 0.703353
vt 0.565779 0.714713
vt 0.798090 0.813158
vt 0.588314 0.920641
vt 0.586638 0.908242
vt 0.597465 0.903643
vt 0.765054 0.976852
vt 0.938993 0.391413
vt 0.257160 0.948976
vt 0.455878 0.962242
vt 0.111445 0.984162
vt 0.112335 0.978886
vt 0.114854 0.984162
vt 0.961440 0.487323
vt 0.961450 0.498531
vt 0.958465 0.488969
vt 0.983448 0.087915
vt 0.985278 0.086681
vt 0.985278 0.090779
vt 0.446748 0.983920
vt 0.449216 0.978886
vt 0.449216 0.984619
vt 0.447426 0.974214
vt 0.443004 0.969458
vt 0.447426 0.966409
vt 0.913040 0.968658
vt 0.916148 0.964600
vt 0.917595 0.969143
vt 0.869160 0.889942
vt 0.873893 0.875221
vt 0.879735 0.879843
vt 0.814482 0.663719
vt 0.332475 0.964593
vt 0.091763 0.730871
vt 0.474782 0.975270
vt 0.474782 0.962001
vt 0.477686 0.974202
vt 0.085423 0.731152
vt 0.079844 0.714065
vt 0.076940 0.706738
vt 0.065594 0.665092
vt 0.401011 0.641880
vt 0.054763 0.615168
vt 0.049044 0.583127
vt 0.499791 0.597241
vt 0.727312 0.069901
vt 0.792708 0.828530
vt 0.866697 0.976932
vt 0.866697 0.968033
vt 0.870235 0.970496
vt 0.908160 0.129134
vt 0.899987 0.128043
vt 0.588232 0.911920
vt 0.877076 0.117723
vt 0.882091 0.117564
vt 0.499456 0.983058
vt 0.497848 0.978886
vt 0.973768 0.276453
vt 0.973158 0.286077
vt 0.970285 0.275762
vt 0.368090 0.939788
vt 0.363840 0.945553
vt 0.360798 0.941461
vt 0.982609 0.392330
vt 0.978801 0.391035
vt 0.982609 0.386700
vt 0.313286 0.967816
vt 0.318928 0.970555
vt 0.314568 0.969838
vt 0.983448 0.401075
vt 0.983448 0.397459
vt 0.984960 0.399939
vt 0.684011 0.907250
vt 0.943251 0.595606
vt 0.868766 0.882096
vt 0.975591 0.157105
vt 0.807055 0.653627
vt 0.885710 0.852743
vt 0.503524 0.976796
vt 0.503524 0.969936
vt 0.507071 0.971457
vt 0.358400 0.670868
vt 0.968820 0.621148
vt 0.965312 0.624177
vt 0.966375 0.614898
vt 0.177694 0.981650
vt 0.176790 0.997888
vt 0.417556 0.635813
vt 0.455144 0.614028
vt 0.046684 0.564432
vt 0.484098 0.593460
vt 0.053506 0.537502
vt 0.840745 0.969835
vt 0.840275 0.975189
vt 0.838040 0.964376
vt 0.717635 0.066382
vt 0.699272 0.887841
vt 0.143678 0.908907
vt 0.839539 0.819639
vt 0.393252 0.970931
vt 0.389135 0.969348
vt 0.392949 0.967779
vt 0.795366 0.814307
vt 0.218996 0.916115
vt 0.797609 0.797235
vt 0.584348 0.926911
vt 0.597410 0.894982
vt 0.601881 0.895460
vt 0.841995 0.810790
vt 0.838909 0.808096
vt 0.844629 0.806238
vt 0.208334 0.892979
vt 0.215129 0.893917
vt 0.209406 0.898127
vt 0.985053 0.426833
vt 0.983448 0.425316
vt 0.985053 0.423594
vt 0.697336 0.951351
vt 0.260116 0.960096
vt 0.939066 0.387648
vt 0.937432 0.670915
vt 0.934396 0.665367
vt 0.941252 0.669864
vt 0.315870 0.963544
vt 0.369444 0.944502
vt 0.443492 0.974080
vt 0.684098 0.902849
vt 0.680199 0.906087
vt 0.919374 0.961601
vt 0.973127 0.159159
vt 0.535971 0.982694
vt 0.532501 0.979805
vt 0.535971 0.978886
vt 0.968235 0.172149
vt 0.802569 0.657209
vt 0.798469 0.652891
vt 0.896161 0.832371
vt 0.889958 0.833600
vt 0.889958 0.826939
vt 0.098914 0.743838
vt 0.877198 0.866019
vt 0.320409 0.696485
vt 0.983968 0.511395
vt 0.983448 0.506738
vt 0.983968 0.503205
vt 0.074814 0.690212
vt 0.965312 0.608177
vt 0.444547 0.905334
vt 0.442336 0.918430
vt 0.442336 0.903773
vt 0.756827 0.102237
vt 0.510963 0.595274
vt 0.707852 0.055810
vt 0.149023 0.903699
vt 0.980243 0.531434
vt 0.978801 0.535480
vt 0.131931 0.894209
vt 0.146409 0.889663
vt 0.839168 0.814881
vt 0.217510 0.907168
vt 0.523757 0.842469
vt 0.215628 0.889118
vt 0.207186 0.885387
vt 0.585503 0.901863
vt 0.958220 0.027262
vt 0.957746 0.021938
vt 0.962372 0.021938
vt 0.421890 0.955823
vt 0.674650 0.981908
vt 0.672508 0.984370
vt 0.672508 0.978886
vt 0.370557 0.971888
vt 0.369541 0.968080
vt 0.374379 0.966058
vt 0.413446 0.865022
vt 0.369541 0.961359
vt 0.942176 0.660473
vt 0.931539 0.670935
vt 0.289152 0.785777
vt 0.283499 0.787150
vt 0.283155 0.784330
vt 0.050704 0.983669
vt 0.049879 0.978886
vt 0.053749 0.978886
vt 0.325852 0.983167
vt 0.327431 0.978886
vt 0.327431 0.988777
vt 0.086025 0.970946
vt 0.083044 0.969997
vt 0.087243 0.966084
vt 0.678555 0.900166
vt 0.082183 0.964291
vt 0.622581 0.979156
vt 0.620547 0.984980
vt 0.620547 0.978886
vt 0.963106 0.176173
vt 0.934542 0.978886
vt 0.937365 0.978886
vt 0.936008 0.981889
vt 0.799035 0.655651
vt 0.871573 0.866836
vt 0.874288 0.866237
vt 0.295003 0.960243
vt 0.290862 0.956031
vt 0.292550 0.951398
vt 0.295003 0.941140
vt 0.089430 0.716491
vt 0.342514 0.676831
vt 0.345702 0.677027
vt 0.355436 0.673407
vt 0.082506 0.697415
vt 0.355233 0.670820
vt 0.966607 0.601427
vt 0.445112 0.622308
vt 0.052041 0.592686
vt 0.744355 0.087401
vt 0.840745 0.959807
vt 0.673898 0.041445
vt 0.696135 0.052045
vt 0.906684 0.133169
vt 0.140080 0.884526
vt 0.149933 0.956466
vt 0.144899 0.964183
vt 0.151009 0.952389
vt 0.216369 0.883815
vt 0.413948 0.903773
vt 0.418398 0.904074
vt 0.413446 0.907885
vt 0.413446 0.915648
vt 0.413446 0.960198
vt 0.417914 0.961666
vt 0.298727 0.986722
vt 0.296686 0.984668
vt 0.298727 0.978886
vt 0.058987 0.980561
vt 0.062065 0.982679
vt 0.059178 0.984885
vt 0.946555 0.382138
vt 0.871068 0.560954
vt 0.871068 0.549405
vt 0.873906 0.552456
vt 0.878340 0.552537
vt 0.151570 0.980416
vt 0.148930 0.985493
vt 0.148930 0.978886
vt 0.983448 0.579511
vt 0.983448 0.575944
vt 0.983769 0.578183
vt 0.946111 0.498077
vt 0.946111 0.487027
vt 0.948451 0.491987
vt 0.764451 0.973697
vt 0.760303 0.967674
vt 0.764751 0.968668
vt 0.284254 0.981747
vt 0.280528 0.983222
vt 0.944141 0.983585
vt 0.944141 0.978886
vt 0.945920 0.981227
vt 0.669053 0.985437
vt 0.669053 0.978886
vt 0.670860 0.980817
vt 0.617759 0.974939
vt 0.955313 0.483249
vt 0.961450 0.483388
vt 0.084165 0.963368
vt 0.338366 0.975748
vt 0.342649 0.975470
vt 0.354967 0.983208
vt 0.353794 0.981322
vt 0.357325 0.983160
vt 0.357325 0.978886
vt 0.913040 0.957867
vt 0.806123 0.665077
vt 0.811919 0.665463
vt 0.965193 0.388333
vt 0.968776 0.388333
vt 0.966485 0.398872
vt 0.967030 0.313754
vt 0.967030 0.304274
vt 0.970774 0.306592
vt 0.286931 0.955611
vt 0.355182 0.669836
vt 0.253968 0.973289
vt 0.251803 0.975106
vt 0.251252 0.971355
vt 0.059211 0.635092
vt 0.063871 0.641328
vt 0.968934 0.392638
vt 0.970097 0.391628
vt 0.437976 0.617723
vt 0.466067 0.604713
vt 0.506043 0.597506
vt 0.634218 0.040776
vt 0.639684 0.048850
vt 0.933935 0.373383
vt 0.933935 0.332939
vt 0.945505 0.364870
vt 0.904077 0.325943
vt 0.917796 0.325545
vt 0.907801 0.330684
vt 0.835699 0.828934
vt 0.902241 0.132889
vt 0.287034 0.473650
vt 0.802945 0.811761
vt 0.801162 0.807249
vt 0.806201 0.807124
vt 0.803551 0.812841
vt 0.519791 0.841715
vt 0.420470 0.918907
vt 0.417873 0.920943
vt 0.424599 0.923258
vt 0.421608 0.924811
vt 0.948046 0.332797
vt 0.943827 0.326666
vt 0.949375 0.326666
vt 0.936405 0.385144
vt 0.944567 0.381335
vt 0.057657 0.961609
vt 0.062404 0.960935
vt 0.057657 0.969820
vt 0.270013 0.980917
vt 0.266292 0.983288
vt 0.266292 0.978886
vt 0.981040 0.946843
vt 0.978801 0.947636
vt 0.978801 0.939079
vt 0.928844 0.662224
vt 0.292039 0.778015
vt 0.283993 0.780187
vt 0.974293 0.620837
vt 0.975324 0.618010
vt 0.977489 0.623436
vt 0.851520 0.981281
vt 0.853624 0.983433
vt 0.977489 0.616165
vt 0.318928 0.959703
vt 0.975749 0.563502
vt 0.975749 0.553995
vt 0.978511 0.560440
vt 0.490375 0.986273
vt 0.491917 0.987786
vt 0.946713 0.592743
vt 0.100020 0.969548
vt 0.100020 0.958204
vt 0.106297 0.962401
vt 0.946662 0.588110
vt 0.542746 0.933698
vt 0.536249 0.933287
vt 0.541516 0.928618
vt 0.533886 0.932167
vt 0.536436 0.930311
vt 0.913377 0.983973
vt 0.913377 0.978886
vt 0.915096 0.981680
vt 0.800635 0.660564
vt 0.065922 0.975368
vt 0.063432 0.966370
vt 0.065922 0.960935
vt 0.894828 0.970682
vt 0.889210 0.967865
vt 0.894828 0.962157
vt 0.337669 0.670846
vt 0.360986 0.659513
vt 0.427281 0.626623
vt 0.047238 0.566118
vt 0.759924 0.095205
vt 0.748328 0.091885
vt 0.735834 0.070098
vt 0.663887 0.038735
vt 0.682282 0.041189
vt 0.299299 0.479431
vt 0.389560 0.963323
vt 0.387660 0.966715
vt 0.292341 0.481797
vt 0.422289 0.909075
vt 0.980162 0.169973
vt 0.978801 0.164032
vt 0.981192 0.166524
vt 0.955484 0.737832
vt 0.958416 0.731164
vt 0.958602 0.736105
vt 0.981192 0.160584
vt 0.063432 0.963453
vt 0.428282 0.982957
vt 0.424724 0.981075
vt 0.425311 0.978886
vt 0.312642 0.984988
vt 0.313470 0.982988
vt 0.315237 0.981911
vt 0.428040 0.978886
vt 0.899972 0.985163
vt 0.899972 0.978886
vt 0.901389 0.983418
vt 0.112845 0.969882
vt 0.112845 0.960697
vt 0.116256 0.964823
vt 0.303761 0.972111
vt 0.299061 0.967681
vt 0.303761 0.961422
vt 0.287603 0.775273
vt 0.293800 0.785670
vt 0.764751 0.963830
vt 0.363226 0.951621
vt 0.369323 0.949826
vt 0.044466 0.983901
vt 0.040764 0.981806
vt 0.816650 0.984302
vt 0.816650 0.978886
vt 0.818483 0.982921
vt 0.809916 0.670071
vt 0.970470 0.624177
vt 0.970470 0.638251
vt 0.965312 0.628829
vt 0.100864 0.740284
vt 0.253968 0.960095
vt 0.410738 0.631182
vt 0.062428 0.611768
vt 0.436330 0.618626
vt 0.933694 0.947405
vt 0.937600 0.950474
vt 0.931252 0.959411
vt 0.700378 0.050657
vt 0.704843 0.043886
vt 0.801327 0.814282
vt 0.584724 0.921937
vt 0.225855 0.917772
vt 0.588029 0.895024
vt 0.579281 0.917660
vt 0.618468 0.980229
vt 0.620547 0.984847
vt 0.428762 0.920499
vt 0.960938 0.737832
vt 0.163839 0.986040
vt 0.163839 0.978886
vt 0.166263 0.982078
vt 0.939267 0.378843
vt 0.970636 0.475756
vt 0.973376 0.467497
vt 0.973376 0.476199
vt 0.312642 0.978886
vt 0.871283 0.983290
vt 0.871283 0.978886
vt 0.873395 0.979637
vt 0.039418 0.987501
vt 0.037258 0.978969
vt 0.039418 0.978886
vt 0.939537 0.655766
vt 0.293800 0.779099
vt 0.678690 0.962589
vt 0.677564 0.958011
vt 0.678985 0.957366
vt 0.954194 0.486323
vt 0.960503 0.880551
vt 0.963492 0.874130
vt 0.962012 0.880161
vt 0.962362 0.886112
vt 0.955376 0.479056
vt 0.087243 0.960784
vt 0.983448 0.498056
vt 0.985455 0.498315
vt 0.983448 0.500215
vt 0.939446 0.183541
vt 0.940688 0.179984
vt 0.942031 0.184975
vt 0.801648 0.664016
vt 0.806417 0.667817
vt 0.496740 0.974698
vt 0.492890 0.964307
vt 0.496740 0.963553
vt 0.871925 0.863048
vt 0.872722 0.860504
vt 0.873347 0.851248
vt 0.879204 0.837885
vt 0.324261 0.694653
vt 0.327706 0.679013
vt 0.333608 0.673958
vt 0.373161 0.646150
vt 0.395154 0.647090
vt 0.401256 0.633727
vt 0.062511 0.634065
vt 0.055453 0.566935
vt 0.054204 0.534193
vt 0.505356 0.589336
vt 0.978801 0.081953
vt 0.981651 0.077006
vt 0.980526 0.083608
vt 0.698658 0.050965
vt 0.981651 0.084980
vt 0.965784 0.303194
vt 0.967030 0.309719
vt 0.962986 0.305691
vt 0.696191 0.052489
vt 0.697193 0.048454
vt 0.297097 0.484751
vt 0.393252 0.959477
vt 0.825216 0.815956
vt 0.518816 0.844485
vt 0.857407 0.982550
vt 0.854818 0.979022
vt 0.424496 0.915260
vt 0.933935 0.383487
vt 0.942366 0.374620
vt 0.501117 0.975155
vt 0.496888 0.974007
vt 0.499891 0.971253
vt 0.947997 0.373383
vt 0.497548 0.969071
vt 0.984899 0.090779
vt 0.984899 0.095947
vt 0.983448 0.094249
vt 0.118841 0.962056
vt 0.821308 0.982247
vt 0.818483 0.978886
vt 0.821433 0.978886
vt 0.929004 0.655766
vt 0.359942 0.949836
vt 0.964793 0.877145
vt 0.367261 0.952773
vt 0.871686 0.659427
vt 0.874901 0.663196
vt 0.869011 0.664496
vt 0.672008 0.962589
vt 0.670976 0.952569
vt 0.670316 0.957502
vt 0.863699 0.881966
vt 0.866884 0.872532
vt 0.869762 0.873326
vt 0.942031 0.175855
vt 0.950984 0.056151
vt 0.940438 0.057516
vt 0.944568 0.049628
vt 0.983448 0.111108
vt 0.984656 0.107517
vt 0.984656 0.113682
vt 0.531545 0.926618
vt 0.536317 0.922038
vt 0.112845 0.973287
vt 0.116533 0.969882
vt 0.116533 0.976621
vt 0.108574 0.758030
vt 0.106608 0.750355
vt 0.103009 0.731510
vt 0.347914 0.667692
vt 0.090446 0.715837
vt 0.084176 0.683008
vt 0.071941 0.661851
vt 0.386739 0.636449
vt 0.389375 0.652946
vt 0.398802 0.631761
vt 0.404509 0.637719
vt 0.975864 0.363809
vt 0.977694 0.355054
vt 0.977694 0.368968
vt 0.430702 0.619634
vt 0.925082 0.978886
vt 0.925082 0.985508
vt 0.923777 0.983223
vt 0.476637 0.595407
vt 0.491866 0.588583
vt 0.501678 0.590829
vt 0.504051 0.590941
vt 0.512057 0.586744
vt 0.518777 0.591687
vt 0.642607 0.041404
vt 0.185762 0.937981
vt 0.195431 0.935828
vt 0.195520 0.942149
vt 0.819043 0.813566
vt 0.221021 0.898139
vt 0.948153 0.968877
vt 0.945428 0.959862
vt 0.950205 0.966496
vt 0.957562 0.093772
vt 0.951385 0.102197
vt 0.952174 0.092405
vt 0.955286 0.089896
vt 0.951385 0.090809
vt 0.359552 0.953900
vt 0.365023 0.955820
vt 0.136109 0.978886
vt 0.138711 0.982867
vt 0.136648 0.982178
vt 0.136109 0.985672
vt 0.388855 0.978886
vt 0.391440 0.981096
vt 0.388855 0.984684
vt 0.963710 0.872198
vt 0.960503 0.868153
vt 0.964061 0.868743
vt 0.961423 0.866393
vt 0.965179 0.865348
vt 0.881703 0.985124
vt 0.883169 0.981969
vt 0.773346 0.982539
vt 0.775185 0.978886
vt 0.775185 0.984618
vt 0.369444 0.955159
vt 0.528794 0.930310
vt 0.531864 0.930369
vt 0.087117 0.699826
vt 0.356356 0.655231
vt 0.377944 0.647040
vt 0.070343 0.639885
vt 0.068483 0.628836
vt 0.058565 0.575078
vt 0.966510 0.017149
vt 0.969051 0.008520
vt 0.968883 0.018000
vt 0.963939 0.012768
vt 0.757200 0.091937
vt 0.517043 0.584241
vt 0.658995 0.033298
vt 0.721270 0.059064
vt 0.691631 0.041955
vt 0.694946 0.045556
vt 0.963914 0.298316
vt 0.714449 0.045455
vt 0.966615 0.299374
vt 0.756819 0.866768
vt 0.752150 0.841622
vt 0.756819 0.829970
vt 0.904077 0.286122
vt 0.917159 0.301756
vt 0.916003 0.323867
vt 0.915502 0.318681
vt 0.216414 0.951402
vt 0.211532 0.947362
vt 0.215646 0.943844
vt 0.149636 0.882807
vt 0.210577 0.945023
vt 0.420681 0.905111
vt 0.427839 0.906177
vt 0.968351 0.517589
vt 0.965079 0.516322
vt 0.967238 0.516010
vt 0.983448 0.285541
vt 0.984872 0.285837
vt 0.983448 0.288496
vt 0.968555 0.513543
vt 0.427866 0.929199
vt 0.421787 0.928078
vt 0.433653 0.923983
vt 0.878527 0.969991
vt 0.878527 0.959853
vt 0.882739 0.968013
vt 0.920669 0.984044
vt 0.918979 0.980434
vt 0.920669 0.978886
vt 0.884753 0.958714
vt 0.550258 0.986369
vt 0.550258 0.982579
vt 0.552005 0.985115
vt 0.551236 0.978886
vt 0.975732 0.630847
vt 0.978369 0.626730
vt 0.978369 0.633439
vt 0.966034 0.872233
vt 0.674316 0.962589
vt 0.674316 0.973166
vt 0.669888 0.965477
vt 0.869531 0.657164
vt 0.866901 0.658736
vt 0.818359 0.966389
vt 0.817396 0.958994
vt 0.823247 0.961684
vt 0.977892 0.623468
vt 0.435479 0.988195
vt 0.435479 0.978886
vt 0.437024 0.983057
vt 0.531628 0.917746
vt 0.522816 0.927236
vt 0.982109 0.888717
vt 0.978801 0.884194
vt 0.982109 0.882822
vt 0.865951 0.867769
vt 0.867700 0.868069
vt 0.940438 0.044830
vt 0.541055 0.917042
vt 0.360380 0.983879
vt 0.357325 0.982039
vt 0.109550 0.747276
vt 0.096711 0.712111
vt 0.345195 0.664946
vt 0.382226 0.638780
vt 0.409634 0.619003
vt 0.422077 0.621941
vt 0.427108 0.619573
vt 0.056817 0.613195
vt 0.060938 0.606153
vt 0.065952 0.584847
vt 0.064380 0.540560
vt 0.510301 0.585467
vt 0.305498 0.484333
vt 0.804255 0.825908
vt 0.228099 0.927277
vt 0.224737 0.929866
vt 0.219859 0.929001
vt 0.327813 0.974355
vt 0.329584 0.964593
vt 0.332015 0.974355
vt 0.386717 0.983187
vt 0.383223 0.981096
vt 0.657146 0.983227
vt 0.656142 0.978886
vt 0.985647 0.287958
vt 0.963604 0.516008
vt 0.967130 0.513349
vt 0.983448 0.511395
vt 0.984386 0.513092
vt 0.685004 0.983099
vt 0.682719 0.978886
vt 0.561961 0.983259
vt 0.561961 0.978886
vt 0.564927 0.980521
vt 0.800687 0.980154
vt 0.798329 0.983168
vt 0.798329 0.978886
vt 0.361578 0.957243
vt 0.501117 0.967645
vt 0.866444 0.982240
vt 0.863645 0.979090
vt 0.866444 0.978886
vt 0.848888 0.982626
vt 0.846289 0.981824
vt 0.848888 0.978886
vt 0.767734 0.980294
vt 0.765990 0.984946
vt 0.765990 0.978886
vt 0.977876 0.664552
vt 0.975110 0.669285
vt 0.975110 0.658916
vt 0.954908 0.803337
vt 0.953639 0.797476
vt 0.958848 0.803432
vt 0.183236 0.960127
vt 0.183489 0.955079
vt 0.187030 0.954870
vt 0.187593 0.958825
vt 0.816568 0.964466
vt 0.960431 0.865247
vt 0.960431 0.856944
vt 0.965407 0.857946
vt 0.819061 0.952651
vt 0.669888 0.951680
vt 0.733371 0.974920
vt 0.731482 0.969416
vt 0.734678 0.969171
vt 0.731039 0.966072
vt 0.865089 0.866945
vt 0.861880 0.872840
vt 0.519251 0.921415
vt 0.518816 0.924257
vt 0.017700 0.989369
vt 0.017700 0.978886
vt 0.019486 0.980657
vt 0.956152 0.530628
vt 0.953507 0.514348
vt 0.955539 0.514539
vt 0.815260 0.986722
vt 0.813989 0.985907
vt 0.400842 0.993315
vt 0.399812 0.985879
vt 0.400842 0.978886
vt 0.092333 0.702152
vt 0.078162 0.662470
vt 0.419393 0.614055
vt 0.428299 0.618473
vt 0.442376 0.611974
vt 0.456090 0.602019
vt 0.668518 0.898599
vt 0.675554 0.869461
vt 0.678119 0.877687
vt 0.701011 0.046573
vt 0.820010 0.819070
vt 0.818397 0.810266
vt 0.429133 0.904598
vt 0.949307 0.958470
vt 0.007820 0.962554
vt 0.012563 0.967170
vt 0.007820 0.972427
vt 0.308691 0.978886
vt 0.311207 0.979051
vt 0.308691 0.982901
vt 0.310798 0.982597
vt 0.312642 0.981440
vt 0.433452 0.927110
vt 0.432189 0.929917
vt 0.981383 0.407066
vt 0.978801 0.405322
vt 0.981383 0.398797
vt 0.405359 0.978886
vt 0.405359 0.984220
vt 0.402594 0.982133
vt 0.979558 0.231009
vt 0.978801 0.227191
vt 0.981553 0.228400
vt 0.965838 0.697946
vt 0.965838 0.704693
vt 0.961842 0.703447
vt 0.958848 0.796124
vt 0.179449 0.960741
vt 0.180838 0.957526
vt 0.874543 0.974964
vt 0.874661 0.972126
vt 0.878475 0.974050
vt 0.665984 0.953448
vt 0.662131 0.948336
vt 0.667207 0.951398
vt 0.874554 0.655233
vt 0.874852 0.659766
vt 0.220412 0.873313
vt 0.211891 0.874747
vt 0.221230 0.869032
vt 0.646334 0.966684
vt 0.646747 0.960195
vt 0.649985 0.963179
vt 0.110786 0.756032
vt 0.101598 0.719366
vt 0.336204 0.667040
vt 0.346223 0.662217
vt 0.351924 0.661036
vt 0.406859 0.623984
vt 0.729200 0.949975
vt 0.731022 0.944651
vt 0.731016 0.964334
vt 0.423052 0.609691
vt 0.061364 0.547011
vt 0.937909 0.939560
vt 0.745633 0.080488
vt 0.641827 0.031876
vt 0.636458 0.035136
vt 0.974510 0.537809
vt 0.974510 0.567728
vt 0.973201 0.559645
vt 0.981287 0.213977
vt 0.981287 0.222953
vt 0.978801 0.216828
vt 0.963604 0.508942
vt 0.285361 0.963854
vt 0.286872 0.974174
vt 0.282699 0.974174
vt 0.078209 0.951266
vt 0.080839 0.949167
vt 0.880273 0.953442
vt 0.881380 0.958714
vt 0.878527 0.958547
vt 0.836607 0.951660
vt 0.833475 0.947019
vt 0.837023 0.947235
vt 0.019366 0.973810
vt 0.016273 0.969540
vt 0.018475 0.968138
vt 0.210301 0.869428
vt 0.871631 0.655095
vt 0.975884 0.450018
vt 0.973707 0.452456
vt 0.972995 0.448198
vt 0.816581 0.953411
vt 0.016129 0.965071
vt 0.983448 0.413152
vt 0.985312 0.413152
vt 0.983751 0.416008
vt 0.660780 0.944215
vt 0.108944 0.750874
vt 0.798329 0.987705
vt 0.797183 0.985532
vt 0.983448 0.430565
vt 0.984557 0.433310
vt 0.983448 0.435170
vt 0.884829 0.669503
vt 0.879579 0.668252
vt 0.884933 0.664496
vt 0.187774 0.980522
vt 0.189975 0.978886
vt 0.189975 0.986583
vt 0.878532 0.666695
vt 0.071934 0.621445
vt 0.066547 0.612948
vt 0.438742 0.604227
vt 0.072668 0.583394
vt 0.480396 0.585650
vt 0.931252 0.932152
vt 0.694783 0.044562
vt 0.914081 0.309127
vt 0.188229 0.931642
vt 0.919290 0.321149
vt 0.195520 0.919306
vt 0.215727 0.956759
vt 0.227251 0.987065
vt 0.225205 0.983893
vt 0.223686 0.897882
vt 0.944851 0.803803
vt 0.953744 0.816770
vt 0.950677 0.815994
vt 0.845388 0.919505
vt 0.836120 0.918012
vt 0.836443 0.912121
vt 0.581787 0.908716
vt 0.226845 0.907374
vt 0.924542 0.196665
vt 0.924408 0.186186
vt 0.928720 0.184975
vt 0.027267 0.965852
vt 0.026034 0.964045
vt 0.031934 0.965665
vt 0.436246 0.908631
vt 0.030758 0.958573
vt 0.078019 0.955001
vt 0.072232 0.958888
vt 0.966340 0.508084
vt 0.286666 0.982394
vt 0.284254 0.985581
vt 0.284254 0.978886
vt 0.538795 0.972095
vt 0.542131 0.971231
vt 0.542536 0.976172
vt 0.981553 0.222953
vt 0.833315 0.936138
vt 0.203332 0.877691
vt 0.976023 0.447673
vt 0.188039 0.950422
vt 0.878475 0.964800
vt 0.002320 0.987101
vt 0.000000 0.982809
vt 0.002320 0.980803
vt 0.019512 0.963361
vt 0.663975 0.938284
vt 0.669888 0.943305
vt 0.734678 0.962457
vt 0.659312 0.939776
vt 0.659630 0.932570
vt 0.864460 0.859120
vt 0.651159 0.981845
vt 0.652764 0.978886
vt 0.652764 0.986344
vt 0.869573 0.848825
vt 0.956728 0.970169
vt 0.959095 0.973215
vt 0.878487 0.833620
vt 0.006667 0.973882
vt 0.003723 0.974421
vt 0.003723 0.964071
vt 0.271324 0.990749
vt 0.271324 0.978886
vt 0.272700 0.980982
vt 0.878600 0.670408
vt 0.096478 0.705607
vt 0.351281 0.657195
vt 0.083449 0.670654
vt 0.428792 0.613606
vt 0.435139 0.608801
vt 0.065434 0.561631
vt 0.749806 0.073262
vt 0.650934 0.032653
vt 0.733745 0.049764
vt 0.806666 0.833009
vt 0.157735 0.897730
vt 0.214001 0.964540
vt 0.210577 0.960174
vt 0.240446 0.931448
vt 0.237167 0.940665
vt 0.228927 0.938396
vt 0.930914 0.186938
vt 0.584302 0.895993
vt 0.950205 0.950548
vt 0.073227 0.948835
vt 0.434826 0.917120
vt 0.437177 0.921284
vt 0.921388 0.945270
vt 0.929756 0.939319
vt 0.931252 0.952603
vt 0.437245 0.925273
vt 0.826051 0.946202
vt 0.542536 0.967336
vt 0.877709 0.651055
vt 0.422516 0.965278
vt 0.424525 0.973550
vt 0.419868 0.973550
vt 0.214012 0.865834
vt 0.974520 0.443743
vt 0.000547 0.978886
vt 0.016129 0.960279
vt 0.816568 0.950897
vt 0.279738 0.963854
vt 0.278332 0.961943
vt 0.284768 0.961409
vt 0.280648 0.954126
vt 0.286931 0.957969
vt 0.645883 0.952181
vt 0.527255 0.913000
vt 0.526585 0.908810
vt 0.651872 0.954200
vt 0.954315 0.510091
vt 0.958919 0.512659
vt 0.884933 0.672092
vt 0.667031 0.984746
vt 0.667031 0.978886
vt 0.669053 0.981936
vt 0.095542 0.680723
vt 0.077949 0.636561
vt 0.074556 0.615545
vt 0.897473 0.985353
vt 0.898859 0.984317
vt 0.460055 0.596130
vt 0.277973 0.986053
vt 0.275701 0.986033
vt 0.277973 0.978886
vt 0.710008 0.037620
vt 0.702282 0.035338
vt 0.364547 0.915773
vt 0.367248 0.923634
vt 0.359552 0.939788
vt 0.959288 0.325366
vt 0.965952 0.320285
vt 0.962794 0.332765
vt 0.820172 0.831120
vt 0.922779 0.320993
vt 0.223892 0.891001
vt 0.831422 0.908226
vt 0.828052 0.917456
vt 0.026891 0.951002
vt 0.943175 0.956503
vt 0.945427 0.954817
vt 0.945427 0.965012
vt 0.078591 0.946727
vt 0.073787 0.944502
vt 0.883464 0.947246
vt 0.887717 0.950054
vt 0.880850 0.944019
vt 0.965385 0.498733
vt 0.108964 0.982415
vt 0.111445 0.978886
vt 0.111445 0.984804
vt 0.438472 0.928688
vt 0.108725 0.985500
vt 0.831715 0.951741
vt 0.170691 0.984211
vt 0.172963 0.986483
vt 0.016134 0.945420
vt 0.020181 0.940139
vt 0.021495 0.947039
vt 0.970429 0.687618
vt 0.967232 0.688887
vt 0.968737 0.683575
vt 0.947205 0.737535
vt 0.939672 0.732497
vt 0.940015 0.728375
vt 0.985070 0.337485
vt 0.985070 0.341157
vt 0.983448 0.339764
vt 0.222728 0.864549
vt 0.983448 0.525252
vt 0.984397 0.524054
vt 0.984397 0.528031
vt 0.224316 0.860954
vt 0.226232 0.866407
vt 0.669014 0.937897
vt 0.286931 0.963691
vt 0.112038 0.741174
vt 0.116833 0.743867
vt 0.873832 0.968823
vt 0.872502 0.972781
vt 0.870235 0.968033
vt 0.914351 0.286122
vt 0.914820 0.275106
vt 0.921023 0.270502
vt 0.442978 0.985653
vt 0.440872 0.983476
vt 0.442978 0.978886
vt 0.983448 0.184989
vt 0.984799 0.182209
vt 0.984799 0.187430
vt 0.260712 0.970963
vt 0.262285 0.966154
vt 0.266004 0.970075
vt 0.957367 0.507483
vt 0.007820 0.963849
vt 0.343167 0.661255
vt 0.095664 0.697448
vt 0.348679 0.655342
vt 0.978801 0.091860
vt 0.978801 0.084980
vt 0.982102 0.087132
vt 0.978801 0.492622
vt 0.979751 0.507853
vt 0.363454 0.644515
vt 0.076322 0.620186
vt 0.069393 0.565636
vt 0.974510 0.551557
vt 0.975749 0.537809
vt 0.068227 0.557170
vt 0.513188 0.576719
vt 0.518816 0.580542
vt 0.364969 0.932875
vt 0.959288 0.315646
vt 0.179449 0.932581
vt 0.220529 0.945201
vt 0.223027 0.942964
vt 0.225754 0.945650
vt 0.216414 0.937148
vt 0.094886 0.917737
vt 0.092184 0.929013
vt 0.088745 0.920167
vt 0.823875 0.813109
vt 0.929066 0.197675
vt 0.825216 0.909620
vt 0.939989 0.982365
vt 0.941397 0.978886
vt 0.942416 0.982365
vt 0.753065 0.982495
vt 0.753573 0.979444
vt 0.756016 0.982222
vt 0.919604 0.936636
vt 0.978801 0.397031
vt 0.982109 0.392331
vt 0.982109 0.398797
vt 0.201842 0.867382
vt 0.964292 0.353830
vt 0.968426 0.348509
vt 0.967570 0.355054
vt 0.869632 0.650741
vt 0.965196 0.348765
vt 0.183811 0.943853
vt 0.972995 0.439618
vt 0.937360 0.732052
vt 0.018018 0.959754
vt 0.825367 0.984318
vt 0.825367 0.978886
vt 0.827187 0.982298
vt 0.857665 0.867532
vt 0.222827 0.857994
vt 0.861601 0.861067
vt 0.481299 0.970056
vt 0.480699 0.966356
vt 0.485525 0.973560
vt 0.485525 0.966795
vt 0.224919 0.857373
vt 0.664558 0.929056
vt 0.571075 0.984707
vt 0.573126 0.978886
vt 0.573289 0.984707
vt 0.651872 0.949181
vt 0.983448 0.559530
vt 0.983935 0.561730
vt 0.520464 0.907956
vt 0.859451 0.857296
vt 0.865645 0.849811
vt 0.865268 0.845590
vt 0.870235 0.976715
vt 0.106096 0.725482
vt 0.141309 0.987749
vt 0.141309 0.978886
vt 0.143291 0.983836
vt 0.265055 0.965495
vt 0.985386 0.071050
vt 0.985386 0.074974
vt 0.983448 0.071691
vt 0.378858 0.943249
vt 0.375575 0.915860
vt 0.380450 0.935958
vt 0.347756 0.655426
vt 0.460499 0.978886
vt 0.460499 0.987510
vt 0.458864 0.980362
vt 0.888118 0.982826
vt 0.885803 0.982451
vt 0.888118 0.978886
vt 0.087544 0.659282
vt 0.385727 0.628495
vt 0.388216 0.633902
vt 0.977355 0.785047
vt 0.974833 0.777296
vt 0.977355 0.773497
vt 0.446076 0.594902
vt 0.963939 0.000000
vt 0.508912 0.577115
vt 0.060727 0.525474
vt 0.054931 0.531556
vt 0.065057 0.517363
vt 0.677866 0.036177
vt 0.920743 0.313831
vt 0.924352 0.321018
vt 0.228099 0.949615
vt 0.713274 0.966338
vt 0.718677 0.952901
vt 0.159673 0.890041
vt 0.839360 0.921588
vt 0.938187 0.958174
vt 0.944634 0.950548
vt 0.756016 0.978886
vt 0.077972 0.944540
vt 0.031934 0.948815
vt 0.016328 0.938959
vt 0.018143 0.933329
vt 0.966216 0.682371
vt 0.179449 0.947024
vt 0.969737 0.192959
vt 0.964820 0.184489
vt 0.969737 0.184097
vt 0.187572 0.942149
vt 0.979712 0.446726
vt 0.978801 0.442516
vt 0.980866 0.443763
vt 0.841528 0.648479
vt 0.836003 0.646366
vt 0.835065 0.641687
vt 0.805334 0.983323
vt 0.803069 0.983323
vt 0.804129 0.978886
vt 0.984518 0.074974
vt 0.984518 0.082073
vt 0.983448 0.078455
vt 0.907827 0.282497
vt 0.557866 0.934898
vt 0.554929 0.930674
vt 0.560407 0.933789
vt 0.512741 0.981276
vt 0.514825 0.978886
vt 0.514825 0.985398
vt 0.933830 0.651096
vt 0.942224 0.655766
vt 0.937192 0.654772
vt 0.134077 0.985963
vt 0.133612 0.978886
vt 0.094080 0.674198
vt 0.088581 0.661745
vt 0.502535 0.577036
vt 0.926393 0.985455
vt 0.925082 0.982565
vt 0.926393 0.978886
vt 0.506053 0.573606
vt 0.924380 0.269521
vt 0.930736 0.266167
vt 0.932986 0.281249
vt 0.653505 0.024324
vt 0.659290 0.938359
vt 0.651887 0.928687
vt 0.652741 0.918485
vt 0.200324 0.970223
vt 0.204778 0.962209
vt 0.206212 0.967480
vt 0.712825 0.957257
vt 0.845517 0.927749
vt 0.836610 0.923539
vt 0.980399 0.204436
vt 0.978801 0.199395
vt 0.981122 0.198020
vt 0.978801 0.194789
vt 0.348360 0.986085
vt 0.348360 0.978886
vt 0.350493 0.984642
vt 0.973174 0.553253
vt 0.969306 0.548611
vt 0.973174 0.544321
vt 0.642047 0.948274
vt 0.641373 0.944675
vt 0.646334 0.949181
vt 0.605073 0.983073
vt 0.605073 0.978886
vt 0.608067 0.982002
vt 0.881639 0.941140
vt 0.983448 0.007395
vt 0.984286 0.004125
vt 0.985834 0.007395
vt 0.638347 0.948099
vt 0.012371 0.986837
vt 0.014356 0.988335
vt 0.825217 0.951741
vt 0.204332 0.861546
vt 0.211692 0.864473
vt 0.869932 0.646369
vt 0.972719 0.972258
vt 0.972719 0.977449
vt 0.969478 0.973235
vt 0.971267 0.968508
vt 0.216436 0.859003
vt 0.980866 0.440627
vt 0.219661 0.852956
vt 0.840552 0.644223
vt 0.844779 0.642660
vt 0.800687 0.983111
vt 0.800687 0.978886
vt 0.803070 0.982955
vt 0.936029 0.586356
vt 0.942890 0.579171
vt 0.941540 0.583839
vt 0.933889 0.581570
vt 0.321341 0.982991
vt 0.323565 0.978886
vt 0.323565 0.985945
vt 0.145976 0.982199
vt 0.146889 0.978886
vt 0.148930 0.984795
vt 0.148930 0.979760
vt 0.118213 0.731265
vt 0.975793 0.093443
vt 0.977574 0.095585
vt 0.976830 0.101224
vt 0.266004 0.961318
vt 0.934300 0.655315
vt 0.553873 0.926461
vt 0.933632 0.648511
vt 0.937078 0.629057
vt 0.353072 0.643295
vt 0.096805 0.697155
vt 0.093263 0.695803
vt 0.097904 0.687852
vt 0.425534 0.609216
vt 0.436321 0.602867
vt 0.071122 0.596584
vt 0.481568 0.582973
vt 0.667021 0.027678
vt 0.657369 0.917117
vt 0.158735 0.903567
vt 0.161937 0.900107
vt 0.159481 0.885610
vt 0.936224 0.188061
vt 0.935211 0.195015
vt 0.231609 0.945354
vt 0.082183 0.931104
vt 0.848888 0.982863
vt 0.850244 0.978886
vt 0.850244 0.985974
vt 0.244103 0.975807
vt 0.240446 0.969979
vt 0.244103 0.966034
vt 0.865137 0.974060
vt 0.860532 0.974060
vt 0.861511 0.971153
vt 0.417586 0.983830
vt 0.415861 0.981695
vt 0.417586 0.979374
vt 0.761166 0.982331
vt 0.758083 0.981648
vt 0.761166 0.978886
vt 0.982420 0.882822
vt 0.978801 0.882822
vt 0.981451 0.881226
vt 0.980105 0.879804
vt 0.027094 0.947039
vt 0.878527 0.941560
vt 0.978801 0.289587
vt 0.981741 0.291588
vt 0.980392 0.294626
vt 0.648330 0.947384
vt 0.647255 0.934331
vt 0.651870 0.940787
vt 0.020952 0.933677
vt 0.878532 0.644551
vt 0.934616 0.729025
vt 0.980736 0.436477
vt 0.226523 0.854694
vt 0.227298 0.860306
vt 0.225381 0.850135
vt 0.228927 0.851455
vt 0.970470 0.639220
vt 0.973636 0.629760
vt 0.973636 0.639199
vt 0.970812 0.631416
vt 0.609883 0.932309
vt 0.610851 0.929208
vt 0.612705 0.936105
vt 0.518816 0.896335
vt 0.143692 0.969931
vt 0.146073 0.969369
vt 0.143397 0.972590
vt 0.908036 0.277437
vt 0.910222 0.271006
vt 0.975793 0.108094
vt 0.559614 0.930271
vt 0.565471 0.934963
vt 0.556996 0.922803
vt 0.969983 0.597438
vt 0.969983 0.577063
vt 0.972656 0.592432
vt 0.551159 0.931342
vt 0.342259 0.653286
vt 0.407224 0.981058
vt 0.405359 0.986778
vt 0.364221 0.637168
vt 0.080520 0.625128
vt 0.430846 0.599543
vt 0.071234 0.602531
vt 0.961285 0.731164
vt 0.955484 0.715880
vt 0.959462 0.719950
vt 0.972628 0.129511
vt 0.972628 0.115567
vt 0.975570 0.120844
vt 0.677573 0.869472
vt 0.073813 0.531873
vt 0.743233 0.059801
vt 0.738658 0.057393
vt 0.675511 0.027108
vt 0.723852 0.050090
vt 0.685861 0.033414
vt 0.721657 0.041950
vt 0.967030 0.286122
vt 0.544939 0.982090
vt 0.546745 0.986132
vt 0.723612 0.969316
vt 0.723612 0.955583
vt 0.729200 0.956675
vt 0.976910 0.263469
vt 0.974747 0.256350
vt 0.976910 0.249725
vt 0.786665 0.974955
vt 0.783118 0.965480
vt 0.786665 0.967857
vt 0.782672 0.971284
vt 0.918074 0.292441
vt 0.922808 0.311870
vt 0.920632 0.306912
vt 0.843871 0.936138
vt 0.838417 0.928342
vt 0.721943 0.976240
vt 0.718710 0.976952
vt 0.722231 0.973198
vt 0.973690 0.773067
vt 0.976995 0.766125
vt 0.976995 0.773217
vt 0.640030 0.938917
vt 0.638444 0.942745
vt 0.414624 0.981120
vt 0.982395 0.877412
vt 0.638347 0.927202
vt 0.414841 0.978886
vt 0.929097 0.932152
vt 0.978801 0.240882
vt 0.981593 0.238447
vt 0.983448 0.268060
vt 0.983448 0.261509
vt 0.984469 0.262269
vt 0.980465 0.237645
vt 0.198089 0.865419
vt 0.204176 0.850883
vt 0.861010 0.649553
vt 0.863812 0.642139
vt 0.866069 0.648287
vt 0.869300 0.642039
vt 0.964292 0.337178
vt 0.970429 0.675702
vt 0.476690 0.983276
vt 0.478650 0.978886
vt 0.478650 0.985968
vt 0.669888 0.930872
vt 0.834626 0.645713
vt 0.832710 0.640705
vt 0.933806 0.577370
vt 0.963474 0.978465
vt 0.963474 0.969718
vt 0.966457 0.974624
vt 0.380976 0.985576
vt 0.380976 0.978886
vt 0.383223 0.982307
vt 0.610902 0.921752
vt 0.524849 0.896073
vt 0.564941 0.927664
vt 0.913319 0.262021
vt 0.953507 0.498733
vt 0.955706 0.501482
vt 0.552231 0.910994
vt 0.111400 0.701502
vt 0.379551 0.920993
vt 0.380593 0.621789
vt 0.084580 0.636053
vt 0.396031 0.615199
vt 0.072958 0.559543
vt 0.517884 0.571301
vt 0.646233 0.024606
vt 0.484538 0.955921
vt 0.480699 0.940906
vt 0.484538 0.939001
vt 0.677049 0.020451
vt 0.359552 0.899879
vt 0.370390 0.908241
vt 0.201468 0.965736
vt 0.825217 0.830297
vt 0.946086 0.827793
vt 0.952839 0.824885
vt 0.087381 0.932677
vt 0.983872 0.572549
vt 0.608067 0.982516
vt 0.609286 0.978886
vt 0.609490 0.983105
vt 0.981167 0.978886
vt 0.983431 0.978934
vt 0.981370 0.982129
vt 0.984778 0.417636
vt 0.983448 0.420010
vt 0.983448 0.416008
vt 0.048433 0.972979
vt 0.050577 0.967526
vt 0.052566 0.972997
vt 0.981741 0.287245
vt 0.931252 0.935480
vt 0.024121 0.931389
vt 0.028037 0.935576
vt 0.875700 0.631413
vt 0.969035 0.176364
vt 0.966648 0.672100
vt 0.967735 0.338233
vt 0.211124 0.853000
vt 0.936837 0.712771
vt 0.207958 0.846626
vt 0.778876 0.963775
vt 0.778876 0.972806
vt 0.776023 0.969639
vt 0.843338 0.638392
vt 0.220463 0.848052
vt 0.937174 0.570199
vt 0.933001 0.564453
vt 0.981473 0.160583
vt 0.978801 0.157470
vt 0.981473 0.156744
vt 0.973384 0.624177
vt 0.979415 0.152180
vt 0.917176 0.259873
vt 0.730366 0.978886
vt 0.731827 0.980640
vt 0.730366 0.986539
vt 0.106542 0.697716
vt 0.100274 0.683593
vt 0.729200 0.933100
vt 0.420752 0.602917
vt 0.980585 0.337943
vt 0.980585 0.350011
vt 0.978801 0.345464
vt 0.666123 0.021345
vt 0.664643 0.016851
vt 0.919081 0.297445
vt 0.384143 0.967131
vt 0.384733 0.971758
vt 0.379548 0.962548
vt 0.927587 0.313704
vt 0.927230 0.309955
vt 0.165195 0.895720
vt 0.836400 0.933655
vt 0.164649 0.890174
vt 0.942069 0.201156
vt 0.936520 0.201688
vt 0.240446 0.952789
vt 0.718710 0.969354
vt 0.608067 0.987680
vt 0.437886 0.965658
vt 0.442450 0.967767
vt 0.437886 0.973897
vt 0.863384 0.966634
vt 0.650455 0.974131
vt 0.645883 0.973147
vt 0.357566 0.972486
vt 0.356289 0.971724
vt 0.359128 0.968773
vt 0.182318 0.873726
vt 0.178065 0.863207
vt 0.184440 0.870836
vt 0.052293 0.967891
vt 0.983431 0.982354
vt 0.031735 0.938495
vt 0.031934 0.932636
vt 0.940933 0.720916
vt 0.945543 0.721509
vt 0.933765 0.718894
vt 0.684342 0.973298
vt 0.679876 0.967539
vt 0.684342 0.962956
vt 0.229605 0.968086
vt 0.229605 0.975174
vt 0.225851 0.969028
vt 0.148451 0.964978
vt 0.143397 0.964183
vt 0.908850 0.271595
vt 0.571293 0.934846
vt 0.557567 0.919752
vt 0.558933 0.924622
vt 0.090234 0.645018
vt 0.402781 0.605883
vt 0.082245 0.606692
vt 0.077318 0.604177
vt 0.443614 0.592144
vt 0.458289 0.578672
vt 0.910623 0.671887
vt 0.904317 0.670965
vt 0.910623 0.664610
vt 0.491881 0.566359
vt 0.064212 0.960935
vt 0.057657 0.954417
vt 0.065608 0.946807
vt 0.753943 0.063494
vt 0.535971 0.999162
vt 0.536622 0.990749
vt 0.375575 0.931277
vt 0.374908 0.915192
vt 0.367627 0.919955
vt 0.374861 0.918324
vt 0.924896 0.300841
vt 0.810930 0.963298
vt 0.815875 0.964292
vt 0.923193 0.293191
vt 0.200324 0.958126
vt 0.833811 0.930891
vt 0.832217 0.924143
vt 0.230202 0.950307
vt 0.235349 0.950857
vt 0.794182 0.959037
vt 0.799478 0.951684
vt 0.799478 0.968788
vt 0.083796 0.938542
vt 0.356296 0.966563
vt 0.188153 0.862763
vt 0.186989 0.867738
vt 0.642551 0.925418
vt 0.411860 0.965193
vt 0.408994 0.955670
vt 0.413363 0.948255
vt 0.950250 0.495072
vt 0.948904 0.495061
vt 0.950388 0.486351
vt 0.948515 0.481841
vt 0.868476 0.627698
vt 0.947205 0.711980
vt 0.213667 0.853815
vt 0.216806 0.851819
vt 0.777197 0.975630
vt 0.966044 0.332939
vt 0.893899 0.955094
vt 0.887717 0.962157
vt 0.890949 0.948415
vt 0.228748 0.963103
vt 0.841715 0.630148
vt 0.221366 0.836214
vt 0.969301 0.530366
vt 0.963604 0.530366
vt 0.968587 0.517589
vt 0.224329 0.834440
vt 0.601881 0.917067
vt 0.934757 0.562519
vt 0.260116 0.969259
vt 0.259306 0.973520
vt 0.256482 0.975432
vt 0.260116 0.976824
vt 0.980784 0.356074
vt 0.978801 0.360866
vt 0.978801 0.350011
vt 0.095718 0.671282
vt 0.428282 0.992616
vt 0.428282 0.978886
vt 0.429336 0.988910
vt 0.097925 0.661402
vt 0.976221 0.754637
vt 0.974337 0.753125
vt 0.976221 0.738208
vt 0.086495 0.636880
vt 0.427934 0.602371
vt 0.961285 0.705019
vt 0.074566 0.525211
vt 0.510416 0.564235
vt 0.076056 0.519485
vt 0.074381 0.510032
vt 0.659312 0.969135
vt 0.659312 0.953448
vt 0.664383 0.962585
vt 0.373807 0.922930
vt 0.983448 0.493139
vt 0.984330 0.496595
vt 0.453873 0.973529
vt 0.449557 0.966517
vt 0.454445 0.966517
vt 0.462205 0.987149
vt 0.460499 0.983692
vt 0.462205 0.978886
vt 0.922394 0.297404
vt 0.380504 0.959634
vt 0.384733 0.959349
vt 0.094954 0.936129
vt 0.091664 0.938385
vt 0.449557 0.949277
vt 0.455581 0.957371
vt 0.978801 0.287245
vt 0.978801 0.280906
vt 0.982232 0.285245
vt 0.031021 0.924557
vt 0.980201 0.245445
vt 0.983971 0.022304
vt 0.983448 0.012703
vt 0.983971 0.007395
vt 0.213618 0.848916
vt 0.690256 0.970709
vt 0.689743 0.961362
vt 0.695192 0.961362
vt 0.618124 0.914361
vt 0.614711 0.911965
vt 0.616504 0.909658
vt 0.908238 0.261664
vt 0.909763 0.255458
vt 0.451151 0.988005
vt 0.451151 0.978886
vt 0.452702 0.983660
vt 0.085360 0.629585
vt 0.411174 0.607917
vt 0.081116 0.592274
vt 0.079029 0.582521
vt 0.451390 0.584955
vt 0.078426 0.571035
vt 0.676224 0.857478
vt 0.679727 0.863643
vt 0.058856 0.538286
vt 0.066892 0.534256
vt 0.070820 0.540181
vt 0.974693 0.900814
vt 0.971675 0.903712
vt 0.693926 0.025935
vt 0.699869 0.030549
vt 0.716063 0.038731
vt 0.928008 0.306859
vt 0.833520 0.935048
vt 0.829265 0.931821
vt 0.810031 0.950897
vt 0.816568 0.959919
vt 0.969301 0.530364
vt 0.969301 0.517589
vt 0.973328 0.528989
vt 0.936367 0.205692
vt 0.974293 0.610590
vt 0.974293 0.601284
vt 0.976411 0.609506
vt 0.096562 0.924665
vt 0.825216 0.928071
vt 0.396835 0.968748
vt 0.396835 0.963676
vt 0.402724 0.964749
vt 0.976098 0.926005
vt 0.974300 0.925797
vt 0.973200 0.917888
vt 0.976098 0.913921
vt 0.180587 0.855896
vt 0.052566 0.959688
vt 0.845738 0.630493
vt 0.850129 0.630093
vt 0.837060 0.630696
vt 0.834877 0.632144
vt 0.943572 0.570421
vt 0.608301 0.916012
vt 0.929489 0.981591
vt 0.931429 0.979833
vt 0.931923 0.982397
vt 0.929489 0.978886
vt 0.348902 0.966450
vt 0.348902 0.956597
vt 0.356290 0.965041
vt 0.058987 0.978886
vt 0.058987 0.984924
vt 0.055928 0.984004
vt 0.969673 0.368917
vt 0.964292 0.365817
vt 0.968912 0.364597
vt 0.983201 0.106293
vt 0.980108 0.111428
vt 0.952220 0.213954
vt 0.952220 0.204285
vt 0.959731 0.207576
vt 0.618381 0.904726
vt 0.223886 0.979293
vt 0.225205 0.978886
vt 0.225205 0.991585
vt 0.933924 0.635474
vt 0.352298 0.638916
vt 0.391271 0.608368
vt 0.085151 0.613803
vt 0.439508 0.592472
vt 0.065894 0.540564
vt 0.921023 0.258973
vt 0.559897 0.978886
vt 0.559897 0.986791
vt 0.558254 0.979660
vt 0.928877 0.301426
vt 0.944851 0.831642
vt 0.974378 0.616165
vt 0.096562 0.941572
vt 0.929545 0.203069
vt 0.359405 0.960837
vt 0.973153 0.800188
vt 0.972082 0.791506
vt 0.975753 0.795715
vt 0.398569 0.956093
vt 0.983448 0.082073
vt 0.985087 0.083712
vt 0.983448 0.086681
vt 0.028919 0.924430
vt 0.027671 0.920025
vt 0.020466 0.920061
vt 0.943012 0.710417
vt 0.930767 0.718425
vt 0.931122 0.712905
vt 0.202615 0.844159
vt 0.217233 0.838474
vt 0.972656 0.594362
vt 0.975602 0.593090
vt 0.973259 0.596502
vt 0.119151 0.970892
vt 0.119151 0.961770
vt 0.124441 0.965624
vt 0.942164 0.565389
vt 0.946265 0.571602
vt 0.983448 0.053798
vt 0.985903 0.054709
vt 0.983448 0.056913
vt 0.985798 0.023060
vt 0.983448 0.025617
vt 0.983448 0.022304
vt 0.091513 0.974881
vt 0.091513 0.965860
vt 0.095678 0.968699
vt 0.408278 0.978907
vt 0.407224 0.982346
vt 0.983448 0.121520
vt 0.983448 0.117274
vt 0.985176 0.120253
vt 0.969359 0.359372
vt 0.916076 0.247396
vt 0.933023 0.633126
vt 0.930805 0.634670
vt 0.377871 0.906509
vt 0.105356 0.675056
vt 0.097470 0.657430
vt 0.088120 0.625983
vt 0.428434 0.598043
vt 0.083860 0.588896
vt 0.470527 0.574467
vt 0.086696 0.546378
vt 0.473416 0.571421
vt 0.486511 0.566562
vt 0.678556 0.859403
vt 0.057657 0.942663
vt 0.505042 0.561996
vt 0.925523 0.254283
vt 0.741779 0.047420
vt 0.373735 0.909864
vt 0.371594 0.906722
vt 0.094005 0.944454
vt 0.947255 0.832919
vt 0.937451 0.208166
vt 0.931183 0.213581
vt 0.089523 0.946547
vt 0.924408 0.207054
vt 0.176442 0.857665
vt 0.356289 0.956597
vt 0.707646 0.987974
vt 0.707646 0.978886
vt 0.708902 0.980602
vt 0.974288 0.913372
vt 0.017445 0.932238
vt 0.016134 0.923464
vt 0.408165 0.949911
vt 0.872231 0.629019
vt 0.934190 0.712781
vt 0.894828 0.949340
vt 0.976348 0.597289
vt 0.170691 0.983838
vt 0.168419 0.986494
vt 0.168419 0.978886
vt 0.961628 0.202620
vt 0.866652 0.982079
vt 0.868078 0.980251
vt 0.112391 0.707276
vt 0.115976 0.699194
vt 0.112584 0.682581
vt 0.380450 0.904430
vt 0.358530 0.631066
vt 0.106295 0.666481
vt 0.376712 0.622421
vt 0.408834 0.597976
vt 0.089986 0.608467
vt 0.421118 0.594735
vt 0.926255 0.213486
vt 0.723612 0.973602
vt 0.726783 0.972027
vt 0.726783 0.977793
vt 0.725008 0.969316
vt 0.408165 0.945896
vt 0.948669 0.478523
vt 0.681190 0.978886
vt 0.682719 0.982514
vt 0.679496 0.982514
vt 0.938617 0.705019
vt 0.959095 0.952316
vt 0.959476 0.943818
vt 0.964768 0.950975
vt 0.848271 0.622191
vt 0.961342 0.939151
vt 0.972656 0.601212
vt 0.286666 0.985093
vt 0.286666 0.978886
vt 0.289257 0.982402
vt 0.940011 0.560717
vt 0.936215 0.555182
vt 0.331718 0.985017
vt 0.333792 0.986387
vt 0.410340 0.983604
vt 0.620341 0.911192
vt 0.616362 0.909961
vt 0.618513 0.903328
vt 0.966286 0.360092
vt 0.969673 0.355054
vt 0.473779 0.985771
vt 0.471755 0.979776
vt 0.473779 0.978886
vt 0.571293 0.920194
vt 0.128084 0.978886
vt 0.128084 0.992093
vt 0.126732 0.987672
vt 0.928844 0.634564
vt 0.868267 0.982939
vt 0.100888 0.663248
vt 0.091594 0.614410
vt 0.082367 0.578014
vt 0.499429 0.562179
vt 0.926014 0.250009
vt 0.930682 0.251416
vt 0.106890 0.961000
vt 0.107559 0.949550
vt 0.108054 0.964464
vt 0.480752 0.925554
vt 0.692893 0.020300
vt 0.659290 0.900880
vt 0.709854 0.023661
vt 0.165195 0.856011
vt 0.170653 0.852551
vt 0.171773 0.855954
vt 0.975753 0.789201
vt 0.174642 0.852316
vt 0.298382 0.967774
vt 0.299061 0.972324
vt 0.295191 0.966314
vt 0.294479 0.969864
vt 0.185436 0.844323
vt 0.191637 0.853432
vt 0.924804 0.669234
vt 0.928660 0.670142
vt 0.925097 0.672089
vt 0.217206 0.984186
vt 0.214655 0.985467
vt 0.214655 0.978886
vt 0.928660 0.663015
vt 0.155807 0.978886
vt 0.157002 0.984107
vt 0.153664 0.984107
vt 0.299061 0.961422
vt 0.018619 0.917737
vt 0.954194 0.481033
vt 0.408741 0.943287
vt 0.875922 0.628138
vt 0.866692 0.632905
vt 0.864938 0.629598
vt 0.872527 0.626652
vt 0.933333 0.706588
vt 0.869943 0.623176
vt 0.887717 0.941140
vt 0.962436 0.524862
vt 0.963066 0.531172
vt 0.958919 0.531172
vt 0.981480 0.810297
vt 0.978801 0.812275
vt 0.980651 0.806573
vt 0.220402 0.825712
vt 0.953545 0.636180
vt 0.951180 0.633172
vt 0.957021 0.633172
vt 0.945983 0.563723
vt 0.603441 0.908083
vt 0.066859 0.984919
vt 0.063801 0.980821
vt 0.066859 0.978886
vt 0.619899 0.905478
vt 0.974316 0.819068
vt 0.972991 0.814237
vt 0.975239 0.815871
vt 0.907790 0.257358
vt 0.906757 0.254691
vt 0.565503 0.914086
vt 0.555350 0.906928
vt 0.195782 0.978886
vt 0.197256 0.989080
vt 0.195782 0.990361
vt 0.866444 0.984033
vt 0.931504 0.631717
vt 0.117030 0.692375
vt 0.932714 0.625134
vt 0.932588 0.619076
vt 0.939888 0.618624
vt 0.378075 0.899879
vt 0.369894 0.620376
vt 0.100707 0.650993
vt 0.973283 0.073160
vt 0.973283 0.057581
vt 0.975548 0.069747
vt 0.071911 0.532332
vt 0.663369 0.013642
vt 0.733589 0.037888
vt 0.169882 0.848141
vt 0.167201 0.849632
vt 0.178176 0.846509
vt 0.972082 0.787658
vt 0.974570 0.786856
vt 0.974833 0.789201
vt 0.201333 0.850102
vt 0.204073 0.846837
vt 0.198984 0.837724
vt 0.867307 0.623537
vt 0.981997 0.031143
vt 0.981997 0.038330
vt 0.978801 0.036299
vt 0.949313 0.985947
vt 0.949313 0.978886
vt 0.950480 0.979565
vt 0.981480 0.813981
vt 0.955278 0.639487
vt 0.969479 0.978379
vt 0.966457 0.976070
vt 0.969479 0.969718
vt 0.845075 0.618426
vt 0.958577 0.124438
vt 0.960792 0.112697
vt 0.964461 0.120267
vt 0.944830 0.560577
vt 0.938938 0.554969
vt 0.974293 0.618720
vt 0.971669 0.615650
vt 0.968794 0.737929
vt 0.967573 0.735618
vt 0.968142 0.731879
vt 0.907500 0.247459
vt 0.932293 0.623903
vt 0.929184 0.626982
vt 0.984344 0.391347
vt 0.984344 0.397459
vt 0.983448 0.396065
vt 0.938923 0.612033
vt 0.116315 0.683278
vt 0.940991 0.616070
vt 0.942224 0.601427
vt 0.307475 0.547965
vt 0.309128 0.534004
vt 0.309605 0.538943
vt 0.097710 0.641683
vt 0.097794 0.628701
vt 0.423360 0.589628
vt 0.087042 0.599053
vt 0.442465 0.582760
vt 0.086177 0.529537
vt 0.684098 0.852645
vt 0.083245 0.521509
vt 0.735537 0.042856
vt 0.709064 0.030736
vt 0.194711 0.851597
vt 0.187606 0.834778
vt 0.852924 0.624896
vt 0.850625 0.631742
vt 0.869219 0.618183
vt 0.981894 0.139852
vt 0.979703 0.137524
vt 0.981894 0.132563
vt 0.211749 0.831501
vt 0.208986 0.825627
vt 0.206534 0.833818
vt 0.963731 0.110896
vt 0.940788 0.550192
vt 0.969425 0.387081
vt 0.969230 0.149793
vt 0.964760 0.147170
vt 0.969230 0.130361
vt 0.897878 0.671741
vt 0.891273 0.671741
vt 0.892318 0.665547
vt 0.609700 0.900690
vt 0.967217 0.727766
vt 0.613651 0.894981
vt 0.858821 0.988857
vt 0.858821 0.978886
vt 0.859767 0.986153
vt 0.118525 0.687680
vt 0.105506 0.653816
vt 0.384215 0.611842
vt 0.092418 0.621104
vt 0.089606 0.602042
vt 0.090472 0.575711
vt 0.929746 0.240507
vt 0.251168 0.954498
vt 0.251168 0.972271
vt 0.247693 0.964985
vt 0.723438 0.031488
vt 0.179148 0.841463
vt 0.974833 0.773497
vt 0.456226 0.887255
vt 0.462605 0.869702
vt 0.462149 0.888901
vt 0.977124 0.012401
vt 0.974755 0.011502
vt 0.977124 0.000000
vt 0.859077 0.624891
vt 0.984607 0.065411
vt 0.983448 0.060033
vt 0.740271 0.967184
vt 0.742556 0.960014
vt 0.744371 0.966586
vt 0.861424 0.614067
vt 0.978801 0.133899
vt 0.746139 0.962181
vt 0.855526 0.397818
vt 0.860835 0.397818
vt 0.857948 0.403840
vt 0.899972 0.986927
vt 0.898859 0.979122
vt 0.984410 0.552304
vt 0.984410 0.555720
vt 0.983448 0.552995
vt 0.257649 0.981759
vt 0.258959 0.984299
vt 0.255914 0.984299
vt 0.946265 0.559074
vt 0.839463 0.622122
vt 0.171462 0.974408
vt 0.174627 0.975838
vt 0.224913 0.826012
vt 0.215303 0.829420
vt 0.438718 0.985544
vt 0.438718 0.978886
vt 0.440872 0.979886
vt 0.975239 0.801700
vt 0.897432 0.664694
vt 0.946251 0.432042
vt 0.944018 0.424475
vt 0.948876 0.422047
vt 0.913499 0.245750
vt 0.909704 0.243523
vt 0.985224 0.234104
vt 0.983448 0.233114
vt 0.985224 0.230225
vt 0.958405 0.927276
vt 0.958942 0.919592
vt 0.963934 0.923296
vt 0.933069 0.613957
vt 0.117069 0.670921
vt 0.356880 0.629610
vt 0.361075 0.623750
vt 0.106026 0.664700
vt 0.436465 0.586518
vt 0.085688 0.514349
vt 0.112845 0.950004
vt 0.953959 0.595626
vt 0.957250 0.593584
vt 0.961088 0.599433
vt 0.191216 0.835334
vt 0.471425 0.878284
vt 0.184260 0.834433
vt 0.195983 0.833734
vt 0.202386 0.824908
vt 0.854860 0.610924
vt 0.214655 0.983143
vt 0.212308 0.986046
vt 0.847860 0.613370
vt 0.844288 0.617439
vt 0.976221 0.747598
vt 0.978748 0.746122
vt 0.970496 0.728854
vt 0.829203 0.969786
vt 0.828177 0.974868
vt 0.825216 0.972427
vt 0.569026 0.899576
vt 0.976610 0.027314
vt 0.976610 0.042233
vt 0.974547 0.041348
vt 0.123767 0.694437
vt 0.122317 0.708922
vt 0.072070 0.982196
vt 0.069329 0.985591
vt 0.069329 0.978886
vt 0.960909 0.916199
vt 0.392648 0.984337
vt 0.392648 0.978886
vt 0.395392 0.980575
vt 0.933729 0.609735
vt 0.935733 0.608930
vt 0.311834 0.538548
vt 0.111531 0.657528
vt 0.106962 0.658932
vt 0.103773 0.643762
vt 0.092158 0.607746
vt 0.413035 0.586671
vt 0.091188 0.587344
vt 0.973050 0.222052
vt 0.976288 0.219896
vt 0.974536 0.224851
vt 0.087968 0.567138
vt 0.501735 0.553759
vt 0.510734 0.561294
vt 0.752374 0.046692
vt 0.700277 0.020988
vt 0.721267 0.026543
vt 0.172052 0.836030
vt 0.952418 0.464528
vt 0.179358 0.840680
vt 0.957274 0.978886
vt 0.958390 0.981843
vt 0.955619 0.981843
vt 0.939446 0.175701
vt 0.945094 0.162364
vt 0.947653 0.163300
vt 0.205913 0.837195
vt 0.257218 0.978886
vt 0.874355 0.609603
vt 0.865728 0.615278
vt 0.097629 0.981828
vt 0.101627 0.983418
vt 0.603674 0.973852
vt 0.604154 0.968915
vt 0.606421 0.966731
vt 0.856721 0.672045
vt 0.860038 0.667616
vt 0.859649 0.671879
vt 0.856594 0.666437
vt 0.854202 0.670486
vt 0.854202 0.664945
vt 0.213883 0.822825
vt 0.861009 0.664528
vt 0.480699 0.955921
vt 0.483350 0.961229
vt 0.483308 0.957256
vt 0.983448 0.388671
vt 0.984646 0.386769
vt 0.984646 0.391347
vt 0.576589 0.935529
vt 0.572541 0.941121
vt 0.574792 0.927254
vt 0.571293 0.923052
vt 0.945441 0.416404
vt 0.904077 0.246089
vt 0.956486 0.929106
vt 0.956486 0.918386
vt 0.913752 0.234918
vt 0.958246 0.913373
vt 0.363495 0.621289
vt 0.091987 0.604013
vt 0.092972 0.587172
vt 0.974006 0.516427
vt 0.971687 0.503604
vt 0.974006 0.503060
vt 0.830250 0.988006
vt 0.830250 0.978886
vt 0.831334 0.984323
vt 0.089404 0.573133
vt 0.489486 0.556477
vt 0.090595 0.502604
vt 0.507599 0.554029
vt 0.965391 0.813542
vt 0.969761 0.815004
vt 0.180511 0.827224
vt 0.476746 0.868752
vt 0.171327 0.978722
vt 0.168610 0.976323
vt 0.169757 0.973954
vt 0.948515 0.459761
vt 0.939216 0.980732
vt 0.937365 0.983460
vt 0.978736 0.150323
vt 0.976060 0.146869
vt 0.978736 0.145783
vt 0.608449 0.973852
vt 0.607792 0.967681
vt 0.023114 0.970156
vt 0.023114 0.975741
vt 0.019512 0.972482
vt 0.020276 0.970046
vt 0.844152 0.978886
vt 0.846289 0.981939
vt 0.844152 0.983442
vt 0.021319 0.976785
vt 0.221049 0.820322
vt 0.893473 0.970682
vt 0.891788 0.976192
vt 0.889210 0.970682
vt 0.469763 0.980333
vt 0.466503 0.983189
vt 0.466503 0.978886
vt 0.978801 0.433362
vt 0.981691 0.429120
vt 0.981691 0.436477
vt 0.577666 0.931352
vt 0.387660 0.949281
vt 0.384757 0.964622
vt 0.384757 0.941936
vt 0.825216 0.963527
vt 0.906645 0.241355
vt 0.908603 0.238396
vt 0.311594 0.531468
vt 0.941346 0.769532
vt 0.940044 0.767710
vt 0.942981 0.759191
vt 0.982667 0.765475
vt 0.979481 0.770647
vt 0.006379 0.985750
vt 0.004923 0.991898
vt 0.004923 0.978886
vt 0.394423 0.595560
vt 0.979442 0.321382
vt 0.981695 0.313912
vt 0.981695 0.320347
vt 0.978801 0.316235
vt 0.969917 0.794894
vt 0.970077 0.792256
vt 0.972082 0.793474
vt 0.094974 0.602118
vt 0.455138 0.575830
vt 0.096262 0.560652
vt 0.479696 0.558460
vt 0.685234 0.014525
vt 0.234153 0.963103
vt 0.234153 0.973202
vt 0.229605 0.964624
vt 0.657156 0.896773
vt 0.953991 0.589569
vt 0.184183 0.831747
vt 0.970158 0.803803
vt 0.961450 0.497267
vt 0.961952 0.490010
vt 0.964799 0.495487
vt 0.301040 0.984801
vt 0.303632 0.985031
vt 0.210731 0.823491
vt 0.216472 0.822394
vt 0.219311 0.824845
vt 0.740271 0.957223
vt 0.745780 0.951793
vt 0.485293 0.963660
vt 0.487871 0.957129
vt 0.808953 0.984070
vt 0.807019 0.984070
vt 0.807439 0.978886
vt 0.239466 0.979812
vt 0.242694 0.978886
vt 0.242694 0.984048
vt 0.958577 0.102380
vt 0.984382 0.241450
vt 0.983448 0.237339
vt 0.984382 0.234103
vt 0.970030 0.723464
vt 0.953154 0.422426
vt 0.953116 0.417548
vt 0.131488 0.698511
vt 0.909888 0.232407
vt 0.912437 0.225431
vt 0.914961 0.229151
vt 0.915964 0.403680
vt 0.912642 0.401604
vt 0.919326 0.400605
vt 0.958390 0.984605
vt 0.958390 0.978886
vt 0.959820 0.980596
vt 0.221753 0.983078
vt 0.219913 0.987995
vt 0.911498 0.387733
vt 0.919227 0.391510
vt 0.305465 0.528708
vt 0.110868 0.655213
vt 0.109113 0.653173
vt 0.370290 0.609599
vt 0.106546 0.626451
vt 0.439383 0.578862
vt 0.447879 0.575387
vt 0.973050 0.216819
vt 0.466916 0.564568
vt 0.922469 0.246267
vt 0.716214 0.026530
vt 0.171327 0.969726
vt 0.970139 0.463328
vt 0.973709 0.467472
vt 0.184075 0.827109
vt 0.177041 0.828383
vt 0.195346 0.825787
vt 0.199446 0.822969
vt 0.922916 0.672090
vt 0.922199 0.662920
vt 0.924804 0.667631
vt 0.918568 0.670496
vt 0.981785 0.257652
vt 0.978801 0.252681
vt 0.983223 0.252681
vt 0.976845 0.141344
vt 0.874409 0.602061
vt 0.936306 0.044823
vt 0.929838 0.015907
vt 0.942199 0.028760
vt 0.740559 0.951829
vt 0.849006 0.606481
vt 0.845985 0.608400
vt 0.978801 0.650197
vt 0.981960 0.653573
vt 0.206985 0.817949
vt 0.864377 0.605729
vt 0.862910 0.589290
vt 0.852819 0.606337
vt 0.854359 0.603212
vt 0.421393 0.978886
vt 0.424724 0.978886
vt 0.424018 0.983252
vt 0.225450 0.815374
vt 0.238905 0.973292
vt 0.234154 0.966990
vt 0.239525 0.966990
vt 0.601881 0.897968
vt 0.968192 0.718419
vt 0.924239 0.893309
vt 0.919604 0.873254
vt 0.927608 0.880495
vt 0.953154 0.407596
vt 0.908952 0.230966
vt 0.121057 0.667001
vt 0.913879 0.381330
vt 0.919326 0.381528
vt 0.940952 0.756894
vt 0.105920 0.612165
vt 0.098605 0.611828
vt 0.969118 0.787624
vt 0.094428 0.601278
vt 0.096412 0.597627
vt 0.972553 0.497119
vt 0.095899 0.582223
vt 0.438717 0.572510
vt 0.091942 0.570050
vt 0.673143 0.842731
vt 0.682582 0.840415
vt 0.106890 0.942924
vt 0.959565 0.041162
vt 0.962228 0.042449
vt 0.958765 0.055903
vt 0.186200 0.823656
vt 0.967060 0.487044
vt 0.860180 0.607509
vt 0.855255 0.605007
vt 0.918568 0.663918
vt 0.965713 0.890792
vt 0.960503 0.892724
vt 0.960503 0.886112
vt 0.040487 0.973364
vt 0.037490 0.965957
vt 0.041814 0.967023
vt 0.037410 0.970249
vt 0.794182 0.976944
vt 0.794182 0.968788
vt 0.797690 0.971918
vt 0.219912 0.813785
vt 0.876673 0.401651
vt 0.871340 0.403840
vt 0.872842 0.398261
vt 0.705657 0.978886
vt 0.707646 0.982837
vt 0.705657 0.984636
vt 0.525445 0.986882
vt 0.523762 0.981949
vt 0.525445 0.978886
vt 0.522576 0.975863
vt 0.518816 0.972445
vt 0.522576 0.966020
vt 0.579142 0.926331
vt 0.096562 0.942924
vt 0.101356 0.932331
vt 0.112845 0.939027
vt 0.974693 0.900545
vt 0.974693 0.888798
vt 0.977228 0.891550
vt 0.945819 0.412636
vt 0.511337 0.978212
vt 0.511337 0.969263
vt 0.514345 0.976114
vt 0.131401 0.693503
vt 0.807019 0.982542
vt 0.805335 0.984850
vt 0.805335 0.978886
vt 0.609490 0.982194
vt 0.611713 0.978886
vt 0.611713 0.984503
vt 0.131201 0.676517
vt 0.921023 0.215005
vt 0.310830 0.514584
vt 0.949272 0.748495
vt 0.950713 0.770284
vt 0.313286 0.528773
vt 0.109158 0.649002
vt 0.958919 0.514998
vt 0.963604 0.506784
vt 0.959800 0.524862
vt 0.426531 0.577828
vt 0.457986 0.569699
vt 0.969737 0.187246
vt 0.972908 0.193649
vt 0.714615 0.022033
vt 0.956998 0.580385
vt 0.960676 0.583861
vt 0.963771 0.484447
vt 0.213512 0.813207
vt 0.847623 0.603073
vt 0.972033 0.026473
vt 0.972236 0.021654
vt 0.876673 0.398039
vt 0.982370 0.914685
vt 0.978801 0.915311
vt 0.981410 0.911392
vt 0.456226 0.951296
vt 0.457939 0.941616
vt 0.463602 0.950579
vt 0.972656 0.582658
vt 0.975200 0.583579
vt 0.972656 0.593090
vt 0.579142 0.921426
vt 0.574710 0.913077
vt 0.247267 0.985932
vt 0.246006 0.979997
vt 0.248360 0.982437
vt 0.983448 0.052212
vt 0.985204 0.049434
vt 0.985204 0.053798
vt 0.571075 0.986183
vt 0.569882 0.989705
vt 0.915360 0.662920
vt 0.911554 0.659410
vt 0.910733 0.642477
vt 0.455515 0.934574
vt 0.443351 0.926761
vt 0.448910 0.922719
vt 0.965588 0.258994
vt 0.968211 0.263887
vt 0.965523 0.269953
vt 0.304755 0.525144
vt 0.306425 0.521944
vt 0.104653 0.606050
vt 0.972082 0.784303
vt 0.971030 0.137459
vt 0.973289 0.136902
vt 0.095761 0.569366
vt 0.666629 0.973441
vt 0.669888 0.968996
vt 0.669888 0.977495
vt 0.453326 0.569047
vt 0.487210 0.551887
vt 0.739703 0.038911
vt 0.961088 0.577063
vt 0.474972 0.861764
vt 0.472001 0.862636
vt 0.180134 0.821372
vt 0.174181 0.820194
vt 0.945676 0.156585
vt 0.195482 0.817742
vt 0.951034 0.452594
vt 0.949656 0.155662
vt 0.857065 0.599827
vt 0.977831 0.470129
vt 0.977831 0.479707
vt 0.974781 0.477471
vt 0.975627 0.023395
vt 0.978863 0.911504
vt 0.972636 0.019378
vt 0.957741 0.771068
vt 0.957741 0.764809
vt 0.962853 0.768161
vt 0.037410 0.959600
vt 0.561961 0.985176
vt 0.559897 0.982135
vt 0.861542 0.595192
vt 0.982370 0.909854
vt 0.216859 0.803530
vt 0.462637 0.939459
vt 0.576839 0.917749
vt 0.922787 0.865107
vt 0.892144 0.982502
vt 0.894152 0.978886
vt 0.894636 0.982502
vt 0.136304 0.692061
vt 0.942670 0.410688
vt 0.946106 0.399028
vt 0.971804 0.306172
vt 0.970813 0.296937
vt 0.973249 0.295557
vt 0.968130 0.260561
vt 0.109957 0.616549
vt 0.408373 0.583502
vt 0.101218 0.595243
vt 0.102938 0.581833
vt 0.103393 0.573675
vt 0.940494 0.547887
vt 0.944577 0.541517
vt 0.944577 0.550035
vt 0.102578 0.568774
vt 0.973166 0.212848
vt 0.468224 0.561577
vt 0.097136 0.512787
vt 0.674751 0.829203
vt 0.096329 0.506473
vt 0.755130 0.050378
vt 0.683033 0.005476
vt 0.963062 0.035381
vt 0.961450 0.483162
vt 0.466235 0.858202
vt 0.942701 0.154990
vt 0.192431 0.816790
vt 0.003591 0.963621
vt 0.007820 0.955639
vt 0.844634 0.600797
vt 0.974047 0.015892
vt 0.839988 0.601485
vt 0.980625 0.152180
vt 0.978801 0.144872
vt 0.980625 0.139852
vt 0.508279 0.969263
vt 0.511222 0.964463
vt 0.513699 0.968648
vt 0.224008 0.813761
vt 0.157002 0.987926
vt 0.158607 0.989713
vt 0.974781 0.497056
vt 0.974781 0.493418
vt 0.977892 0.494361
vt 0.465356 0.971254
vt 0.465695 0.960460
vt 0.468139 0.956722
vt 0.973562 0.577063
vt 0.111705 0.930510
vt 0.928459 0.869914
vt 0.132059 0.679141
vt 0.641700 0.970895
vt 0.645883 0.964505
vt 0.645883 0.974409
vt 0.915906 0.645324
vt 0.443004 0.918463
vt 0.118722 0.647793
vt 0.969391 0.256702
vt 0.384183 0.594437
vt 0.111832 0.624380
vt 0.388583 0.603190
vt 0.970105 0.781591
vt 0.100914 0.592949
vt 0.433063 0.572299
vt 0.969230 0.145644
vt 0.100418 0.579585
vt 0.983448 0.376835
vt 0.984007 0.380334
vt 0.983448 0.386769
vt 0.103578 0.547021
vt 0.094639 0.544555
vt 0.099291 0.525355
vt 0.493006 0.548110
vt 0.505074 0.549082
vt 0.929404 0.235027
vt 0.692206 0.014827
vt 0.972746 0.052393
vt 0.969053 0.057199
vt 0.971074 0.050666
vt 0.940368 0.966749
vt 0.944538 0.969742
vt 0.940368 0.972886
vt 0.178581 0.816448
vt 0.000000 0.956858
vt 0.961502 0.479056
vt 0.947977 0.149911
vt 0.851849 0.596589
vt 0.856888 0.596049
vt 0.508279 0.959071
vt 0.023849 0.987626
vt 0.021709 0.984917
vt 0.023849 0.978886
vt 0.975608 0.237382
vt 0.975608 0.225230
vt 0.977836 0.234494
vt 0.514815 0.965118
vt 0.456226 0.935570
vt 0.976511 0.489435
vt 0.459849 0.934632
vt 0.112845 0.920119
vt 0.518529 0.935749
vt 0.513265 0.938817
vt 0.515558 0.923071
vt 0.455463 0.944291
vt 0.447162 0.938845
vt 0.445853 0.930945
vt 0.921338 0.642947
vt 0.114781 0.645191
vt 0.911479 0.117253
vt 0.911224 0.087876
vt 0.914335 0.111798
vt 0.103632 0.589309
vt 0.474405 0.554381
vt 0.755071 0.042463
vt 0.745049 0.028584
vt 0.674854 0.008578
vt 0.911828 0.982154
vt 0.909843 0.983310
vt 0.909843 0.978886
vt 0.186493 0.810331
vt 0.208509 0.992024
vt 0.207228 0.983799
vt 0.376247 0.989264
vt 0.376247 0.978886
vt 0.377701 0.984000
vt 0.214311 0.803857
vt 0.843393 0.593800
vt 0.978801 0.466021
vt 0.981163 0.460620
vt 0.981163 0.469548
vt 0.225863 0.804823
vt 0.468499 0.939763
vt 0.465356 0.956341
vt 0.462957 0.932704
vt 0.981813 0.099395
vt 0.978801 0.094405
vt 0.981813 0.091860
vt 0.927369 0.857291
vt 0.445620 0.949277
vt 0.128263 0.669203
vt 0.014846 0.957597
vt 0.009374 0.946502
vt 0.015671 0.951086
vt 0.944197 0.746849
vt 0.919973 0.095553
vt 0.958919 0.498733
vt 0.969997 0.776939
vt 0.453299 0.561547
vt 0.093565 0.520432
vt 0.483935 0.548276
vt 0.100802 0.498451
vt 0.764751 0.950932
vt 0.756910 0.963830
vt 0.756910 0.952921
vt 0.959242 0.035746
vt 0.399265 0.978886
vt 0.399812 0.983801
vt 0.398039 0.980571
vt 0.476690 0.983314
vt 0.473779 0.983673
vt 0.208098 0.808695
vt 0.205572 0.811953
vt 0.934171 0.015431
vt 0.856459 0.583953
vt 0.837466 0.592794
vt 0.713978 0.968076
vt 0.710538 0.976988
vt 0.710496 0.968076
vt 0.978801 0.909854
vt 0.980045 0.901736
vt 0.844686 0.580293
vt 0.224537 0.801682
vt 0.227749 0.801076
vt 0.574559 0.899576
vt 0.919604 0.845712
vt 0.974073 0.576495
vt 0.969913 0.576859
vt 0.969913 0.567728
vt 0.443597 0.931194
vt 0.015671 0.962554
vt 0.011593 0.958280
vt 0.971679 0.286122
vt 0.970813 0.289061
vt 0.965523 0.249725
vt 0.120585 0.636822
vt 0.823207 0.997302
vt 0.822669 0.986321
vt 0.823207 0.978886
vt 0.117018 0.633661
vt 0.395689 0.588612
vt 0.109453 0.608626
vt 0.108845 0.592519
vt 0.985371 0.347105
vt 0.983448 0.346391
vt 0.985371 0.344027
vt 0.100777 0.568614
vt 0.102950 0.563349
vt 0.450448 0.569270
vt 0.460934 0.554661
vt 0.922515 0.241649
vt 0.703497 0.955582
vt 0.706920 0.965070
vt 0.703497 0.972144
vt 0.756879 0.923482
vt 0.752476 0.914944
vt 0.756899 0.917609
vt 0.411477 0.983538
vt 0.412844 0.978886
vt 0.414624 0.983538
vt 0.194814 0.812627
vt 0.191428 0.807192
vt 0.940494 0.544050
vt 0.934154 0.549710
vt 0.934154 0.541517
vt 0.841561 0.579118
vt 0.848922 0.588760
vt 0.848986 0.581366
vt 0.225880 0.796188
vt 0.467559 0.951295
vt 0.468078 0.925554
vt 0.976697 0.320285
vt 0.974691 0.322457
vt 0.974691 0.307219
vt 0.111755 0.917737
vt 0.933045 0.858780
vt 0.928427 0.873594
vt 0.010501 0.954894
vt 0.915302 0.632740
vt 0.468499 0.978115
vt 0.468499 0.969822
vt 0.471516 0.976510
vt 0.372446 0.601822
vt 0.378770 0.600618
vt 0.959495 0.194116
vt 0.964820 0.190226
vt 0.964820 0.198805
vt 0.111382 0.601684
vt 0.411612 0.573391
vt 0.970313 0.773497
vt 0.924274 0.214795
vt 0.919630 0.210108
vt 0.923564 0.211630
vt 0.440754 0.569743
vt 0.106545 0.535715
vt 0.487679 0.542870
vt 0.489098 0.544425
vt 0.585583 0.681432
vt 0.593002 0.684630
vt 0.590605 0.690041
vt 0.092446 0.499998
vt 0.109388 0.488218
vt 0.748924 0.033232
vt 0.735438 0.028053
vt 0.969053 0.045234
vt 0.973158 0.048126
vt 0.969230 0.159159
vt 0.969900 0.153545
vt 0.973127 0.153532
vt 0.943987 0.149208
vt 0.003602 0.947487
vt 0.225148 0.791831
vt 0.099812 0.928321
vt 0.137352 0.678431
vt 0.142672 0.673003
vt 0.443004 0.949150
vt 0.008949 0.958403
vt 0.928055 0.730139
vt 0.930314 0.731489
vt 0.930767 0.734529
vt 0.126273 0.649946
vt 0.122992 0.640846
vt 0.310042 0.499150
vt 0.311507 0.506421
vt 0.950713 0.738208
vt 0.400771 0.585759
vt 0.019486 0.978886
vt 0.021253 0.982430
vt 0.019486 0.987303
vt 0.110680 0.598556
vt 0.109014 0.597749
vt 0.104354 0.585947
vt 0.627744 0.986037
vt 0.629256 0.978886
vt 0.629256 0.987021
vt 0.445470 0.563587
vt 0.101418 0.555799
vt 0.466326 0.551969
vt 0.477243 0.546179
vt 0.968404 0.445885
vt 0.964849 0.437514
vt 0.967627 0.435672
vt 0.581057 0.690135
vt 0.764303 0.959135
vt 0.972175 0.175679
vt 0.972175 0.159304
vt 0.974769 0.163734
vt 0.709119 0.011412
vt 0.710729 0.015700
vt 0.482716 0.858325
vt 0.961361 0.030974
vt 0.958765 0.033082
vt 0.900479 0.891635
vt 0.898044 0.887063
vt 0.901585 0.882459
vt 0.895882 0.891223
vt 0.474187 0.852549
vt 0.317985 0.979663
vt 0.315237 0.984650
vt 0.315237 0.978886
vt 0.904949 0.983420
vt 0.904016 0.988409
vt 0.904016 0.978886
vt 0.007671 0.946501
vt 0.939069 0.014898
vt 0.933968 0.006877
vt 0.375780 0.973333
vt 0.375780 0.959349
vt 0.379548 0.964584
vt 0.750310 0.973710
vt 0.746139 0.968849
vt 0.854466 0.581144
vt 0.959539 0.562742
vt 0.959972 0.577063
vt 0.955599 0.560765
vt 0.964760 0.159895
vt 0.961176 0.143622
vt 0.964760 0.130361
vt 0.302449 0.764876
vt 0.302944 0.756071
vt 0.311794 0.752252
vt 0.925056 0.840777
vt 0.917376 0.195437
vt 0.917144 0.184496
vt 0.924408 0.182545
vt 0.134477 0.667585
vt 0.270013 0.989114
vt 0.271324 0.991339
vt 0.926393 0.990755
vt 0.927119 0.984410
vt 0.598005 0.980292
vt 0.601476 0.978886
vt 0.601476 0.982513
vt 0.925410 0.743588
vt 0.303578 0.513327
vt 0.110166 0.611991
vt 0.021709 0.979863
vt 0.923297 0.206891
vt 0.439141 0.568685
vt 0.455586 0.551583
vt 0.107142 0.547280
vt 0.963539 0.902007
vt 0.968783 0.893310
vt 0.968783 0.911402
vt 0.471578 0.543710
vt 0.927154 0.226221
vt 0.636528 0.982737
vt 0.636422 0.978886
vt 0.398039 0.987291
vt 0.972921 0.846477
vt 0.972921 0.835956
vt 0.976050 0.836907
vt 0.756899 0.909704
vt 0.475103 0.843243
vt 0.576217 0.694509
vt 0.575369 0.690502
vt 0.578800 0.688305
vt 0.279484 0.973738
vt 0.278332 0.970821
vt 0.282312 0.971322
vt 0.930884 0.845659
vt 0.929489 0.989980
vt 0.928714 0.983085
vt 0.922843 0.172532
vt 0.964059 0.272750
vt 0.962025 0.266383
vt 0.965523 0.264907
vt 0.960670 0.260767
vt 0.964555 0.262787
vt 0.007820 0.956354
vt 0.769871 0.981239
vt 0.767734 0.983824
vt 0.767734 0.978886
vt 0.587947 0.969689
vt 0.583349 0.969687
vt 0.584839 0.961478
vt 0.920267 0.634007
vt 0.922256 0.625349
vt 0.587947 0.958445
vt 0.912232 0.625161
vt 0.925699 0.717037
vt 0.930330 0.715406
vt 0.958629 0.660972
vt 0.958629 0.639529
vt 0.964595 0.647729
vt 0.115339 0.575043
vt 0.110668 0.564040
vt 0.109728 0.560488
vt 0.105745 0.558076
vt 0.970719 0.697659
vt 0.970393 0.704569
vt 0.966216 0.700509
vt 0.482687 0.543025
vt 0.668518 0.821529
vt 0.677074 0.820566
vt 0.582091 0.706568
vt 0.671462 0.814051
vt 0.931625 0.225684
vt 0.754191 0.029325
vt 0.692806 0.003673
vt 0.724066 0.012834
vt 0.868267 0.979671
vt 0.871283 0.981993
vt 0.677354 0.984356
vt 0.677354 0.978886
vt 0.679496 0.981164
vt 0.198342 0.983840
vt 0.197256 0.978886
vt 0.971898 0.148083
vt 0.939446 0.147721
vt 0.573904 0.844270
vt 0.568947 0.844270
vt 0.572838 0.835751
vt 0.194591 0.805807
vt 0.974543 0.833620
vt 0.898502 0.876483
vt 0.939908 0.547819
vt 0.296291 0.775273
vt 0.288947 0.761507
vt 0.301950 0.760815
vt 0.850047 0.573941
vt 0.228927 0.787891
vt 0.958079 0.312993
vt 0.962254 0.292624
vt 0.962986 0.298706
vt 0.958079 0.286122
vt 0.300948 0.748846
vt 0.312349 0.745322
vt 0.255914 0.985265
vt 0.253324 0.979705
vt 0.255914 0.978886
vt 0.508279 0.925410
vt 0.513430 0.909893
vt 0.581648 0.967724
vt 0.923444 0.626158
vt 0.918401 0.623317
vt 0.124961 0.636724
vt 0.385846 0.581141
vt 0.399557 0.571982
vt 0.115114 0.605832
vt 0.109710 0.603236
vt 0.113165 0.599077
vt 0.096573 0.972168
vt 0.097223 0.969025
vt 0.100020 0.972168
vt 0.579604 0.978886
vt 0.580471 0.983492
vt 0.577700 0.983492
vt 0.115684 0.595256
vt 0.924274 0.195437
vt 0.110809 0.569248
vt 0.440474 0.563002
vt 0.966216 0.688887
vt 0.463903 0.546652
vt 0.107157 0.512081
vt 0.709831 0.009186
vt 0.959637 0.027314
vt 0.971986 0.102207
vt 0.973904 0.095925
vt 0.975793 0.096493
vt 0.983448 0.292358
vt 0.984282 0.288496
vt 0.984282 0.296249
vt 0.971986 0.093443
vt 0.575220 0.837795
vt 0.161063 0.982375
vt 0.163839 0.981993
vt 0.163839 0.985140
vt 0.984483 0.306863
vt 0.983448 0.310133
vt 0.983448 0.303958
vt 0.689658 0.968961
vt 0.685214 0.972824
vt 0.685214 0.961362
vt 0.689510 0.961539
vt 0.466606 0.841655
vt 0.931017 0.827717
vt 0.923222 0.832662
vt 0.924906 0.823717
vt 0.580779 0.967621
vt 0.577425 0.967894
vt 0.983448 0.146462
vt 0.984655 0.150445
vt 0.983448 0.152437
vt 0.282699 0.967388
vt 0.278332 0.963854
vt 0.842433 0.570631
vt 0.950480 0.981877
vt 0.950968 0.978886
vt 0.953223 0.981877
vt 0.308659 0.744057
vt 0.312933 0.741368
vt 0.140914 0.665658
vt 0.916210 0.178397
vt 0.134322 0.658619
vt 0.926419 0.631637
vt 0.922953 0.737872
vt 0.922917 0.727684
vt 0.926538 0.732767
vt 0.971737 0.658074
vt 0.971277 0.648513
vt 0.973850 0.649944
vt 0.919788 0.617484
vt 0.924855 0.720986
vt 0.437774 0.975117
vt 0.435671 0.977680
vt 0.435671 0.965657
vt 0.123774 0.638376
vt 0.123976 0.633818
vt 0.829009 0.986845
vt 0.829009 0.978886
vt 0.830250 0.981417
vt 0.124568 0.630854
vt 0.923960 0.075012
vt 0.928998 0.091401
vt 0.915250 0.079178
vt 0.115794 0.615689
vt 0.964653 0.176364
vt 0.114054 0.602429
vt 0.615184 0.978886
vt 0.612587 0.982478
vt 0.098640 0.967768
vt 0.107336 0.541905
vt 0.596107 0.686171
vt 0.580212 0.704081
vt 0.951368 0.286122
vt 0.949778 0.295346
vt 0.947984 0.295142
vt 0.703433 0.001871
vt 0.729179 0.016543
vt 0.808953 0.982252
vt 0.810986 0.978886
vt 0.810986 0.983814
vt 0.567639 0.837755
vt 0.940688 0.145714
vt 0.943775 0.137684
vt 0.754750 0.901830
vt 0.969403 0.928727
vt 0.963934 0.923922
vt 0.969403 0.913373
vt 0.480363 0.842271
vt 0.868532 0.957741
vt 0.872924 0.957741
vt 0.866697 0.961224
vt 0.921827 0.824934
vt 0.297488 0.752631
vt 0.953959 0.554862
vt 0.959972 0.550192
vt 0.867882 0.664528
vt 0.863464 0.666474
vt 0.983448 0.128138
vt 0.985099 0.130217
vt 0.139077 0.655954
vt 0.963028 0.259371
vt 0.131794 0.642525
vt 0.131741 0.649598
vt 0.127364 0.658530
vt 0.980885 0.859437
vt 0.978801 0.856634
vt 0.980885 0.850011
vt 0.128671 0.628288
vt 0.110295 0.599527
vt 0.114050 0.597534
vt 0.096743 0.963728
vt 0.107434 0.582488
vt 0.108131 0.525645
vt 0.106476 0.502033
vt 0.738186 0.019575
vt 0.720948 0.010884
vt 0.789135 0.981972
vt 0.787042 0.983764
vt 0.163038 0.978886
vt 0.969176 0.156039
vt 0.965013 0.158747
vt 0.967374 0.154389
vt 0.569270 0.835065
vt 0.915101 0.982066
vt 0.915096 0.978886
vt 0.964760 0.154364
vt 0.260344 0.990740
vt 0.258959 0.982577
vt 0.873727 0.962868
vt 0.575632 0.971321
vt 0.287263 0.765282
vt 0.292955 0.759199
vt 0.888118 0.982713
vt 0.889298 0.986580
vt 0.586464 0.983089
vt 0.587825 0.978886
vt 0.589481 0.983089
vt 0.844634 0.568659
vt 0.835631 0.566242
vt 0.298727 0.985779
vt 0.301040 0.982799
vt 0.861781 0.668265
vt 0.909809 0.193382
vt 0.911219 0.182804
vt 0.913987 0.187244
vt 0.144924 0.657968
vt 0.518529 0.901948
vt 0.138948 0.647850
vt 0.928844 0.620321
vt 0.382265 0.582359
vt 0.313286 0.484751
vt 0.115409 0.591288
vt 0.638214 0.964505
vt 0.641700 0.964505
vt 0.639954 0.975224
vt 0.113443 0.554341
vt 0.478159 0.540384
vt 0.105100 0.506430
vt 0.322850 0.964403
vt 0.318928 0.972861
vt 0.318928 0.959704
vt 0.676725 0.818555
vt 0.950713 0.765403
vt 0.957741 0.754385
vt 0.955462 0.769926
vt 0.479131 0.853757
vt 0.482590 0.850423
vt 0.481283 0.856110
vt 0.485372 0.850987
vt 0.296311 0.985729
vt 0.294348 0.982076
vt 0.296686 0.985271
vt 0.602946 0.984779
vt 0.602946 0.978886
vt 0.605073 0.982338
vt 0.477511 0.850296
vt 0.948273 0.584935
vt 0.947189 0.577911
vt 0.952365 0.577448
vt 0.940234 0.139346
vt 0.969176 0.151226
vt 0.902175 0.879691
vt 0.980101 0.684584
vt 0.981891 0.678026
vt 0.974778 0.082245
vt 0.977503 0.077702
vt 0.977503 0.088435
vt 0.147072 0.676223
vt 0.149425 0.670257
vt 0.149212 0.678308
vt 0.146560 0.669865
vt 0.925213 0.616461
vt 0.920767 0.722957
vt 0.921898 0.613265
vt 0.910733 0.614057
vt 0.921618 0.611278
vt 0.642838 0.987692
vt 0.642838 0.978886
vt 0.644212 0.984977
vt 0.115320 0.557118
vt 0.953056 0.446549
vt 0.943004 0.437190
vt 0.942670 0.433986
vt 0.905280 0.931078
vt 0.898193 0.939674
vt 0.968404 0.423279
vt 0.971004 0.481776
vt 0.973376 0.492541
vt 0.971004 0.496359
vt 0.773346 0.978886
vt 0.771201 0.980707
vt 0.771121 0.980342
vt 0.773346 0.983627
vt 0.377701 0.983491
vt 0.377701 0.978886
vt 0.380976 0.979747
vt 0.576300 0.834936
vt 0.296686 0.978886
vt 0.982119 0.373856
vt 0.979226 0.372180
vt 0.982119 0.367384
vt 0.480437 0.848071
vt 0.978801 0.368476
vt 0.983448 0.026442
vt 0.985409 0.025618
vt 0.985409 0.029585
vt 0.981365 0.009008
vt 0.978801 0.005035
vt 0.981365 0.000000
vt 0.473895 0.829535
vt 0.467619 0.830548
vt 0.942199 0.005549
vt 0.935373 0.000000
vt 0.981059 0.636572
vt 0.981059 0.645644
vt 0.978801 0.644304
vt 0.981608 0.313912
vt 0.978801 0.312105
vt 0.981608 0.306209
vt 0.579281 0.680333
vt 0.574935 0.682631
vt 0.294015 0.752180
vt 0.317886 0.975703
vt 0.313286 0.975703
vt 0.314226 0.970555
vt 0.484676 0.985237
vt 0.484676 0.978886
vt 0.486843 0.984139
vt 0.837267 0.560955
vt 0.300379 0.747074
vt 0.142138 0.657449
vt 0.143509 0.653390
vt 0.973850 0.639529
vt 0.923346 0.719793
vt 0.135534 0.639460
vt 0.133670 0.636060
vt 0.125868 0.623451
vt 0.127540 0.619146
vt 0.120931 0.611429
vt 0.123801 0.591749
vt 0.099927 0.958204
vt 0.421153 0.564880
vt 0.119369 0.578643
vt 0.978801 0.549224
vt 0.978801 0.540515
vt 0.981186 0.541376
vt 0.977745 0.186987
vt 0.976048 0.184802
vt 0.976048 0.179300
vt 0.114525 0.573806
vt 0.117860 0.570303
vt 0.026034 0.973942
vt 0.026034 0.965853
vt 0.030681 0.970409
vt 0.118531 0.567083
vt 0.942670 0.452594
vt 0.165195 0.919306
vt 0.179449 0.926768
vt 0.179144 0.931210
vt 0.941644 0.249725
vt 0.932986 0.247307
vt 0.939949 0.238316
vt 0.173361 0.919965
vt 0.933480 0.241884
vt 0.469657 0.541998
vt 0.111596 0.522855
vt 0.942256 0.654615
vt 0.946518 0.660877
vt 0.942224 0.671912
vt 0.602461 0.679380
vt 0.601107 0.686589
vt 0.597362 0.682952
vt 0.951398 0.755500
vt 0.962318 0.683987
vt 0.965168 0.682194
vt 0.966216 0.697659
vt 0.745687 0.024818
vt 0.980880 0.723941
vt 0.978801 0.720674
vt 0.980880 0.714263
vt 0.482960 0.983119
vt 0.479871 0.981404
vt 0.626356 0.984970
vt 0.627744 0.978886
vt 0.627744 0.987751
vt 0.482960 0.979387
vt 0.408165 0.965577
vt 0.409465 0.968780
vt 0.408165 0.974611
vt 0.814907 0.969918
vt 0.818518 0.971295
vt 0.814907 0.976096
vt 0.965573 0.149793
vt 0.953959 0.574501
vt 0.950931 0.861260
vt 0.949570 0.854780
vt 0.952475 0.857217
vt 0.948466 0.865348
vt 0.955172 0.677671
vt 0.956503 0.672100
vt 0.959260 0.677549
vt 0.928877 0.327703
vt 0.934155 0.327057
vt 0.934155 0.332704
vt 0.294912 0.751193
vt 0.297122 0.747218
vt 0.536622 0.983026
vt 0.538165 0.979730
vt 0.539805 0.983026
vt 0.983448 0.459662
vt 0.984431 0.457099
vt 0.984431 0.461924
vt 0.984880 0.501873
vt 0.983448 0.503205
vt 0.539741 0.978886
vt 0.919526 0.977477
vt 0.916691 0.978126
vt 0.919289 0.973145
vt 0.304383 0.730543
vt 0.864686 0.671600
vt 0.972555 0.255027
vt 0.973985 0.263458
vt 0.974324 0.268686
vt 0.958302 0.549040
vt 0.959202 0.542431
vt 0.961750 0.545821
vt 0.956428 0.546631
vt 0.153109 0.674823
vt 0.148514 0.662404
vt 0.514071 0.902317
vt 0.923554 0.709890
vt 0.929895 0.700086
vt 0.984037 0.171943
vt 0.895882 0.964605
vt 0.895882 0.947035
vt 0.902567 0.955653
vt 0.041686 0.955009
vt 0.032941 0.949543
vt 0.041797 0.950158
vt 0.031934 0.945719
vt 0.905326 0.947035
vt 0.171861 0.945026
vt 0.166833 0.938664
vt 0.795299 0.671582
vt 0.795320 0.665929
vt 0.798469 0.671644
vt 0.936749 0.227966
vt 0.108802 0.528179
vt 0.606281 0.682867
vt 0.115117 0.504999
vt 0.743100 0.020904
vt 0.913970 0.874513
vt 0.919468 0.874113
vt 0.919604 0.880464
vt 0.951280 0.172399
vt 0.949656 0.167856
vt 0.953632 0.171497
vt 0.193295 0.983987
vt 0.189975 0.982931
vt 0.872775 0.968033
vt 0.903159 0.872465
vt 0.906920 0.875098
vt 0.981563 0.483362
vt 0.978801 0.486719
vt 0.978801 0.479111
vt 0.921651 0.819427
vt 0.917815 0.819544
vt 0.286977 0.761322
vt 0.929769 0.330917
vt 0.613612 0.965118
vt 0.615483 0.961691
vt 0.616534 0.964545
vt 0.294172 0.748926
vt 0.881319 0.210062
vt 0.881867 0.206883
vt 0.883901 0.209133
vt 0.878678 0.209831
vt 0.972995 0.452456
vt 0.968404 0.444409
vt 0.972995 0.442962
vt 0.962258 0.543476
vt 0.908397 0.179077
vt 0.919772 0.833620
vt 0.910616 0.161317
vt 0.917216 0.162696
vt 0.878376 0.985988
vt 0.879667 0.983362
vt 0.924955 0.612966
vt 0.914295 0.605543
vt 0.122262 0.585411
vt 0.983448 0.409909
vt 0.984367 0.407349
vt 0.984367 0.413152
vt 0.954009 0.864476
vt 0.957508 0.859137
vt 0.959374 0.865114
vt 0.216414 0.927277
vt 0.208442 0.943844
vt 0.978363 0.179842
vt 0.977481 0.176364
vt 0.033128 0.953354
vt 0.122810 0.556101
vt 0.929597 0.767592
vt 0.934587 0.764136
vt 0.933486 0.767087
vt 0.911019 0.930741
vt 0.169198 0.945523
vt 0.165195 0.941285
vt 0.953056 0.452594
vt 0.953425 0.449336
vt 0.958822 0.449481
vt 0.791719 0.664960
vt 0.947319 0.237323
vt 0.613842 0.672100
vt 0.615378 0.673050
vt 0.951190 0.663329
vt 0.949892 0.648976
vt 0.597992 0.691652
vt 0.114876 0.495900
vt 0.579281 0.716004
vt 0.932986 0.215005
vt 0.484466 0.846820
vt 0.974557 0.015892
vt 0.972032 0.013869
vt 0.974755 0.011204
vt 0.409947 0.965193
vt 0.412272 0.970689
vt 0.816879 0.966755
vt 0.976452 0.980432
vt 0.974615 0.983202
vt 0.974615 0.978886
vt 0.979553 0.663378
vt 0.981833 0.668173
vt 0.978801 0.667569
vt 0.860532 0.975586
vt 0.856718 0.972404
vt 0.860532 0.971120
vt 0.941028 0.133169
vt 0.900421 0.865734
vt 0.475036 0.834493
vt 0.944625 0.862160
vt 0.983448 0.475050
vt 0.984123 0.477112
vt 0.983448 0.481940
vt 0.287021 0.752658
vt 0.296047 0.750078
vt 0.298408 0.741118
vt 0.833464 0.568588
vt 0.832710 0.562718
vt 0.185517 0.971236
vt 0.187782 0.969291
vt 0.187933 0.974963
vt 0.185596 0.968853
vt 0.955435 0.537662
vt 0.963208 0.538690
vt 0.974747 0.259015
vt 0.514431 0.891197
vt 0.512057 0.897790
vt 0.924408 0.160859
vt 0.921359 0.152051
vt 0.363798 0.981455
vt 0.366803 0.982679
vt 0.364072 0.983960
vt 0.366803 0.978886
vt 0.737528 0.980670
vt 0.739904 0.978886
vt 0.739904 0.983530
vt 0.837704 0.979455
vt 0.840689 0.978886
vt 0.840689 0.982173
vt 0.775185 0.983124
vt 0.777672 0.981209
vt 0.137947 0.636734
vt 0.137654 0.631981
vt 0.135183 0.630648
vt 0.919841 0.698657
vt 0.920584 0.601427
vt 0.922304 0.605912
vt 0.134541 0.625544
vt 0.621691 0.973348
vt 0.621691 0.955922
vt 0.623937 0.964876
vt 0.034519 0.959483
vt 0.121193 0.563856
vt 0.943735 0.230624
vt 0.109171 0.527637
vt 0.606825 0.692114
vt 0.111152 0.517535
vt 0.604077 0.697075
vt 0.594987 0.695768
vt 0.121996 0.496796
vt 0.589417 0.706368
vt 0.104686 0.504283
vt 0.673044 0.805228
vt 0.679692 0.805253
vt 0.754679 0.023789
vt 0.943827 0.304920
vt 0.531655 0.977569
vt 0.528740 0.973047
vt 0.531992 0.973608
vt 0.983448 0.467577
vt 0.985010 0.468040
vt 0.983448 0.470562
vt 0.985896 0.060033
vt 0.983938 0.056913
vt 0.931179 0.601427
vt 0.928373 0.599820
vt 0.933001 0.595202
vt 0.915414 0.866292
vt 0.433247 0.980570
vt 0.434465 0.978886
vt 0.435479 0.981962
vt 0.886282 0.214152
vt 0.619507 0.961540
vt 0.621691 0.965358
vt 0.185398 0.963931
vt 0.963208 0.531514
vt 0.908702 0.169823
vt 0.141807 0.651424
vt 0.146208 0.647017
vt 0.972205 0.673359
vt 0.972205 0.664138
vt 0.975110 0.668030
vt 0.139591 0.641493
vt 0.136722 0.639851
vt 0.140630 0.636605
vt 0.980191 0.779123
vt 0.978801 0.774490
vt 0.981157 0.773797
vt 0.952949 0.630451
vt 0.955613 0.631178
vt 0.131954 0.619427
vt 0.135499 0.977377
vt 0.132218 0.973940
vt 0.135499 0.969962
vt 0.131056 0.601095
vt 0.928998 0.057581
vt 0.972656 0.857361
vt 0.973939 0.854409
vt 0.973939 0.865127
vt 0.508279 0.907206
vt 0.507147 0.892762
vt 0.508279 0.883798
vt 0.121508 0.571657
vt 0.118990 0.569827
vt 0.122731 0.569829
vt 0.761166 0.983017
vt 0.763735 0.980732
vt 0.624383 0.961677
vt 0.935336 0.759945
vt 0.940044 0.761761
vt 0.953056 0.434421
vt 0.946925 0.246590
vt 0.959989 0.446783
vt 0.783410 0.654988
vt 0.610073 0.686336
vt 0.573756 0.643520
vt 0.571496 0.642480
vt 0.573756 0.638062
vt 0.942224 0.643714
vt 0.966186 0.969718
vt 0.964874 0.962287
vt 0.969479 0.960274
vt 0.717011 0.005569
vt 0.909090 0.874108
vt 0.911392 0.871928
vt 0.911712 0.879042
vt 0.950084 0.562397
vt 0.858728 0.966634
vt 0.953876 0.563227
vt 0.908902 0.869553
vt 0.482374 0.837349
vt 0.954009 0.852973
vt 0.951281 0.851128
vt 0.969913 0.576534
vt 0.964298 0.576534
vt 0.966692 0.572917
vt 0.138711 0.984542
vt 0.141309 0.985656
vt 0.957295 0.682423
vt 0.573087 0.677007
vt 0.978513 0.076742
vt 0.975548 0.073704
vt 0.978513 0.069331
vt 0.976143 0.067767
vt 0.886282 0.205881
vt 0.792591 0.978886
vt 0.794192 0.983200
vt 0.792591 0.985228
vt 0.974747 0.249725
vt 0.913872 0.057581
vt 0.917419 0.047549
vt 0.923255 0.050529
vt 0.155611 0.657898
vt 0.149349 0.653081
vt 0.147643 0.647864
vt 0.142843 0.639989
vt 0.136704 0.642975
vt 0.370720 0.984456
vt 0.372938 0.978886
vt 0.372938 0.985715
vt 0.737528 0.984835
vt 0.735652 0.982165
vt 0.737528 0.978886
vt 0.716417 0.982870
vt 0.717729 0.978886
vt 0.719255 0.982870
vt 0.137209 0.623443
vt 0.957950 0.618433
vt 0.396101 0.568045
vt 0.404240 0.564751
vt 0.128236 0.588913
vt 0.970184 0.854864
vt 0.970753 0.852720
vt 0.874386 0.671991
vt 0.874386 0.664946
vt 0.876361 0.669063
vt 0.925492 0.766437
vt 0.926362 0.758961
vt 0.932894 0.755217
vt 0.911659 0.935697
vt 0.952581 0.748182
vt 0.946736 0.305677
vt 0.263552 0.940673
vt 0.264549 0.947628
vt 0.261409 0.939778
vt 0.260712 0.951311
vt 0.721742 0.004604
vt 0.976952 0.577049
vt 0.976952 0.593090
vt 0.975200 0.582423
vt 0.479328 0.846329
vt 0.531992 0.968675
vt 0.946265 0.573294
vt 0.953231 0.163721
vt 0.951126 0.162591
vt 0.964471 0.571345
vt 0.433247 0.985334
vt 0.578332 0.675141
vt 0.417586 0.986463
vt 0.417586 0.978886
vt 0.419515 0.983206
vt 0.973706 0.658916
vt 0.978801 0.770647
vt 0.414138 0.559113
vt 0.615305 0.980756
vt 0.618468 0.982671
vt 0.615184 0.982671
vt 0.986039 0.162787
vt 0.983448 0.160248
vt 0.878420 0.667318
vt 0.616990 0.978886
vt 0.127802 0.564317
vt 0.125121 0.566383
vt 0.918836 0.763074
vt 0.920062 0.770284
vt 0.791957 0.924448
vt 0.789855 0.918128
vt 0.800620 0.930869
vt 0.978801 0.585341
vt 0.978801 0.575816
vt 0.980966 0.584027
vt 0.922131 0.978886
vt 0.922131 0.984828
vt 0.920669 0.981302
vt 0.950250 0.309858
vt 0.221753 0.986740
vt 0.221753 0.978886
vt 0.223886 0.985618
vt 0.842839 0.979577
vt 0.840689 0.983441
vt 0.967088 0.242206
vt 0.971335 0.243160
vt 0.967088 0.249493
vt 0.471823 0.821562
vt 0.946108 0.848699
vt 0.968267 0.567728
vt 0.979858 0.978886
vt 0.981167 0.980382
vt 0.979858 0.984915
vt 0.770249 0.966111
vt 0.766434 0.968407
vt 0.765054 0.960768
vt 0.983448 0.485414
vt 0.984765 0.484031
vt 0.290592 0.744765
vt 0.962318 0.679908
vt 0.931923 0.982135
vt 0.931923 0.978886
vt 0.934542 0.979705
vt 0.659231 0.960729
vt 0.659231 0.967350
vt 0.655367 0.963496
vt 0.297821 0.733433
vt 0.187933 0.960741
vt 0.921479 0.056227
vt 0.924241 0.054430
vt 0.303262 0.727215
vt 0.306394 0.725754
vt 0.511881 0.890852
vt 0.145256 0.638491
vt 0.438718 0.987359
vt 0.437024 0.982291
vt 0.930671 0.696248
vt 0.922481 0.688994
vt 0.953721 0.619443
vt 0.134638 0.608264
vt 0.127238 0.577472
vt 0.429257 0.556399
vt 0.800868 0.925480
vt 0.805428 0.929526
vt 0.970512 0.477875
vt 0.964844 0.479041
vt 0.947095 0.230684
vt 0.119731 0.493197
vt 0.116923 0.485374
vt 0.744071 0.020664
vt 0.896993 0.827196
vt 0.902057 0.833600
vt 0.896161 0.829254
vt 0.902057 0.827068
vt 0.710530 0.000000
vt 0.729575 0.006206
vt 0.929326 0.600837
vt 0.927917 0.595920
vt 0.928818 0.592992
vt 0.924756 0.601067
vt 0.923668 0.593944
vt 0.487390 0.830666
vt 0.908434 0.858158
vt 0.480239 0.827321
vt 0.950937 0.844921
vt 0.770781 0.959779
vt 0.489315 0.957672
vt 0.488054 0.953104
vt 0.493962 0.956061
vt 0.975753 0.792744
vt 0.978479 0.792155
vt 0.977978 0.798794
vt 0.294186 0.731544
vt 0.653850 0.967834
vt 0.958125 0.129932
vt 0.954213 0.114404
vt 0.958577 0.118973
vt 0.905697 0.163743
vt 0.914839 0.151337
vt 0.154941 0.653818
vt 0.510608 0.883798
vt 0.918836 0.713943
vt 0.133007 0.587672
vt 0.123097 0.569963
vt 0.125972 0.570356
vt 0.048109 0.981430
vt 0.049879 0.989370
vt 0.940643 0.221654
vt 0.115561 0.519054
vt 0.952733 0.655069
vt 0.590718 0.713908
vt 0.124180 0.500120
vt 0.973245 0.476199
vt 0.945625 0.311875
vt 0.365978 0.968186
vt 0.365978 0.977137
vt 0.362684 0.974848
vt 0.728752 0.009128
vt 0.495596 0.838961
vt 0.487371 0.847168
vt 0.492220 0.836591
vt 0.972032 0.000000
vt 0.480927 0.837853
vt 0.900029 0.860272
vt 0.952961 0.557513
vt 0.978801 0.784625
vt 0.980522 0.779123
vt 0.980522 0.790723
vt 0.916108 0.812183
vt 0.468844 0.821405
vt 0.503237 0.978235
vt 0.501117 0.971975
vt 0.503474 0.970493
vt 0.953148 0.844353
vt 0.959703 0.688235
vt 0.572426 0.669193
vt 0.930473 0.132292
vt 0.928998 0.124464
vt 0.935581 0.126847
vt 0.302160 0.721247
vt 0.305227 0.716995
vt 0.982175 0.111428
vt 0.982286 0.117910
vt 0.978801 0.117910
vt 0.153968 0.644714
vt 0.147790 0.639998
vt 0.960671 0.262354
vt 0.954757 0.275468
vt 0.956626 0.262141
vt 0.930655 0.681497
vt 0.132875 0.578824
vt 0.129776 0.568827
vt 0.131022 0.562554
vt 0.126173 0.550198
vt 0.123806 0.546030
vt 0.048433 0.959688
vt 0.053053 0.954873
vt 0.057657 0.959688
vt 0.126264 0.547205
vt 0.050953 0.946377
vt 0.078676 0.943995
vt 0.077333 0.941287
vt 0.082183 0.942116
vt 0.978034 0.902297
vt 0.976963 0.906302
vt 0.975568 0.907709
vt 0.185398 0.969991
vt 0.179449 0.966801
vt 0.185398 0.960741
vt 0.937078 0.222917
vt 0.117624 0.494412
vt 0.973047 0.111137
vt 0.975759 0.113958
vt 0.972628 0.115568
vt 0.964874 0.954245
vt 0.964297 0.549534
vt 0.969306 0.560361
vt 0.964297 0.562769
vt 0.735390 0.009927
vt 0.931372 0.588199
vt 0.921851 0.802275
vt 0.944625 0.845000
vt 0.589481 0.978886
vt 0.590021 0.983692
vt 0.286524 0.742156
vt 0.653914 0.970958
vt 0.933801 0.110179
vt 0.923624 0.044092
vt 0.978370 0.875798
vt 0.976057 0.870185
vt 0.978370 0.865347
vt 0.966296 0.794894
vt 0.965796 0.786101
vt 0.968164 0.788228
vt 0.915996 0.142841
vt 0.922106 0.146711
vt 0.140638 0.603722
vt 0.417885 0.553148
vt 0.904272 0.956014
vt 0.908963 0.956344
vt 0.908532 0.962876
vt 0.810031 0.934885
vt 0.806524 0.940005
vt 0.799709 0.936359
vt 0.983448 0.201637
vt 0.983448 0.198827
vt 0.985935 0.199096
vt 0.981407 0.177147
vt 0.978801 0.176032
vt 0.981927 0.174733
vt 0.978801 0.169973
vt 0.387660 0.952614
vt 0.392175 0.959476
vt 0.387670 0.957207
vt 0.168404 0.948253
vt 0.169408 0.949999
vt 0.165455 0.951071
vt 0.396400 0.953921
vt 0.396835 0.957056
vt 0.055240 0.942663
vt 0.940044 0.743588
vt 0.226845 0.927159
vt 0.226845 0.909579
vt 0.228814 0.923730
vt 0.172646 0.945523
vt 0.066390 0.944502
vt 0.955924 0.432485
vt 0.961167 0.442144
vt 0.366803 0.985356
vt 0.369159 0.982030
vt 0.118300 0.511837
vt 0.980927 0.422963
vt 0.978801 0.417520
vt 0.980498 0.417564
vt 0.599937 0.717359
vt 0.596652 0.705878
vt 0.973011 0.313758
vt 0.971045 0.320615
vt 0.957641 0.479056
vt 0.960124 0.452594
vt 0.960124 0.469572
vt 0.954194 0.462430
vt 0.953496 0.156314
vt 0.955574 0.153935
vt 0.969884 0.233528
vt 0.951034 0.155098
vt 0.483571 0.828953
vt 0.341175 0.983628
vt 0.343456 0.978886
vt 0.343456 0.985636
vt 0.496204 0.963553
vt 0.950939 0.834702
vt 0.953824 0.833620
vt 0.578391 0.653746
vt 0.287578 0.726509
vt 0.927031 0.043662
vt 0.917867 0.040520
vt 0.908889 0.148658
vt 0.150743 0.636816
vt 0.974718 0.654560
vt 0.973850 0.648578
vt 0.976001 0.649820
vt 0.922509 0.133169
vt 0.141852 0.615550
vt 0.145403 0.588368
vt 0.401180 0.557848
vt 0.132287 0.567280
vt 0.129838 0.552673
vt 0.173596 0.951229
vt 0.978034 0.913287
vt 0.600015 0.686756
vt 0.573311 0.610500
vt 0.586669 0.720935
vt 0.968594 0.952316
vt 0.926396 0.586651
vt 0.497425 0.833296
vt 0.911535 0.859030
vt 0.914598 0.856965
vt 0.904289 0.857283
vt 0.475042 0.813664
vt 0.770781 0.951756
vt 0.948533 0.837562
vt 0.956328 0.689170
vt 0.974475 0.949756
vt 0.973197 0.940581
vt 0.975152 0.945013
vt 0.288797 0.735608
vt 0.288788 0.740364
vt 0.298189 0.720092
vt 0.939515 0.117689
vt 0.956568 0.111201
vt 0.951608 0.110404
vt 0.147282 0.631103
vt 0.144970 0.616147
vt 0.955524 0.609609
vt 0.133940 0.584836
vt 0.910830 0.961519
vt 0.911659 0.963010
vt 0.136219 0.556780
vt 0.801220 0.939985
vt 0.832710 0.669775
vt 0.840020 0.669707
vt 0.837334 0.672061
vt 0.832710 0.664496
vt 0.076962 0.929912
vt 0.077793 0.931608
vt 0.071686 0.924354
vt 0.788603 0.907300
vt 0.786849 0.909393
vt 0.980927 0.412939
vt 0.608039 0.701675
vt 0.948826 0.640991
vt 0.969816 0.327365
vt 0.955759 0.743921
vt 0.966216 0.672100
vt 0.982929 0.536209
vt 0.950334 0.556654
vt 0.952602 0.601228
vt 0.949128 0.597817
vt 0.953797 0.590831
vt 0.472778 0.815582
vt 0.488054 0.962968
vt 0.346929 0.974311
vt 0.345544 0.978242
vt 0.343831 0.975656
vt 0.343831 0.970626
vt 0.152201 0.628173
vt 0.983762 0.541426
vt 0.983762 0.552304
vt 0.983448 0.545498
vt 0.240446 0.954548
vt 0.243223 0.954498
vt 0.247693 0.958869
vt 0.839576 0.664942
vt 0.025422 0.947039
vt 0.025422 0.957757
vt 0.020239 0.949745
vt 0.612444 0.706399
vt 0.605301 0.696616
vt 0.124473 0.514075
vt 0.128400 0.504586
vt 0.739329 0.014324
vt 0.746333 0.014483
vt 0.962188 0.549534
vt 0.964298 0.558906
vt 0.959972 0.560801
vt 0.268504 0.955671
vt 0.724093 0.004583
vt 0.917132 0.584953
vt 0.925740 0.580213
vt 0.486983 0.821185
vt 0.483344 0.821062
vt 0.903008 0.851070
vt 0.601476 0.979894
vt 0.602946 0.987426
vt 0.901389 0.980938
vt 0.904016 0.982272
vt 0.900140 0.400993
vt 0.891007 0.403440
vt 0.901184 0.397627
vt 0.283834 0.733802
vt 0.897527 0.386597
vt 0.941109 0.132081
vt 0.958699 0.407495
vt 0.964464 0.406503
vt 0.961679 0.420548
vt 0.965824 0.778711
vt 0.904317 0.671888
vt 0.897878 0.665768
vt 0.904317 0.664694
vt 0.959526 0.255210
vt 0.919181 0.692098
vt 0.143734 0.600048
vt 0.951180 0.610844
vt 0.138835 0.582438
vt 0.136081 0.570379
vt 0.904043 0.952432
vt 0.909184 0.947035
vt 0.959274 0.370566
vt 0.954231 0.366354
vt 0.956560 0.365462
vt 0.246939 0.963130
vt 0.240446 0.966034
vt 0.928857 0.752526
vt 0.959495 0.202620
vt 0.952220 0.195730
vt 0.959495 0.189289
vt 0.081132 0.928216
vt 0.618338 0.697211
vt 0.118128 0.507384
vt 0.129212 0.925366
vt 0.138455 0.920995
vt 0.133098 0.929992
vt 0.877727 0.133169
vt 0.881160 0.137478
vt 0.878077 0.143767
vt 0.494298 0.828764
vt 0.914990 0.798097
vt 0.083425 0.983434
vt 0.080320 0.980136
vt 0.079742 0.983860
vt 0.907664 0.850096
vt 0.467211 0.818723
vt 0.470721 0.813186
vt 0.977819 0.384395
vt 0.975267 0.386552
vt 0.974975 0.380724
vt 0.957346 0.690921
vt 0.959897 0.690423
vt 0.283905 0.740999
vt 0.975152 0.930778
vt 0.924499 0.033073
vt 0.969118 0.773823
vt 0.551121 0.960997
vt 0.551121 0.973180
vt 0.547136 0.967314
vt 0.431358 0.978886
vt 0.433247 0.984088
vt 0.431358 0.986534
vt 0.915371 0.134677
vt 0.428931 0.545220
vt 0.435315 0.553056
vt 0.953238 0.370566
vt 0.954543 0.361569
vt 0.613612 0.955052
vt 0.614641 0.947916
vt 0.619913 0.946838
vt 0.621823 0.955922
vt 0.172633 0.957127
vt 0.955467 0.189898
vt 0.983448 0.244239
vt 0.984245 0.241450
vt 0.984245 0.250025
vt 0.133031 0.494593
vt 0.972628 0.102381
vt 0.132898 0.489735
vt 0.873473 0.144165
vt 0.685214 0.887841
vt 0.690755 0.890649
vt 0.690118 0.900335
vt 0.951368 0.319473
vt 0.950494 0.326666
vt 0.265436 0.961318
vt 0.260712 0.959552
vt 0.492838 0.819386
vt 0.132218 0.959862
vt 0.132218 0.973618
vt 0.129264 0.961789
vt 0.129119 0.968768
vt 0.977800 0.676165
vt 0.975110 0.679877
vt 0.975110 0.673302
vt 0.949400 0.552105
vt 0.899502 0.852737
vt 0.967230 0.213954
vt 0.961628 0.200065
vt 0.967230 0.198974
vt 0.419436 0.978141
vt 0.416389 0.972149
vt 0.419436 0.969757
vt 0.974996 0.210904
vt 0.974150 0.202374
vt 0.977250 0.204742
vt 0.950864 0.586503
vt 0.901761 0.403016
vt 0.967642 0.286077
vt 0.965523 0.278496
vt 0.969971 0.283572
vt 0.977819 0.376468
vt 0.299863 0.719769
vt 0.299973 0.710395
vt 0.851520 0.984392
vt 0.850244 0.986422
vt 0.965796 0.771667
vt 0.976001 0.639529
vt 0.668518 0.845110
vt 0.663971 0.853055
vt 0.661779 0.835435
vt 0.954757 0.249725
vt 0.930767 0.672100
vt 0.087243 0.973029
vt 0.087600 0.970035
vt 0.091268 0.963569
vt 0.953074 0.601427
vt 0.139344 0.558124
vt 0.132318 0.563714
vt 0.613612 0.943508
vt 0.622815 0.948714
vt 0.622550 0.693086
vt 0.622964 0.698099
vt 0.323124 0.959704
vt 0.320934 0.957331
vt 0.323124 0.946275
vt 0.129055 0.510013
vt 0.019512 0.959754
vt 0.025422 0.964147
vt 0.019512 0.969913
vt 0.129754 0.484751
vt 0.961842 0.702441
vt 0.955172 0.704693
vt 0.961842 0.693387
vt 0.955579 0.697927
vt 0.586464 0.986655
vt 0.585616 0.993847
vt 0.585616 0.978886
vt 0.484666 0.831451
vt 0.488432 0.820649
vt 0.954443 0.145289
vt 0.915924 0.794267
vt 0.915226 0.575936
vt 0.914049 0.584757
vt 0.953959 0.550192
vt 0.957950 0.639228
vt 0.960670 0.631640
vt 0.962284 0.639228
vt 0.922154 0.789331
vt 0.479888 0.815775
vt 0.946713 0.585080
vt 0.977250 0.200578
vt 0.955172 0.693387
vt 0.953899 0.585080
vt 0.984198 0.524053
vt 0.983448 0.521865
vt 0.984198 0.519023
vt 0.285732 0.732243
vt 0.901396 0.383712
vt 0.575297 0.646876
vt 0.941109 0.111771
vt 0.295763 0.713259
vt 0.981002 0.479111
vt 0.978801 0.478891
vt 0.981002 0.469548
vt 0.911224 0.031773
vt 0.917355 0.025923
vt 0.916398 0.031609
vt 0.914267 0.024292
vt 0.152342 0.639216
vt 0.155960 0.628342
vt 0.926952 0.184975
vt 0.928816 0.167622
vt 0.930793 0.182110
vt 0.924408 0.178395
vt 0.141819 0.563645
vt 0.911659 0.948701
vt 0.747772 0.985535
vt 0.747772 0.978886
vt 0.749388 0.981655
vt 0.799709 0.955437
vt 0.925600 0.743609
vt 0.173596 0.961175
vt 0.016134 0.959754
vt 0.625881 0.689867
vt 0.627823 0.695986
vt 0.559884 0.966900
vt 0.565702 0.970059
vt 0.561208 0.970745
vt 0.619227 0.700426
vt 0.787786 0.901559
vt 0.793009 0.899077
vt 0.144899 0.917737
vt 0.144348 0.925759
vt 0.964298 0.566129
vt 0.962544 0.568188
vt 0.984814 0.344027
vt 0.983448 0.341157
vt 0.985522 0.341157
vt 0.289257 0.987904
vt 0.289257 0.978886
vt 0.291033 0.983630
vt 0.500642 0.824488
vt 0.952092 0.146729
vt 0.783295 0.948191
vt 0.786174 0.950659
vt 0.786485 0.954770
vt 0.983448 0.142217
vt 0.985874 0.139260
vt 0.473969 0.811932
vt 0.470747 0.810621
vt 0.077252 0.985502
vt 0.074479 0.982425
vt 0.077063 0.982930
vt 0.029827 0.984149
vt 0.026277 0.984149
vt 0.028021 0.978886
vt 0.448515 0.962447
vt 0.444279 0.966409
vt 0.448676 0.960025
vt 0.904439 0.400722
vt 0.967593 0.278722
vt 0.969728 0.276254
vt 0.291067 0.719759
vt 0.303340 0.703255
vt 0.307157 0.709521
vt 0.310276 0.702329
vt 0.153664 0.987207
vt 0.151570 0.984239
vt 0.153664 0.978886
vt 0.665102 0.864546
vt 0.661424 0.858506
vt 0.668518 0.865885
vt 0.936240 0.164418
vt 0.615788 0.936105
vt 0.806628 0.945475
vt 0.165195 0.959258
vt 0.166414 0.955027
vt 0.169609 0.957120
vt 0.496888 0.959956
vt 0.503524 0.956373
vt 0.503524 0.967645
vt 0.639415 0.704770
vt 0.317497 0.955112
vt 0.078766 0.917737
vt 0.082183 0.925331
vt 0.611401 0.713783
vt 0.788685 0.896952
vt 0.605838 0.719195
vt 0.958700 0.425509
vt 0.961162 0.429422
vt 0.958700 0.432461
vt 0.133778 0.502979
vt 0.135266 0.500076
vt 0.584847 0.729084
vt 0.582684 0.718007
vt 0.579613 0.721761
vt 0.743830 0.988797
vt 0.744929 0.980419
vt 0.142281 0.931668
vt 0.688013 0.921375
vt 0.690904 0.913884
vt 0.690848 0.923193
vt 0.965818 0.567728
vt 0.694681 0.896820
vt 0.976618 0.669285
vt 0.975825 0.297833
vt 0.975825 0.287202
vt 0.978053 0.289186
vt 0.878902 0.941140
vt 0.878527 0.936265
vt 0.885603 0.932891
vt 0.077252 0.978886
vt 0.907932 0.400529
vt 0.906930 0.403440
vt 0.949313 0.982382
vt 0.946953 0.980772
vt 0.443004 0.965211
vt 0.506198 0.978886
vt 0.508643 0.980714
vt 0.506198 0.984475
vt 0.825367 0.983466
vt 0.823207 0.980435
vt 0.978801 0.869063
vt 0.981147 0.871235
vt 0.978801 0.871948
vt 0.947205 0.734771
vt 0.948452 0.722785
vt 0.955355 0.718075
vt 0.955674 0.316614
vt 0.951368 0.300981
vt 0.958079 0.308836
vt 0.147039 0.594260
vt 0.150316 0.595012
vt 0.936344 0.161568
vt 0.970719 0.696871
vt 0.973010 0.682288
vt 0.685214 0.683257
vt 0.663962 0.696707
vt 0.667802 0.685815
vt 0.657131 0.700086
vt 0.654996 0.696826
vt 0.621266 0.704811
vt 0.560183 0.964038
vt 0.606445 0.703058
vt 0.442883 0.949535
vt 0.441486 0.947263
vt 0.442883 0.929917
vt 0.498567 0.818193
vt 0.702197 0.972521
vt 0.699795 0.973954
vt 0.703497 0.968133
vt 0.445226 0.958026
vt 0.905788 0.389121
vt 0.449557 0.957435
vt 0.283155 0.730240
vt 0.468599 0.805698
vt 0.466417 0.788494
vt 0.471727 0.796014
vt 0.926608 0.030833
vt 0.976452 0.982825
vt 0.976452 0.978886
vt 0.978465 0.982543
vt 0.922668 0.032694
vt 0.917047 0.033581
vt 0.924090 0.029014
vt 0.659842 0.872530
vt 0.654386 0.859369
vt 0.157239 0.607711
vt 0.636750 0.831130
vt 0.636896 0.840219
vt 0.635250 0.829136
vt 0.968235 0.176173
vt 0.968235 0.159304
vt 0.972175 0.165575
vt 0.957746 0.031788
vt 0.952212 0.022467
vt 0.957177 0.024784
vt 0.648310 0.702985
vt 0.143599 0.552742
vt 0.144185 0.548839
vt 0.097617 0.955984
vt 0.096562 0.950781
vt 0.106297 0.958204
vt 0.169774 0.961905
vt 0.318858 0.952433
vt 0.022886 0.970046
vt 0.597804 0.724130
vt 0.137844 0.497329
vt 0.589331 0.727890
vt 0.588174 0.718205
vt 0.862343 0.980803
vt 0.863645 0.978886
vt 0.863645 0.986112
vt 0.886534 0.141678
vt 0.882916 0.144835
vt 0.685214 0.925463
vt 0.693641 0.929908
vt 0.957046 0.361569
vt 0.953238 0.349147
vt 0.956321 0.352101
vt 0.703497 0.976379
vt 0.503171 0.984051
vt 0.505177 0.985710
vt 0.983448 0.142721
vt 0.985155 0.142217
vt 0.985155 0.146462
vt 0.969060 0.981434
vt 0.967261 0.983368
vt 0.923752 0.572170
vt 0.927754 0.576556
vt 0.380429 0.959349
vt 0.380457 0.955366
vt 0.384733 0.956206
vt 0.484404 0.801595
vt 0.911498 0.402816
vt 0.786485 0.935599
vt 0.674315 0.971618
vt 0.677262 0.969860
vt 0.678544 0.973638
vt 0.190884 0.959779
vt 0.194255 0.950715
vt 0.196511 0.959779
vt 0.782191 0.936328
vt 0.778959 0.938874
vt 0.980378 0.877412
vt 0.970285 0.272445
vt 0.899923 0.381330
vt 0.955484 0.713534
vt 0.300142 0.700114
vt 0.913309 0.010406
vt 0.649506 0.821732
vt 0.650455 0.833416
vt 0.633247 0.830076
vt 0.769871 0.985166
vt 0.771121 0.978886
vt 0.771121 0.987320
vt 0.641399 0.815771
vt 0.656705 0.824960
vt 0.149401 0.587151
vt 0.956023 0.017368
vt 0.935350 0.152679
vt 0.930623 0.149065
vt 0.932629 0.144922
vt 0.651191 0.717616
vt 0.695192 0.951351
vt 0.693107 0.961362
vt 0.688870 0.951745
vt 0.106297 0.946469
vt 0.623032 0.705935
vt 0.315186 0.954388
vt 0.565702 0.961546
vt 0.560475 0.958641
vt 0.617284 0.712290
vt 0.618903 0.705399
vt 0.794726 0.894340
vt 0.135000 0.507658
vt 0.132389 0.492428
vt 0.135621 0.493204
vt 0.136119 0.493599
vt 0.974796 0.267883
vt 0.977868 0.269196
vt 0.974747 0.271086
vt 0.984672 0.454760
vt 0.983448 0.457099
vt 0.927630 0.575724
vt 0.927715 0.569686
vt 0.931729 0.576867
vt 0.978000 0.286122
vt 0.377539 0.948765
vt 0.949656 0.133169
vt 0.917773 0.571978
vt 0.915013 0.572892
vt 0.479470 0.798067
vt 0.471901 0.806598
vt 0.910284 0.392839
vt 0.446734 0.952207
vt 0.447824 0.949277
vt 0.286102 0.724204
vt 0.776023 0.967906
vt 0.770781 0.972169
vt 0.579281 0.647432
vt 0.138087 0.942740
vt 0.144402 0.955588
vt 0.144819 0.961954
vt 0.295729 0.708821
vt 0.929838 0.036250
vt 0.957325 0.295562
vt 0.649711 0.844164
vt 0.648584 0.836550
vt 0.160651 0.613383
vt 0.644442 0.837104
vt 0.442450 0.965658
vt 0.435671 0.954805
vt 0.442450 0.949598
vt 0.635723 0.821354
vt 0.951845 0.280753
vt 0.953916 0.276473
vt 0.952959 0.282890
vt 0.632034 0.811953
vt 0.152422 0.575234
vt 0.939446 0.155363
vt 0.150274 0.568220
vt 0.965796 0.785706
vt 0.960565 0.793047
vt 0.960565 0.778168
vt 0.963016 0.774408
vt 0.685214 0.951351
vt 0.104872 0.942924
vt 0.497663 0.955412
vt 0.942097 0.944620
vt 0.938187 0.934084
vt 0.946023 0.940139
vt 0.627429 0.703179
vt 0.956874 0.185228
vt 0.954765 0.179856
vt 0.803399 0.897750
vt 0.798412 0.905405
vt 0.134754 0.504068
vt 0.790045 0.968390
vt 0.792989 0.965170
vt 0.790045 0.974657
vt 0.133789 0.490983
vt 0.878250 0.155933
vt 0.968759 0.592172
vt 0.966745 0.590536
vt 0.699989 0.908358
vt 0.689298 0.907846
vt 0.932820 0.570538
vt 0.275701 0.978886
vt 0.275701 0.984320
vt 0.272700 0.984164
vt 0.984561 0.488244
vt 0.983448 0.489504
vt 0.486327 0.804891
vt 0.493962 0.809332
vt 0.881798 0.920974
vt 0.351941 0.956463
vt 0.354974 0.950827
vt 0.350286 0.946276
vt 0.980910 0.059682
vt 0.978801 0.054687
vt 0.980910 0.048823
vt 0.273538 0.965269
vt 0.268504 0.964960
vt 0.273913 0.959037
vt 0.353824 0.946207
vt 0.443004 0.951617
vt 0.979812 0.952352
vt 0.982857 0.947636
vt 0.475454 0.790152
vt 0.138087 0.963128
vt 0.322585 0.917351
vt 0.323977 0.902758
vt 0.326544 0.913195
vt 0.950847 0.710765
vt 0.917051 0.011204
vt 0.954416 0.286122
vt 0.985341 0.003255
vt 0.983448 0.004125
vt 0.983448 0.000000
vt 0.977940 0.957954
vt 0.975943 0.957674
vt 0.978527 0.955844
vt 0.229629 0.963103
vt 0.225786 0.956554
vt 0.231278 0.958302
vt 0.226835 0.962913
vt 0.643631 0.849822
vt 0.538795 0.974509
vt 0.534133 0.969575
vt 0.538795 0.967336
vt 0.632486 0.843617
vt 0.626613 0.833632
vt 0.626630 0.828151
vt 0.951259 0.047335
vt 0.952070 0.040888
vt 0.958765 0.039069
vt 0.946923 0.275667
vt 0.633306 0.826498
vt 0.969673 0.370509
vt 0.971430 0.386685
vt 0.924408 0.133169
vt 0.628120 0.805228
vt 0.678697 0.688778
vt 0.659603 0.714047
vt 0.146977 0.561743
vt 0.814748 0.652891
vt 0.816433 0.658365
vt 0.814748 0.671757
vt 0.146018 0.555733
vt 0.146554 0.549198
vt 0.146866 0.546017
vt 0.920962 0.974296
vt 0.624189 0.708102
vt 0.313398 0.949944
vt 0.799488 0.893327
vt 0.959571 0.420548
vt 0.590233 0.734373
vt 0.974747 0.263469
vt 0.140441 0.492367
vt 0.529037 0.982629
vt 0.525445 0.982629
vt 0.527070 0.978886
vt 0.887779 0.142344
vt 0.886467 0.145779
vt 0.700242 0.917941
vt 0.700851 0.914926
vt 0.375575 0.953683
vt 0.920884 0.564728
vt 0.916008 0.566684
vt 0.921975 0.780519
vt 0.678544 0.962589
vt 0.885191 0.921515
vt 0.269372 0.957322
vt 0.188039 0.944966
vt 0.358483 0.945022
vt 0.197068 0.942148
vt 0.779201 0.929306
vt 0.783456 0.926199
vt 0.329658 0.927515
vt 0.325865 0.920652
vt 0.329906 0.916273
vt 0.906887 0.381944
vt 0.907773 0.385907
vt 0.985426 0.156074
vt 0.983448 0.152571
vt 0.985426 0.152437
vt 0.313286 0.899879
vt 0.303761 0.969087
vt 0.306408 0.961786
vt 0.306408 0.975390
vt 0.338366 0.899879
vt 0.941891 0.092896
vt 0.934799 0.097351
vt 0.936800 0.075307
vt 0.933728 0.101024
vt 0.929407 0.027238
vt 0.312933 0.691598
vt 0.659033 0.874007
vt 0.649487 0.866010
vt 0.912310 0.003538
vt 0.978527 0.965457
vt 0.630816 0.853474
vt 0.626754 0.863916
vt 0.626215 0.856317
vt 0.958079 0.289306
vt 0.636257 0.844569
vt 0.975488 0.802098
vt 0.977544 0.808202
vt 0.975239 0.809186
vt 0.235094 0.978886
vt 0.235094 0.985966
vt 0.232735 0.979729
vt 0.977435 0.801700
vt 0.957393 0.051291
vt 0.983448 0.314088
vt 0.984469 0.310133
vt 0.984469 0.316181
vt 0.885535 0.576069
vt 0.886041 0.561041
vt 0.888645 0.566552
vt 0.177694 0.987427
vt 0.177694 0.978886
vt 0.179701 0.986068
vt 0.951259 0.031788
vt 0.972062 0.209832
vt 0.967230 0.212283
vt 0.967230 0.200283
vt 0.962858 0.913373
vt 0.956486 0.904706
vt 0.963539 0.910735
vt 0.154828 0.585797
vt 0.150540 0.584093
vt 0.958629 0.671912
vt 0.952733 0.662039
vt 0.958629 0.657004
vt 0.951259 0.006708
vt 0.956162 0.013833
vt 0.953026 0.656252
vt 0.958255 0.649192
vt 0.842839 0.986317
vt 0.842839 0.978886
vt 0.844152 0.982169
vt 0.694230 0.984134
vt 0.694230 0.978886
vt 0.696412 0.980392
vt 0.964570 0.771667
vt 0.950181 0.950548
vt 0.313286 0.953204
vt 0.957738 0.176364
vt 0.317148 0.945395
vt 0.794183 0.972020
vt 0.144867 0.499863
vt 0.883181 0.154772
vt 0.960779 0.577063
vt 0.701814 0.904729
vt 0.498406 0.810199
vt 0.928035 0.556932
vt 0.378687 0.945750
vt 0.924692 0.781965
vt 0.895882 0.833620
vt 0.969096 0.099743
vt 0.969568 0.089385
vt 0.971986 0.088550
vt 0.980839 0.869063
vt 0.978801 0.861722
vt 0.980839 0.859437
vt 0.353851 0.940763
vt 0.751226 0.984717
vt 0.749388 0.980382
vt 0.351357 0.942611
vt 0.966428 0.885326
vt 0.966034 0.881504
vt 0.969614 0.878082
vt 0.577700 0.981578
vt 0.575933 0.986138
vt 0.624571 0.974196
vt 0.627005 0.965361
vt 0.628857 0.974196
vt 0.781158 0.926199
vt 0.781029 0.921825
vt 0.784632 0.916697
vt 0.323109 0.921832
vt 0.786849 0.920246
vt 0.966034 0.871461
vt 0.967153 0.865348
vt 0.333617 0.907146
vt 0.963968 0.095776
vt 0.962139 0.093307
vt 0.963968 0.077702
vt 0.947205 0.705019
vt 0.878527 0.898657
vt 0.879458 0.889942
vt 0.881828 0.894307
vt 0.461783 0.758976
vt 0.456226 0.772921
vt 0.458245 0.763847
vt 0.929838 0.021086
vt 0.624821 0.872904
vt 0.624911 0.856331
vt 0.633606 0.864207
vt 0.635066 0.858117
vt 0.907471 0.596247
vt 0.904741 0.600816
vt 0.901898 0.590693
vt 0.635550 0.851067
vt 0.161351 0.602879
vt 0.894178 0.571866
vt 0.903538 0.575255
vt 0.896318 0.574770
vt 0.905646 0.566302
vt 0.898113 0.561378
vt 0.962917 0.902037
vt 0.905577 0.560586
vt 0.951329 0.262140
vt 0.954757 0.265217
vt 0.923366 0.452594
vt 0.923743 0.448480
vt 0.928650 0.451367
vt 0.894330 0.557824
vt 0.153086 0.578006
vt 0.957746 0.006068
vt 0.951385 0.102380
vt 0.947611 0.090518
vt 0.950840 0.069929
vt 0.941891 0.077413
vt 0.975343 0.818727
vt 0.975238 0.813820
vt 0.978169 0.818431
vt 0.978801 0.063673
vt 0.980723 0.059682
vt 0.980723 0.071574
vt 0.628134 0.715663
vt 0.950181 0.928958
vt 0.490142 0.947409
vt 0.493972 0.945889
vt 0.493075 0.953104
vt 0.975943 0.965457
vt 0.972868 0.961558
vt 0.975943 0.952315
vt 0.496204 0.952144
vt 0.803980 0.891679
vt 0.805428 0.895639
vt 0.896088 0.985082
vt 0.894636 0.980918
vt 0.896088 0.978886
vt 0.610737 0.720030
vt 0.917897 0.547423
vt 0.916557 0.542420
vt 0.922833 0.543184
vt 0.288664 0.915286
vt 0.293076 0.921256
vt 0.286988 0.923389
vt 0.564927 0.982587
vt 0.567135 0.978886
vt 0.567135 0.984755
vt 0.517122 0.984794
vt 0.514825 0.982352
vt 0.517122 0.978886
vt 0.963968 0.101670
vt 0.963968 0.095620
vt 0.968580 0.100653
vt 0.139770 0.501418
vt 0.918568 0.662920
vt 0.918272 0.668039
vt 0.910733 0.662920
vt 0.978801 0.832272
vt 0.980990 0.825866
vt 0.980990 0.834859
vt 0.914959 0.574178
vt 0.921047 0.554831
vt 0.888240 0.920587
vt 0.384733 0.943249
vt 0.401506 0.955212
vt 0.407559 0.952545
vt 0.408165 0.956093
vt 0.969096 0.077702
vt 0.973690 0.766125
vt 0.975377 0.755375
vt 0.976754 0.764391
vt 0.973690 0.758703
vt 0.885815 0.910141
vt 0.878555 0.909012
vt 0.470863 0.781679
vt 0.960839 0.224912
vt 0.966025 0.215005
vt 0.966025 0.236119
vt 0.889756 0.900993
vt 0.462323 0.785748
vt 0.981102 0.132563
vt 0.978801 0.126405
vt 0.981102 0.122763
vt 0.784975 0.893905
vt 0.781200 0.890849
vt 0.785358 0.887042
vt 0.936332 0.068231
vt 0.932239 0.060286
vt 0.775395 0.890363
vt 0.225618 0.952789
vt 0.234154 0.952789
vt 0.165195 0.969726
vt 0.165195 0.961905
vt 0.171443 0.965288
vt 0.911292 0.000000
vt 0.915880 0.003387
vt 0.882683 0.582103
vt 0.889354 0.575149
vt 0.883992 0.587712
vt 0.886335 0.585141
vt 0.517122 0.990014
vt 0.518337 0.985057
vt 0.977544 0.813820
vt 0.160982 0.597736
vt 0.624571 0.840194
vt 0.948288 0.266507
vt 0.972280 0.198974
vt 0.898814 0.551300
vt 0.910733 0.550192
vt 0.952096 0.004056
vt 0.979477 0.591474
vt 0.978801 0.588521
vt 0.982162 0.591384
vt 0.133471 0.986193
vt 0.131175 0.982576
vt 0.133612 0.983430
vt 0.975238 0.822163
vt 0.642556 0.718770
vt 0.644525 0.710877
vt 0.631921 0.724583
vt 0.981443 0.487207
vt 0.982359 0.492622
vt 0.980067 0.486719
vt 0.622742 0.708387
vt 0.620334 0.714956
vt 0.614220 0.719054
vt 0.613779 0.713398
vt 0.801548 0.887042
vt 0.795975 0.887682
vt 0.790643 0.889565
vt 0.293005 0.923768
vt 0.000045 0.965416
vt 0.003723 0.963849
vt 0.003457 0.966719
vt 0.003723 0.975227
vt 0.603965 0.727341
vt 0.598269 0.731185
vt 0.150729 0.491914
vt 0.044564 0.972371
vt 0.043522 0.963157
vt 0.047152 0.966494
vt 0.492842 0.802766
vt 0.518337 0.983087
vt 0.521444 0.978886
vt 0.521555 0.983087
vt 0.912167 0.554466
vt 0.910733 0.562472
vt 0.918080 0.560728
vt 0.983448 0.466174
vt 0.984830 0.464184
vt 0.984830 0.467577
vt 0.976002 0.639529
vt 0.978173 0.647871
vt 0.976002 0.650928
vt 0.348902 0.932078
vt 0.959568 0.099317
vt 0.961937 0.099843
vt 0.476687 0.798247
vt 0.481885 0.789210
vt 0.154740 0.978365
vt 0.154740 0.969370
vt 0.157707 0.975193
vt 0.775248 0.914791
vt 0.887302 0.907799
vt 0.626356 0.988182
vt 0.625030 0.982497
vt 0.626356 0.978886
vt 0.476759 0.770779
vt 0.042624 0.932908
vt 0.044443 0.926718
vt 0.044022 0.943934
vt 0.928998 0.110179
vt 0.772315 0.903194
vt 0.934753 0.071732
vt 0.660836 0.881930
vt 0.655498 0.881661
vt 0.651037 0.872286
vt 0.971747 0.435120
vt 0.968404 0.442962
vt 0.633422 0.874250
vt 0.965391 0.820393
vt 0.970955 0.825004
vt 0.965391 0.833091
vt 0.627552 0.851068
vt 0.884039 0.590348
vt 0.888323 0.595865
vt 0.855052 0.971348
vt 0.849611 0.971348
vt 0.852708 0.962850
vt 0.901034 0.575147
vt 0.900491 0.586695
vt 0.903072 0.581635
vt 0.811867 0.990255
vt 0.810986 0.987558
vt 0.811867 0.978886
vt 0.912231 0.708204
vt 0.918836 0.714588
vt 0.918766 0.720397
vt 0.958000 0.899643
vt 0.910858 0.447670
vt 0.921150 0.442222
vt 0.455066 0.983630
vt 0.457436 0.982698
vt 0.457436 0.984846
vt 0.982162 0.585341
vt 0.952966 0.639529
vt 0.946382 0.064930
vt 0.948940 0.390923
vt 0.947997 0.389382
vt 0.955259 0.383171
vt 0.651814 0.711811
vt 0.948419 0.379639
vt 0.950038 0.376667
vt 0.951429 0.373383
vt 0.944746 0.542552
vt 0.955435 0.540878
vt 0.954778 0.547780
vt 0.625295 0.716012
vt 0.128896 0.970163
vt 0.126475 0.967947
vt 0.124441 0.961770
vt 0.295203 0.928290
vt 0.982023 0.929537
vt 0.978801 0.934160
vt 0.978801 0.928203
vt 0.915274 0.666742
vt 0.143856 0.492265
vt 0.966067 0.537827
vt 0.964274 0.530462
vt 0.967944 0.536766
vt 0.959475 0.345659
vt 0.953238 0.334834
vt 0.957077 0.332939
vt 0.933001 0.556009
vt 0.907281 0.973557
vt 0.907545 0.968204
vt 0.911659 0.963907
vt 0.971931 0.069139
vt 0.969305 0.071963
vt 0.969813 0.067321
vt 0.970093 0.768837
vt 0.973043 0.765231
vt 0.973689 0.770289
vt 0.691552 0.983833
vt 0.689231 0.982382
vt 0.490555 0.795219
vt 0.931017 0.771667
vt 0.485217 0.790156
vt 0.405182 0.949812
vt 0.957702 0.093226
vt 0.483011 0.785150
vt 0.569975 0.948420
vt 0.568504 0.956498
vt 0.568504 0.934963
vt 0.961895 0.083696
vt 0.915816 0.957867
vt 0.911659 0.949946
vt 0.919097 0.950334
vt 0.915082 0.934569
vt 0.766227 0.893402
vt 0.768501 0.888980
vt 0.770432 0.895351
vt 0.649985 0.880263
vt 0.628075 0.882055
vt 0.640891 0.868276
vt 0.643590 0.865632
vt 0.899815 0.605370
vt 0.898030 0.601178
vt 0.915595 0.742718
vt 0.902540 0.740994
vt 0.912022 0.737797
vt 0.956258 0.055903
vt 0.684342 0.932913
vt 0.682505 0.933212
vt 0.680993 0.929056
vt 0.455961 0.978886
vt 0.952607 0.000000
vt 0.983448 0.274868
vt 0.985992 0.274079
vt 0.985992 0.276687
vt 0.128896 0.961770
vt 0.122888 0.941959
vt 0.128896 0.949084
vt 0.121383 0.958067
vt 0.348636 0.970626
vt 0.343831 0.964726
vt 0.346523 0.962119
vt 0.638974 0.723664
vt 0.935810 0.411758
vt 0.930993 0.399028
vt 0.941725 0.406877
vt 0.948772 0.532119
vt 0.487966 0.933216
vt 0.496204 0.935201
vt 0.484538 0.940564
vt 0.985748 0.282716
vt 0.984503 0.285541
vt 0.983448 0.282716
vt 0.421890 0.947679
vt 0.426414 0.946607
vt 0.423393 0.949134
vt 0.984585 0.030564
vt 0.983448 0.029585
vt 0.124441 0.972962
vt 0.922833 0.550164
vt 0.596351 0.737274
vt 0.968317 0.542117
vt 0.305513 0.983887
vt 0.305513 0.978886
vt 0.308691 0.979552
vt 0.492767 0.799552
vt 0.949469 0.357693
vt 0.952494 0.363427
vt 0.945505 0.368028
vt 0.967093 0.723109
vt 0.961285 0.715847
vt 0.967093 0.705019
vt 0.924493 0.775033
vt 0.399949 0.950471
vt 0.978801 0.367384
vt 0.979062 0.360866
vt 0.982097 0.367384
vt 0.128084 0.984656
vt 0.131175 0.979268
vt 0.889252 0.911703
vt 0.971732 0.063733
vt 0.969305 0.057581
vt 0.888495 0.908759
vt 0.579232 0.844064
vt 0.576300 0.835774
vt 0.579232 0.834936
vt 0.703367 0.982762
vt 0.700413 0.982762
vt 0.701995 0.978886
vt 0.786849 0.899371
vt 0.042771 0.944602
vt 0.038988 0.931687
vt 0.919374 0.935170
vt 0.645654 0.891014
vt 0.640685 0.883640
vt 0.911659 0.930741
vt 0.913318 0.771667
vt 0.906150 0.761588
vt 0.912520 0.758972
vt 0.878532 0.612002
vt 0.886573 0.608700
vt 0.883603 0.616698
vt 0.902057 0.833099
vt 0.908184 0.827068
vt 0.908184 0.833329
vt 0.903284 0.612031
vt 0.901753 0.612411
vt 0.914186 0.724779
vt 0.321212 0.824471
vt 0.327726 0.819367
vt 0.339672 0.834611
vt 0.963539 0.893310
vt 0.979358 0.194789
vt 0.978801 0.190214
vt 0.981878 0.193320
vt 0.124059 0.978886
vt 0.126732 0.982476
vt 0.124059 0.985571
vt 0.348636 0.955037
vt 0.967217 0.737929
vt 0.961285 0.732783
vt 0.967217 0.723109
vt 0.854576 0.962850
vt 0.854891 0.954746
vt 0.857528 0.951394
vt 0.969403 0.928075
vt 0.973200 0.915974
vt 0.855592 0.946509
vt 0.941247 0.431113
vt 0.929715 0.432808
vt 0.939799 0.423506
vt 0.849611 0.945537
vt 0.849611 0.957693
vt 0.956554 0.398055
vt 0.441486 0.938252
vt 0.441140 0.945983
vt 0.438977 0.935326
vt 0.428860 0.949598
vt 0.065963 0.947613
vt 0.072232 0.949718
vt 0.065963 0.964058
vt 0.619737 0.725216
vt 0.428627 0.953829
vt 0.616581 0.724956
vt 0.983448 0.471813
vt 0.984485 0.470562
vt 0.984485 0.475050
vt 0.142794 0.503850
vt 0.143483 0.500871
vt 0.147600 0.503472
vt 0.916288 0.672077
vt 0.963208 0.543025
vt 0.963208 0.533101
vt 0.890092 0.152936
vt 0.327431 0.983824
vt 0.330595 0.983030
vt 0.907281 0.963010
vt 0.927837 0.553604
vt 0.396835 0.956093
vt 0.962930 0.127515
vt 0.958577 0.130337
vt 0.962981 0.130088
vt 0.973689 0.755375
vt 0.857665 0.939989
vt 0.861923 0.943148
vt 0.857665 0.956541
vt 0.893411 0.915704
vt 0.975605 0.712446
vt 0.977549 0.702052
vt 0.977549 0.716267
vt 0.976762 0.576842
vt 0.974510 0.575438
vt 0.976762 0.563502
vt 0.980945 0.750543
vt 0.982544 0.745566
vt 0.982759 0.750632
vt 0.980082 0.746324
vt 0.973283 0.063372
vt 0.452702 0.984861
vt 0.452702 0.978886
vt 0.455066 0.980279
vt 0.980768 0.459307
vt 0.978801 0.454627
vt 0.982322 0.460620
vt 0.488838 0.782239
vt 0.982322 0.454630
vt 0.759286 0.900988
vt 0.647626 0.896773
vt 0.636125 0.884903
vt 0.035484 0.921192
vt 0.048433 0.927937
vt 0.469519 0.760982
vt 0.457436 0.983716
vt 0.458864 0.978886
vt 0.458864 0.988767
vt 0.975710 0.726590
vt 0.977727 0.718521
vt 0.977727 0.731649
vt 0.317991 0.885533
vt 0.317259 0.873437
vt 0.317974 0.878382
vt 0.884290 0.603679
vt 0.902967 0.615999
vt 0.927028 0.009939
vt 0.313286 0.853444
vt 0.318559 0.848347
vt 0.318118 0.869512
vt 0.893140 0.603612
vt 0.975882 0.141336
vt 0.973289 0.143477
vt 0.973289 0.130361
vt 0.319158 0.843579
vt 0.313286 0.831589
vt 0.401661 0.976942
vt 0.399194 0.968748
vt 0.402724 0.968748
vt 0.589724 0.966941
vt 0.591118 0.969316
vt 0.588116 0.973355
vt 0.727589 0.955583
vt 0.722893 0.954550
vt 0.729200 0.950140
vt 0.981878 0.187511
vt 0.718874 0.943566
vt 0.904160 0.441332
vt 0.850722 0.961882
vt 0.533959 0.968675
vt 0.528740 0.963711
vt 0.533959 0.952807
vt 0.956554 0.388625
vt 0.651883 0.723196
vt 0.929628 0.422341
vt 0.441116 0.929917
vt 0.069592 0.944502
vt 0.430776 0.932537
vt 0.277305 0.940187
vt 0.282958 0.935591
vt 0.283543 0.941140
vt 0.280455 0.929103
vt 0.283329 0.926035
vt 0.279954 0.920133
vt 0.285819 0.923830
vt 0.609839 0.726654
vt 0.608012 0.730153
vt 0.150738 0.506687
vt 0.152502 0.493957
vt 0.396785 0.964448
vt 0.393252 0.968840
vt 0.393252 0.959476
vt 0.888914 0.155568
vt 0.969983 0.598281
vt 0.954961 0.246152
vt 0.958490 0.244019
vt 0.958490 0.249471
vt 0.953662 0.248303
vt 0.025999 0.976396
vt 0.023114 0.978263
vt 0.023114 0.970046
vt 0.931037 0.550192
vt 0.924266 0.551710
vt 0.760305 0.919397
vt 0.764624 0.917227
vt 0.764900 0.923482
vt 0.726597 0.982767
vt 0.725936 0.978886
vt 0.794192 0.978886
vt 0.796213 0.981206
vt 0.794192 0.983894
vt 0.974150 0.193237
vt 0.974150 0.176364
vt 0.976048 0.184845
vt 0.985786 0.250025
vt 0.984823 0.252946
vt 0.983448 0.250025
vt 0.594923 0.974772
vt 0.597392 0.973625
vt 0.594759 0.978196
vt 0.893189 0.907775
vt 0.973201 0.567728
vt 0.969306 0.565424
vt 0.971995 0.563972
vt 0.946952 0.342571
vt 0.770465 0.920471
vt 0.772230 0.914122
vt 0.235094 0.982265
vt 0.237529 0.985745
vt 0.039433 0.943750
vt 0.758841 0.910145
vt 0.764666 0.899186
vt 0.767554 0.902771
vt 0.488342 0.774278
vt 0.480697 0.769110
vt 0.031934 0.933443
vt 0.031934 0.917737
vt 0.907972 0.630355
vt 0.900877 0.631489
vt 0.904690 0.625727
vt 0.897394 0.621124
vt 0.903878 0.752580
vt 0.894075 0.608839
vt 0.895724 0.889942
vt 0.895724 0.901591
vt 0.893411 0.898038
vt 0.970379 0.881932
vt 0.969614 0.865347
vt 0.972333 0.882260
vt 0.942670 0.414400
vt 0.332693 0.773318
vt 0.337137 0.769121
vt 0.336232 0.780695
vt 0.421890 0.965278
vt 0.625669 0.729942
vt 0.619837 0.737216
vt 0.697336 0.978167
vt 0.699758 0.970469
vt 0.428860 0.935405
vt 0.644212 0.978886
vt 0.646300 0.982401
vt 0.644212 0.984679
vt 0.279237 0.926228
vt 0.274756 0.922793
vt 0.274127 0.916908
vt 0.617678 0.734187
vt 0.291108 0.934250
vt 0.610380 0.733125
vt 0.603449 0.740256
vt 0.396001 0.973619
vt 0.144899 0.942739
vt 0.700490 0.931960
vt 0.692788 0.935690
vt 0.758287 0.915925
vt 0.761746 0.915865
vt 0.494311 0.982759
vt 0.496116 0.978886
vt 0.497848 0.982759
vt 0.983448 0.439161
vt 0.984148 0.435170
vt 0.984148 0.442393
vt 0.092128 0.986695
vt 0.092128 0.978886
vt 0.094455 0.983101
vt 0.405128 0.943287
vt 0.765459 0.921893
vt 0.862561 0.956908
vt 0.866697 0.941918
vt 0.759943 0.911977
vt 0.594759 0.968159
vt 0.863486 0.935268
vt 0.756910 0.908239
vt 0.953238 0.352662
vt 0.973201 0.553253
vt 0.038324 0.945720
vt 0.908990 0.654369
vt 0.903101 0.654473
vt 0.910733 0.634838
vt 0.091513 0.946547
vt 0.096562 0.960287
vt 0.945505 0.332939
vt 0.896260 0.644108
vt 0.892387 0.627698
vt 0.477895 0.762179
vt 0.329556 0.883033
vt 0.896590 0.727145
vt 0.983448 0.422598
vt 0.984913 0.420010
vt 0.984913 0.423594
vt 0.923343 0.429654
vt 0.195520 0.924277
vt 0.197380 0.919306
vt 0.197380 0.941381
vt 0.928650 0.427663
vt 0.903324 0.974640
vt 0.903324 0.963010
vt 0.907281 0.967231
vt 0.274127 0.936243
vt 0.145976 0.981220
vt 0.143291 0.985389
vt 0.143291 0.978886
vt 0.980810 0.611701
vt 0.978801 0.609694
vt 0.980810 0.601468
vt 0.948738 0.977427
vt 0.951421 0.968877
vt 0.951988 0.977427
vt 0.155932 0.497464
vt 0.973035 0.537157
vt 0.968318 0.541984
vt 0.972245 0.530462
vt 0.891942 0.148640
vt 0.897987 0.157897
vt 0.893527 0.158975
vt 0.157273 0.488588
vt 0.345736 0.982614
vt 0.343456 0.985635
vt 0.902246 0.664496
vt 0.983448 0.449923
vt 0.983448 0.445108
vt 0.984478 0.448438
vt 0.033926 0.941631
vt 0.890319 0.619025
vt 0.337236 0.846936
vt 0.924921 0.435231
vt 0.969614 0.885507
vt 0.655717 0.733416
vt 0.165195 0.512294
vt 0.153636 0.516571
vt 0.614296 0.735980
vt 0.155159 0.503864
vt 0.707148 0.910117
vt 0.925624 0.131885
vt 0.911224 0.125534
vt 0.925624 0.117253
vt 0.588116 0.959242
vt 0.607535 0.738406
vt 0.973035 0.544196
vt 0.880802 0.168459
vt 0.875653 0.155640
vt 0.704556 0.921298
vt 0.876539 0.169848
vt 0.872179 0.178298
vt 0.871035 0.171621
vt 0.946923 0.249725
vt 0.342154 0.764086
vt 0.602218 0.744004
vt 0.161235 0.493868
vt 0.890511 0.165376
vt 0.833574 0.963527
vt 0.828761 0.951741
vt 0.306228 0.813577
vt 0.308535 0.817907
vt 0.306774 0.826447
vt 0.908339 0.691444
vt 0.915467 0.672100
vt 0.917310 0.681032
vt 0.610643 0.747756
vt 0.616994 0.751757
vt 0.589841 0.956420
vt 0.361910 0.785512
vt 0.162784 0.501809
vt 0.966689 0.549040
vt 0.887262 0.169799
vt 0.873448 0.199442
vt 0.871035 0.188856
vt 0.877683 0.195299
vt 0.891007 0.381330
vt 0.893472 0.342547
vt 0.916036 0.349412
vt 0.892528 0.771653
vt 0.357464 0.815412
vt 0.959475 0.369113
vt 0.964030 0.361481
vt 0.934155 0.332836
vt 0.937834 0.327057
vt 0.938904 0.332836
vt 0.886717 0.177750
vt 0.912514 0.372379
vt 0.339445 0.896684
vt 0.891517 0.757405
vt 0.339313 0.864607
vt 0.971687 0.507999
vt 0.968555 0.517589
vt 0.968555 0.497119
vt 0.680993 0.961061
vt 0.643561 0.746461
vt 0.344781 0.758976
vt 0.741822 0.938140
vt 0.731123 0.938786
vt 0.731039 0.931113
vt 0.413446 0.961666
vt 0.419616 0.968483
vt 0.465356 0.970383
vt 0.459481 0.964864
vt 0.465356 0.962242
vt 0.900843 0.166413
vt 0.971335 0.243678
vt 0.974294 0.233528
vt 0.337627 0.878455
vt 0.896712 0.709405
vt 0.894664 0.914727
vt 0.682463 0.962956
vt 0.197511 0.919306
vt 0.199905 0.921412
vt 0.197511 0.948687
vt 0.890545 0.689486
vt 0.905111 0.672100
vt 0.946106 0.453758
vt 0.945204 0.459539
vt 0.936732 0.452594
vt 0.891007 0.332939
vt 0.913052 0.340898
vt 0.890719 0.743268
vt 0.228899 0.909579
vt 0.226845 0.895349
vt 0.228899 0.877691
vt 0.744125 0.923611
vt 0.744125 0.950297
vt 0.933045 0.833620
vt 0.944625 0.854869
vt 0.940893 0.855089
vt 0.621950 0.765002
vt 0.611364 0.767496
vt 0.935798 0.466553
vt 0.898993 0.175856
vt 0.881121 0.191270
vt 0.349801 0.840856
vt 0.309729 0.835697
vt 0.200324 0.935676
vt 0.365901 0.811037
vt 0.732888 0.926142
vt 0.570157 0.941121
vt 0.579142 0.953292
vt 0.570157 0.960044
vt 0.944838 0.475316
vt 0.638685 0.751365
vt 0.905697 0.185444
vt 0.977015 0.423279
vt 0.977015 0.435485
vt 0.974488 0.431612
vt 0.923250 0.535467
vt 0.930067 0.536353
vt 0.349587 0.852609
vt 0.925908 0.406902
vt 0.349573 0.827994
vt 0.621196 0.787191
vt 0.618354 0.783714
vt 0.468772 0.931157
vt 0.480332 0.931840
vt 0.945979 0.487027
vt 0.948515 0.474555
vt 0.948515 0.467011
vt 0.897409 0.181791
vt 0.965391 0.820416
vt 0.961624 0.831060
vt 0.887654 0.189041
vt 0.978801 0.183113
vt 0.980965 0.177147
vt 0.980965 0.187511
vt 0.677097 0.744602
vt 0.665043 0.751105
vt 0.640749 0.792040
vt 0.881678 0.202763
vt 0.919551 0.355044
vt 0.918393 0.345366
vt 0.938187 0.927738
vt 0.938187 0.910828
vt 0.943351 0.920510
vt 0.889958 0.714939
vt 0.479992 0.925554
vt 0.942959 0.928958
vt 0.305678 0.679392
vt 0.310557 0.678162
vt 0.303347 0.691098
vt 0.890414 0.200312
vt 0.889427 0.204987
vt 0.345026 0.899879
vt 0.345008 0.892140
vt 0.891406 0.698078
vt 0.480332 0.949179
vt 0.896733 0.205881
vt 0.900873 0.201589
vt 0.149854 0.949476
vt 0.147880 0.941099
vt 0.156123 0.952389
vt 0.928433 0.521724
vt 0.158239 0.952678
vt 0.156224 0.938210
vt 0.165195 0.940155
vt 0.349212 0.869346
vt 0.788183 0.887042
vt 0.781975 0.875619
vt 0.795409 0.881526
vt 0.611825 0.799340
vt 0.639301 0.805228
vt 0.643136 0.769508
vt 0.893748 0.194701
vt 0.946587 0.921964
vt 0.922078 0.524250
vt 0.756910 0.884445
vt 0.766289 0.878478
vt 0.770321 0.886257
vt 0.795832 0.876800
vt 0.804842 0.886783
vt 0.895219 0.924632
vt 0.309368 0.846851
vt 0.306228 0.849446
vt 0.972868 0.961797
vt 0.969479 0.955118
vt 0.970715 0.952316
vt 0.938229 0.901077
vt 0.943436 0.906860
vt 0.945970 0.916264
vt 0.353066 0.886204
vt 0.349892 0.875860
vt 0.934154 0.520264
vt 0.805740 0.876351
vt 0.354708 0.839665
vt 0.928650 0.409916
vt 0.200043 0.955343
vt 0.313257 0.668128
vt 0.305591 0.672707
vt 0.363746 0.820118
vt 0.376372 0.795324
vt 0.155529 0.936020
vt 0.962221 0.012191
vt 0.957746 0.010456
vt 0.954709 0.883969
vt 0.953357 0.890236
vt 0.952613 0.879521
vt 0.957702 0.059982
vt 0.964618 0.069943
vt 0.957702 0.077702
vt 0.929877 0.509261
vt 0.358564 0.859811
vt 0.795069 0.860901
vt 0.669888 0.959548
vt 0.664464 0.968996
vt 0.664464 0.953448
vt 0.954135 0.873301
vt 0.323651 0.935789
vt 0.322430 0.928168
vt 0.327813 0.930994
vt 0.284533 0.951366
vt 0.274127 0.941140
vt 0.286931 0.950130
vt 0.680821 0.750924
vt 0.684642 0.742980
vt 0.946345 0.902911
vt 0.943214 0.893310
vt 0.144899 0.935042
vt 0.148844 0.932939
vt 0.352607 0.896426
vt 0.360217 0.880150
vt 0.160670 0.932081
vt 0.925351 0.505684
vt 0.158131 0.925154
vt 0.295203 0.953831
vt 0.787236 0.860291
vt 0.274127 0.954126
vt 0.969479 0.968508
vt 0.326998 0.934559
vt 0.958728 0.665756
vt 0.964221 0.667891
vt 0.958629 0.671956
vt 0.517147 0.938817
vt 0.517147 0.959071
vt 0.508279 0.944997
vt 0.675170 0.760091
vt 0.656607 0.761077
vt 0.649805 0.795447
vt 0.950431 0.914592
vt 0.818445 0.918705
vt 0.805740 0.934885
vt 0.810898 0.919580
vt 0.916557 0.510843
vt 0.771373 0.868660
vt 0.361055 0.847169
vt 0.958886 0.021938
vt 0.827187 0.984313
vt 0.827187 0.978886
vt 0.828339 0.981598
vt 0.963939 0.019574
vt 0.857665 0.956908
vt 0.865137 0.964137
vt 0.857665 0.966634
vt 0.799169 0.850718
vt 0.804084 0.851480
vt 0.314998 0.942701
vt 0.319848 0.931297
vt 0.983448 0.194275
vt 0.984269 0.187430
vt 0.984269 0.196005
vt 0.210577 0.974475
vt 0.210577 0.964540
vt 0.214745 0.970095
vt 0.984556 0.128138
vt 0.983448 0.124651
vt 0.984556 0.121520
vt 0.974975 0.389298
vt 0.971430 0.382271
vt 0.973620 0.384544
vt 0.800507 0.844283
vt 0.951611 0.871254
vt 0.317482 0.927515
vt 0.313286 0.929293
vt 0.798760 0.942290
vt 0.796706 0.951201
vt 0.792406 0.948383
vt 0.786868 0.951684
vt 0.838052 0.942553
vt 0.839065 0.936138
vt 0.845517 0.936757
vt 0.373516 0.816910
vt 0.145546 0.921997
vt 0.156123 0.926088
vt 0.155295 0.917737
vt 0.354345 0.866732
vt 0.925785 0.498733
vt 0.161376 0.922840
vt 0.165195 0.923990
vt 0.829009 0.983481
vt 0.707148 0.959344
vt 0.712825 0.968038
vt 0.709737 0.968076
vt 0.316868 0.944440
vt 0.313286 0.945395
vt 0.708042 0.957453
vt 0.977331 0.067767
vt 0.975548 0.065271
vt 0.978283 0.062208
vt 0.464157 0.986104
vt 0.462205 0.981191
vt 0.464157 0.978886
vt 0.795605 0.848183
vt 0.944625 0.873613
vt 0.844722 0.943902
vt 0.839433 0.945937
vt 0.029827 0.987548
vt 0.030077 0.981984
vt 0.031982 0.984101
vt 0.805740 0.844513
vt 0.963968 0.085352
vt 0.969096 0.095620
vt 0.613425 0.952108
vt 0.613425 0.968788
vt 0.608449 0.962146
vt 0.810880 0.909666
vt 0.818101 0.912914
vt 0.805740 0.900937
vt 0.814965 0.901156
vt 0.016134 0.917737
vt 0.012476 0.934491
vt 0.000838 0.922069
vt 0.360996 0.862847
vt 0.161648 0.917737
vt 0.893411 0.932416
vt 0.893796 0.924632
vt 0.895344 0.930187
vt 0.847349 0.935928
vt 0.850196 0.935583
vt 0.845517 0.936540
vt 0.847490 0.926422
vt 0.120726 0.983903
vt 0.122177 0.978886
vt 0.122177 0.991224
vt 0.441894 0.929539
vt 0.439409 0.929863
vt 0.438472 0.926230
vt 0.438695 0.917332
vt 0.442336 0.918126
vt 0.841024 0.957491
vt 0.931252 0.972703
vt 0.936091 0.966429
vt 0.934076 0.971476
vt 0.786849 0.943788
vt 0.243292 0.954498
vt 0.240446 0.949134
vt 0.243919 0.953383
vt 0.248695 0.940337
vt 0.962425 0.057581
vt 0.003098 0.926123
vt 0.000000 0.931509
vt 0.833574 0.969157
vt 0.833574 0.951741
vt 0.837843 0.953974
vt 0.364052 0.855088
vt 0.778569 0.859345
vt 0.893411 0.939172
vt 0.984312 0.405812
vt 0.983448 0.407349
vt 0.851865 0.941824
vt 0.822669 0.986300
vt 0.821433 0.986909
vt 0.712825 0.952901
vt 0.974691 0.332859
vt 0.977272 0.322457
vt 0.977532 0.332859
vt 0.790045 0.968642
vt 0.786760 0.976321
vt 0.786760 0.965170
vt 0.310469 0.654073
vt 0.313276 0.650904
vt 0.313276 0.661907
vt 0.845517 0.950318
vt 0.439314 0.914791
vt 0.313249 0.644969
vt 0.192913 0.966147
vt 0.196935 0.967457
vt 0.198215 0.971063
vt 0.978801 0.797426
vt 0.978801 0.790723
vt 0.981774 0.792518
vt 0.194672 0.959779
vt 0.976060 0.152224
vt 0.978531 0.150323
vt 0.978788 0.154674
vt 0.441240 0.908321
vt 0.400842 0.979332
vt 0.402594 0.978886
vt 0.402594 0.987329
vt 0.198215 0.960681
vt 0.066859 0.986342
vt 0.069329 0.983929
vt 0.055928 0.981190
vt 0.053749 0.987363
vt 0.967921 0.065085
vt 0.967968 0.073440
vt 0.964618 0.076207
vt 0.978801 0.801165
vt 0.980974 0.797426
vt 0.980974 0.806573
vt 0.798760 0.930869
vt 0.824074 0.917137
vt 0.002918 0.938401
vt 0.366170 0.968186
vt 0.359552 0.963062
vt 0.365458 0.962166
vt 0.360318 0.858756
vt 0.370744 0.863666
vt 0.371597 0.854248
vt 0.780001 0.853842
vt 0.370056 0.850067
vt 0.367395 0.846059
vt 0.895878 0.933570
vt 0.306165 0.852293
vt 0.309729 0.850968
vt 0.309729 0.859672
vt 0.308359 0.849446
vt 0.850720 0.918890
vt 0.559872 0.958918
vt 0.559872 0.973988
vt 0.556753 0.968535
vt 0.845038 0.957237
vt 0.839091 0.959807
vt 0.975548 0.057581
vt 0.168419 0.986912
vt 0.166263 0.979432
vt 0.471516 0.977463
vt 0.471516 0.971971
vt 0.474775 0.975000
vt 0.976060 0.159159
vt 0.927560 0.403840
vt 0.718710 0.964455
vt 0.723612 0.969354
vt 0.978801 0.031143
vt 0.980204 0.029795
vt 0.029827 0.978886
vt 0.944141 0.983780
vt 0.942416 0.980259
vt 0.290518 0.970008
vt 0.291657 0.971000
vt 0.287597 0.971927
vt 0.438472 0.903773
vt 0.969060 0.979822
vt 0.971021 0.982972
vt 0.482960 0.985904
vt 0.484676 0.986907
vt 0.286931 0.966119
vt 0.289652 0.965650
vt 0.984641 0.490194
vt 0.978801 0.305019
vt 0.980674 0.294626
vt 0.980674 0.306209
vt 0.965908 0.061338
vt 0.787066 0.934373
vt 0.671254 0.801664
vt 0.666147 0.793990
vt 0.667240 0.773924
vt 0.663379 0.781398
vt 0.274236 0.970790
vt 0.278173 0.956219
vt 0.278332 0.964265
vt 0.274236 0.954126
vt 0.345736 0.984747
vt 0.345736 0.978886
vt 0.348360 0.979682
vt 0.361812 0.958539
vt 0.366170 0.957243
vt 0.564864 0.949558
vt 0.562014 0.958641
vt 0.559884 0.956532
vt 0.786305 0.857050
vt 0.976159 0.689419
vt 0.978123 0.680856
vt 0.978123 0.692977
vt 0.118579 0.983451
vt 0.116837 0.989171
vt 0.952847 0.972597
vt 0.956656 0.968134
vt 0.956656 0.976088
vt 0.854490 0.940952
vt 0.807616 0.971112
vt 0.805664 0.964562
vt 0.809650 0.971302
vt 0.857528 0.945537
vt 0.854716 0.917185
vt 0.972333 0.882598
vt 0.972333 0.865348
vt 0.974749 0.873802
vt 0.854550 0.914881
vt 0.969817 0.323236
vt 0.965952 0.314570
vt 0.968030 0.313758
vt 0.802407 0.963809
vt 0.805664 0.955437
vt 0.848985 0.908226
vt 0.857528 0.913144
vt 0.854566 0.909120
vt 0.973879 0.376468
vt 0.974975 0.379182
vt 0.585616 0.985575
vt 0.583715 0.985575
vt 0.583964 0.978886
vt 0.800590 0.837301
vt 0.799079 0.835385
vt 0.801701 0.833009
vt 0.796929 0.833589
vt 0.980786 0.268652
vt 0.978801 0.267826
vt 0.980786 0.257652
vt 0.977598 0.940779
vt 0.875371 0.955588
vt 0.866697 0.949372
vt 0.875371 0.942610
vt 0.251071 0.943901
vt 0.584873 0.974861
vt 0.587947 0.978349
vt 0.012563 0.970977
vt 0.015920 0.969535
vt 0.015920 0.975362
vt 0.970169 0.850207
vt 0.968806 0.853420
vt 0.965429 0.853698
vt 0.923777 0.984144
vt 0.922131 0.980857
vt 0.923777 0.978886
vt 0.449216 0.981504
vt 0.451151 0.986194
vt 0.372937 0.988333
vt 0.372937 0.978886
vt 0.374540 0.981541
vt 0.713075 0.979946
vt 0.716417 0.978886
vt 0.716417 0.982287
vt 0.969305 0.062188
vt 0.964618 0.058168
vt 0.966398 0.057581
vt 0.016134 0.940951
vt 0.007270 0.946502
vt 0.822599 0.903928
vt 0.000438 0.942464
vt 0.968133 0.102380
vt 0.972218 0.106822
vt 0.968133 0.111808
vt 0.972628 0.109290
vt 0.788655 0.850461
vt 0.965429 0.856944
vt 0.960431 0.846495
vt 0.962868 0.844938
vt 0.793852 0.846046
vt 0.809650 0.959195
vt 0.965429 0.833620
vt 0.247327 0.971922
vt 0.244103 0.976322
vt 0.244103 0.968633
vt 0.965952 0.332765
vt 0.477686 0.958554
vt 0.479425 0.957419
vt 0.480439 0.971552
vt 0.806373 0.958897
vt 0.246019 0.966034
vt 0.230765 0.987370
vt 0.232735 0.983414
vt 0.472476 0.969822
vt 0.813016 0.987596
vt 0.811867 0.983679
vt 0.813016 0.978886
vt 0.799709 0.959511
vt 0.797281 0.837279
vt 0.974615 0.980196
vt 0.972831 0.983374
vt 0.972831 0.978886
vt 0.291657 0.960243
vt 0.978759 0.697257
vt 0.976159 0.701887
vt 0.976159 0.692977
vt 0.013719 0.962554
vt 0.869891 0.957741
vt 0.676430 0.762242
vt 0.673603 0.765323
vt 0.883169 0.982355
vt 0.883169 0.978886
vt 0.885802 0.982016
vt 0.671218 0.797929
vt 0.672896 0.799688
vt 0.984924 0.256926
vt 0.984924 0.261509
vt 0.983448 0.257959
vt 0.307718 0.914421
vt 0.306144 0.909705
vt 0.312492 0.913022
vt 0.568504 0.946411
vt 0.379425 0.862474
vt 0.773114 0.862948
vt 0.765944 0.850611
vt 0.371447 0.842168
vt 0.480439 0.951093
vt 0.783122 0.843761
vt 0.798734 0.844788
vt 0.225235 0.969274
vt 0.220951 0.973405
vt 0.791582 0.834708
vt 0.809614 0.955437
vt 0.518534 0.973337
vt 0.514815 0.970533
vt 0.518534 0.959071
vt 0.431666 0.967768
vt 0.428874 0.976873
vt 0.428874 0.965912
vt 0.945505 0.368199
vt 0.950420 0.368199
vt 0.949473 0.373383
vt 0.977995 0.833620
vt 0.977995 0.846111
vt 0.976050 0.841311
vt 0.969391 0.267479
vt 0.969391 0.249725
vt 0.972555 0.256546
vt 0.969265 0.338837
vt 0.971545 0.338248
vt 0.968426 0.353695
vt 0.369445 0.957243
vt 0.369445 0.972010
vt 0.366170 0.963497
vt 0.970169 0.865055
vt 0.978801 0.337943
vt 0.978801 0.321382
vt 0.980102 0.332746
vt 0.977777 0.489435
vt 0.974781 0.488263
vt 0.977777 0.479707
vt 0.685214 0.788328
vt 0.675372 0.793907
vt 0.676198 0.790825
vt 0.870273 0.935268
vt 0.671511 0.783118
vt 0.374748 0.836377
vt 0.380620 0.843549
vt 0.378948 0.831471
vt 0.464157 0.984868
vt 0.466503 0.984790
vt 0.973050 0.231399
vt 0.970414 0.222344
vt 0.973050 0.212848
vt 0.968426 0.332939
vt 0.678347 0.770573
vt 0.654805 0.982587
vt 0.652764 0.984741
vt 0.292977 0.984006
vt 0.291033 0.987120
vt 0.291033 0.978886
vt 0.876673 0.403840
vt 0.880502 0.398009
vt 0.971250 0.117176
vt 0.881972 0.975131
vt 0.884753 0.969991
vt 0.884753 0.978734
vt 0.784559 0.837316
vt 0.306144 0.901988
vt 0.312933 0.905792
vt 0.565129 0.943031
vt 0.559884 0.944974
vt 0.560817 0.937545
vt 0.376264 0.868164
vt 0.765382 0.839090
vt 0.566022 0.934963
vt 0.761675 0.847022
s 1
usemtl Material.003
f 1/1/1 2/2/2 3/3/3
f 4/4/4 1/5/1 5/6/5
f 6/7/6 3/3/3 2/2/2
f 3/3/3 5/8/5 1/1/1
f 3/3/3 7/9/7 5/8/5
f 8/10/8 3/3/3 6/7/6
f 5/8/5 7/9/7 9/11/9
f 1/5/1 10/12/10 2/13/2
f 1/5/1 4/4/4 10/12/10
f 5/6/5 11/14/11 4/4/4
f 6/7/6 12/15/12 8/10/8
f 13/16/13 7/9/7 3/3/3
f 10/12/10 14/17/14 2/13/2
f 14/18/14 15/19/15 2/20/2
f 6/7/6 16/21/16 12/15/12
f 7/9/7 17/22/17 9/11/9
f 10/12/10 4/4/4 18/23/18
f 15/24/15 19/25/19 2/26/2
f 19/27/19 6/7/6 2/2/2
f 5/6/5 9/28/9 11/14/11
f 19/27/19 16/21/16 6/7/6
f 10/12/10 20/29/20 14/17/14
f 14/30/14 21/31/21 15/24/15
f 12/15/12 22/32/22 8/10/8
f 22/33/22 23/34/23 8/35/8
f 3/3/3 8/10/8 13/16/13
f 7/9/7 24/36/24 17/22/17
f 10/12/10 18/23/18 20/29/20
f 14/17/14 20/29/20 21/37/21
f 13/16/13 24/36/24 7/9/7
f 4/4/4 25/38/25 18/23/18
f 16/39/16 26/40/26 12/41/12
f 19/27/19 27/42/27 16/21/16
f 8/35/8 23/34/23 13/43/13
f 9/11/9 17/22/17 28/44/28
f 18/45/18 29/46/29 20/47/20
f 4/4/4 11/14/11 25/38/25
f 9/48/9 28/49/28 30/50/30
f 12/41/12 26/40/26 22/51/22
f 9/48/9 30/50/30 11/52/11
f 15/24/15 21/31/21 31/53/31
f 15/24/15 31/53/31 19/25/19
f 13/16/13 32/54/32 24/36/24
f 24/36/24 33/55/33 17/22/17
f 29/46/29 18/45/18 34/56/34
f 21/37/21 20/29/20 35/57/35
f 18/45/18 25/58/25 34/56/34
f 25/38/25 11/14/11 36/59/36
f 16/39/16 37/60/37 26/40/26
f 16/61/16 38/62/38 37/63/37
f 23/34/23 39/64/39 13/43/13
f 31/53/31 40/65/40 19/25/19
f 32/54/32 33/55/33 24/36/24
f 11/52/11 30/50/30 36/66/36
f 21/31/21 41/67/41 31/53/31
f 22/51/22 42/68/42 23/69/23
f 42/70/42 43/71/43 23/72/23
f 27/42/27 44/73/44 16/21/16
f 43/74/43 39/64/39 23/34/23
f 39/64/39 45/75/45 13/43/13
f 13/43/13 45/75/45 32/76/32
f 33/55/33 46/77/46 17/22/17
f 27/42/27 47/78/47 44/73/44
f 19/27/19 47/78/47 27/42/27
f 20/47/20 29/46/29 35/79/35
f 25/58/25 48/80/48 34/56/34
f 21/31/21 35/81/35 41/67/41
f 22/51/22 26/40/26 42/68/42
f 28/44/28 17/22/17 46/77/46
f 32/54/32 49/82/49 33/55/33
f 16/83/16 44/84/44 38/85/38
f 29/46/29 50/86/50 35/79/35
f 34/87/34 51/88/51 50/89/50
f 48/80/48 51/90/51 34/56/34
f 26/91/26 51/92/51 48/93/48
f 48/80/48 25/58/25 52/94/52
f 25/58/25 36/95/36 52/94/52
f 37/96/37 51/97/51 26/98/26
f 26/99/26 48/80/48 42/100/42
f 38/101/38 51/102/51 37/103/37
f 39/64/39 43/74/43 53/104/53
f 28/49/28 54/105/54 30/50/30
f 40/106/40 47/78/47 19/27/19
f 40/106/40 55/107/55 47/78/47
f 29/46/29 34/56/34 50/86/50
f 38/85/38 56/108/56 51/109/51
f 44/84/44 57/110/57 38/85/38
f 49/82/49 46/77/46 33/55/33
f 35/79/35 50/86/50 41/111/41
f 52/94/52 42/100/42 48/80/48
f 57/110/57 56/108/56 38/85/38
f 46/112/46 58/113/58 28/49/28
f 44/84/44 59/114/59 57/110/57
f 47/78/47 60/115/60 44/73/44
f 50/86/50 61/116/61 41/111/41
f 28/49/28 58/113/58 54/105/54
f 45/75/45 62/117/62 32/76/32
f 46/112/46 49/118/49 63/119/63
f 31/53/31 41/67/41 64/120/64
f 31/53/31 64/120/64 40/65/40
f 51/88/51 56/121/56 50/89/50
f 43/74/43 42/122/42 53/104/53
f 39/64/39 65/123/65 45/75/45
f 46/112/46 63/119/63 58/113/58
f 62/124/62 66/125/66 32/54/32
f 50/89/50 56/121/56 61/126/61
f 53/104/53 65/123/65 39/64/39
f 32/54/32 66/125/66 49/82/49
f 42/100/42 52/94/52 67/127/67
f 41/111/41 61/116/61 68/128/68
f 69/129/69 56/108/56 57/110/57
f 57/110/57 59/114/59 69/129/69
f 70/130/70 52/131/52 36/66/36
f 70/130/70 36/66/36 30/50/30
f 70/130/70 30/50/30 54/105/54
f 62/117/62 45/75/45 65/123/65
f 71/132/71 49/82/49 66/125/66
f 68/133/68 64/120/64 41/67/41
f 59/114/59 44/84/44 60/134/60
f 64/120/64 72/135/72 40/65/40
f 73/136/73 74/137/74 75/138/75
f 76/139/76 74/137/74 73/136/73
f 77/140/77 74/137/74 76/139/76
f 54/105/54 58/113/58 63/119/63
f 63/119/63 49/118/49 78/141/78
f 59/114/59 60/134/60 79/142/79
f 40/65/40 72/135/72 55/143/55
f 55/107/55 60/115/60 47/78/47
f 80/144/80 81/145/81 73/146/73
f 81/147/81 76/148/76 73/149/73
f 42/100/42 67/127/67 53/150/53
f 76/151/76 81/152/81 77/153/77
f 74/137/74 82/154/82 75/138/75
f 77/140/77 82/154/82 74/137/74
f 53/155/53 83/156/83 65/157/65
f 69/158/69 61/126/61 56/121/56
f 65/157/65 83/156/83 62/159/62
f 71/160/71 78/141/78 49/118/49
f 64/120/64 84/161/84 72/135/72
f 60/162/60 85/163/85 79/164/79
f 60/115/60 55/107/55 86/165/86
f 70/130/70 54/105/54 63/119/63
f 59/114/59 79/142/79 69/129/69
f 64/120/64 68/133/68 84/161/84
f 87/166/87 81/145/81 80/144/80
f 73/167/73 88/168/88 89/169/89
f 73/170/73 75/171/75 88/172/88
f 62/159/62 83/156/83 66/173/66
f 66/173/66 78/174/78 71/175/71
f 67/127/67 52/94/52 70/176/70
f 81/152/81 90/177/90 77/153/77
f 67/178/67 91/179/91 53/155/53
f 53/155/53 91/179/91 83/156/83
f 63/119/63 92/180/92 70/130/70
f 83/156/83 93/181/93 66/173/66
f 63/119/63 78/141/78 92/180/92
f 68/128/68 61/116/61 94/182/94
f 95/183/95 73/167/73 96/184/96
f 67/127/67 70/176/70 97/185/97
f 67/127/67 97/185/97 91/186/91
f 70/176/70 92/187/92 97/185/97
f 91/179/91 93/181/93 83/156/83
f 66/173/66 93/181/93 78/174/78
f 80/188/80 73/167/73 95/183/95
f 73/167/73 89/169/89 96/184/96
f 87/189/87 98/190/98 81/152/81
f 98/191/98 90/192/90 81/193/81
f 75/171/75 99/194/99 88/172/88
f 91/179/91 97/195/97 93/181/93
f 78/174/78 93/181/93 97/195/97
f 78/174/78 97/195/97 92/196/92
f 72/135/72 100/197/100 55/143/55
f 55/107/55 101/198/101 86/165/86
f 102/199/102 98/190/98 87/189/87
f 98/191/98 103/200/103 90/192/90
f 90/192/90 103/200/103 104/201/104
f 90/177/90 105/202/105 77/153/77
f 61/116/61 106/203/106 94/182/94
f 61/204/61 69/129/69 106/205/106
f 98/190/98 107/206/107 103/207/103
f 103/200/103 107/208/107 108/209/108
f 75/171/75 109/210/109 99/194/99
f 75/171/75 82/211/82 109/210/109
f 72/135/72 84/161/84 100/197/100
f 80/188/80 95/183/95 110/212/110
f 88/172/88 111/213/111 89/214/89
f 88/172/88 99/194/99 111/213/111
f 96/184/96 89/169/89 112/215/112
f 98/190/98 102/199/102 107/206/107
f 104/201/104 113/216/113 90/192/90
f 105/202/105 114/217/114 77/153/77
f 77/140/77 114/218/114 82/154/82
f 69/129/69 79/142/79 106/205/106
f 115/219/115 101/198/101 55/107/55
f 80/220/80 116/221/116 87/189/87
f 87/189/87 117/222/117 118/223/118
f 87/189/87 118/223/118 102/199/102
f 102/199/102 119/224/119 107/206/107
f 99/194/99 109/210/109 111/213/111
f 120/225/120 113/226/113 104/227/104
f 103/200/103 108/209/108 104/201/104
f 90/177/90 113/228/113 105/202/105
f 82/211/82 121/229/121 109/210/109
f 82/211/82 114/230/114 121/229/121
f 68/231/68 122/232/122 84/233/84
f 123/234/123 124/235/124 125/236/125
f 126/237/126 125/236/125 124/235/124
f 123/234/123 127/238/127 124/235/124
f 123/234/123 128/239/128 127/238/127
f 112/240/112 89/214/89 111/213/111
f 111/213/111 109/210/109 129/241/129
f 120/242/120 104/201/104 108/209/108
f 130/243/130 123/234/123 125/236/125
f 117/222/117 87/189/87 116/221/116
f 131/244/131 129/241/129 109/210/109
f 108/245/108 113/246/113 120/247/120
f 113/228/113 132/248/132 105/202/105
f 85/249/85 133/250/133 79/251/79
f 130/243/130 125/236/125 134/252/134
f 86/253/86 135/254/135 60/255/60
f 136/256/136 125/257/125 137/258/137
f 126/237/126 137/259/137 125/236/125
f 124/235/124 138/260/138 126/237/126
f 137/259/137 139/261/139 115/219/115
f 140/262/140 124/235/124 127/238/127
f 80/220/80 110/263/110 116/221/116
f 96/184/96 141/264/141 95/183/95
f 114/265/114 105/266/105 142/267/142
f 68/128/68 94/182/94 143/268/143
f 68/133/68 143/269/143 122/270/122
f 85/249/85 144/271/144 133/250/133
f 84/161/84 122/270/122 100/197/100
f 134/252/134 125/236/125 145/272/145
f 123/273/123 130/274/130 146/275/146
f 146/275/146 147/276/147 123/273/123
f 148/277/148 115/278/115 55/143/55
f 126/237/126 139/261/139 137/259/137
f 137/259/137 115/219/115 148/279/148
f 126/237/126 138/260/138 139/261/139
f 124/235/124 140/262/140 138/260/138
f 128/239/128 149/280/149 127/238/127
f 127/238/127 149/280/149 140/262/140
f 110/281/110 150/282/150 116/283/116
f 150/282/150 151/284/151 116/283/116
f 109/210/109 152/285/152 131/244/131
f 107/206/107 119/224/119 108/286/108
f 108/287/108 132/288/132 113/289/113
f 134/290/134 146/275/146 130/274/130
f 145/272/145 125/236/125 136/291/136
f 136/256/136 137/258/137 153/292/153
f 60/162/60 135/293/135 85/163/85
f 100/197/100 148/277/148 55/143/55
f 123/273/123 147/276/147 128/294/128
f 101/198/101 154/295/154 86/165/86
f 139/261/139 101/198/101 115/219/115
f 139/261/139 155/296/155 101/198/101
f 151/297/151 117/222/117 116/221/116
f 96/184/96 112/215/112 141/264/141
f 121/229/121 156/298/156 109/210/109
f 132/248/132 157/299/157 105/202/105
f 105/202/105 157/299/157 142/300/142
f 142/267/142 134/252/134 114/265/114
f 79/301/79 133/302/133 106/203/106
f 146/275/146 158/303/158 147/276/147
f 100/197/100 159/304/159 148/277/148
f 148/305/148 160/306/160 137/258/137
f 147/276/147 161/307/161 128/294/128
f 128/239/128 161/308/161 149/280/149
f 161/308/161 162/309/162 149/280/149
f 139/261/139 138/260/138 155/296/155
f 149/280/149 163/310/163 140/262/140
f 150/282/150 164/311/164 151/284/151
f 110/212/110 95/183/95 165/312/165
f 151/297/151 166/313/166 117/222/117
f 118/223/118 167/314/167 119/224/119
f 118/223/118 119/224/119 102/199/102
f 131/244/131 168/315/168 129/241/129
f 131/244/131 152/285/152 168/315/168
f 108/287/108 169/316/169 132/288/132
f 145/272/145 114/265/114 134/252/134
f 142/267/142 146/317/146 134/252/134
f 94/182/94 106/203/106 170/318/170
f 171/319/171 158/303/158 146/275/146
f 122/270/122 159/304/159 100/197/100
f 85/249/85 135/320/135 144/271/144
f 148/305/148 172/321/172 160/306/160
f 86/165/86 154/295/154 135/322/135
f 138/323/138 140/324/140 155/325/155
f 173/326/173 150/327/150 110/212/110
f 110/212/110 165/312/165 173/326/173
f 173/326/173 164/328/164 150/327/150
f 165/312/165 95/183/95 174/329/174
f 166/313/166 151/297/151 164/330/164
f 175/331/175 112/240/112 111/213/111
f 111/213/111 129/241/129 176/332/176
f 171/319/171 146/275/146 142/300/142
f 159/304/159 172/333/172 148/277/148
f 149/280/149 162/309/162 163/310/163
f 177/334/177 164/328/164 173/326/173
f 174/329/174 95/183/95 141/264/141
f 141/335/141 112/240/112 175/331/175
f 111/213/111 178/336/178 175/331/175
f 129/241/129 179/337/179 176/332/176
f 129/241/129 180/338/180 179/337/179
f 129/339/129 168/340/168 180/341/180
f 109/210/109 156/298/156 181/342/181
f 132/288/132 169/316/169 157/343/157
f 114/265/114 145/272/145 121/344/121
f 157/299/157 171/319/171 142/300/142
f 143/268/143 94/182/94 170/318/170
f 155/296/155 182/345/182 101/198/101
f 140/262/140 183/346/183 155/296/155
f 163/310/163 183/346/183 140/262/140
f 164/347/164 184/348/184 166/349/166
f 118/223/118 185/350/185 167/314/167
f 111/213/111 176/332/176 178/336/178
f 167/314/167 186/351/186 119/224/119
f 109/210/109 181/342/181 152/285/152
f 143/269/143 159/304/159 122/270/122
f 137/258/137 160/306/160 153/292/153
f 101/198/101 182/345/182 154/295/154
f 177/352/177 187/353/187 164/354/164
f 117/222/117 188/355/188 118/223/118
f 186/351/186 189/356/189 119/224/119
f 119/224/119 190/357/190 108/286/108
f 168/315/168 152/285/152 181/342/181
f 143/269/143 191/358/191 159/304/159
f 155/296/155 183/346/183 182/345/182
f 164/354/164 187/353/187 184/359/184
f 166/313/166 192/360/192 117/222/117
f 117/222/117 192/360/192 188/355/188
f 118/223/118 188/355/188 185/350/185
f 185/361/185 186/362/186 167/363/167
f 190/357/190 169/364/169 108/286/108
f 145/365/145 136/366/136 193/367/193
f 160/306/160 172/321/172 194/368/194
f 147/276/147 195/369/195 161/307/161
f 161/308/161 196/370/196 162/309/162
f 197/371/197 190/357/190 119/224/119
f 169/364/169 198/372/198 157/299/157
f 157/299/157 199/373/199 171/319/171
f 106/203/106 133/302/133 170/318/170
f 199/373/199 158/303/158 171/319/171
f 153/292/153 160/306/160 200/374/200
f 201/375/201 191/376/191 143/268/143
f 202/377/202 183/346/183 163/310/163
f 173/326/173 203/378/203 177/334/177
f 204/379/204 178/336/178 176/332/176
f 197/371/197 119/224/119 189/356/189
f 176/332/176 179/337/179 205/380/205
f 156/298/156 121/229/121 193/381/193
f 121/229/121 145/382/145 193/381/193
f 193/381/193 136/383/136 206/384/206
f 191/385/191 194/368/194 159/386/159
f 194/368/194 172/321/172 159/386/159
f 162/309/162 202/377/202 163/310/163
f 187/387/187 177/334/177 203/378/203
f 186/351/186 185/350/185 188/355/188
f 176/332/176 205/380/205 204/379/204
f 168/340/168 181/388/181 180/341/180
f 198/372/198 199/373/199 157/299/157
f 170/318/170 133/302/133 207/389/207
f 144/271/144 135/320/135 208/390/208
f 154/295/154 209/391/209 135/322/135
f 182/345/182 210/392/210 154/295/154
f 196/370/196 211/393/211 162/309/162
f 211/393/211 202/377/202 162/309/162
f 212/394/212 184/359/184 187/353/187
f 179/337/179 180/338/180 205/380/205
f 169/364/169 190/357/190 198/372/198
f 181/342/181 156/298/156 213/395/213
f 136/256/136 153/292/153 214/396/214
f 143/268/143 170/318/170 215/397/215
f 160/306/160 194/368/194 200/374/200
f 201/398/201 216/399/216 191/385/191
f 191/385/191 216/399/216 194/368/194
f 133/250/133 144/271/144 217/400/217
f 210/392/210 209/391/209 154/295/154
f 184/359/184 212/394/212 218/401/218
f 166/402/166 219/403/219 192/404/192
f 192/360/192 219/405/219 188/355/188
f 220/406/220 186/351/186 188/355/188
f 178/336/178 221/407/221 175/331/175
f 222/408/222 223/409/223 224/410/224
f 223/411/223 225/412/225 224/413/224
f 180/338/180 181/342/181 213/395/213
f 136/256/136 214/396/214 206/414/206
f 143/268/143 215/397/215 201/375/201
f 200/374/200 194/368/194 216/399/216
f 183/346/183 226/415/226 182/345/182
f 202/377/202 227/416/227 183/346/183
f 183/346/183 227/416/227 226/415/226
f 141/264/141 228/417/228 174/329/174
f 184/348/184 229/418/229 166/349/166
f 166/402/166 230/419/230 219/403/219
f 219/405/219 231/420/231 188/355/188
f 220/421/220 232/422/232 186/423/186
f 204/424/204 233/425/233 178/426/178
f 186/351/186 234/427/234 189/356/189
f 233/425/233 204/424/204 205/428/205
f 189/356/189 234/427/234 197/371/197
f 234/427/234 235/429/235 197/371/197
f 193/381/193 236/430/236 156/298/156
f 144/271/144 208/390/208 217/400/217
f 237/431/237 147/276/147 158/303/158
f 161/307/161 238/432/238 196/433/196
f 195/369/195 238/432/238 161/307/161
f 196/370/196 239/434/239 211/393/211
f 184/348/184 218/435/218 229/418/229
f 232/422/232 234/436/234 186/423/186
f 222/408/222 224/410/224 240/437/240
f 224/413/224 225/412/225 241/438/241
f 180/338/180 242/439/242 205/380/205
f 180/338/180 213/395/213 242/439/242
f 214/440/214 153/441/153 243/442/243
f 216/399/216 201/398/201 200/374/200
f 182/345/182 226/415/226 210/392/210
f 203/378/203 173/326/173 244/443/244
f 203/444/203 212/394/212 187/353/187
f 174/329/174 245/445/245 165/312/165
f 219/405/219 230/446/230 246/447/246
f 231/420/231 220/406/220 188/355/188
f 175/331/175 221/407/221 247/448/247
f 178/336/178 233/449/233 221/407/221
f 224/410/224 241/450/241 248/451/248
f 222/452/222 249/453/249 223/454/223
f 225/412/225 250/455/250 241/438/241
f 249/456/249 225/412/225 223/411/223
f 213/395/213 236/430/236 242/439/242
f 153/292/153 200/374/200 251/457/251
f 170/318/170 207/389/207 215/397/215
f 201/458/201 215/459/215 252/460/252
f 195/369/195 253/461/253 238/432/238
f 196/433/196 238/432/238 239/462/239
f 202/377/202 254/463/254 227/416/227
f 203/444/203 255/464/255 212/394/212
f 174/465/174 228/466/228 245/467/245
f 219/405/219 246/447/246 231/420/231
f 220/421/220 256/468/256 232/422/232
f 224/410/224 248/451/248 240/437/240
f 232/469/232 257/470/257 234/471/234
f 222/452/222 258/472/258 249/453/249
f 242/473/242 233/474/233 205/475/205
f 153/292/153 251/457/251 243/476/243
f 200/374/200 201/398/201 259/477/259
f 133/302/133 217/478/217 207/389/207
f 147/276/147 260/479/260 195/369/195
f 135/320/135 209/480/209 208/390/208
f 211/393/211 254/463/254 202/377/202
f 232/422/232 256/468/256 261/481/261
f 232/482/232 261/483/261 257/484/257
f 233/449/233 262/485/262 263/486/263
f 262/485/262 233/449/233 264/487/264
f 233/449/233 242/439/242 264/487/264
f 225/412/225 265/488/265 250/455/250
f 197/371/197 266/489/266 190/357/190
f 206/384/206 267/490/267 193/381/193
f 201/491/201 252/492/252 207/493/207
f 215/494/215 207/495/207 252/496/252
f 208/390/208 268/497/268 217/400/217
f 244/443/244 255/498/255 203/378/203
f 141/335/141 175/331/175 228/466/228
f 166/349/166 229/418/229 230/499/230
f 269/500/269 175/331/175 247/448/247
f 270/501/270 220/421/220 231/502/231
f 221/407/221 233/449/233 261/503/261
f 261/504/261 234/505/234 257/506/257
f 235/507/235 234/505/234 271/508/271
f 235/429/235 271/509/271 197/371/197
f 258/472/258 272/510/272 249/453/249
f 266/489/266 273/511/273 190/357/190
f 249/456/249 274/512/274 225/412/225
f 213/395/213 156/298/156 236/430/236
f 198/372/198 190/357/190 275/513/275
f 198/372/198 276/514/276 199/373/199
f 214/396/214 243/476/243 206/414/206
f 158/303/158 199/373/199 237/431/237
f 251/457/251 200/374/200 259/477/259
f 268/497/268 208/390/208 209/480/209
f 254/463/254 277/515/277 227/416/227
f 173/326/173 165/312/165 245/445/245
f 212/394/212 278/516/278 218/401/218
f 175/331/175 269/500/269 228/466/228
f 230/499/230 279/517/279 246/518/246
f 231/502/231 246/519/246 280/520/280
f 231/502/231 280/520/280 270/501/270
f 270/501/270 256/468/256 220/421/220
f 261/503/261 233/449/233 263/486/263
f 281/521/281 258/472/258 222/452/222
f 271/522/271 282/523/282 197/524/197
f 197/371/197 282/525/282 266/489/266
f 242/439/242 236/430/236 264/487/264
f 275/513/275 283/526/283 198/372/198
f 201/398/201 207/527/207 259/477/259
f 255/464/255 278/516/278 212/394/212
f 280/528/280 284/529/284 270/530/270
f 285/531/285 222/408/222 240/437/240
f 286/532/286 256/468/256 270/501/270
f 287/533/287 281/521/281 222/452/222
f 256/468/256 288/534/288 261/481/261
f 221/407/221 261/503/261 288/535/288
f 281/536/281 289/537/289 258/538/258
f 249/453/249 290/539/290 274/540/274
f 274/512/274 265/488/265 225/412/225
f 198/372/198 283/526/283 276/514/276
f 278/516/278 291/541/291 218/401/218
f 218/401/218 291/541/291 229/542/229
f 229/542/229 291/541/291 292/543/292
f 230/499/230 292/544/292 279/517/279
f 229/418/229 292/544/292 230/499/230
f 279/517/279 293/545/293 246/518/246
f 240/437/240 248/451/248 294/546/294
f 221/547/221 288/548/288 286/549/286
f 286/532/286 288/534/288 256/468/256
f 295/550/295 289/551/289 281/521/281
f 234/505/234 261/504/261 271/508/271
f 296/552/296 258/538/258 289/537/289
f 272/510/272 290/539/290 249/453/249
f 259/477/259 207/527/207 297/553/297
f 253/461/253 195/369/195 260/479/260
f 298/554/298 239/462/239 238/432/238
f 293/555/293 280/520/280 246/519/246
f 247/448/247 221/407/221 286/556/286
f 299/557/299 286/532/286 270/501/270
f 300/558/300 281/521/281 287/533/287
f 261/559/261 263/560/263 301/561/301
f 301/562/301 271/508/271 261/504/261
f 262/485/262 264/487/264 302/563/302
f 276/514/276 237/431/237 199/373/199
f 303/564/303 217/400/217 268/497/268
f 209/391/209 210/392/210 304/565/304
f 239/434/239 305/566/305 211/393/211
f 306/567/306 226/415/226 227/416/227
f 255/568/255 244/569/244 307/570/307
f 293/545/293 284/571/284 280/572/280
f 269/573/269 247/574/247 286/575/286
f 281/521/281 300/558/300 295/550/295
f 289/551/289 295/550/295 296/576/296
f 301/561/301 263/560/263 262/577/262
f 271/522/271 301/561/301 282/523/282
f 274/512/274 308/578/308 265/488/265
f 309/579/309 308/578/308 274/512/274
f 267/490/267 236/430/236 193/381/193
f 206/384/206 310/580/310 267/490/267
f 259/477/259 311/581/311 251/457/251
f 207/527/207 303/582/303 297/553/297
f 217/583/217 303/582/303 207/527/207
f 268/584/268 312/585/312 303/586/303
f 209/391/209 313/587/313 268/584/268
f 238/432/238 253/461/253 298/554/298
f 211/393/211 305/566/305 254/463/254
f 270/501/270 284/588/284 314/589/314
f 270/501/270 314/589/314 299/557/299
f 294/546/294 248/451/248 315/590/315
f 241/591/241 250/592/250 316/593/316
f 274/540/274 290/539/290 317/594/317
f 264/487/264 236/430/236 302/563/302
f 274/540/274 318/595/318 309/596/309
f 190/357/190 319/597/319 275/513/275
f 251/457/251 320/598/320 243/476/243
f 226/415/226 304/565/304 210/392/210
f 227/416/227 277/515/277 306/567/306
f 245/445/245 321/599/321 173/326/173
f 255/464/255 307/600/307 278/516/278
f 285/601/285 287/533/287 222/452/222
f 248/602/248 241/591/241 315/603/315
f 250/604/250 322/605/322 316/606/316
f 322/607/322 250/592/250 323/608/323
f 250/592/250 324/609/324 323/608/323
f 282/523/282 301/561/301 325/610/325
f 282/525/282 325/611/325 266/489/266
f 296/552/296 272/612/272 258/538/258
f 250/592/250 326/613/326 324/609/324
f 301/561/301 262/577/262 302/614/302
f 272/510/272 327/615/327 290/539/290
f 266/489/266 328/616/328 273/511/273
f 327/615/327 317/594/317 290/539/290
f 250/592/250 265/617/265 326/613/326
f 308/578/308 329/618/329 265/488/265
f 308/578/308 309/579/309 330/619/330
f 297/620/297 330/619/330 309/579/309
f 311/581/311 259/477/259 297/553/297
f 243/621/243 310/622/310 206/623/206
f 331/624/331 260/479/260 147/276/147
f 254/463/254 305/566/305 332/625/332
f 307/600/307 333/626/333 278/516/278
f 278/516/278 333/626/333 291/541/291
f 291/627/291 333/628/333 292/629/292
f 284/588/284 334/630/334 314/589/314
f 335/631/335 299/557/299 314/589/314
f 295/550/295 336/632/336 296/576/296
f 296/552/296 327/633/327 272/612/272
f 317/594/317 318/595/318 274/540/274
f 265/617/265 329/634/329 326/613/326
f 273/511/273 319/597/319 190/357/190
f 319/597/319 283/526/283 275/513/275
f 236/430/236 267/490/267 337/635/337
f 309/579/309 311/636/311 297/620/297
f 338/637/338 243/476/243 320/598/320
f 331/624/331 147/276/147 237/431/237
f 312/585/312 268/584/268 313/587/313
f 339/638/339 269/500/269 286/556/286
f 293/545/293 279/517/279 284/571/284
f 340/639/340 285/531/285 240/437/240
f 301/561/301 302/614/302 325/610/325
f 266/640/266 325/610/325 328/641/328
f 308/578/308 341/642/341 329/618/329
f 342/643/342 236/430/236 337/635/337
f 330/644/330 341/645/341 308/646/308
f 320/598/320 251/457/251 311/581/311
f 243/476/243 338/637/338 310/647/310
f 297/620/297 303/648/303 330/619/330
f 209/391/209 343/649/343 313/587/313
f 228/466/228 269/500/269 339/638/339
f 284/571/284 344/650/344 334/651/334
f 314/589/314 334/630/334 335/631/335
f 339/652/339 286/532/286 299/557/299
f 345/653/345 287/533/287 285/601/285
f 287/533/287 346/654/346 300/558/300
f 322/655/322 323/656/323 347/657/347
f 324/609/324 326/613/326 348/658/348
f 336/632/336 317/594/317 296/576/296
f 296/552/296 317/659/317 327/633/327
f 302/563/302 236/430/236 349/660/349
f 350/661/350 320/662/320 311/663/311
f 276/514/276 331/624/331 237/431/237
f 260/479/260 351/664/351 253/461/253
f 339/652/339 299/557/299 335/631/335
f 285/531/285 340/639/340 345/665/345
f 315/590/315 352/666/352 294/546/294
f 295/550/295 353/667/353 336/632/336
f 323/656/323 354/668/354 347/657/347
f 324/609/324 348/658/348 323/608/323
f 326/613/326 355/669/355 348/658/348
f 336/632/336 318/595/318 317/594/317
f 326/613/326 329/634/329 355/669/355
f 267/490/267 310/580/310 337/635/337
f 343/649/343 209/391/209 304/565/304
f 332/625/332 356/670/356 254/463/254
f 244/671/244 357/672/357 307/600/307
f 307/600/307 358/673/358 333/626/333
f 292/544/292 359/674/359 279/517/279
f 345/653/345 360/675/360 287/533/287
f 287/533/287 360/675/360 346/654/346
f 300/558/300 353/667/353 295/550/295
f 236/430/236 342/643/342 349/660/349
f 309/596/309 350/661/350 311/663/311
f 313/676/313 343/677/343 361/678/361
f 239/462/239 298/554/298 305/679/305
f 244/443/244 362/680/362 357/681/357
f 333/626/333 358/673/358 363/682/363
f 333/626/333 363/682/363 292/543/292
f 322/607/322 347/683/347 316/593/316
f 354/668/354 323/656/323 364/684/364
f 341/642/341 365/685/365 329/618/329
f 303/686/303 366/687/366 341/688/341
f 357/672/357 358/673/358 307/600/307
f 359/689/359 292/543/292 363/682/363
f 367/690/367 284/571/284 279/517/279
f 346/654/346 368/691/368 300/558/300
f 323/656/323 348/692/348 364/684/364
f 348/692/348 355/693/355 364/684/364
f 350/661/350 309/596/309 318/595/318
f 330/619/330 303/648/303 341/642/341
f 303/686/303 312/694/312 369/695/369
f 244/443/244 321/599/321 362/680/362
f 173/326/173 321/599/321 244/443/244
f 321/696/321 245/467/245 228/466/228
f 339/638/339 335/697/335 370/698/370
f 344/650/344 335/699/335 334/651/334
f 284/571/284 367/690/367 344/650/344
f 360/675/360 368/691/368 346/654/346
f 315/603/315 241/591/241 316/593/316
f 368/691/368 353/667/353 300/558/300
f 347/683/347 354/700/354 371/701/371
f 336/632/336 353/667/353 372/702/372
f 328/616/328 373/703/373 273/511/273
f 366/687/366 303/686/303 369/695/369
f 279/517/279 359/674/359 367/690/367
f 328/641/328 325/610/325 373/704/373
f 337/635/337 374/705/374 342/643/342
f 350/661/350 375/706/375 320/662/320
f 226/415/226 376/707/376 304/565/304
f 226/415/226 306/567/306 376/707/376
f 254/463/254 356/670/356 277/515/277
f 240/437/240 377/708/377 340/639/340
f 240/437/240 294/546/294 377/708/377
f 358/709/358 359/710/359 363/711/363
f 335/697/335 378/712/378 370/698/370
f 315/603/315 379/713/379 380/714/380
f 315/603/315 316/593/316 379/713/379
f 347/683/347 371/701/371 381/715/381
f 273/511/273 373/703/373 319/597/319
f 318/595/318 336/632/336 375/706/375
f 329/634/329 365/716/365 355/669/355
f 337/635/337 310/580/310 382/717/382
f 331/624/331 383/718/383 260/479/260
f 351/664/351 260/479/260 384/719/384
f 304/565/304 385/720/385 343/649/343
f 362/721/362 386/722/386 357/723/357
f 228/466/228 339/638/339 387/724/387
f 359/710/359 388/725/388 367/726/367
f 345/653/345 389/727/389 360/675/360
f 335/728/335 344/729/344 378/730/378
f 347/683/347 381/715/381 316/593/316
f 368/691/368 390/731/390 353/667/353
f 353/667/353 390/731/390 372/702/372
f 372/702/372 390/731/390 336/632/336
f 318/595/318 375/706/375 350/661/350
f 320/662/320 375/706/375 391/732/391
f 337/733/337 382/734/382 374/735/374
f 310/647/310 338/637/338 392/736/392
f 276/514/276 393/737/393 331/624/331
f 313/676/313 361/678/361 394/738/394
f 321/696/321 228/466/228 387/724/387
f 379/713/379 316/593/316 381/715/381
f 371/701/371 395/739/395 381/715/381
f 325/610/325 302/614/302 396/740/396
f 336/632/336 397/741/397 375/706/375
f 341/642/341 366/742/366 365/685/365
f 320/598/320 392/736/392 338/637/338
f 366/687/366 369/695/369 398/743/398
f 384/719/384 260/479/260 383/718/383
f 399/744/399 376/707/376 306/567/306
f 386/722/386 362/721/362 400/745/400
f 401/746/401 358/747/358 357/748/357
f 401/749/401 357/750/357 386/751/386
f 402/752/402 359/710/359 358/709/358
f 387/724/387 339/638/339 370/698/370
f 403/753/403 367/726/367 388/725/388
f 403/753/403 344/729/344 367/726/367
f 371/701/371 354/700/354 404/754/404
f 354/700/354 364/755/364 404/754/404
f 405/756/405 397/741/397 336/632/336
f 373/703/373 406/757/406 319/597/319
f 407/758/407 276/514/276 283/526/283
f 320/598/320 391/759/391 392/736/392
f 369/695/369 312/694/312 394/738/394
f 312/694/312 313/676/313 394/738/394
f 343/677/343 385/760/385 361/678/361
f 298/554/298 253/461/253 351/664/351
f 385/720/385 304/565/304 408/761/408
f 409/762/409 306/567/306 277/515/277
f 277/515/277 356/670/356 410/763/410
f 377/708/377 294/546/294 352/666/352
f 388/725/388 359/710/359 402/752/402
f 403/753/403 411/764/411 344/729/344
f 283/526/283 319/597/319 407/758/407
f 393/737/393 383/718/383 331/624/331
f 298/554/298 412/765/412 305/679/305
f 356/670/356 332/625/332 410/763/410
f 321/766/321 413/767/413 362/721/362
f 362/721/362 413/767/413 400/745/400
f 386/722/386 400/745/400 401/768/401
f 358/769/358 401/770/401 402/771/402
f 402/772/402 414/773/414 388/774/388
f 388/725/388 414/775/414 403/753/403
f 315/590/315 380/776/380 352/666/352
f 368/691/368 415/777/415 390/731/390
f 381/715/381 395/739/395 416/778/416
f 416/779/416 395/780/395 371/781/371
f 364/755/364 355/669/355 404/754/404
f 325/610/325 396/740/396 373/704/373
f 373/704/373 417/782/417 406/783/406
f 342/643/342 374/705/374 418/784/418
f 305/679/305 412/765/412 332/785/332
f 306/567/306 409/762/409 399/744/399
f 401/786/401 400/787/400 402/788/402
f 370/789/370 378/730/378 419/790/419
f 411/764/411 378/730/378 344/729/344
f 360/675/360 420/791/420 368/691/368
f 381/715/381 416/778/416 421/792/421
f 336/632/336 390/731/390 405/756/405
f 390/731/390 422/793/422 405/756/405
f 302/614/302 349/794/349 396/740/396
f 406/757/406 407/758/407 319/597/319
f 342/643/342 418/784/418 349/660/349
f 366/687/366 423/795/423 365/716/365
f 310/647/310 392/736/392 382/796/382
f 393/737/393 424/797/424 383/718/383
f 412/765/412 425/798/425 332/785/332
f 321/799/321 426/800/426 413/801/413
f 340/639/340 377/708/377 427/802/427
f 400/745/400 413/767/413 402/803/402
f 370/698/370 419/804/419 387/724/387
f 428/805/428 415/777/415 368/691/368
f 355/669/355 429/806/429 404/754/404
f 355/669/355 365/716/365 429/806/429
f 365/716/365 423/795/423 429/806/429
f 321/696/321 387/724/387 430/807/430
f 340/639/340 427/802/427 345/665/345
f 411/764/411 419/790/419 378/730/378
f 416/778/416 431/808/431 421/792/421
f 416/778/416 371/701/371 404/754/404
f 369/695/369 394/738/394 398/743/398
f 427/809/427 389/727/389 345/653/345
f 432/810/432 402/803/402 413/767/413
f 389/727/389 420/791/420 360/675/360
f 414/775/414 433/811/433 403/753/403
f 433/811/433 434/812/434 411/764/411
f 403/753/403 433/811/433 411/764/411
f 434/812/434 419/790/419 411/764/411
f 379/713/379 381/715/381 421/792/421
f 373/704/373 396/740/396 417/782/417
f 374/735/374 435/813/435 418/814/418
f 423/795/423 366/687/366 436/815/436
f 385/760/385 408/816/408 437/817/437
f 426/818/426 438/819/438 413/820/413
f 438/821/438 432/810/432 413/767/413
f 402/752/402 432/822/432 414/775/414
f 438/823/438 433/811/433 432/822/432
f 438/823/438 434/812/434 433/811/433
f 432/822/432 433/811/433 414/775/414
f 387/724/387 419/804/419 439/824/439
f 379/713/379 421/792/421 440/825/440
f 390/731/390 415/777/415 422/793/422
f 404/754/404 441/826/441 442/827/442
f 349/794/349 418/814/418 396/740/396
f 407/758/407 443/828/443 276/514/276
f 276/514/276 424/797/424 393/737/393
f 361/678/361 444/829/444 445/830/445
f 385/760/385 444/829/444 361/678/361
f 399/744/399 446/831/446 376/707/376
f 277/515/277 410/763/410 409/762/409
f 321/832/321 430/833/430 426/834/426
f 387/724/387 439/824/439 430/807/430
f 434/812/434 439/835/439 419/790/419
f 447/836/447 420/791/420 389/727/389
f 421/792/421 431/808/431 448/837/448
f 435/813/435 374/735/374 449/838/449
f 382/734/382 449/838/449 374/735/374
f 443/828/443 450/839/450 276/514/276
f 276/514/276 450/839/450 424/797/424
f 361/678/361 445/830/445 394/738/394
f 304/565/304 437/840/437 408/761/408
f 376/707/376 446/831/446 304/565/304
f 427/802/427 377/708/377 352/666/352
f 426/834/426 430/833/430 438/841/438
f 438/823/438 430/842/430 439/835/439
f 438/823/438 439/835/439 434/812/434
f 420/843/420 451/844/451 368/845/368
f 416/778/416 404/754/404 452/846/452
f 422/793/422 453/847/453 405/756/405
f 397/741/397 405/756/405 453/847/453
f 397/741/397 454/848/454 375/706/375
f 417/782/417 396/740/396 406/783/406
f 366/687/366 398/743/398 436/815/436
f 392/849/392 455/850/455 382/734/382
f 392/736/392 391/759/391 455/851/455
f 415/852/415 456/853/456 422/854/422
f 431/808/431 416/778/416 452/846/452
f 404/754/404 442/827/442 452/846/452
f 429/806/429 441/826/441 404/754/404
f 418/814/418 435/813/435 396/740/396
f 304/565/304 446/831/446 437/840/437
f 457/855/457 451/856/451 420/791/420
f 368/845/368 458/857/458 428/858/428
f 459/859/459 379/713/379 440/825/440
f 448/837/448 440/825/440 421/792/421
f 456/860/456 415/861/415 460/862/460
f 435/813/435 449/838/449 461/863/461
f 298/554/298 462/864/462 412/765/412
f 458/857/458 463/865/463 428/858/428
f 463/866/463 440/867/440 448/868/448
f 428/858/428 464/869/464 415/870/415
f 464/869/464 460/871/460 415/870/415
f 464/872/464 431/808/431 465/873/465
f 466/874/466 406/783/406 396/740/396
f 298/554/298 351/664/351 467/875/467
f 468/876/468 380/714/380 379/713/379
f 458/857/458 469/877/469 463/865/463
f 463/865/463 464/869/464 428/858/428
f 448/837/448 431/808/431 464/872/464
f 464/869/464 465/878/465 460/871/460
f 431/808/431 452/846/452 465/873/465
f 456/853/456 470/879/470 422/854/422
f 453/847/453 454/848/454 397/741/397
f 406/757/406 471/880/471 407/758/407
f 398/743/398 394/738/394 445/830/445
f 384/719/384 383/718/383 472/881/472
f 410/763/410 332/625/332 473/882/473
f 463/865/463 448/883/448 464/869/464
f 460/871/460 465/878/465 456/884/456
f 422/885/422 474/886/474 475/887/475
f 454/848/454 476/888/476 375/706/375
f 406/783/406 466/874/466 471/889/471
f 450/839/450 477/890/477 424/797/424
f 352/666/352 478/891/478 427/802/427
f 352/666/352 380/776/380 479/892/479
f 451/844/451 480/893/480 368/845/368
f 368/845/368 480/893/480 458/857/458
f 463/865/463 459/894/459 440/895/440
f 456/896/456 452/897/452 470/898/470
f 456/884/456 465/878/465 452/899/452
f 470/898/470 481/900/481 474/886/474
f 470/898/470 474/886/474 422/885/422
f 422/885/422 475/887/475 453/901/453
f 429/806/429 423/795/423 441/826/441
f 391/732/391 482/902/482 455/903/455
f 382/734/382 483/904/483 449/838/449
f 443/828/443 484/905/484 450/839/450
f 384/719/384 472/881/472 351/664/351
f 427/802/427 485/906/485 389/907/389
f 380/714/380 468/876/468 479/908/479
f 451/844/451 457/909/457 480/893/480
f 459/859/459 486/910/486 379/713/379
f 469/877/469 487/911/487 463/865/463
f 470/898/470 452/897/452 481/900/481
f 396/740/396 435/813/435 466/874/466
f 423/795/423 436/815/436 488/912/488
f 407/758/407 471/880/471 443/828/443
f 382/734/382 455/850/455 483/904/483
f 398/743/398 445/830/445 489/913/489
f 478/891/478 485/906/485 427/802/427
f 352/666/352 479/892/479 478/891/478
f 447/836/447 490/914/490 420/791/420
f 459/894/459 463/865/463 487/911/487
f 481/900/481 452/897/452 491/915/491
f 452/846/452 442/827/442 491/916/491
f 453/847/453 475/917/475 492/918/492
f 441/826/441 423/795/423 493/919/493
f 423/795/423 488/912/488 493/919/493
f 461/863/461 449/838/449 494/920/494
f 398/743/398 489/913/489 436/815/436
f 385/760/385 495/921/495 444/829/444
f 410/763/410 496/922/496 409/762/409
f 474/886/474 481/900/481 497/923/497
f 474/924/474 497/925/497 475/926/475
f 481/900/481 491/915/491 497/923/497
f 391/732/391 375/706/375 482/902/482
f 449/838/449 498/927/498 494/920/494
f 449/838/449 483/904/483 498/927/498
f 484/905/484 443/828/443 499/928/499
f 477/890/477 383/718/383 424/797/424
f 500/929/500 351/664/351 472/881/472
f 501/930/501 490/914/490 447/836/447
f 468/876/468 379/713/379 486/910/486
f 502/931/502 482/902/482 375/706/375
f 466/874/466 435/813/435 461/863/461
f 385/760/385 437/817/437 495/921/495
f 399/744/399 409/762/409 503/932/503
f 389/727/389 485/933/485 447/836/447
f 490/914/490 457/855/457 420/791/420
f 457/934/457 504/935/504 480/936/480
f 480/893/480 505/937/505 458/857/458
f 469/877/469 458/857/458 505/937/505
f 492/918/492 454/848/454 453/847/453
f 471/880/471 499/928/499 443/828/443
f 506/938/506 436/815/436 489/913/489
f 507/939/507 383/718/383 477/890/477
f 445/830/445 508/940/508 489/913/489
f 445/830/445 444/829/444 508/940/508
f 332/625/332 425/941/425 473/882/473
f 446/831/446 509/942/509 437/840/437
f 399/744/399 509/942/509 446/831/446
f 469/877/469 505/937/505 487/911/487
f 459/894/459 487/911/487 510/943/510
f 461/863/461 494/920/494 511/944/511
f 450/839/450 512/945/512 477/890/477
f 512/946/512 507/947/507 477/948/477
f 507/939/507 472/881/472 383/718/383
f 480/936/480 504/935/504 505/949/505
f 505/937/505 513/950/513 487/911/487
f 510/943/510 486/951/486 459/894/459
f 475/887/475 497/923/497 514/952/514
f 491/915/491 514/952/514 497/923/497
f 476/888/476 502/931/502 375/706/375
f 461/863/461 515/953/515 466/874/466
f 461/863/461 511/944/511 515/953/515
f 498/927/498 511/944/511 494/920/494
f 450/839/450 484/905/484 512/945/512
f 399/744/399 516/954/516 509/942/509
f 487/911/487 513/950/513 510/943/510
f 488/912/488 436/815/436 517/955/517
f 518/956/518 472/881/472 507/939/507
f 351/664/351 500/929/500 467/875/467
f 478/891/478 479/892/479 519/957/519
f 501/930/501 457/855/457 490/914/490
f 466/874/466 515/953/515 471/889/471
f 471/880/471 515/958/515 499/928/499
f 444/829/444 495/921/495 508/940/508
f 399/744/399 503/932/503 516/954/516
f 409/762/409 496/922/496 520/959/520
f 501/930/501 521/960/521 457/855/457
f 457/934/457 522/961/522 504/935/504
f 505/949/505 523/962/523 513/963/513
f 441/826/441 493/919/493 442/827/442
f 454/848/454 524/964/524 476/888/476
f 499/928/499 515/958/515 484/905/484
f 484/905/484 525/965/525 512/945/512
f 518/956/518 526/966/526 472/881/472
f 486/910/486 527/967/527 468/876/468
f 482/968/482 528/969/528 455/970/455
f 511/944/511 498/927/498 529/971/529
f 507/939/507 512/945/512 518/956/518
f 489/913/489 530/972/530 506/938/506
f 412/765/412 462/864/462 425/798/425
f 495/921/495 437/817/437 531/973/531
f 447/836/447 485/933/485 501/930/501
f 457/855/457 521/960/521 522/974/522
f 475/887/475 532/975/532 492/976/492
f 436/815/436 506/938/506 517/955/517
f 472/881/472 533/977/533 500/929/500
f 520/959/520 503/932/503 409/762/409
f 491/915/491 534/978/534 514/952/514
f 491/916/491 442/827/442 534/979/534
f 493/919/493 488/912/488 535/980/535
f 482/902/482 502/931/502 528/981/528
f 498/982/498 483/983/483 536/984/536
f 515/953/515 511/944/511 529/971/529
f 498/982/498 536/984/536 537/985/537
f 498/982/498 537/985/537 529/986/529
f 526/966/526 533/977/533 472/881/472
f 530/972/530 489/913/489 538/987/538
f 508/940/508 539/988/539 489/913/489
f 495/921/495 540/989/540 508/940/508
f 473/882/473 541/990/541 410/763/410
f 475/887/475 542/991/542 532/975/532
f 492/918/492 532/992/532 454/848/454
f 483/983/483 543/993/543 536/984/536
f 506/938/506 530/972/530 544/994/544
f 538/987/538 489/913/489 539/988/539
f 485/933/485 545/995/545 501/930/501
f 522/996/522 546/997/546 504/998/504
f 504/935/504 547/999/547 505/949/505
f 514/952/514 542/991/542 475/887/475
f 442/827/442 535/980/535 534/979/534
f 476/888/476 548/1000/548 502/931/502
f 515/1001/515 549/1002/549 484/1003/484
f 512/945/512 526/966/526 518/956/518
f 298/554/298 550/1004/550 462/864/462
f 437/817/437 509/1005/509 531/973/531
f 410/763/410 541/990/541 496/922/496
f 486/910/486 551/1006/551 527/967/527
f 546/1007/546 547/1008/547 504/1009/504
f 547/999/547 523/962/523 505/949/505
f 454/848/454 532/992/532 524/964/524
f 442/827/442 493/919/493 535/980/535
f 488/912/488 517/955/517 535/980/535
f 455/1010/455 543/993/543 483/983/483
f 506/938/506 544/994/544 517/955/517
f 515/953/515 529/971/529 549/1011/549
f 529/986/529 537/985/537 552/1012/552
f 485/933/485 478/1013/478 553/1014/553
f 479/908/479 468/876/468 554/1015/554
f 513/963/513 555/1016/555 510/1017/510
f 510/1017/510 551/1018/551 486/1019/486
f 484/905/484 549/1020/549 525/965/525
f 525/965/525 526/966/526 512/945/512
f 478/891/478 519/957/519 556/1021/556
f 523/962/523 555/1016/555 513/963/513
f 514/952/514 534/978/534 542/991/542
f 536/984/536 557/1022/557 537/985/537
f 552/1012/552 549/1023/549 529/986/529
f 500/929/500 558/1024/558 467/875/467
f 531/973/531 509/1005/509 559/1025/559
f 478/1026/478 560/1027/560 553/1028/553
f 485/933/485 553/1014/553 545/995/545
f 468/876/468 527/967/527 554/1015/554
f 501/930/501 545/995/545 521/960/521
f 539/988/539 508/940/508 540/989/540
f 558/1024/558 298/554/298 467/875/467
f 550/1004/550 298/554/298 558/1024/558
f 561/1029/561 473/1030/473 425/798/425
f 509/1005/509 516/1031/516 559/1025/559
f 519/1032/519 479/908/479 554/1015/554
f 546/997/546 522/996/522 521/1033/521
f 562/1034/562 524/964/524 532/992/532
f 455/970/455 563/1035/563 543/1036/543
f 549/1023/549 564/1037/564 525/1038/525
f 495/921/495 531/973/531 565/1039/565
f 553/1028/553 560/1027/560 566/1040/566
f 567/1041/567 521/960/521 545/995/545
f 567/1042/567 568/1043/568 521/1033/521
f 521/1033/521 568/1043/568 546/997/546
f 502/1044/502 569/1045/569 528/969/528
f 517/955/517 544/994/544 570/1046/570
f 525/965/525 564/1047/564 571/1048/571
f 525/965/525 571/1048/571 526/966/526
f 526/966/526 571/1048/571 533/977/533
f 495/921/495 565/1039/565 540/989/540
f 553/1049/553 566/1050/566 567/1051/567
f 553/1052/553 567/1053/567 545/1054/545
f 535/980/535 572/1055/572 534/979/534
f 530/972/530 538/987/538 573/1056/573
f 527/967/527 551/1006/551 574/1057/574
f 555/1016/555 551/1018/551 510/1017/510
f 533/977/533 575/1058/575 500/929/500
f 473/882/473 561/1059/561 541/990/541
f 478/1026/478 556/1060/556 560/1027/560
f 527/967/527 574/1057/574 554/1015/554
f 576/1061/576 546/997/546 568/1043/568
f 576/1061/576 577/1062/577 546/997/546
f 546/997/546 578/1063/578 547/1064/547
f 578/1063/578 523/1065/523 547/1064/547
f 532/975/532 542/991/542 579/1066/579
f 536/984/536 580/1067/580 557/1022/557
f 543/993/543 580/1067/580 536/984/536
f 552/1012/552 564/1037/564 549/1023/549
f 496/922/496 581/1068/581 520/959/520
f 582/1069/582 503/932/503 520/959/520
f 566/1040/566 560/1027/560 583/1070/583
f 567/1042/567 576/1061/576 568/1043/568
f 551/1071/551 555/1072/555 584/1073/584
f 523/962/523 585/1074/585 555/1016/555
f 532/975/532 579/1066/579 562/1075/562
f 534/978/534 572/1076/572 542/991/542
f 562/1034/562 476/888/476 524/964/524
f 538/987/538 539/988/539 586/1077/586
f 519/1032/519 554/1015/554 587/1078/587
f 567/1042/567 566/1079/566 576/1061/576
f 557/1022/557 588/1080/588 537/985/537
f 588/1080/588 557/1022/557 580/1067/580
f 538/987/538 586/1077/586 573/1056/573
f 519/1081/519 589/1082/589 556/1060/556
f 519/1083/519 587/1084/587 589/1085/589
f 583/1070/583 590/1086/590 566/1040/566
f 566/1079/566 590/1087/590 576/1061/576
f 590/1087/590 577/1062/577 576/1061/576
f 591/1088/591 546/997/546 577/1062/577
f 578/1063/578 546/997/546 591/1088/591
f 523/1065/523 578/1063/578 585/1089/585
f 555/1072/555 592/1090/592 584/1073/584
f 563/1091/563 593/1092/593 543/993/543
f 594/1093/594 563/1035/563 455/970/455
f 571/1048/571 575/1058/575 533/977/533
f 595/1094/595 500/929/500 575/1058/575
f 581/1068/581 496/922/496 541/990/541
f 596/1095/596 560/1027/560 556/1060/556
f 597/1096/597 554/1015/554 574/1057/574
f 574/1057/574 551/1006/551 584/1097/584
f 592/1090/592 555/1072/555 585/1089/585
f 542/991/542 572/1076/572 579/1066/579
f 598/1098/598 562/1075/562 579/1066/579
f 537/985/537 599/1099/599 552/1012/552
f 543/993/543 593/1092/593 580/1067/580
f 528/969/528 594/1093/594 455/970/455
f 544/994/544 530/972/530 573/1056/573
f 586/1077/586 539/988/539 600/1100/600
f 539/988/539 540/989/540 600/1100/600
f 516/1101/516 601/1102/601 559/1103/559
f 582/1069/582 516/954/516 503/932/503
f 599/1099/599 564/1037/564 552/1012/552
f 596/1104/596 556/1105/556 602/1106/602
f 560/1027/560 596/1095/596 583/1070/583
f 583/1070/583 596/1095/596 603/1107/603
f 587/1078/587 554/1015/554 597/1096/597
f 583/1108/583 603/1109/603 590/1087/590
f 590/1087/590 603/1109/603 577/1062/577
f 577/1062/577 603/1109/603 591/1088/591
f 579/1066/579 604/1110/604 598/1098/598
f 548/1000/548 476/888/476 605/1111/605
f 537/985/537 588/1080/588 599/1099/599
f 573/1056/573 586/1077/586 606/1112/606
f 589/1082/589 587/1113/587 607/1114/607
f 591/1088/591 608/1115/608 578/1063/578
f 578/1063/578 609/1116/609 585/1089/585
f 585/1089/585 609/1116/609 592/1090/592
f 598/1098/598 610/1117/610 562/1075/562
f 535/980/535 517/955/517 572/1055/572
f 528/969/528 569/1045/569 594/1093/594
f 574/1057/574 584/1097/584 597/1096/597
f 562/1034/562 605/1111/605 476/888/476
f 570/1046/570 572/1055/572 517/955/517
f 548/1000/548 605/1111/605 502/931/502
f 502/931/502 605/1111/605 569/1118/569
f 594/1093/594 569/1045/569 611/1119/611
f 573/1056/573 612/1120/612 544/994/544
f 573/1056/573 606/1112/606 612/1120/612
f 589/1082/589 607/1114/607 556/1060/556
f 591/1088/591 603/1109/603 608/1115/608
f 608/1115/608 609/1116/609 578/1063/578
f 562/1075/562 610/1117/610 605/1121/605
f 588/1080/588 613/1122/613 599/1099/599
f 593/1092/593 614/1123/614 580/1067/580
f 595/1094/595 558/1024/558 500/929/500
f 559/1025/559 615/1124/615 531/973/531
f 561/1059/561 616/1125/616 541/990/541
f 520/959/520 617/1126/617 582/1069/582
f 556/1060/556 618/1127/618 602/1128/602
f 556/1060/556 619/1129/619 618/1127/618
f 602/1128/602 618/1127/618 596/1095/596
f 587/1113/587 597/1130/597 607/1114/607
f 556/1060/556 607/1114/607 619/1129/619
f 596/1095/596 618/1127/618 603/1107/603
f 603/1109/603 618/1131/618 608/1115/608
f 597/1096/597 584/1097/584 620/1132/620
f 620/1133/620 584/1073/584 592/1090/592
f 604/1110/604 610/1117/610 598/1098/598
f 579/1134/579 572/1135/572 604/1136/604
f 570/1046/570 621/1137/621 572/1055/572
f 622/1138/622 595/1094/595 575/1058/575
f 606/1112/606 586/1077/586 600/1100/600
f 595/1094/595 623/1139/623 558/1024/558
f 540/989/540 624/1140/624 600/1100/600
f 559/1025/559 625/1141/625 615/1124/615
f 559/1025/559 601/1142/601 625/1141/625
f 607/1114/607 620/1143/620 619/1129/619
f 607/1114/607 597/1130/597 620/1143/620
f 619/1144/619 620/1133/620 592/1090/592
f 563/1035/563 594/1093/594 593/1145/593
f 611/1146/611 626/1147/626 594/1148/594
f 601/1149/601 516/1150/516 582/1151/582
f 618/1131/618 619/1144/619 609/1116/609
f 608/1115/608 618/1131/618 609/1116/609
f 619/1144/619 592/1090/592 609/1116/609
f 610/1117/610 604/1110/604 572/1076/572
f 570/1046/570 544/994/544 621/1137/621
f 627/1152/627 611/1153/611 569/1118/569
f 565/1039/565 531/973/531 615/1124/615
f 520/959/520 581/1068/581 617/1126/617
f 628/1154/628 605/1111/605 610/1155/610
f 629/1156/629 564/1037/564 599/1099/599
f 544/994/544 612/1120/612 621/1137/621
f 540/989/540 565/1039/565 624/1140/624
f 593/1092/593 630/1157/630 614/1123/614
f 612/1120/612 606/1112/606 621/1137/621
f 575/1058/575 571/1048/571 622/1138/622
f 600/1100/600 631/1158/631 632/1159/632
f 616/1125/616 633/1160/633 581/1068/581
f 616/1161/616 581/1162/581 541/1163/541
f 605/1111/605 627/1152/627 569/1118/569
f 593/1145/593 594/1093/594 634/1164/634
f 606/1112/606 600/1100/600 635/1165/635
f 623/1139/623 550/1004/550 558/1024/558
f 462/864/462 636/1166/636 425/798/425
f 425/798/425 637/1167/637 561/1029/561
f 582/1168/582 617/1169/617 601/1170/601
f 621/1137/621 638/1171/638 572/1055/572
f 606/1112/606 635/1165/635 639/1172/639
f 610/1117/610 638/1173/638 640/1174/640
f 610/1117/610 572/1076/572 638/1173/638
f 610/1117/610 640/1174/640 628/1175/628
f 628/1154/628 627/1152/627 605/1111/605
f 629/1156/629 641/1176/641 564/1037/564
f 621/1137/621 639/1172/639 638/1171/638
f 621/1137/621 606/1112/606 639/1172/639
f 565/1039/565 615/1124/615 624/1140/624
f 581/1177/581 642/1178/642 617/1169/617
f 580/1067/580 643/1179/643 588/1080/588
f 638/1173/638 639/1180/639 644/1181/644
f 622/1138/622 571/1048/571 564/1047/564
f 635/1165/635 600/1100/600 632/1159/632
f 627/1152/627 626/1182/626 611/1153/611
f 593/1092/593 634/1183/634 630/1157/630
f 631/1184/631 600/1185/600 645/1186/645
f 550/1004/550 646/1187/646 462/864/462
f 600/1100/600 624/1140/624 645/1188/645
f 588/1080/588 643/1179/643 613/1122/613
f 638/1173/638 644/1181/644 640/1174/640
f 644/1181/644 639/1180/639 647/1189/647
f 648/1190/648 632/1191/632 649/1192/649
f 631/1193/631 649/1192/649 632/1191/632
f 649/1194/649 631/1184/631 645/1186/645
f 613/1122/613 650/1195/650 599/1099/599
f 647/1196/647 651/1197/651 644/1198/644
f 639/1172/639 635/1165/635 647/1199/647
f 632/1191/632 647/1196/647 635/1200/635
f 652/1201/652 653/1202/653 649/1192/649
f 651/1203/651 652/1204/652 654/1205/654
f 647/1196/647 632/1191/632 648/1190/648
f 652/1201/652 649/1192/649 655/1206/655
f 649/1192/649 653/1202/653 648/1190/648
f 649/1194/649 645/1186/645 655/1207/655
f 623/1139/623 656/1208/656 550/1004/550
f 614/1123/614 630/1157/630 657/1209/657
f 651/1203/651 654/1205/654 658/1210/658
f 651/1197/651 647/1196/647 653/1202/653
f 651/1197/651 653/1202/653 652/1201/652
f 647/1196/647 648/1190/648 653/1202/653
f 595/1094/595 659/1211/659 623/1139/623
f 425/798/425 636/1166/636 637/1167/637
f 617/1169/617 660/1212/660 601/1170/601
f 642/1178/642 660/1212/660 617/1169/617
f 594/1213/594 661/1214/661 634/1183/634
f 651/1203/651 658/1210/658 644/1215/644
f 662/1216/662 622/1138/622 564/1047/564
f 655/1217/655 645/1218/645 663/1219/663
f 645/1188/645 664/1220/664 663/1221/663
f 656/1208/656 646/1187/646 550/1004/550
f 615/1124/615 625/1141/625 665/1222/665
f 628/1175/628 640/1174/640 666/1223/666
f 628/1175/628 666/1223/666 627/1224/627
f 644/1215/644 666/1225/666 640/1226/640
f 634/1183/634 661/1214/661 630/1157/630
f 580/1067/580 667/1227/667 643/1179/643
f 626/1228/626 661/1229/661 594/1230/594
f 668/1231/668 655/1232/655 663/1221/663
f 599/1099/599 650/1195/650 629/1156/629
f 614/1123/614 657/1209/657 580/1067/580
f 627/1224/627 666/1223/666 669/1233/669
f 652/1204/652 655/1232/655 670/1234/670
f 462/864/462 646/1187/646 636/1166/636
f 669/1235/669 626/1182/626 627/1152/627
f 654/1205/654 670/1234/670 671/1236/671
f 654/1205/654 652/1204/652 670/1234/670
f 615/1124/615 665/1222/665 624/1140/624
f 613/1122/613 643/1179/643 650/1195/650
f 624/1237/624 665/1238/665 645/1239/645
f 669/1240/669 661/1241/661 626/1242/626
f 666/1225/666 644/1215/644 672/1243/672
f 644/1215/644 658/1210/658 672/1243/672
f 672/1243/672 658/1210/658 671/1236/671
f 671/1236/671 658/1210/658 654/1205/654
f 616/1125/616 673/1244/673 633/1160/633
f 667/1227/667 580/1067/580 657/1209/657
f 674/1245/674 670/1234/670 655/1232/655
f 675/1246/675 645/1188/645 665/1222/665
f 601/1170/601 676/1247/676 625/1248/625
f 630/1157/630 661/1214/661 677/1249/677
f 669/1233/669 666/1223/666 672/1250/672
f 622/1138/622 659/1211/659 595/1094/595
f 655/1232/655 668/1231/668 678/1251/678
f 581/1177/581 633/1252/633 642/1178/642
f 630/1253/630 677/1254/677 657/1255/657
f 676/1256/676 665/1222/665 625/1141/625
f 616/1125/616 561/1059/561 673/1244/673
f 660/1212/660 676/1247/676 601/1170/601
f 670/1234/670 674/1245/674 671/1236/671
f 623/1139/623 659/1211/659 656/1208/656
f 663/1221/663 664/1220/664 668/1231/668
f 645/1188/645 679/1257/679 664/1220/664
f 645/1188/645 675/1246/675 679/1257/679
f 661/1258/661 669/1233/669 672/1250/672
f 672/1259/672 677/1249/677 661/1214/661
f 672/1243/672 671/1236/671 677/1254/677
f 657/1209/657 680/1260/680 667/1227/667
f 674/1245/674 677/1254/677 671/1236/671
f 657/1255/657 677/1254/677 681/1261/681
f 655/1232/655 678/1251/678 674/1245/674
f 659/1211/659 682/1262/682 656/1208/656
f 675/1246/675 665/1222/665 683/1263/683
f 684/1264/684 667/1227/667 680/1260/680
f 629/1265/629 685/1266/685 641/1267/641
f 641/1267/641 662/1216/662 564/1047/564
f 662/1216/662 659/1211/659 622/1138/622
f 629/1156/629 650/1195/650 686/1268/686
f 687/1269/687 662/1216/662 641/1267/641
f 664/1220/664 678/1251/678 668/1231/668
f 643/1179/643 688/1270/688 650/1195/650
f 643/1179/643 667/1227/667 689/1271/689
f 637/1167/637 690/1272/690 561/1029/561
f 667/1227/667 684/1264/684 689/1271/689
f 664/1220/664 679/1257/679 678/1251/678
f 660/1212/660 691/1273/691 676/1247/676
f 629/1156/629 686/1268/686 685/1274/685
f 680/1275/680 657/1255/657 681/1261/681
f 650/1195/650 688/1270/688 692/1276/692
f 674/1245/674 678/1251/678 693/1277/693
f 633/1160/633 694/1278/694 642/1279/642
f 679/1280/679 675/1281/675 678/1282/678
f 633/1160/633 695/1283/695 694/1278/694
f 685/1266/685 687/1269/687 641/1267/641
f 696/1284/696 678/1251/678 675/1246/675
f 660/1285/660 642/1279/642 694/1278/694
f 665/1222/665 676/1256/676 697/1286/697
f 686/1268/686 650/1195/650 692/1276/692
f 680/1275/680 681/1261/681 684/1287/684
f 674/1245/674 693/1277/693 677/1254/677
f 682/1262/682 698/1288/698 656/1208/656
f 677/1254/677 693/1277/693 699/1289/699
f 665/1222/665 697/1286/697 683/1263/683
f 688/1270/688 643/1179/643 689/1271/689
f 687/1269/687 700/1290/700 662/1216/662
f 682/1262/682 659/1211/659 701/1291/701
f 656/1208/656 636/1166/636 646/1187/646
f 660/1212/660 694/1292/694 691/1273/691
f 662/1216/662 701/1291/701 659/1211/659
f 693/1277/693 678/1251/678 702/1293/702
f 656/1208/656 703/1294/703 636/1166/636
f 676/1247/676 691/1273/691 697/1295/697
f 636/1166/636 704/1296/704 637/1167/637
f 673/1244/673 695/1283/695 633/1160/633
f 701/1291/701 698/1288/698 682/1262/682
f 561/1059/561 705/1297/705 673/1244/673
f 688/1270/688 706/1298/706 692/1276/692
f 684/1264/684 707/1299/707 689/1271/689
f 708/1300/708 678/1251/678 696/1284/696
f 636/1166/636 703/1294/703 709/1301/709
f 684/1287/684 681/1261/681 710/1302/710
f 677/1254/677 699/1289/699 711/1303/711
f 662/1216/662 700/1290/700 701/1291/701
f 678/1251/678 708/1300/708 702/1293/702
f 561/1059/561 712/1304/712 705/1297/705
f 656/1208/656 698/1288/698 703/1294/703
f 691/1273/691 694/1292/694 713/1305/713
f 688/1270/688 714/1306/714 706/1298/706
f 688/1270/688 689/1271/689 714/1306/714
f 686/1268/686 715/1307/715 685/1274/685
f 685/1274/685 715/1307/715 687/1308/687
f 675/1246/675 683/1263/683 716/1309/716
f 684/1264/684 710/1310/710 707/1299/707
f 717/1311/717 700/1290/700 687/1269/687
f 700/1290/700 718/1312/718 701/1291/701
f 686/1268/686 692/1276/692 719/1313/719
f 687/1269/687 715/1314/715 717/1311/717
f 677/1254/677 711/1303/711 681/1261/681
f 675/1246/675 716/1309/716 696/1284/696
f 713/1315/713 697/1316/697 691/1317/691
f 690/1318/690 712/1304/712 561/1059/561
f 720/1319/720 695/1283/695 673/1244/673
f 698/1288/698 721/1320/721 703/1294/703
f 722/1321/722 714/1306/714 689/1271/689
f 701/1291/701 723/1322/723 698/1288/698
f 694/1278/694 695/1283/695 724/1323/724
f 706/1298/706 719/1313/719 692/1276/692
f 715/1307/715 686/1268/686 725/1324/725
f 636/1166/636 709/1301/709 704/1296/704
f 686/1268/686 719/1313/719 725/1324/725
f 700/1290/700 726/1325/726 718/1312/718
f 703/1294/703 727/1326/727 709/1301/709
f 673/1244/673 705/1297/705 720/1319/720
f 717/1311/717 726/1325/726 700/1290/700
f 698/1288/698 723/1322/723 721/1320/721
f 703/1294/703 721/1320/721 727/1326/727
f 683/1263/683 728/1327/728 716/1309/716
f 715/1314/715 729/1328/729 717/1311/717
f 699/1289/699 730/1329/730 711/1303/711
f 715/1314/715 725/1330/725 729/1328/729
f 706/1298/706 731/1331/731 719/1313/719
f 701/1291/701 732/1332/732 723/1322/723
f 714/1306/714 733/1333/733 706/1298/706
f 710/1302/710 681/1261/681 711/1303/711
f 712/1304/712 734/1334/734 705/1297/705
f 689/1271/689 707/1299/707 722/1321/722
f 718/1312/718 732/1332/732 701/1291/701
f 697/1286/697 735/1335/735 683/1263/683
f 713/1336/713 735/1337/735 697/1338/697
f 694/1278/694 735/1337/735 713/1336/713
f 736/1339/736 729/1328/729 725/1330/725
f 717/1311/717 729/1328/729 726/1325/726
f 699/1289/699 693/1277/693 730/1329/730
f 730/1329/730 693/1277/693 702/1293/702
f 735/1335/735 728/1327/728 683/1263/683
f 714/1306/714 722/1321/722 733/1333/733
f 702/1293/702 708/1300/708 737/1340/737
f 637/1167/637 738/1341/738 690/1272/690
f 690/1318/690 738/1342/738 712/1304/712
f 706/1298/706 733/1333/733 731/1331/731
f 716/1309/716 739/1343/739 696/1284/696
f 710/1302/710 740/1344/740 707/1345/707
f 741/1346/741 710/1302/710 711/1303/711
f 730/1329/730 702/1293/702 737/1340/737
f 710/1302/710 741/1346/741 740/1344/740
f 711/1303/711 730/1329/730 742/1347/742
f 723/1322/723 743/1348/743 721/1320/721
f 724/1323/724 744/1349/744 694/1278/694
f 732/1332/732 743/1348/743 723/1322/723
f 719/1313/719 745/1350/745 725/1324/725
f 725/1324/725 745/1350/745 736/1351/736
f 696/1284/696 739/1343/739 746/1352/746
f 711/1303/711 742/1347/742 741/1346/741
f 747/1353/747 722/1321/722 707/1299/707
f 748/1354/748 726/1325/726 729/1328/729
f 749/1355/749 750/1356/750 718/1312/718
f 726/1325/726 749/1355/749 718/1312/718
f 744/1349/744 735/1337/735 694/1278/694
f 733/1333/733 751/1357/751 731/1331/731
f 730/1329/730 737/1340/737 752/1358/752
f 722/1321/722 753/1359/753 733/1333/733
f 722/1321/722 747/1353/747 753/1359/753
f 730/1329/730 752/1358/752 742/1347/742
f 747/1353/747 707/1299/707 754/1360/754
f 707/1361/707 740/1362/740 754/1363/754
f 734/1334/734 720/1319/720 705/1297/705
f 637/1167/637 704/1296/704 738/1341/738
f 695/1283/695 755/1364/755 724/1323/724
f 721/1320/721 756/1365/756 727/1326/727
f 709/1301/709 757/1366/757 704/1296/704
f 734/1334/734 758/1367/758 720/1319/720
f 731/1331/731 751/1357/751 719/1313/719
f 728/1327/728 735/1335/735 759/1368/759
f 695/1283/695 720/1319/720 755/1364/755
f 760/1369/760 748/1354/748 729/1328/729
f 708/1300/708 696/1284/696 746/1352/746
f 735/1335/735 761/1370/761 759/1368/759
f 721/1320/721 743/1348/743 756/1365/756
f 729/1328/729 736/1339/736 760/1369/760
f 750/1356/750 732/1332/732 718/1312/718
f 724/1323/724 762/1371/762 744/1349/744
f 758/1367/758 755/1364/755 720/1319/720
f 741/1346/741 742/1347/742 763/1372/763
f 728/1327/728 764/1373/764 716/1309/716
f 704/1296/704 757/1366/757 738/1341/738
f 762/1371/762 724/1323/724 755/1364/755
f 751/1357/751 733/1333/733 765/1374/765
f 748/1354/748 749/1355/749 726/1325/726
f 708/1300/708 746/1352/746 737/1340/737
f 732/1332/732 750/1356/750 743/1348/743
f 709/1301/709 756/1365/756 757/1366/757
f 753/1359/753 766/1375/766 733/1333/733
f 753/1359/753 747/1353/747 766/1375/766
f 712/1304/712 738/1342/738 734/1334/734
f 742/1347/742 752/1358/752 763/1372/763
f 756/1365/756 709/1301/709 727/1326/727
f 767/1376/767 738/1342/738 757/1377/757
f 764/1373/764 728/1327/728 759/1368/759
f 744/1349/744 762/1371/762 735/1337/735
f 745/1350/745 768/1378/768 736/1351/736
f 743/1348/743 769/1379/769 756/1365/756
f 752/1358/752 737/1340/737 770/1380/770
f 766/1375/766 771/1381/771 733/1333/733
f 735/1337/735 762/1371/762 761/1382/761
f 733/1333/733 771/1381/771 765/1374/765
f 754/1363/754 740/1362/740 772/1383/772
f 755/1384/755 758/1385/758 762/1386/762
f 751/1357/751 773/1387/773 719/1313/719
f 736/1339/736 774/1388/774 760/1369/760
f 740/1344/740 741/1346/741 775/1389/775
f 746/1352/746 776/1390/776 770/1380/770
f 746/1352/746 739/1343/739 776/1390/776
f 716/1309/716 764/1373/764 739/1343/739
f 736/1339/736 768/1391/768 774/1388/774
f 777/1392/777 762/1371/762 758/1367/758
f 775/1389/775 741/1346/741 763/1372/763
f 748/1354/748 760/1369/760 749/1355/749
f 752/1358/752 770/1380/770 778/1393/778
f 750/1356/750 779/1394/779 743/1348/743
f 759/1368/759 761/1370/761 780/1395/780
f 765/1374/765 773/1387/773 751/1357/751
f 773/1387/773 745/1350/745 719/1313/719
f 763/1372/763 752/1358/752 778/1393/778
f 749/1355/749 781/1396/781 750/1356/750
f 761/1382/761 782/1397/782 780/1398/780
f 775/1389/775 763/1372/763 783/1399/783
f 737/1340/737 746/1352/746 770/1380/770
f 762/1371/762 777/1392/777 761/1382/761
f 758/1367/758 784/1400/784 777/1392/777
f 773/1387/773 768/1378/768 745/1350/745
f 747/1353/747 785/1401/785 766/1375/766
f 757/1366/757 756/1365/756 786/1402/786
f 760/1369/760 787/1403/787 749/1355/749
f 764/1373/764 788/1404/788 739/1343/739
f 781/1396/781 779/1394/779 750/1356/750
f 757/1366/757 789/1405/789 767/1406/767
f 769/1379/769 790/1407/790 756/1365/756
f 738/1342/738 791/1408/791 734/1334/734
f 738/1342/738 767/1376/767 791/1408/791
f 772/1409/772 740/1344/740 775/1389/775
f 770/1380/770 776/1390/776 792/1410/792
f 743/1348/743 779/1394/779 769/1379/769
f 767/1411/767 789/1412/789 793/1413/793
f 773/1387/773 794/1414/794 768/1378/768
f 749/1355/749 787/1403/787 795/1415/795
f 795/1415/795 781/1396/781 749/1355/749
f 767/1416/767 793/1417/793 796/1418/796
f 754/1360/754 797/1419/797 747/1353/747
f 798/1420/798 799/1421/799 774/1388/774
f 759/1368/759 780/1395/780 764/1373/764
f 761/1382/761 777/1392/777 782/1397/782
f 774/1422/774 768/1423/768 798/1424/798
f 774/1388/774 787/1403/787 760/1369/760
f 756/1365/756 790/1407/790 786/1402/786
f 754/1363/754 772/1383/772 797/1425/797
f 767/1376/767 796/1426/796 791/1408/791
f 774/1388/774 799/1421/799 787/1403/787
f 763/1372/763 778/1393/778 783/1399/783
f 789/1427/789 800/1428/800 793/1429/793
f 801/1430/801 802/1431/802 803/1432/803
f 802/1433/802 804/1434/804 803/1435/803
f 801/1436/801 803/1437/803 805/1438/805
f 758/1367/758 734/1334/734 784/1400/784
f 765/1374/765 806/1439/806 773/1387/773
f 802/1431/802 807/1440/807 808/1441/808
f 793/1442/793 800/1443/800 796/1426/796
f 802/1431/802 809/1444/809 807/1440/807
f 802/1431/802 801/1430/801 809/1444/809
f 734/1334/734 791/1408/791 810/1445/810
f 747/1353/747 797/1419/797 811/1446/811
f 781/1396/781 812/1447/812 779/1394/779
f 757/1366/757 786/1402/786 789/1405/789
f 784/1400/784 813/1448/813 777/1392/777
f 803/1432/803 814/1449/814 805/1450/805
f 804/1434/804 815/1451/815 803/1435/803
f 816/1452/816 787/1453/787 799/1454/799
f 817/1455/817 769/1379/769 779/1394/779
f 818/1456/818 802/1457/802 808/1458/808
f 807/1440/807 809/1444/809 800/1459/800
f 819/1460/819 796/1426/796 800/1443/800
f 809/1444/809 801/1430/801 819/1461/819
f 819/1461/819 801/1430/801 805/1450/805
f 819/1461/819 805/1450/805 820/1462/820
f 802/1463/802 821/1464/821 804/1465/804
f 822/1466/822 814/1449/814 823/1467/823
f 814/1468/814 803/1435/803 824/1469/824
f 824/1469/824 803/1435/803 815/1451/815
f 825/1470/825 818/1456/818 808/1458/808
f 789/1471/789 807/1472/807 800/1473/800
f 809/1444/809 819/1461/819 800/1459/800
f 819/1460/819 820/1474/820 796/1426/796
f 818/1475/818 821/1476/821 802/1477/802
f 820/1462/820 805/1450/805 826/1478/826
f 791/1408/791 796/1426/796 827/1479/827
f 805/1450/805 814/1449/814 826/1478/826
f 777/1392/777 813/1448/813 828/1480/828
f 734/1334/734 810/1445/810 784/1400/784
f 822/1466/822 823/1467/823 829/1481/829
f 814/1468/814 824/1469/824 823/1482/823
f 830/1483/830 768/1378/768 794/1414/794
f 795/1415/795 812/1447/812 781/1396/781
f 808/1484/808 807/1485/807 825/1486/825
f 831/1487/831 818/1488/818 825/1489/825
f 820/1474/820 826/1490/826 796/1426/796
f 826/1490/826 827/1479/827 796/1426/796
f 814/1449/814 832/1491/832 826/1478/826
f 822/1466/822 832/1491/832 814/1449/814
f 833/1492/833 829/1481/829 823/1467/823
f 829/1481/829 833/1492/833 834/1493/834
f 823/1482/823 824/1469/824 833/1494/833
f 815/1451/815 835/1495/835 824/1469/824
f 771/1381/771 836/1496/836 765/1374/765
f 837/1497/837 838/1498/838 839/1499/839
f 839/1499/839 838/1498/838 840/1500/840
f 794/1414/794 841/1501/841 830/1483/830
f 842/1502/842 843/1503/843 838/1498/838
f 838/1498/838 843/1503/843 840/1500/840
f 843/1504/843 842/1505/842 844/1506/844
f 844/1507/844 845/1508/845 843/1509/843
f 844/1507/844 846/1510/846 847/1511/847
f 846/1512/846 844/1513/844 848/1514/848
f 844/1515/844 849/1516/849 848/1517/848
f 848/1518/848 850/1519/850 846/1520/846
f 846/1510/846 850/1521/850 847/1511/847
f 848/1517/848 849/1516/849 851/1522/851
f 779/1394/779 812/1447/812 852/1523/852
f 770/1380/770 792/1410/792 853/1524/853
f 739/1343/739 788/1404/788 776/1390/776
f 780/1395/780 854/1525/854 764/1373/764
f 780/1395/780 782/1526/782 855/1527/855
f 832/1528/832 827/1479/827 826/1490/826
f 822/1466/822 827/1529/827 832/1491/832
f 856/1530/856 827/1479/827 822/1531/822
f 821/1532/821 857/1533/857 804/1434/804
f 822/1534/822 858/1535/858 856/1536/856
f 829/1537/829 858/1535/858 822/1534/822
f 810/1445/810 813/1448/813 784/1400/784
f 857/1533/857 815/1451/815 804/1434/804
f 859/1538/859 860/1539/860 861/1540/861
f 862/1541/862 863/1542/863 864/1543/864
f 765/1374/765 836/1496/836 806/1439/806
f 839/1544/839 865/1545/865 837/1546/837
f 861/1547/861 866/1548/866 864/1549/864
f 864/1549/864 866/1548/866 867/1550/867
f 864/1551/864 867/1552/867 862/1553/862
f 773/1387/773 806/1439/806 841/1501/841
f 837/1554/837 842/1555/842 838/1556/838
f 785/1401/785 747/1353/747 811/1446/811
f 840/1557/840 843/1558/843 845/1559/845
f 768/1560/768 830/1561/830 798/1562/798
f 844/1507/844 847/1511/847 845/1508/845
f 845/1563/845 868/1564/868 869/1565/869
f 845/1508/845 847/1511/847 868/1566/870
f 844/1515/844 842/1555/842 870/1567/871
f 870/1567/871 849/1516/849 844/1515/844
f 851/1568/851 871/1569/872 848/1570/848
f 848/1570/848 871/1569/872 850/1521/850
f 851/1568/851 872/1571/873 871/1569/872
f 789/1572/789 786/1573/786 807/1574/807
f 818/1575/818 831/1576/831 873/1577/874
f 825/1578/825 786/1573/786 831/1579/831
f 825/1578/825 807/1574/807 786/1573/786
f 858/1580/858 827/1479/827 856/1530/856
f 791/1408/791 874/1581/875 810/1445/810
f 829/1481/829 834/1493/834 874/1582/875
f 833/1494/833 875/1583/876 834/1584/834
f 876/1585/877 877/1586/878 861/1587/861
f 863/1588/863 876/1589/877 864/1590/864
f 876/1589/877 861/1591/861 864/1590/864
f 859/1592/859 878/1593/879 860/1594/860
f 861/1595/861 860/1594/860 878/1593/879
f 862/1541/862 879/1596/880 863/1542/863
f 863/1542/863 879/1596/880 880/1597/881
f 861/1598/861 878/1599/879 866/1600/866
f 839/1499/839 840/1500/840 859/1592/859
f 859/1592/859 840/1500/840 878/1593/879
f 867/1601/867 879/1596/880 862/1541/862
f 840/1557/840 845/1559/845 878/1602/879
f 878/1602/879 845/1559/845 866/1603/866
f 845/1508/845 868/1566/870 866/1548/866
f 837/1554/837 881/1604/882 842/1555/842
f 866/1548/866 882/1605/883 867/1550/867
f 866/1548/866 868/1566/870 882/1605/883
f 867/1606/867 882/1607/883 883/1608/884
f 883/1609/884 882/1605/883 884/1610/885
f 882/1605/883 868/1566/870 885/1611/886
f 799/1612/799 886/1613/887 816/1614/816
f 847/1511/847 850/1521/850 868/1566/870
f 868/1566/870 850/1521/850 887/1615/888
f 868/1566/870 887/1615/888 816/1616/816
f 816/1617/816 795/1415/795 787/1403/787
f 778/1393/778 770/1380/770 853/1524/853
f 831/1579/831 786/1573/786 873/1618/874
f 818/1575/818 888/1619/889 821/1620/821
f 858/1580/858 874/1581/875 827/1479/827
f 827/1479/827 874/1581/875 791/1408/791
f 829/1481/829 874/1582/875 858/1621/858
f 810/1622/810 874/1582/875 834/1493/834
f 815/1451/815 857/1533/857 835/1495/835
f 824/1469/824 889/1623/890 833/1494/833
f 833/1494/833 889/1623/890 875/1583/876
f 863/1588/863 890/1624/891 876/1589/877
f 891/1625/892 892/1626/893 859/1627/859
f 859/1628/894 893/1629/895 891/1630/896
f 859/1627/859 894/1631/897 839/1632/839
f 880/1597/881 879/1596/880 895/1633/898
f 865/1634/865 839/1635/839 894/1636/897
f 771/1381/771 766/1375/766 785/1401/785
f 883/1637/884 879/1638/880 867/1639/867
f 883/1640/884 884/1641/885 879/1642/880
f 798/1643/798 830/1644/830 896/1645/899
f 842/1555/842 881/1604/882 897/1646/900
f 798/1420/798 884/1647/885 799/1421/799
f 882/1605/883 799/1648/799 884/1610/885
f 882/1605/883 885/1611/886 799/1648/799
f 842/1555/842 897/1646/900 870/1567/871
f 850/1521/850 898/1649/901 887/1615/888
f 849/1516/849 872/1650/873 851/1522/851
f 764/1373/764 854/1525/854 788/1404/788
f 873/1577/874 888/1619/889 818/1575/818
f 813/1448/813 899/1651/902 828/1480/828
f 834/1493/834 900/1652/903 810/1622/810
f 824/1469/824 835/1495/835 889/1623/890
f 889/1623/890 901/1653/904 875/1583/876
f 902/1654/905 877/1655/878 903/1656/906
f 877/1657/878 876/1658/877 904/1659/907
f 876/1589/877 890/1624/891 904/1660/907
f 877/1655/878 902/1654/905 861/1540/861
f 902/1654/905 905/1661/908 861/1540/861
f 891/1662/892 859/1663/859 906/1664/909
f 859/1538/859 861/1540/861 906/1665/909
f 891/1625/896 907/1666/910 859/1627/894
f 891/1667/896 893/1668/895 907/1669/910
f 859/1627/894 907/1666/910 893/1670/895
f 859/1627/859 892/1626/893 894/1631/897
f 837/1554/837 865/1671/865 908/1672/911
f 909/1673/912 895/1633/898 879/1596/880
f 884/1641/885 896/1674/899 879/1642/880
f 896/1675/899 830/1676/830 879/1596/880
f 879/1596/880 830/1676/830 909/1673/912
f 896/1645/899 884/1677/885 798/1643/798
f 886/1678/887 885/1611/886 868/1566/870
f 868/1679/870 816/1680/816 886/1681/887
f 799/1612/799 885/1682/886 886/1613/887
f 887/1615/888 898/1649/901 816/1616/816
f 872/1650/873 849/1516/849 870/1567/871
f 898/1683/901 910/1684/913 816/1617/816
f 871/1569/872 911/1685/914 850/1521/850
f 910/1684/913 795/1415/795 816/1617/816
f 821/1532/821 912/1686/915 857/1533/857
f 900/1652/903 813/1687/813 810/1622/810
f 900/1688/903 834/1584/834 913/1689/916
f 834/1584/834 875/1583/876 913/1689/916
f 903/1690/906 877/1657/878 904/1659/907
f 914/1691/917 890/1692/891 863/1693/863
f 914/1691/917 863/1693/863 880/1694/881
f 915/1695/918 865/1696/865 916/1697/919
f 917/1698/920 891/1699/892 906/1700/909
f 861/1540/861 905/1661/908 906/1665/909
f 914/1701/917 880/1702/881 895/1703/898
f 917/1704/920 892/1705/893 891/1706/892
f 865/1696/865 915/1695/918 918/1707/921
f 865/1708/865 918/1709/921 919/1710/922
f 915/1711/918 919/1104/922 918/1712/921
f 917/1713/920 865/1714/865 894/1715/897
f 892/1626/893 917/1716/920 894/1631/897
f 919/1717/922 908/1672/911 865/1671/865
f 841/1501/841 794/1414/794 773/1387/773
f 850/1521/850 911/1685/914 898/1649/901
f 871/1569/872 872/1571/873 911/1685/914
f 872/1571/873 920/1718/923 911/1685/914
f 921/1719/924 812/1447/812 795/1415/795
f 922/1720/925 888/1619/889 873/1577/874
f 923/1721/926 821/1620/821 888/1619/889
f 912/1686/915 924/1722/927 857/1533/857
f 889/1623/890 835/1495/835 925/1723/928
f 903/1690/906 904/1659/907 926/1724/929
f 890/1624/891 914/1725/917 927/1726/930
f 917/1727/920 906/1728/909 905/1729/908
f 865/1730/865 917/1731/920 916/1732/919
f 785/1401/785 836/1496/836 771/1381/771
f 919/1717/922 928/1733/931 908/1672/911
f 837/1734/837 908/1735/911 928/1736/931
f 870/1567/871 897/1646/900 929/1737/932
f 910/1684/913 930/1738/933 795/1415/795
f 778/1393/778 853/1524/853 783/1399/783
f 776/1390/776 931/1739/934 792/1410/792
f 779/1394/779 932/1740/935 817/1455/817
f 780/1395/780 855/1527/855 854/1525/854
f 790/1407/790 933/1741/936 786/1402/786
f 786/1573/786 933/1742/936 873/1618/874
f 888/1619/889 922/1720/925 923/1721/926
f 777/1392/777 934/1743/937 782/1397/782
f 821/1620/821 923/1721/926 912/1744/915
f 913/1689/916 935/1745/938 900/1688/903
f 857/1533/857 924/1722/927 835/1495/835
f 875/1583/876 936/1746/939 913/1689/916
f 875/1583/876 937/1747/940 936/1746/939
f 889/1623/890 925/1723/928 938/1748/941
f 889/1623/890 938/1748/941 901/1653/904
f 875/1583/876 901/1653/904 937/1747/940
f 904/1660/907 890/1624/891 926/1749/929
f 939/1750/942 905/1661/908 902/1654/905
f 915/1751/918 940/1752/943 919/1753/922
f 915/1751/918 917/1754/920 940/1752/943
f 915/1751/918 916/1755/919 917/1754/920
f 917/1727/920 905/1729/908 941/1756/944
f 928/1733/931 942/1757/945 837/1554/837
f 942/1757/945 943/1758/946 881/1604/882
f 837/1554/837 942/1757/945 881/1604/882
f 881/1604/882 943/1758/946 897/1646/900
f 870/1567/871 944/1759/947 872/1650/873
f 911/1685/914 945/1760/948 898/1649/901
f 852/1523/852 946/1761/949 779/1394/779
f 769/1379/769 817/1455/817 947/1762/950
f 948/1763/951 873/1618/874 790/1764/790
f 790/1764/790 873/1618/874 933/1742/936
f 912/1686/915 949/1765/952 924/1722/927
f 835/1495/835 950/1766/953 951/1767/954
f 952/1768/955 953/1769/956 954/1770/957
f 903/1771/906 926/1772/929 902/1773/905
f 952/1774/955 955/1775/958 953/1776/956
f 953/1776/956 955/1775/958 956/1777/959
f 956/1777/959 955/1775/958 957/1778/960
f 927/1726/930 914/1725/917 952/1779/955
f 914/1725/917 955/1780/958 952/1779/955
f 914/1725/917 958/1781/961 955/1780/958
f 939/1750/942 941/1782/944 905/1661/908
f 895/1783/898 958/1781/961 914/1725/917
f 895/1783/898 959/1784/962 958/1781/961
f 895/1785/898 909/1786/912 959/1787/962
f 917/1788/920 960/1789/963 940/1790/943
f 917/1727/920 941/1756/944 960/1791/963
f 909/1792/912 961/1793/964 959/1794/962
f 928/1733/931 919/1717/922 942/1757/945
f 830/1676/830 961/1795/964 909/1673/912
f 943/1758/946 929/1737/932 897/1646/900
f 929/1737/932 944/1759/947 870/1567/871
f 910/1796/913 898/1649/901 962/1797/965
f 910/1798/913 963/1799/966 930/1800/933
f 779/1394/779 946/1761/949 932/1740/935
f 873/1577/874 948/1801/951 922/1720/925
f 813/1448/813 964/1802/967 899/1651/902
f 900/1688/903 965/1803/968 813/1448/813
f 900/1688/903 935/1745/938 965/1803/968
f 835/1495/835 951/1767/954 925/1723/928
f 901/1653/904 938/1748/941 966/1804/969
f 890/1624/891 967/1805/970 926/1749/929
f 927/1726/930 967/1805/970 890/1624/891
f 956/1806/959 954/1807/957 953/1808/956
f 957/1809/960 954/1807/957 956/1806/959
f 926/1772/929 939/1810/942 902/1773/905
f 958/1811/961 957/1778/960 955/1775/958
f 959/1784/962 968/1812/971 969/1813/972
f 960/1814/963 970/1815/973 940/1816/943
f 959/1817/962 961/1818/964 968/1819/971
f 841/1501/841 961/1820/964 830/1483/830
f 911/1685/914 920/1718/923 945/1760/948
f 872/1571/873 921/1821/924 920/1718/923
f 795/1822/795 971/1823/974 921/1824/924
f 948/1763/951 790/1764/790 972/1825/975
f 948/1801/951 973/1826/976 922/1720/925
f 777/1392/777 828/1480/828 934/1743/937
f 935/1827/938 974/1828/977 965/1829/968
f 935/1745/938 975/1830/978 974/1831/977
f 913/1689/916 975/1830/978 935/1745/938
f 913/1832/916 936/1833/939 975/1834/978
f 835/1835/835 976/1836/979 950/1837/953
f 901/1653/904 966/1804/969 937/1747/940
f 957/1809/960 977/1838/980 954/1807/957
f 954/1770/957 978/1839/981 952/1768/955
f 952/1840/955 978/1841/981 927/1842/930
f 957/1778/960 958/1811/961 979/1843/982
f 958/1781/961 969/1813/972 979/1844/982
f 979/1845/982 969/1846/972 980/1847/983
f 959/1784/962 969/1813/972 958/1781/961
f 980/1848/983 969/1849/972 968/1850/971
f 940/1851/943 970/1852/973 919/1853/922
f 785/1854/785 981/1855/984 836/1856/836
f 982/1857/985 970/1858/973 941/1782/944
f 941/1859/944 970/1860/973 960/1861/963
f 968/1819/971 961/1818/964 983/1862/986
f 841/1863/841 983/1862/986 961/1818/964
f 919/1717/922 984/1864/987 942/1757/945
f 985/1865/988 910/1796/913 962/1797/965
f 985/1866/988 963/1867/966 910/1103/913
f 920/1718/923 971/1868/974 945/1760/948
f 795/1822/795 930/1869/933 971/1823/974
f 921/1821/924 971/1868/974 920/1718/923
f 812/1447/812 986/1870/989 852/1523/852
f 792/1410/792 931/1739/934 853/1524/853
f 972/1825/975 790/1764/790 769/1871/769
f 813/1448/813 987/1872/990 964/1802/967
f 813/1448/813 965/1803/968 987/1872/990
f 988/1873/991 965/1829/968 974/1828/977
f 912/1874/915 923/1875/926 949/1876/952
f 974/1831/977 975/1830/978 988/1877/991
f 957/1809/960 979/1878/982 977/1838/980
f 980/1879/983 968/1880/971 989/1881/992
f 939/1750/942 990/1882/993 941/1782/944
f 941/1782/944 990/1882/993 982/1857/985
f 919/1883/922 970/1884/973 991/1885/994
f 991/1885/994 984/1886/987 919/1883/922
f 785/1854/785 992/1887/995 993/1888/996
f 811/1446/811 992/1889/995 785/1401/785
f 984/1864/987 994/1890/997 942/1757/945
f 942/1757/945 994/1890/997 943/1758/946
f 797/1891/797 772/1892/772 995/1893/998
f 996/1894/999 972/1895/975 997/1896/1000
f 997/1897/1000 972/1898/975 769/1899/769
f 998/1900/1001 972/1901/975 996/1902/999
f 998/1900/1001 948/1801/951 972/1901/975
f 973/1826/976 923/1721/926 922/1720/925
f 964/1903/967 987/1904/990 988/1905/991
f 964/1906/967 988/1907/991 899/1908/902
f 828/1909/828 899/1908/902 988/1907/991
f 965/1829/968 988/1873/991 987/1910/990
f 925/1723/928 999/1911/1002 938/1748/941
f 966/1804/969 1000/1912/1003 937/1747/940
f 951/1767/954 999/1911/1002 925/1723/928
f 1001/1913/1004 926/1749/929 967/1805/970
f 967/1805/970 927/1726/930 978/1914/981
f 978/1915/981 954/1807/957 977/1838/980
f 979/1916/982 980/1917/983 989/1918/992
f 1002/1919/1005 989/1920/992 968/1812/971
f 1003/1921/1006 1004/1922/1007 1005/1923/1008
f 968/1812/971 983/1924/986 1002/1919/1005
f 1003/1925/1006 1005/1926/1008 984/1927/987
f 983/1924/986 841/1928/841 1002/1919/1005
f 1006/1929/1009 1002/1919/1005 841/1928/841
f 991/1930/994 970/1858/973 982/1857/985
f 995/1931/998 1007/1932/1010 797/1933/797
f 945/1760/948 962/1797/965 898/1649/901
f 945/1760/948 985/1865/988 962/1797/965
f 945/1681/948 1008/1934/1011 985/1935/988
f 944/1759/947 921/1719/924 872/1650/873
f 971/1868/974 930/1936/933 945/1760/948
f 776/1390/776 788/1404/788 931/1739/934
f 996/1894/999 997/1896/1000 769/1937/769
f 1009/1938/1012 923/1721/926 973/1826/976
f 988/1877/991 975/1830/978 828/1480/828
f 923/1721/926 1009/1938/1012 949/1939/952
f 936/1746/939 1010/1940/1013 975/1830/978
f 835/1495/835 924/1722/927 976/1941/979
f 937/1747/940 1010/1940/1013 936/1746/939
f 999/1911/1002 966/1804/969 938/1748/941
f 966/1804/969 999/1911/1002 1011/1942/1014
f 951/1767/954 950/1766/953 999/1911/1002
f 1012/1943/1015 939/1750/942 926/1944/929
f 977/1945/980 979/1844/982 1013/1946/1016
f 1002/1947/1005 1006/1916/1009 1014/1948/1017
f 1003/1949/1006 984/1950/987 1015/1951/1018
f 1016/1952/1019 991/1930/994 982/1857/985
f 1004/1922/1007 984/1864/987 1005/1923/1008
f 1017/1953/1020 1018/1954/1021 1019/1955/1022
f 1019/1956/1022 1020/1957/1023 1017/1958/1020
f 1007/1959/1010 1021/1960/1024 797/1961/797
f 995/1962/998 772/1963/772 1022/1964/1025
f 1008/1965/1011 945/1760/948 1023/1966/1026
f 1023/1966/1026 985/1865/988 1008/1965/1011
f 1023/1967/1026 1024/1968/1027 985/1866/988
f 945/1760/948 930/1936/933 1024/1969/1027
f 930/1970/933 963/1867/966 985/1866/988
f 1024/1968/1027 930/1970/933 985/1866/988
f 1025/1971/1028 998/1900/1001 996/1902/999
f 1025/1972/1028 996/1973/999 1026/1974/1029
f 947/1762/950 1026/1975/1029 769/1379/769
f 1026/1976/1029 996/1894/999 769/1937/769
f 948/1801/951 998/1900/1001 1027/1977/1030
f 949/1765/952 1028/1978/1031 924/1722/927
f 999/1911/1002 1029/1979/1032 1030/1980/1033
f 1001/1913/1004 1012/1981/1015 926/1749/929
f 939/1750/942 1031/1982/1034 990/1882/993
f 978/1914/981 1032/1983/1035 967/1805/970
f 1013/1946/1016 1002/1919/1005 1033/1984/1036
f 979/1844/982 989/1920/992 1013/1946/1016
f 1013/1946/1016 989/1920/992 1002/1919/1005
f 1033/1984/1036 1002/1919/1005 1014/1985/1017
f 1003/1986/1006 1015/1987/1018 1004/1988/1007
f 990/1882/993 1016/1952/1019 982/1857/985
f 1034/1989/1037 1035/1990/1038 1036/1991/1039
f 1017/1992/1020 1035/1993/1038 1037/1994/1040
f 1017/1958/1020 1020/1957/1023 1035/1995/1038
f 984/1864/987 1004/1922/1007 994/1890/997
f 811/1996/811 1019/1955/1022 992/1997/995
f 1019/1998/1022 811/1446/811 1020/1999/1023
f 1035/2000/1038 1007/2001/1010 1038/2002/1041
f 1035/2003/1038 1039/2004/1042 1007/2005/1010
f 1020/2006/1023 797/2007/797 1035/2008/1038
f 1035/2003/1038 797/2009/797 1039/2004/1042
f 1007/2010/1010 995/2011/998 1022/2012/1025
f 1007/2013/1010 1022/2014/1025 1040/2015/1043
f 1024/1969/1027 1023/1966/1026 945/1760/948
f 783/1399/783 1041/2016/1044 775/1389/775
f 852/1523/852 986/1870/989 946/1761/949
f 1025/1972/1028 1026/1974/1029 947/2017/950
f 1025/2018/1028 1042/2019/1045 1043/2020/1046
f 1025/2021/1028 947/2022/950 1042/2023/1045
f 948/1801/951 1027/1977/1030 973/1826/976
f 828/1480/828 975/1830/978 1044/2024/1047
f 949/1939/952 1009/1938/1012 1045/2025/1048
f 1030/2026/1033 1011/2027/1014 999/2028/1002
f 950/1766/953 1029/1979/1032 999/1911/1002
f 967/1805/970 1046/2029/1049 1001/1913/1004
f 1012/1943/1015 1031/1982/1034 939/1750/942
f 967/1805/970 1032/1983/1035 1046/2029/1049
f 1032/1983/1035 978/1914/981 1047/2030/1050
f 978/1914/981 977/1945/980 1047/2030/1050
f 1048/2031/1051 1049/2032/1052 1050/2033/1053
f 990/1882/993 1031/1982/1034 1016/1952/1019
f 1017/2034/1020 1037/2035/1040 1018/2036/1021
f 1037/2037/1040 1035/2038/1038 1034/2039/1037
f 984/1886/987 1051/2040/1054 1015/1987/1018
f 984/1886/987 991/1885/994 1051/2040/1054
f 1036/2041/1039 1035/2042/1038 1052/2043/1055
f 1004/1922/1007 1053/2044/1056 994/1890/997
f 1018/1954/1021 992/1997/995 1019/1955/1022
f 1038/2045/1041 1052/2043/1055 1035/2042/1038
f 1038/2045/1041 1054/2046/1057 1052/2043/1055
f 1055/2047/1058 1056/2048/1059 1057/2049/1060
f 811/1446/811 797/1419/797 1020/1999/1023
f 797/2009/797 1021/2050/1024 1039/2004/1042
f 1007/2051/1010 1039/2052/1042 1021/2053/1024
f 1022/2014/1025 772/2054/772 1040/2015/1043
f 943/1758/946 1058/2055/1061 929/1737/932
f 1059/2056/1062 998/1900/1001 1025/1971/1028
f 1025/2057/1028 1043/2058/1046 1059/2059/1062
f 973/1826/976 1060/2060/1063 1009/1938/1012
f 1009/2061/1012 1060/2062/1063 1061/2063/1064
f 975/1830/978 1010/1940/1013 1044/2024/1047
f 1028/1978/1031 976/1941/979 924/1722/927
f 1011/1942/1014 1062/2064/1065 966/1804/969
f 1062/2064/1065 1000/1912/1003 966/1804/969
f 1062/2065/1065 1011/2027/1014 1030/2026/1033
f 1063/2066/1066 1013/1946/1016 1033/1984/1036
f 1013/1946/1016 1064/2067/1067 1047/2030/1050
f 1013/1946/1016 1047/2030/1050 977/1945/980
f 1014/2068/1017 1065/2069/1068 1033/2070/1036
f 1014/2068/1017 1006/2071/1009 1065/2069/1068
f 1050/2072/1053 1066/2073/1069 1048/2074/1051
f 1050/2033/1053 1049/2032/1052 1036/2075/1039
f 1049/2076/1052 1034/1989/1037 1036/1991/1039
f 1036/2077/1039 1066/2078/1069 1050/2079/1053
f 1031/1982/1034 1067/2080/1070 1016/1952/1019
f 1036/2077/1039 1068/2081/1071 1066/2078/1069
f 1036/2082/1039 1052/2083/1055 1068/2084/1071
f 1069/2085/1072 1068/2086/1071 1052/2087/1055
f 992/2088/995 1070/2089/1073 993/2090/996
f 1071/2091/1074 1072/2092/1075 1073/2093/1076
f 1052/2043/1055 1054/2046/1057 1069/2094/1072
f 1069/2095/1072 1054/1869/1057 1074/2096/1077
f 1074/2097/1077 1054/2098/1057 1071/2091/1074
f 1071/2091/1074 1054/2098/1057 1072/2092/1075
f 1073/2099/1076 1072/2100/1075 1057/2101/1060
f 1057/2101/1060 1072/2100/1075 1055/2102/1058
f 1055/2102/1058 1072/2100/1075 1054/2103/1057
f 994/1890/997 1058/2055/1061 943/1758/946
f 1040/2104/1043 1038/2002/1041 1007/2001/1010
f 1038/2105/1041 1075/2106/1078 1054/2107/1057
f 1055/2047/1058 1075/2108/1078 1056/2048/1059
f 1055/2102/1058 1054/2103/1057 1075/2109/1078
f 1038/2110/1041 1040/2015/1043 1075/2111/1078
f 1076/2112/1079 1056/2113/1059 1075/2114/1078
f 1040/2015/1043 772/2054/772 1075/2111/1078
f 772/2054/772 1077/2115/1080 1075/2111/1078
f 921/2116/924 1078/2117/1081 812/2118/812
f 1059/2119/1062 1079/2120/1082 1080/2121/1083
f 1079/2122/1082 1043/2123/1046 1081/2124/1084
f 1079/2120/1082 1059/2119/1062 1043/2125/1046
f 1059/2056/1062 1080/2126/1083 998/1900/1001
f 1043/2020/1046 1042/2019/1045 1081/2127/1084
f 1080/2126/1083 1027/1977/1030 998/1900/1001
f 782/1526/782 1082/2128/1085 855/1527/855
f 828/1480/1086 1044/2024/1087 1083/2129/1088
f 1009/1938/1012 1084/2130/1089 1045/2025/1048
f 949/1765/952 1045/2131/1048 1085/2132/1090
f 949/1765/952 1085/2132/1090 1028/1978/1031
f 937/1747/940 1086/2133/1091 1010/1940/1013
f 937/1747/940 1087/2134/1092 1086/2133/1091
f 950/1766/953 1088/2135/1093 1029/1979/1032
f 1029/1979/1032 1089/2136/1094 1030/1980/1033
f 1046/2029/1049 1032/1983/1035 1090/2137/1095
f 1033/2070/1036 1065/2069/1068 1063/2138/1066
f 1091/2139/1096 1092/2140/1097 1093/2141/1098
f 1094/2142/1099 1092/2143/1097 1095/2144/1100
f 1096/2145/1101 1097/2146/1102 1048/2074/1051
f 1048/2147/1051 1066/2078/1069 1096/2148/1101
f 1071/2149/1074 1073/2150/1076 1098/2151/1103
f 1071/2149/1074 1098/2151/1103 1074/2152/1077
f 1067/2080/1070 1099/2153/1104 1016/1952/1019
f 1099/2153/1104 1051/2154/1054 1016/1952/1019
f 991/1930/994 1016/1952/1019 1051/2154/1054
f 1073/2155/1076 1057/2156/1060 1100/2157/1105
f 1076/2112/1079 1101/2158/1106 1056/2113/1059
f 1075/2111/1078 1102/2159/1107 1076/2160/1079
f 1077/2115/1080 1103/2161/1108 1075/2111/1078
f 775/2162/775 1077/2115/1080 772/2054/772
f 1103/2163/1108 1104/2164/1109 1105/2165/1110
f 921/1719/924 944/1759/947 1078/2166/1081
f 775/1389/775 1041/2016/1044 1106/2167/1111
f 817/1455/817 1107/2168/1112 947/1762/950
f 1079/2122/1082 1081/2124/1084 1080/2169/1083
f 1080/2170/1083 1081/2127/1084 1107/2171/1112
f 1081/2127/1084 1042/2019/1045 1107/2171/1112
f 947/2172/950 1107/2171/1112 1042/2019/1045
f 1108/2173/1113 1027/1977/1030 1080/2126/1083
f 1027/1977/1030 1109/2174/1114 973/1826/976
f 782/1397/782 934/1743/937 1082/2175/1085
f 1000/1912/1003 1087/2134/1092 937/1747/940
f 1030/1704/1033 1000/2176/1003 1062/2177/1065
f 1030/1980/1033 1089/2136/1094 1000/1912/1003
f 950/1766/953 1110/2178/1115 1088/2135/1093
f 1013/1946/1016 1111/2179/1116 1064/2067/1067
f 1013/1946/1016 1063/2066/1066 1111/2179/1116
f 1048/2074/1051 1112/2180/1117 1049/2181/1052
f 1048/2074/1051 1097/2146/1102 1112/2180/1117
f 1113/2182/1118 1049/2183/1052 1112/2184/1117
f 1037/2185/1040 1034/2186/1037 1113/2187/1118
f 1049/2188/1052 1113/2189/1118 1034/2190/1037
f 1065/2191/1068 1006/1929/1009 841/1928/841
f 1093/2192/1098 1092/2193/1097 1114/2194/1119
f 1114/2195/1119 1018/2036/1021 1037/2035/1040
f 1092/2143/1097 1094/2142/1099 1070/2196/1073
f 1115/2197/1120 1068/2198/1071 1069/2095/1072
f 1069/2095/1072 1074/2096/1077 1115/2197/1120
f 1115/2197/1120 1074/2096/1077 1098/2199/1103
f 1004/1988/1007 1015/1987/1018 1053/2200/1056
f 1053/2200/1056 1015/1987/1018 1051/2040/1054
f 1116/2201/1121 1018/1954/1021 1114/2202/1119
f 1100/2203/1105 1057/2204/1060 1117/2205/1122
f 1116/2206/1121 1070/2089/1073 992/2088/995
f 1116/2201/1121 992/1997/995 1018/1954/1021
f 1057/2049/1060 1056/2048/1059 1101/2207/1106
f 1058/2055/1061 944/1759/947 929/1737/932
f 1075/2111/1078 1103/2161/1108 1105/2208/1110
f 1075/2111/1078 1105/2208/1110 1102/2159/1107
f 1077/2115/1080 775/2162/775 1103/2161/1108
f 853/1524/853 1041/2016/1044 783/1399/783
f 853/1524/853 931/1739/934 1118/2209/1123
f 1119/2210/1124 932/1740/935 946/1761/949
f 1120/2211/1125 817/1455/817 932/1740/935
f 1121/2212/1126 1080/2213/1083 1107/2214/1112
f 1122/2215/1127 1044/2216/1047 1010/2217/1013
f 1123/2218/1128 1087/2134/1092 1000/1912/1003
f 1124/2219/1129 1087/2134/1092 1123/2218/1128
f 1089/2136/1094 1123/2218/1128 1000/1912/1003
f 1089/2136/1094 1125/2220/1130 1123/2218/1128
f 976/1836/979 1110/2221/1115 950/1837/953
f 1126/2222/1131 1125/2220/1130 1089/2136/1094
f 1090/2223/1095 1032/2224/1035 1127/2225/1132
f 1128/2226/1133 1096/2227/1101 1129/2228/1134
f 1130/2229/1135 1065/2191/1068 841/1928/841
f 1094/2230/1099 1095/2231/1100 1131/2232/1136
f 1132/2233/1137 1097/2234/1102 1096/2235/1101
f 1094/2230/1099 1131/2232/1136 1070/2236/1073
f 1114/2237/1119 1037/2238/1040 1093/2239/1098
f 1066/2078/1069 1133/2240/1138 1096/2148/1101
f 1096/2148/1101 1133/2240/1138 1129/2241/1134
f 1133/2242/1138 1068/2198/1071 1115/2197/1120
f 1066/2078/1069 1068/2081/1071 1133/2240/1138
f 1115/2243/1120 1073/2244/1076 1134/2245/1139
f 1070/2196/1073 1114/2246/1119 1092/2143/1097
f 1115/2247/1120 1098/2248/1103 1073/2249/1076
f 1100/2250/1105 1135/2251/1140 1073/2252/1076
f 1070/2196/1073 1116/2253/1121 1114/2246/1119
f 1053/2044/1056 1058/2055/1061 994/1890/997
f 1076/2112/1079 1102/2254/1107 1101/2158/1106
f 1102/2159/1107 1136/2255/1141 1137/2256/1142
f 1105/2208/1110 1136/2255/1141 1102/2159/1107
f 1105/2165/1110 1104/2164/1109 1136/2257/1141
f 775/2162/775 1106/2258/1111 1103/2161/1108
f 1103/2161/1108 1138/2259/1143 1139/2260/1144
f 1139/2260/1144 1140/2261/1145 1103/2161/1108
f 1103/2161/1108 1140/2261/1145 1104/2262/1109
f 1078/2166/1081 986/1870/989 812/1447/812
f 986/1870/989 1141/2263/1146 946/1761/949
f 1141/2263/1146 1119/2210/1124 946/1761/949
f 932/1740/935 1119/2210/1124 1120/2211/1125
f 1142/2264/1147 1120/2265/1125 1143/2266/1148
f 1142/101/1147 1121/2212/1126 1120/2267/1125
f 1144/2268/1149 1080/2126/1083 1121/2269/1126
f 1120/2267/1125 1121/2212/1126 1107/2214/1112
f 1120/2211/1125 1107/2168/1112 817/1455/817
f 1145/2270/1150 1060/2060/1063 973/1826/976
f 1145/2270/1150 1061/2271/1064 1060/2060/1063
f 1086/2133/1091 1087/2134/1092 1124/2219/1129
f 1123/2218/1128 1125/2220/1130 1124/2219/1129
f 1146/2272/1151 1012/1981/1015 1001/1913/1004
f 1146/2272/1151 1001/1913/1004 1147/2273/1152
f 1147/2274/1152 1001/2275/1004 1046/2276/1049
f 1046/2277/1049 1090/2278/1095 1127/2279/1132
f 1127/2280/1132 1032/1983/1035 1047/2030/1050
f 1091/2281/1096 1148/2282/1153 1092/2283/1097
f 1113/2187/1118 1093/2284/1098 1037/2185/1040
f 1113/2187/1118 1112/2285/1117 1132/2286/1137
f 1128/2287/1133 1132/2288/1137 1096/2289/1101
f 1095/2290/1100 1092/2283/1097 1131/2291/1136
f 1092/2283/1097 1148/2282/1153 1131/2291/1136
f 1097/2234/1102 1132/2233/1137 1112/2292/1117
f 841/1501/841 806/1439/806 1149/2293/1154
f 1073/2294/1076 1135/2295/1140 1134/2296/1139
f 1150/2297/1155 1135/2298/1140 1100/2299/1105
f 1131/2232/1136 1151/2300/1156 1070/2236/1073
f 1057/2049/1060 1101/2207/1106 1117/2301/1122
f 1102/2302/1107 1137/2303/1142 1101/2304/1106
f 1103/2161/1108 1106/2258/1111 1138/2259/1143
f 1104/2305/1109 1152/2306/1157 1136/2307/1141
f 1104/2262/1109 1140/2261/1145 1152/2308/1157
f 1153/2309/1158 1120/2211/1125 1119/2210/1124
f 1153/2309/1158 1143/2310/1148 1120/2211/1125
f 1154/2311/1159 1121/2269/1126 1142/2312/1147
f 1121/2269/1126 1154/2311/1159 1144/2268/1149
f 1080/2126/1083 1144/2268/1149 1108/2173/1113
f 828/1480/828 1044/2024/1047 934/1743/937
f 1122/2313/1127 1010/1940/1013 1155/2314/1160
f 1009/1938/1012 1061/2271/1064 1084/2130/1089
f 1010/1940/1013 1086/2133/1091 1156/2315/1161
f 1124/2219/1129 1157/2316/1162 1086/2133/1091
f 1124/2219/1129 1125/2220/1130 1157/2316/1162
f 1088/2317/1093 1158/2318/1163 1159/2319/1164
f 1088/2135/1093 1159/2320/1164 1029/1979/1032
f 1089/2136/1094 1160/2321/1165 1126/2222/1131
f 1064/2322/1067 1161/2323/1166 1047/2324/1050
f 1161/2325/1166 1127/2280/1132 1047/2030/1050
f 1113/2187/1118 1132/2286/1137 1162/2326/1167
f 1091/2281/1096 1093/2327/1098 1148/2282/1153
f 1133/2240/1138 1163/2328/1168 1129/2241/1134
f 1115/2197/1120 1163/2329/1168 1133/2242/1138
f 1115/2330/1120 1134/2331/1139 1163/2332/1168
f 993/1888/996 981/1855/984 785/1854/785
f 1070/2089/1073 1151/2333/1156 993/2090/996
f 1100/2334/1105 1164/2335/1169 1150/2336/1155
f 1100/2337/1105 1117/2338/1122 1164/2339/1169
f 1058/2055/1061 1165/2340/1170 944/1759/947
f 1106/2258/1111 1139/2260/1144 1138/2259/1143
f 1166/2341/1171 1119/2342/1124 1141/2343/1146
f 1119/2210/1124 1166/2344/1171 1153/2309/1158
f 1142/2345/1147 1143/2346/1148 1153/2347/1158
f 973/1826/976 1109/2174/1114 1167/2348/1172
f 973/1826/976 1167/2348/1172 1145/2270/1150
f 1045/2025/1048 1084/2130/1089 1085/2349/1090
f 1028/1978/1031 1168/2350/1173 976/1941/979
f 976/1941/979 1169/2351/1174 1110/2178/1115
f 1125/2220/1130 1126/2222/1131 1170/2352/1175
f 1089/2136/1094 1029/1979/1032 1160/2321/1165
f 1064/2067/1067 1111/2179/1116 1161/2325/1166
f 1129/2353/1134 1171/2354/1176 1128/2355/1133
f 1172/2356/1177 1131/2357/1136 1173/2358/1178
f 1093/2284/1098 1174/2359/1179 1148/2360/1153
f 1067/2080/1070 1175/2361/1180 1099/2153/1104
f 1148/2360/1153 1173/2358/1178 1131/2357/1136
f 1163/2328/1168 1176/2362/1181 1129/2241/1134
f 1130/2363/1135 841/2364/841 1177/2365/1182
f 841/2364/841 1178/2257/1183 1177/2365/1182
f 1134/2296/1139 1135/2295/1140 1163/2366/1168
f 1179/2367/1184 981/2368/984 993/2369/996
f 1151/2370/1156 1180/2371/1185 993/1918/996
f 1150/2372/1155 1181/2373/1186 1182/2374/1187
f 1150/2336/1155 1164/2335/1169 1181/2375/1186
f 1117/2376/1122 1181/2375/1186 1164/2335/1169
f 1051/2040/1054 1183/2377/1188 1053/2200/1056
f 1183/2378/1188 1058/2379/1061 1053/2380/1056
f 1117/2301/1122 1101/2207/1106 1184/2381/1189
f 1137/2303/1142 1185/2382/1190 1101/2304/1106
f 944/1759/947 1165/2340/1170 1078/2166/1081
f 1106/2167/1111 1041/2016/1044 1186/2383/1191
f 1144/2268/1149 1187/2384/1192 1108/2173/1113
f 1187/2384/1192 1109/2174/1114 1108/2173/1113
f 1108/2173/1113 1109/2174/1114 1027/1977/1030
f 1155/2314/1160 1010/1940/1013 1156/2315/1161
f 1188/2385/1193 1189/2386/1194 1028/2387/1031
f 1028/1978/1031 1189/2388/1194 1168/2350/1173
f 1088/2135/1093 1110/2178/1115 1158/2389/1163
f 1147/2274/1152 1046/2276/1049 1190/2390/1195
f 1191/2391/1196 1161/2325/1166 1111/2179/1116
f 1192/2392/1197 1151/2300/1156 1172/2393/1177
f 1128/2355/1133 1171/2354/1176 1132/2394/1137
f 1130/2395/1135 1177/2396/1182 1065/2397/1068
f 1193/2398/1198 1151/2399/1156 1192/2400/1197
f 1131/2232/1136 1172/2393/1177 1151/2300/1156
f 1093/2284/1098 1113/2187/1118 1174/2359/1179
f 1193/2401/1198 1180/2402/1185 1151/2403/1156
f 1193/2401/1198 1179/2404/1184 1180/2402/1185
f 1182/2374/1187 1181/2373/1186 1194/2405/1199
f 1180/2406/1185 1179/2407/1184 993/2408/996
f 1099/2153/1104 1183/2409/1188 1051/2154/1054
f 1117/2376/1122 1195/2410/1200 1181/2375/1186
f 1183/2409/1188 1165/2340/1170 1058/2055/1061
f 1136/2255/1141 1196/2411/1201 1137/2256/1142
f 1136/2307/1141 1152/2306/1157 1196/2412/1201
f 1106/2258/1111 1186/2413/1191 1139/2260/1144
f 1197/2414/1202 1142/2415/1147 1153/2416/1158
f 1154/2311/1159 1198/2417/1203 1144/2268/1149
f 1044/2216/1047 1122/2215/1127 934/2418/937
f 1061/2271/1064 1145/2270/1150 1199/2419/1204
f 1199/2420/1204 1200/2421/1205 1061/2422/1064
f 1086/2133/1091 1201/2423/1206 1156/2315/1161
f 1085/2132/1090 1188/2424/1193 1028/1978/1031
f 1157/2316/1162 1125/2220/1130 1170/2352/1175
f 976/1941/979 1168/2350/1173 1169/2351/1174
f 1110/2178/1115 1169/2351/1174 1202/2425/1207
f 1029/1979/1032 1159/2320/1164 1203/2426/1208
f 1046/2029/1049 1127/2280/1132 1190/2427/1195
f 1111/2179/1116 1063/2066/1066 1191/2391/1196
f 1065/2397/1068 1177/2396/1182 1204/2428/1209
f 1067/2080/1070 1031/1982/1034 1175/2361/1180
f 1174/2429/1179 1173/2430/1178 1148/2431/1153
f 1205/2432/1210 1182/2433/1187 1194/2434/1199
f 1150/2297/1155 1206/2435/1211 1135/2298/1140
f 1182/2436/1187 1206/2437/1211 1150/2438/1155
f 1101/2304/1106 1185/2382/1190 1184/2439/1189
f 1152/2306/1157 1140/2440/1145 1196/2412/1201
f 1186/2413/1191 1207/2441/1212 1139/2260/1144
f 1197/2414/1202 1153/2416/1158 1166/2341/1171
f 1109/2174/1114 1208/2442/1213 1209/2443/1214
f 1145/2270/1150 1210/2444/1215 1199/2419/1204
f 1210/2444/1215 1211/2445/1216 1199/2419/1204
f 1200/2446/1205 1084/2130/1089 1061/2271/1064
f 1159/2320/1164 1158/2389/1163 1110/2178/1115
f 1110/2178/1115 1202/2425/1207 1159/2320/1164
f 1203/2426/1208 1160/2321/1165 1029/1979/1032
f 1191/2391/1196 1063/2066/1066 1212/2447/1217
f 1213/2448/1218 1031/1982/1034 1012/1943/1015
f 1214/2449/1219 1192/2392/1197 1172/2393/1177
f 1214/2450/1219 1172/2451/1177 1215/2452/1220
f 1192/2400/1197 1216/2453/1221 1193/2398/1198
f 1172/2356/1177 1173/2358/1178 1215/2454/1220
f 1217/2455/1222 1174/2359/1179 1113/2187/1118
f 1217/2456/1222 1113/2457/1118 1162/2458/1167
f 1132/2459/1137 1171/2460/1176 1218/2461/1223
f 1219/2462/1224 1171/2354/1176 1129/2353/1134
f 1129/2353/1134 1176/2463/1181 1219/2462/1224
f 1216/2464/1221 1179/2465/1184 1193/2466/1198
f 1178/2467/1183 841/1501/841 1149/2293/1154
f 1175/2361/1180 1183/2409/1188 1099/2153/1104
f 1220/2468/1225 981/2469/984 1179/2470/1184
f 1194/2471/1199 1181/2472/1186 1221/2473/1226
f 1222/2474/1227 1163/2366/1168 1135/2295/1140
f 1222/2475/1227 1135/2476/1140 1206/2477/1211
f 1185/2478/1190 1137/2256/1142 1196/2411/1201
f 1166/2341/1171 1223/2479/1228 1197/2414/1202
f 1118/2209/1123 1041/2016/1044 853/1524/853
f 1197/2480/1202 1224/2481/1229 1142/2312/1147
f 1142/2312/1147 1225/2482/1230 1154/2311/1159
f 1198/2417/1203 1226/2483/1231 1144/2268/1149
f 854/2484/854 855/2485/855 1227/2486/1232
f 1209/2443/1214 1167/2348/1172 1109/2174/1114
f 934/2487/937 1228/2488/1233 1082/2489/1085
f 1167/2348/1172 1229/2490/1234 1145/2270/1150
f 1145/2491/1150 1229/2492/1234 1210/2493/1215
f 1230/2494/1235 1231/2495/1236 1084/2496/1089
f 1201/2423/1206 1086/2133/1091 1157/2316/1162
f 1084/2130/1089 1231/2497/1236 1085/2349/1090
f 1232/2498/1237 1188/2499/1193 1085/2349/1090
f 1127/2280/1132 1161/2325/1166 1191/2391/1196
f 1063/2138/1066 1065/2069/1068 1212/2500/1217
f 1162/2326/1167 1132/2286/1137 1233/2501/1238
f 1216/2453/1221 1192/2400/1197 1234/2502/1239
f 1218/2503/1223 1171/2504/1176 1235/2505/1240
f 1216/2464/1221 1220/2506/1225 1179/2465/1184
f 1177/2396/1182 1178/2507/1183 1204/2428/1209
f 806/1439/806 836/1496/836 1149/2293/1154
f 1219/2508/1224 1176/2509/1181 1163/2510/1168
f 1219/2511/1224 1163/2512/1168 1236/2513/1241
f 1205/2514/1210 1206/2437/1211 1182/2436/1187
f 1163/2512/1168 1222/2515/1227 1236/2513/1241
f 1181/2516/1186 1195/2517/1200 1237/2518/1242
f 1139/2260/1144 1238/2519/1243 1140/2261/1145
f 1223/2479/1228 1224/2520/1229 1197/2414/1202
f 1224/2481/1229 1225/2482/1230 1142/2312/1147
f 1187/2384/1192 1144/2268/1149 1226/2483/1231
f 1239/2521/1244 1208/2442/1213 1109/2174/1114
f 1228/2522/1233 934/1743/937 1240/2523/1245
f 1155/2524/1160 1240/2525/1245 1122/2215/1127
f 1199/2420/1204 1241/2526/1246 1200/2421/1205
f 1157/2316/1162 1242/2527/1247 1201/2423/1206
f 1085/2349/1090 1231/2497/1236 1232/2498/1237
f 1157/2316/1162 1170/2352/1175 1242/2527/1247
f 1243/2528/1248 1170/2352/1175 1126/2222/1131
f 1169/2351/1174 1244/2529/1249 1202/2425/1207
f 1132/2286/1137 1218/2530/1223 1233/2501/1238
f 1214/2449/1219 1234/2141/1239 1192/2392/1197
f 1162/2458/1167 1233/2531/1238 1217/2456/1222
f 1215/2454/1220 1173/2358/1178 1245/2532/1250
f 1171/2533/1176 1246/2534/1251 1235/2535/1240
f 1173/2358/1178 1174/2359/1179 1245/2532/1250
f 1247/2536/1252 1245/2537/1253 1174/2538/1254
f 1217/2455/1222 1245/2532/1250 1174/2359/1179
f 1171/2539/1176 1219/2511/1224 1246/2540/1251
f 1236/2513/1241 1222/2515/1227 1248/2541/1255
f 1206/2542/1211 1248/2541/1255 1222/2515/1227
f 1221/2543/1226 1181/2254/1186 1249/2544/1256
f 1181/2545/1186 1237/2546/1242 1249/2547/1256
f 1195/2548/1200 1117/2549/1122 1237/2550/1242
f 1117/2551/1122 1249/2552/1256 1237/2553/1242
f 1078/2166/1081 1165/2340/1170 986/1870/989
f 1186/2383/1191 1041/2016/1044 1250/2554/1257
f 1239/2521/1244 1109/2174/1114 1187/2384/1192
f 1208/2442/1213 1251/2555/1258 1209/2443/1214
f 1209/2443/1214 1251/2555/1258 1167/2348/1172
f 1228/2522/1233 1240/2523/1245 1252/2556/1259
f 934/2418/937 1122/2215/1127 1240/2525/1245
f 1229/2492/1234 1211/2557/1216 1210/2493/1215
f 1155/2524/1160 1156/2558/1161 1240/2525/1245
f 1211/2559/1216 1241/2526/1246 1199/2420/1204
f 1201/2560/1206 1253/2561/1260 1156/2558/1161
f 1084/2130/1089 1200/2446/1205 1254/2562/1261
f 1084/2130/1089 1254/2562/1261 1230/2563/1235
f 1188/2424/1193 1168/2350/1173 1189/2388/1194
f 1160/2321/1165 1243/2528/1248 1126/2222/1131
f 1159/2320/1164 1160/2321/1165 1203/2426/1208
f 1127/2280/1132 1255/2564/1262 1190/2427/1195
f 1213/2448/1218 1175/2361/1180 1031/1982/1034
f 1065/2069/1068 1204/2565/1209 1212/2500/1217
f 1214/2566/1219 1256/2567/1263 1234/2568/1239
f 1215/2569/1220 1256/2570/1263 1214/2571/1219
f 1257/2572/1264 1235/2573/1265 1218/2574/1266
f 1246/2534/1251 1258/2575/1267 1235/2535/1240
f 1246/2534/1251 1236/2576/1241 1258/2575/1267
f 1236/2513/1241 1246/2540/1251 1219/2511/1224
f 981/2469/984 1149/2293/1154 836/1496/836
f 1206/2577/1211 1205/2578/1210 1259/2579/1268
f 1221/2473/1226 1205/2580/1210 1194/2471/1199
f 1248/2541/1255 1206/2542/1211 1259/2581/1268
f 1249/2544/1256 1260/2582/1269 1221/2543/1226
f 1184/2439/1189 1249/2552/1256 1117/2551/1122
f 1185/2382/1190 1261/2583/1270 1184/2439/1189
f 1139/2260/1144 1207/2441/1212 1238/2519/1243
f 1166/2341/1171 1141/2343/1146 1223/2479/1228
f 854/1525/854 1262/2584/1271 788/1404/788
f 855/2485/855 1252/2556/1259 1263/2585/1272
f 1082/2175/1085 1252/2556/1259 855/2485/855
f 1228/2488/1233 1252/2586/1259 1082/2489/1085
f 1167/2348/1172 1251/2555/1258 1229/2490/1234
f 1240/2523/1245 1264/2587/1273 1252/2556/1259
f 1240/2525/1245 1156/2558/1161 1265/2588/1274
f 1266/2589/1275 1241/2526/1246 1211/2559/1216
f 1156/2558/1161 1253/2561/1260 1265/2588/1274
f 1201/2560/1206 1242/2590/1247 1253/2561/1260
f 1231/2495/1236 1230/2494/1235 1232/2591/1237
f 1170/2352/1175 1267/2592/1276 1242/2527/1247
f 1232/2498/1237 1268/2593/1277 1188/2499/1193
f 1159/2320/1164 1202/2425/1207 1160/2321/1165
f 1168/2350/1173 1244/2529/1249 1169/2351/1174
f 1147/2274/1152 1190/2390/1195 1255/2594/1262
f 1216/2453/1221 1234/2502/1239 1269/2595/1278
f 1234/2502/1239 1256/2596/1263 1270/2597/1279
f 1256/2596/1263 1215/2454/1220 1270/2597/1279
f 1235/2573/1240 1271/2598/1280 1218/2574/1223
f 1215/2454/1220 1245/2532/1250 1270/2597/1279
f 1233/2531/1238 1272/2599/1281 1217/2456/1222
f 1175/2361/1180 1165/2340/1170 1183/2409/1188
f 1221/2600/1226 1260/2601/1269 1205/2602/1210
f 1196/2412/1201 1140/2440/1145 1238/2603/1243
f 1207/2441/1212 1186/2413/1191 1250/2604/1257
f 1154/2311/1159 1273/2605/1282 1198/2417/1203
f 788/1404/788 1274/2606/1283 931/1739/934
f 1226/2607/1231 1239/2608/1244 1187/2609/1192
f 854/1525/854 1227/2610/1232 1262/2584/1271
f 1263/2585/1272 1252/2556/1259 1264/2587/1273
f 1275/2611/1284 1211/2557/1216 1229/2492/1234
f 1253/2612/1260 1276/2613/1285 1265/2614/1274
f 1241/2526/1246 1254/2615/1261 1200/2421/1205
f 1242/2590/1247 1267/2616/1276 1253/2561/1260
f 1160/2321/1165 1202/2425/1207 1277/2617/1286
f 1233/2501/1238 1218/2530/1223 1278/2618/1287
f 1218/2530/1223 1271/2619/1280 1278/2618/1287
f 1235/2573/1240 1258/2620/1267 1271/2598/1280
f 1205/2621/1210 1279/2622/1288 1259/2623/1268
f 1220/2468/1225 1280/2624/1289 981/2469/984
f 1205/2602/1210 1260/2601/1269 1281/2625/1290
f 1141/2343/1146 986/2626/989 1223/2479/1228
f 1224/2481/1229 1282/2627/1291 1225/2482/1230
f 1273/2605/1282 1283/2628/1292 1198/2417/1203
f 1198/2417/1203 1283/2628/1292 1226/2483/1231
f 855/2485/855 1263/2585/1272 1227/2486/1232
f 1284/2629/1293 1275/2630/1284 1229/2490/1234
f 1285/2631/1294 1264/2587/1273 1240/2523/1245
f 1286/2632/1295 1232/2591/1237 1230/2494/1235
f 1188/2424/1193 1287/2633/1296 1168/2350/1173
f 1160/2321/1165 1277/2617/1286 1243/2528/1248
f 1288/2634/1297 1244/2529/1249 1168/2350/1173
f 1146/2272/1151 1147/2273/1152 1289/2635/1298
f 1147/2273/1152 1255/2564/1262 1289/2635/1298
f 1012/1943/1015 1146/2636/1151 1213/2448/1218
f 1191/2637/1196 1212/2638/1217 1127/2639/1132
f 1217/2455/1222 1272/2640/1281 1290/2641/1299
f 1278/2618/1287 1271/2619/1280 1291/2642/1300
f 1270/2597/1279 1245/2532/1250 1290/2641/1299
f 1290/2641/1299 1245/2532/1250 1217/2455/1222
f 1291/2643/1300 1271/2644/1280 1292/2645/1301
f 1292/2646/1301 1271/2598/1280 1258/2620/1267
f 1293/2647/1302 1294/2648/1303 1295/2649/1304
f 1204/2650/1209 1178/2467/1183 1296/2651/1305
f 1279/2622/1288 1205/2621/1210 1281/2652/1290
f 1297/2653/1306 1184/2439/1189 1261/2583/1270
f 1250/2604/1257 1238/2519/1243 1207/2441/1212
f 1273/2605/1282 1154/2311/1159 1225/2482/1230
f 1298/2654/1307 1208/2442/1213 1239/2521/1244
f 1227/2610/1232 1263/2655/1272 1299/2656/1308
f 1265/2614/1274 1300/2657/1309 1240/2523/1245
f 1240/2523/1245 1300/2657/1309 1285/2631/1294
f 1276/2613/1285 1300/2657/1309 1265/2614/1274
f 1301/2658/1310 1300/2659/1309 1276/2660/1285
f 1302/2661/1311 1241/2526/1246 1266/2589/1275
f 1303/2662/1312 1276/2613/1285 1253/2612/1260
f 1303/2662/1312 1253/2612/1260 1267/2592/1276
f 1286/2663/1295 1230/2563/1235 1254/2562/1261
f 1286/2632/1295 1268/2664/1277 1232/2591/1237
f 1268/2664/1277 1304/2665/1313 1188/2424/1193
f 1267/2592/1276 1170/2352/1175 1243/2528/1248
f 1304/2666/1313 1287/2667/1296 1188/2668/1193
f 1305/2669/1314 1202/2425/1207 1244/2529/1249
f 1127/2280/1132 1212/2447/1217 1255/2564/1262
f 1269/2670/1278 1306/2671/1315 1216/2464/1221
f 1290/2641/1299 1272/2640/1281 1307/2672/1316
f 1220/2506/1225 1216/2464/1221 1306/2671/1315
f 1293/2673/1302 1295/2674/1304 1308/2675/1317
f 1258/2676/1267 1236/2677/1241 1309/2678/1318
f 1149/2293/1154 1296/2651/1305 1178/2467/1183
f 1295/2679/1304 1294/2680/1303 1308/2681/1317
f 1236/2513/1241 1248/2541/1255 1309/2682/1318
f 1309/2683/1318 1248/2684/1255 1310/2685/1319
f 1294/2680/1303 1279/2686/1288 1308/2681/1317
f 1259/2581/1268 1310/2687/1319 1248/2541/1255
f 1279/2686/1288 1281/2688/1290 1308/2681/1317
f 1175/2361/1180 986/1870/989 1165/2340/1170
f 1184/2439/1189 1297/2653/1306 1249/2552/1256
f 1041/2016/1044 1311/2689/1320 1250/2554/1257
f 1041/2016/1044 1118/2209/1123 1311/2689/1320
f 1263/2690/1272 1312/2691/1321 1299/2692/1308
f 1263/2693/1272 1264/2694/1273 1312/2695/1321
f 1312/2696/1321 1264/2587/1273 1313/2697/1322
f 1301/2698/1310 1303/2699/1312 1300/2700/1309
f 1303/2662/1312 1314/2701/1323 1300/2657/1309
f 1301/2702/1310 1276/2613/1285 1303/2662/1312
f 1241/2526/1246 1315/2703/1324 1254/2615/1261
f 1202/2425/1207 1305/2669/1314 1277/2617/1286
f 1289/2704/1298 1213/2448/1218 1146/2636/1151
f 1316/2705/1325 1175/2361/1180 1213/2448/1218
f 1317/2706/1326 1233/2501/1238 1278/2618/1287
f 1233/2531/1238 1318/2707/1327 1272/2599/1281
f 1234/2502/1239 1319/2708/1328 1269/2595/1278
f 1292/2709/1301 1309/2710/1318 1320/2711/1329
f 1258/2620/1267 1309/2712/1318 1292/2646/1301
f 1279/2713/1288 1294/2714/1303 1321/2715/1330
f 1321/2716/1330 1310/2687/1319 1279/2717/1288
f 1259/2581/1268 1279/2717/1288 1310/2687/1319
f 1281/2625/1290 1260/2601/1269 1322/2718/1331
f 1175/2361/1180 1323/2719/1332 986/1870/989
f 1185/2382/1190 1324/2720/1333 1261/2583/1270
f 1185/2382/1190 1196/2412/1201 1324/2720/1333
f 1196/2412/1201 1238/2603/1243 1324/2720/1333
f 1223/2479/1228 1325/2721/1334 1224/2520/1229
f 1326/2722/1335 1327/2723/1336 1250/2554/1257
f 1250/2724/1257 1327/2725/1336 1238/2726/1243
f 1250/2554/1257 1311/2689/1320 1326/2722/1335
f 931/1739/934 1274/2606/1283 1328/2727/1337
f 1208/2442/1213 1298/2654/1307 1329/2728/1338
f 1208/2442/1213 1329/2728/1338 1251/2555/1258
f 1251/2555/1258 1284/2629/1293 1229/2490/1234
f 1285/2631/1294 1313/2697/1322 1264/2587/1273
f 1300/2657/1309 1314/2701/1323 1285/2631/1294
f 1211/2445/1216 1330/2729/1339 1266/2730/1275
f 1241/2731/1246 1302/2732/1311 1331/2733/1340
f 1303/2662/1312 1332/2734/1341 1314/2701/1323
f 1241/2526/1246 1331/2735/1340 1315/2703/1324
f 1254/2615/1261 1315/2703/1324 1286/2632/1295
f 1267/2592/1276 1243/2528/1248 1333/2736/1342
f 1287/2737/1296 1304/2738/1313 1168/2739/1173
f 1288/2634/1297 1334/2740/1343 1244/2529/1249
f 1233/2501/1238 1317/2706/1326 1335/2741/1344
f 1278/2742/1287 1336/2743/1345 1317/2744/1326
f 1335/2745/1344 1318/2707/1327 1233/2531/1238
f 1270/2597/1279 1319/2708/1328 1234/2502/1239
f 1212/2447/1217 1204/2746/1209 1337/2747/1346
f 1278/2748/1287 1291/2749/1300 1336/2750/1345
f 1272/2599/1281 1318/2707/1327 1307/2751/1316
f 1270/2597/1279 1290/2641/1299 1307/2672/1316
f 1291/2643/1300 1292/2645/1301 1320/2752/1329
f 1149/2753/1154 1338/2754/1347 1339/2755/1348
f 1149/2293/1154 981/2469/984 1338/2756/1347
f 1306/2671/1315 1280/2757/1289 1220/2506/1225
f 1281/2688/1290 1340/2758/1349 1308/2681/1317
f 986/2626/989 1323/2759/1332 1223/2479/1228
f 1325/2721/1334 1282/2760/1291 1224/2520/1229
f 1327/2761/1336 1326/2762/1335 1341/2763/1350
f 1327/2761/1336 1341/2763/1350 1238/2764/1243
f 1311/2765/1320 1341/2766/1350 1326/2767/1335
f 1341/2766/1350 1311/2765/1320 1238/2768/1243
f 1342/2769/1351 1211/2445/1216 1275/2630/1284
f 1266/2589/1275 1343/2770/1352 1302/2661/1311
f 1332/2734/1341 1344/2771/1353 1314/2701/1323
f 1302/2732/1311 1345/2772/1354 1331/2733/1340
f 1267/2592/1276 1346/2773/1355 1303/2662/1312
f 1267/2774/1276 1333/2775/1342 1346/2776/1355
f 1305/2669/1314 1347/2777/1356 1277/2617/1286
f 1244/2529/1249 1334/2740/1343 1305/2669/1314
f 1336/2778/1345 1348/2779/1357 1317/2706/1326
f 1307/2672/1316 1319/2708/1328 1270/2597/1279
f 1291/2643/1300 1320/2752/1329 1336/2780/1345
f 1204/2781/1209 1296/2782/1305 1337/2783/1346
f 981/2469/984 1280/2624/1289 1338/2756/1347
f 1310/2685/1319 1349/2784/1358 1309/2683/1318
f 1310/2687/1319 1321/2716/1330 1349/2785/1358
f 1322/2718/1331 1340/2786/1349 1281/2625/1290
f 1249/2544/1256 1350/2787/1359 1260/2582/1269
f 1297/2653/1306 1350/2788/1359 1249/2552/1256
f 1323/2759/1332 1325/2721/1334 1223/2479/1228
f 1225/2482/1230 1351/2789/1360 1273/2605/1282
f 1226/2483/1231 1283/2628/1292 1352/2790/1361
f 1274/2606/1283 788/1404/788 1262/2584/1271
f 1226/2483/1231 1352/2790/1361 1239/2521/1244
f 1227/2610/1232 1299/2656/1308 1262/2584/1271
f 1239/2521/1244 1353/2791/1362 1298/2654/1307
f 1275/2630/1284 1284/2629/1293 1342/2769/1351
f 1211/2445/1216 1342/2769/1351 1330/2729/1339
f 1345/2792/1354 1315/2703/1324 1331/2735/1340
f 1168/2350/1173 1304/2665/1313 1288/2634/1297
f 1243/2528/1248 1277/2617/1286 1333/2736/1342
f 1319/2708/1328 1354/2793/1363 1269/2595/1278
f 1336/2778/1345 1355/2794/1364 1348/2779/1357
f 1336/2778/1345 1320/2795/1329 1355/2794/1364
f 1309/2683/1318 1349/2784/1358 1356/2796/1365
f 1293/2647/1302 1357/2797/1366 1294/2648/1303
f 1294/2798/1303 1357/2799/1366 1321/2800/1330
f 1321/2716/1330 1357/2801/1366 1349/2785/1358
f 1340/2758/1349 1322/2802/1331 1308/2681/1317
f 1297/2653/1306 1261/2583/1270 1358/2803/1367
f 931/1739/934 1328/2727/1337 1118/2209/1123
f 1352/2790/1361 1359/2804/1368 1239/2521/1244
f 1251/2555/1258 1329/2728/1338 1284/2629/1293
f 1286/2632/1295 1315/2703/1324 1360/2805/1369
f 1286/2632/1295 1360/2805/1369 1268/2664/1277
f 1268/2664/1277 1360/2805/1369 1304/2665/1313
f 1212/2447/1217 1361/2806/1370 1255/2564/1262
f 1289/2704/1298 1316/2705/1325 1213/2448/1218
f 1212/2447/1217 1337/2747/1346 1361/2806/1370
f 1317/2706/1326 1348/2779/1357 1362/2807/1371
f 1319/2708/1328 1307/2672/1316 1354/2793/1363
f 1339/2808/1348 1363/2809/1372 1364/2810/1373
f 1296/2651/1305 1149/2293/1154 1364/2811/1373
f 1339/2812/1348 1364/2811/1373 1149/2293/1154
f 1309/2683/1318 1356/2796/1365 1320/2813/1329
f 1293/2814/1302 1365/2815/1374 1357/2816/1366
f 1308/2817/1317 1365/2815/1374 1293/2814/1302
f 1282/2627/1291 1366/2818/1375 1225/2482/1230
f 1366/2818/1375 1351/2789/1360 1225/2482/1230
f 1359/2804/1368 1353/2791/1362 1239/2521/1244
f 1299/2656/1308 1367/2819/1376 1262/2584/1271
f 1342/2769/1351 1368/2820/1377 1330/2729/1339
f 1314/2701/1323 1369/2821/1378 1285/2631/1294
f 1330/2729/1339 1370/2822/1379 1266/2730/1275
f 1335/2741/1344 1317/2706/1326 1362/2807/1371
f 1306/2671/1315 1269/2670/1278 1280/2757/1289
f 1339/2755/1348 1338/2754/1347 1363/2823/1372
f 1280/2624/1289 1371/2824/1380 1338/2756/1347
f 1356/2825/1365 1349/2826/1358 1372/2827/1381
f 1260/2601/1269 1350/2788/1359 1322/2718/1331
f 1350/2788/1359 1297/2653/1306 1358/2803/1367
f 1238/2603/1243 1373/2828/1382 1324/2720/1333
f 1118/2829/1123 1328/2830/1337 1374/2831/1383
f 1375/2832/1384 1374/2831/1383 1328/2830/1337
f 1298/2654/1307 1353/2791/1362 1329/2728/1338
f 1266/2589/1275 1370/2833/1379 1343/2770/1352
f 1344/2771/1353 1369/2821/1378 1314/2701/1323
f 1346/2773/1355 1376/2834/1385 1303/2662/1312
f 1333/2736/1342 1377/2835/1386 1346/2773/1355
f 1304/2665/1313 1360/2805/1369 1288/2634/1297
f 1277/2617/1286 1378/2836/1387 1333/2736/1342
f 1277/2617/1286 1347/2777/1356 1378/2836/1387
f 1255/2564/1262 1361/2806/1370 1379/2837/1388
f 1362/2807/1371 1380/2838/1389 1335/2741/1344
f 1307/2672/1316 1318/2839/1327 1354/2793/1363
f 1320/2840/1329 1381/2841/1390 1382/2842/1391
f 1320/2813/1329 1356/2796/1365 1381/2843/1390
f 1372/2827/1381 1383/2844/1392 1356/2825/1365
f 1349/2845/1358 1384/2846/1393 1372/2847/1381
f 1349/2848/1358 1357/2816/1366 1385/2849/1394
f 1323/2759/1332 1386/2850/1395 1387/2851/1396
f 1323/2759/1332 1387/2851/1396 1325/2721/1334
f 1118/2829/1123 1388/2852/1397 1311/2853/1320
f 1118/2829/1123 1374/2831/1383 1389/2854/1398
f 1273/2605/1282 1390/2855/1399 1283/2628/1292
f 1389/2854/1398 1374/2831/1383 1375/2832/1384
f 1390/2855/1399 1391/2856/1400 1283/2628/1292
f 1285/2631/1294 1369/2821/1378 1313/2697/1322
f 1345/2772/1354 1302/2732/1311 1392/2857/1401
f 1345/2792/1354 1392/2858/1401 1315/2703/1324
f 1315/2703/1324 1393/2859/1402 1360/2805/1369
f 1335/2745/1344 1380/2860/1389 1318/2707/1327
f 1296/2782/1305 1394/2861/1403 1337/2783/1346
f 1296/2651/1305 1395/2862/1404 1394/2863/1403
f 1355/2864/1364 1320/2865/1329 1382/2866/1391
f 1296/2651/1305 1396/2867/1405 1395/2862/1404
f 1296/2651/1305 1364/2811/1373 1396/2867/1405
f 1383/2868/1392 1381/2869/1390 1356/2190/1365
f 1349/2845/1358 1385/2870/1394 1384/2846/1393
f 1175/2361/1180 1397/2871/1406 1323/2719/1332
f 1357/2816/1366 1398/2872/1407 1385/2849/1394
f 1322/2718/1331 1365/2873/1374 1308/2874/1317
f 1322/2718/1331 1350/2788/1359 1365/2873/1374
f 1311/2853/1320 1388/2852/1397 1238/2875/1243
f 1118/2829/1123 1389/2854/1398 1388/2852/1397
f 1283/2628/1292 1391/2856/1400 1352/2790/1361
f 1312/2876/1321 1399/2877/1408 1299/2656/1308
f 1313/2878/1322 1369/2879/1378 1312/2880/1321
f 1344/2771/1353 1400/2881/1409 1369/2821/1378
f 1392/2858/1401 1401/2882/1410 1315/2703/1324
f 1303/2662/1312 1376/2834/1385 1332/2734/1341
f 1377/2835/1386 1376/2834/1385 1346/2773/1355
f 1378/2836/1387 1377/2835/1386 1333/2736/1342
f 1305/2669/1314 1402/2883/1411 1347/2777/1356
f 1354/2793/1363 1318/2839/1327 1380/2838/1389
f 1363/2809/1372 1396/2884/1405 1364/2810/1373
f 1381/2869/1390 1383/2868/1392 1403/2885/1412
f 1372/2827/1381 1403/2886/1412 1383/2844/1392
f 1372/2847/1381 1384/2846/1393 1403/2887/1412
f 1325/2888/1334 1404/2889/1413 1282/2627/1291
f 1282/2627/1291 1404/2889/1413 1366/2818/1375
f 1238/2603/1243 1405/2890/1414 1373/2828/1382
f 1274/2891/1283 1406/2892/1415 1407/2893/1416
f 1274/2606/1283 1262/2584/1271 1406/2894/1415
f 1408/2895/1417 1353/2791/1362 1359/2804/1368
f 1329/2728/1338 1409/2896/1418 1284/2629/1293
f 1284/2629/1293 1409/2896/1418 1342/2769/1351
f 1369/2821/1378 1410/2897/1419 1312/2696/1321
f 1342/2769/1351 1411/2898/1420 1368/2820/1377
f 1330/2899/1339 1368/2900/1377 1412/2901/1421
f 1330/2729/1339 1412/2902/1421 1370/2822/1379
f 1343/2770/1352 1392/2858/1401 1302/2661/1311
f 1332/2734/1341 1376/2834/1385 1344/2771/1353
f 1255/2564/1262 1379/2837/1388 1413/2903/1422
f 1255/2564/1262 1413/2903/1422 1289/2635/1298
f 1371/2824/1380 1414/2904/1423 1338/2756/1347
f 1384/2846/1393 1415/2905/1424 1403/2887/1412
f 1371/2906/1380 1416/2907/1425 1417/2908/1426
f 1323/2719/1332 1397/2871/1406 1386/2909/1395
f 1238/2603/1243 1418/2910/1427 1405/2890/1414
f 1351/2789/1360 1390/2855/1399 1273/2605/1282
f 1389/2911/1398 1419/2912/1428 1388/2913/1397
f 1328/2914/1337 1274/2891/1283 1407/2893/1416
f 1352/2790/1361 1420/2915/1429 1359/2804/1368
f 1353/2791/1362 1408/2895/1417 1421/2916/1430
f 1353/2791/1362 1421/2916/1430 1329/2728/1338
f 1409/2896/1418 1411/2898/1420 1342/2769/1351
f 1344/2771/1353 1422/2917/1431 1400/2881/1409
f 1423/2918/1432 1269/2595/1278 1354/2793/1363
f 1363/2919/1372 1338/2756/1347 1414/2904/1423
f 1414/2904/1423 1371/2824/1380 1424/2920/1433
f 1381/2841/1390 1403/2921/1412 1382/2842/1391
f 1417/2922/1426 1416/2923/1425 1425/2924/1434
f 1280/2324/1289 1425/2925/1434 1416/2926/1425
f 1371/2824/1380 1280/2624/1289 1416/2927/1425
f 1384/2928/1393 1426/2929/1435 1415/2930/1424
f 1384/2846/1393 1385/2870/1394 1426/2931/1435
f 1385/2849/1394 1398/2872/1407 1426/2932/1435
f 1357/2816/1366 1365/2815/1374 1398/2872/1407
f 1350/2788/1359 1427/2933/1436 1365/2873/1374
f 1325/2721/1334 1387/2851/1396 1386/2850/1395
f 1366/2818/1375 1428/2934/1437 1351/2789/1360
f 1418/2910/1427 1238/2603/1243 1388/2913/1397
f 1429/2935/1438 1391/2856/1400 1390/2855/1399
f 1375/2832/1384 1328/2830/1337 1430/2936/1439
f 1408/2895/1417 1359/2804/1368 1420/2915/1429
f 1299/2656/1308 1399/2877/1408 1367/2819/1376
f 1421/2916/1430 1431/2937/1440 1329/2728/1338
f 1432/2938/1441 1377/2835/1386 1378/2836/1387
f 1433/2939/1442 1379/2837/1388 1361/2806/1370
f 1316/2705/1325 1289/2704/1298 1413/2940/1422
f 1380/2838/1389 1362/2807/1371 1434/2941/1443
f 1348/2942/1357 1355/2864/1364 1435/2943/1444
f 1396/2867/1405 1363/2919/1372 1436/2944/1445
f 1436/2944/1445 1363/2919/1372 1437/2945/1446
f 1355/2864/1364 1382/2866/1391 1435/2943/1444
f 1414/2904/1423 1438/2946/1447 1363/2919/1372
f 1403/2947/1412 1415/2948/1424 1382/2949/1391
f 1439/2950/1448 1350/2788/1359 1358/2803/1367
f 1328/2951/1337 1407/2952/1416 1430/2953/1439
f 1431/2937/1440 1409/2896/1418 1329/2728/1338
f 1422/2917/1431 1344/2771/1353 1376/2834/1385
f 1393/2859/1402 1315/2703/1324 1401/2882/1410
f 1360/2805/1369 1440/2954/1449 1288/2634/1297
f 1288/2634/1297 1440/2954/1449 1334/2740/1343
f 1433/2939/1442 1361/2806/1370 1441/2955/1450
f 1434/2941/1443 1362/2807/1371 1348/2779/1357
f 1437/2945/1446 1363/2919/1372 1442/2956/1451
f 1363/2919/1372 1438/2946/1447 1442/2956/1451
f 1424/2957/1433 1371/2958/1380 1443/2959/1452
f 1443/2959/1452 1371/2958/1380 1417/2960/1426
f 1415/2961/1424 1444/2962/1453 1382/2963/1391
f 1365/2815/1374 1427/2964/1436 1398/2872/1407
f 1427/2933/1436 1350/2788/1359 1439/2950/1448
f 1325/2888/1334 1445/2965/1454 1404/2889/1413
f 1358/2803/1367 1261/2583/1270 1373/2828/1382
f 1324/2720/1333 1373/2828/1382 1261/2583/1270
f 1351/2789/1360 1429/2935/1438 1390/2855/1399
f 1389/2854/1398 1375/2832/1384 1419/2966/1428
f 1352/2790/1361 1391/2856/1400 1420/2915/1429
f 1262/2584/1271 1446/2967/1455 1406/2894/1415
f 1262/2584/1271 1367/2819/1376 1446/2967/1455
f 1408/2895/1417 1447/2968/1456 1421/2916/1430
f 1399/2877/1408 1448/2969/1457 1367/2819/1376
f 1312/2876/1321 1410/2970/1419 1399/2877/1408
f 1369/2821/1378 1449/2971/1458 1410/2897/1419
f 1411/2898/1420 1412/2902/1421 1368/2820/1377
f 1343/2770/1352 1370/2833/1379 1450/2972/1459
f 1343/2770/1352 1450/2972/1459 1392/2858/1401
f 1376/2834/1385 1451/2973/1460 1422/2917/1431
f 1401/2974/1410 1392/2975/1401 1452/2976/1461
f 1393/2859/1402 1401/2882/1410 1452/2977/1461
f 1376/2834/1385 1377/2835/1386 1451/2973/1460
f 1360/2805/1369 1393/2859/1402 1453/2978/1462
f 1454/2979/1463 1378/2836/1387 1347/2777/1356
f 1334/2740/1343 1402/2883/1411 1305/2669/1314
f 1454/2979/1463 1432/2938/1441 1378/2836/1387
f 1280/2757/1289 1455/2980/1464 1456/2981/1465
f 1457/2982/1466 1414/2904/1467 1438/2946/1468
f 1280/2983/1289 1456/2984/1465 1425/2985/1434
f 1458/2986/1469 1414/2987/1423 1459/2988/1470
f 1414/2904/1423 1424/2920/1433 1459/2989/1470
f 1443/2959/1452 1460/2990/1471 1424/2957/1433
f 1417/2991/1426 1461/2992/1472 1443/2993/1452
f 1417/2994/1426 1425/2985/1434 1456/2984/1465
f 1456/2995/1465 1462/2996/1473 1417/2997/1426
f 1417/2998/1426 1462/2999/1473 1461/3000/1472
f 1386/2850/1395 1445/3001/1454 1325/2721/1334
f 1388/2913/1397 1463/3002/1474 1418/2910/1427
f 1429/2935/1438 1464/3003/1475 1391/2856/1400
f 1420/2915/1429 1391/2856/1400 1465/3004/1476
f 1420/2915/1429 1447/2968/1456 1408/2895/1417
f 1369/2821/1378 1400/2881/1409 1449/2971/1458
f 1466/3005/1477 1413/2940/1422 1379/3006/1388
f 1379/2837/1388 1433/2939/1442 1466/3007/1477
f 1413/2940/1422 1467/3008/1478 1316/2705/1325
f 1441/3009/1450 1361/3010/1370 1337/2783/1346
f 1468/3011/1479 1354/2793/1363 1380/2838/1389
f 1469/3012/1480 1423/3013/1432 1354/3014/1363
f 1380/2838/1389 1434/2941/1443 1468/3011/1479
f 1269/2670/1278 1423/3013/1432 1455/2980/1464
f 1269/2670/1278 1455/2980/1464 1280/2757/1289
f 1395/2862/1404 1396/2867/1405 1394/2863/1403
f 1442/3015/1451 1470/3016/1481 1437/3017/1446
f 1471/3018/1482 1414/3019/1423 1458/3020/1469
f 1424/2920/1433 1460/3021/1471 1459/2989/1470
f 1472/3022/1483 1473/3023/1484 1456/3024/1465
f 1456/2995/1465 1473/3025/1484 1462/2996/1473
f 1415/3026/1424 1426/3027/1435 1444/3028/1453
f 1398/2872/1407 1427/2964/1436 1426/2932/1435
f 1427/3029/1436 1439/3030/1448 1474/3031/1485
f 1366/2818/1375 1475/3032/1486 1428/2934/1437
f 1388/2913/1397 1419/2912/1428 1463/3002/1474
f 1447/2968/1456 1476/3033/1487 1421/2916/1430
f 1421/2916/1430 1477/3034/1488 1431/2937/1440
f 1410/2970/1419 1478/3035/1489 1399/2877/1408
f 1431/2937/1440 1479/3036/1490 1409/2896/1418
f 1440/2954/1449 1480/3037/1491 1334/2740/1343
f 1402/2883/1411 1334/2740/1343 1480/3037/1491
f 1354/2793/1363 1468/3011/1479 1469/3038/1480
f 1337/2783/1346 1394/2861/1403 1481/3039/1492
f 1442/3040/1451 1438/3041/1447 1470/3042/1481
f 1414/2904/1423 1471/3043/1482 1438/2946/1447
f 1443/3044/1452 1482/3045/1493 1460/3046/1471
f 1461/2992/1472 1482/3047/1493 1443/2993/1452
f 1472/3048/1483 1482/3049/1493 1461/3050/1472
f 1461/3051/1472 1473/3023/1484 1472/3022/1483
f 1461/3051/1472 1462/3052/1473 1473/3023/1484
f 1435/2943/1444 1382/2866/1391 1474/3053/1485
f 1382/3054/1391 1444/3055/1453 1474/3056/1485
f 1397/2871/1406 1483/3057/1494 1386/2909/1395
f 1427/2964/1436 1474/3058/1485 1426/2932/1435
f 1475/3032/1486 1484/3059/1495 1428/2934/1437
f 1428/2934/1437 1484/3059/1495 1351/2789/1360
f 1464/3003/1475 1485/3060/1496 1391/2856/1400
f 1391/2856/1400 1485/3060/1496 1465/3004/1476
f 1367/3061/1376 1486/3062/1497 1446/3063/1455
f 1421/2916/1430 1476/3033/1487 1487/3064/1498
f 1367/3061/1376 1448/3065/1457 1486/3062/1497
f 1431/3066/1440 1477/3067/1488 1488/3068/1499
f 1399/2877/1408 1478/3035/1489 1448/2969/1457
f 1449/2971/1458 1400/2881/1409 1489/3069/1500
f 1400/2881/1409 1490/3070/1501 1489/3069/1500
f 1422/2917/1431 1491/3071/1502 1400/2881/1409
f 1422/2917/1431 1451/2973/1460 1491/3071/1502
f 1432/2938/1441 1451/2973/1460 1377/2835/1386
f 1432/2938/1441 1492/3072/1503 1451/2973/1460
f 1402/2883/1411 1454/2979/1463 1347/2777/1356
f 1316/2705/1325 1397/2871/1406 1175/2361/1180
f 1348/2942/1357 1435/2943/1444 1434/3073/1443
f 1394/2863/1403 1396/2867/1405 1493/3074/1504
f 1396/2867/1405 1436/2944/1445 1493/3074/1504
f 1437/2945/1446 1493/3074/1504 1436/2944/1445
f 1437/2945/1446 1470/3075/1481 1493/3074/1504
f 1438/2946/1447 1471/3043/1482 1470/3075/1481
f 1458/3076/1469 1459/3077/1470 1471/3078/1482
f 1460/3079/1471 1494/3080/1505 1459/3081/1470
f 1472/3082/1483 1495/3083/1506 1482/3084/1493
f 1456/3085/1465 1495/3083/1506 1472/3082/1483
f 1444/3028/1453 1426/3027/1435 1474/3086/1485
f 1358/3087/1367 1474/3031/1485 1439/3030/1448
f 1358/2803/1367 1373/2828/1382 1474/3053/1485
f 1351/2789/1360 1496/3088/1507 1429/2935/1438
f 1419/2912/1428 1375/3089/1384 1497/3090/1508
f 1407/2893/1416 1406/2892/1415 1498/3091/1509
f 1409/2896/1418 1479/3036/1490 1499/3092/1510
f 1411/2898/1420 1500/3093/1511 1412/2902/1421
f 1412/2902/1421 1500/3093/1511 1501/3094/1512
f 1412/2902/1421 1501/3094/1512 1370/2822/1379
f 1370/2822/1379 1502/3095/1513 1450/3096/1459
f 1392/2858/1401 1450/2972/1459 1452/2977/1461
f 1433/2939/1442 1441/2955/1450 1503/3097/1514
f 1466/3005/1477 1504/3098/1515 1413/2940/1422
f 1505/3099/1516 1506/3100/1517 1471/3101/1518
f 1493/3074/1504 1470/3075/1481 1506/3102/1519
f 1506/3102/1519 1470/3075/1481 1471/3043/1482
f 1460/3103/1471 1507/3104/1520 1494/3105/1505
f 1508/3106/1521 1494/3107/1505 1507/3108/1520
f 1460/3046/1471 1482/3045/1493 1507/3109/1520
f 1366/2818/1375 1509/3110/1522 1475/3032/1486
f 1475/3032/1486 1510/3111/1523 1484/3059/1495
f 1484/3059/1495 1496/3088/1507 1351/2789/1360
f 1429/2935/1438 1511/3112/1524 1464/3003/1475
f 1375/2832/1384 1430/2936/1439 1497/3113/1508
f 1421/2916/1430 1487/3064/1498 1477/3034/1488
f 1448/3065/1457 1478/3114/1489 1486/3062/1497
f 1490/3115/1501 1512/3116/1525 1489/3117/1500
f 1491/3071/1502 1490/3070/1501 1400/2881/1409
f 1360/2805/1369 1513/3118/1526 1440/2954/1449
f 1413/2940/1422 1514/3119/1527 1467/3008/1478
f 1441/3009/1450 1337/2783/1346 1515/3120/1528
f 1468/3011/1479 1434/2941/1443 1516/3121/1529
f 1481/3039/1492 1394/2861/1403 1517/3122/1530
f 1435/2943/1444 1474/3053/1485 1518/3123/1531
f 1471/3078/1482 1459/3077/1470 1519/3124/1532
f 1459/3125/1470 1494/3107/1505 1508/3106/1521
f 1507/3109/1520 1482/3045/1493 1508/3126/1521
f 1482/3127/1493 1495/3128/1506 1508/3129/1521
f 1420/2915/1429 1465/3004/1476 1447/2968/1456
f 1411/2898/1420 1409/2896/1418 1500/3093/1511
f 1370/2822/1379 1501/3094/1512 1502/3095/1513
f 1492/3072/1503 1520/3130/1533 1451/2973/1460
f 1393/2859/1402 1521/3131/1534 1522/3132/1535
f 1360/2805/1369 1453/2978/1462 1513/3118/1526
f 1433/2939/1442 1504/3133/1515 1466/3007/1477
f 1504/3098/1515 1514/3119/1527 1413/2940/1422
f 1441/3009/1450 1515/3120/1528 1523/3134/1536
f 1524/3135/1537 1469/473/1480 1468/3136/1479
f 1394/2861/1403 1525/3137/1538 1517/3122/1530
f 1394/3138/1403 1493/3139/1504 1525/3140/1538
f 1493/3074/1504 1506/3102/1519 1526/3141/1539
f 1471/3078/1482 1519/3124/1532 1506/3142/1519
f 1459/3125/1470 1508/3106/1521 1527/3143/1540
f 1404/2889/1413 1509/3110/1522 1366/2818/1375
f 1430/2953/1439 1528/3144/1541 1497/3090/1508
f 1464/3145/1475 1529/3146/1542 1485/3147/1496
f 1447/2968/1456 1530/3148/1543 1476/3033/1487
f 1431/2937/1440 1488/3149/1499 1479/3036/1490
f 1486/3062/1497 1478/3114/1489 1531/3150/1544
f 1489/3117/1500 1532/3151/1545 1449/3152/1458
f 1524/3153/1537 1468/3154/1479 1533/3155/1546
f 1533/3156/1546 1468/3157/1479 1534/3158/1547
f 1337/2783/1346 1481/3039/1492 1515/3120/1528
f 1434/2941/1443 1435/3159/1444 1516/3121/1529
f 1455/2980/1464 1535/3160/1548 1456/2981/1465
f 1506/3142/1519 1519/3124/1532 1526/3161/1539
f 1493/3139/1504 1536/3162/1549 1525/3140/1538
f 1508/3163/1521 1537/3164/1550 1527/3165/1540
f 1538/3166/1551 1537/3167/1550 1508/3129/1521
f 1495/3128/1506 1538/3166/1551 1508/3129/1521
f 1456/3168/1465 1539/3169/1552 1538/3170/1551
f 1456/3171/1465 1538/3172/1551 1495/3173/1506
f 1418/2910/1427 1463/3002/1474 1540/3174/1553
f 1484/3059/1495 1510/3111/1523 1496/3088/1507
f 1511/3112/1524 1529/3175/1542 1464/3003/1475
f 1477/3034/1488 1487/3064/1498 1541/3176/1554
f 1477/3034/1488 1541/3176/1554 1542/3177/1555
f 1477/3067/1488 1542/3178/1555 1488/3068/1499
f 1486/3062/1497 1543/3179/1556 1544/3180/1557
f 1410/2970/1419 1449/3152/1458 1478/3035/1489
f 1502/3095/1513 1545/3181/1558 1450/3096/1459
f 1450/2972/1459 1546/3182/1559 1452/2977/1461
f 1452/2977/1461 1521/3131/1534 1393/2859/1402
f 1393/2859/1402 1522/3132/1535 1453/2978/1462
f 1432/2938/1441 1454/2979/1463 1492/3072/1503
f 1503/3097/1514 1504/3133/1515 1433/2939/1442
f 1524/3183/1537 1547/3184/1560 1469/3012/1480
f 1468/3011/1479 1516/3121/1529 1534/3185/1547
f 1547/3184/1560 1423/3013/1432 1469/3012/1480
f 1526/3186/1539 1548/3187/1561 1493/3139/1504
f 1459/3125/1470 1527/3143/1540 1549/3188/1562
f 1519/3189/1532 1459/3125/1470 1549/3188/1562
f 1550/3190/1563 1474/3053/1485 1373/2828/1382
f 1373/2828/1382 1405/2890/1414 1551/3191/1564
f 1552/3192/1565 1405/3193/1414 1418/3194/1427
f 1540/3174/1553 1463/3002/1474 1553/3195/1566
f 1486/3062/1497 1531/3150/1544 1543/3179/1556
f 1531/3196/1544 1478/3035/1489 1554/3197/1567
f 1449/3152/1458 1554/3197/1567 1478/3035/1489
f 1554/3197/1567 1449/3152/1458 1532/3151/1545
f 1532/3151/1545 1489/3117/1500 1512/3116/1525
f 1512/3198/1525 1490/3070/1501 1555/3199/1568
f 1556/3200/1569 1492/3072/1503 1454/2979/1463
f 1557/3201/1570 1503/62/1514 1558/3202/1571
f 1557/3201/1570 1504/3203/1515 1503/62/1514
f 1559/3204/1572 1455/2980/1464 1423/3013/1432
f 1560/3205/1573 1548/3206/1561 1526/3207/1539
f 1526/3208/1539 1519/3189/1532 1561/3209/1574
f 1561/3209/1574 1519/3189/1532 1549/3188/1562
f 1518/3123/1531 1474/3053/1485 1550/3190/1563
f 1527/3210/1540 1537/3211/1550 1549/3212/1562
f 1539/3213/1552 1562/3214/1575 1538/3215/1551
f 1563/3216/1576 1483/3057/1494 1397/2871/1406
f 1564/3217/1577 1445/3001/1454 1386/2850/1395
f 1373/2828/1382 1551/3191/1564 1550/3190/1563
f 1509/3110/1522 1565/3218/1578 1475/3032/1486
f 1496/3088/1507 1511/3112/1524 1429/2935/1438
f 1566/3219/1579 1419/2912/1428 1497/3090/1508
f 1511/3112/1524 1567/3220/1580 1529/3175/1542
f 1446/3063/1455 1486/3062/1497 1568/3221/1581
f 1499/3222/1510 1569/3223/1582 1409/3224/1418
f 1569/3225/1582 1500/3093/1511 1409/2896/1418
f 1500/3093/1511 1570/3226/1583 1501/3094/1512
f 1512/3116/1525 1571/3227/1584 1532/3151/1545
f 1402/2883/1411 1556/3200/1569 1454/2979/1463
f 1558/3228/1571 1572/3229/1585 1557/3230/1570
f 1503/3097/1514 1441/2955/1450 1523/3231/1536
f 1573/3232/1586 1524/3153/1537 1533/3155/1546
f 1533/3156/1546 1534/3158/1547 1574/3233/1587
f 1467/3008/1478 1575/3234/1588 1316/2705/1325
f 1515/3120/1528 1481/3039/1492 1576/3235/1589
f 1577/3236/1590 1481/3039/1492 1517/3122/1530
f 1538/3237/1551 1562/3238/1575 1578/3239/1591
f 1563/3216/1576 1579/3240/1592 1483/3057/1494
f 1483/3057/1494 1564/3241/1577 1386/2909/1395
f 1404/2889/1413 1445/2965/1454 1509/3110/1522
f 1405/2890/1414 1552/3242/1565 1551/3191/1564
f 1552/3242/1565 1418/2910/1427 1540/3174/1553
f 1553/3195/1566 1463/3002/1474 1580/3243/1593
f 1463/3002/1474 1581/3244/1594 1580/3243/1593
f 1419/2912/1428 1566/3219/1579 1463/3002/1474
f 1485/3060/1496 1582/3245/1595 1465/3004/1476
f 1465/3004/1476 1530/3148/1543 1447/2968/1456
f 1446/3063/1455 1583/3246/1596 1406/2892/1415
f 1446/3063/1455 1568/3221/1581 1583/3246/1596
f 1476/3033/1487 1530/3148/1543 1584/3247/1597
f 1531/3150/1544 1554/3248/1567 1585/3249/1598
f 1572/3229/1585 1558/3228/1571 1586/3250/1599
f 1558/3228/1571 1503/3097/1514 1587/3251/1600
f 1503/3097/1514 1523/3231/1536 1587/3251/1600
f 1481/3039/1492 1577/3236/1590 1576/3235/1589
f 1525/3137/1538 1588/3252/1601 1517/3122/1530
f 1589/3253/1602 1539/3254/1552 1456/2338/1465
f 1493/3139/1504 1548/3187/1561 1536/3162/1549
f 1537/3255/1550 1578/3256/1591 1590/3257/1603
f 1537/3258/1550 1538/3259/1551 1578/3260/1591
f 1562/3261/1575 1539/3262/1552 1578/3263/1591
f 1509/3264/1522 1591/3265/1604 1565/3266/1578
f 1565/3218/1578 1592/3267/1605 1475/3032/1486
f 1510/3111/1523 1593/3268/1606 1496/3088/1507
f 1407/2952/1416 1498/3269/1509 1430/2953/1439
f 1487/3064/1498 1476/3033/1487 1584/3247/1597
f 1488/3068/1499 1542/3178/1555 1594/3270/1607
f 1488/3149/1499 1594/3271/1607 1479/3036/1490
f 1531/3150/1544 1585/3249/1598 1543/3179/1556
f 1585/3249/1598 1595/3272/1608 1543/3179/1556
f 1596/3273/1609 1499/3092/1510 1479/3036/1490
f 1554/3248/1567 1597/3274/1610 1585/3249/1598
f 1499/3092/1510 1598/3275/1611 1569/3225/1582
f 1440/2954/1449 1513/3118/1526 1599/3276/1612
f 1600/3277/1613 1504/3098/1515 1557/3278/1570
f 1600/3279/1613 1557/3230/1570 1572/3229/1585
f 1601/3280/1614 1573/3281/1586 1602/3282/1615
f 1601/3283/1614 1603/3284/1616 1573/3285/1586
f 1573/3286/1586 1547/3184/1560 1524/3183/1537
f 1515/3287/1528 1604/3288/1617 1523/3289/1536
f 1423/3013/1432 1547/3184/1560 1559/3204/1572
f 1534/3290/1547 1516/3291/1529 1605/3292/1618
f 1516/3291/1529 1435/2943/1444 1518/3123/1531
f 1455/2980/1464 1559/3204/1572 1535/3160/1548
f 1535/3160/1548 1589/3293/1602 1456/2981/1465
f 1526/3208/1539 1561/3209/1574 1560/3294/1573
f 1525/3295/1538 1606/3296/1619 1588/3297/1601
f 1536/3162/1549 1607/3298/1620 1525/3140/1538
f 1561/3209/1574 1549/3188/1562 1608/3299/1621
f 1537/3300/1550 1608/3299/1621 1549/3188/1562
f 1537/3301/1550 1590/3302/1603 1608/3303/1621
f 1578/3304/1591 1608/3305/1621 1590/3306/1603
f 1483/3307/1494 1579/3308/1592 1564/3309/1577
f 1445/2965/1454 1609/3310/1622 1610/3311/1623
f 1445/2965/1454 1610/3311/1623 1509/3110/1522
f 1610/3311/1623 1591/3312/1604 1509/3110/1522
f 1566/3219/1579 1581/3244/1594 1463/3002/1474
f 1496/3088/1507 1611/3313/1624 1511/3112/1524
f 1567/3220/1580 1582/3245/1595 1529/3175/1542
f 1529/3175/1542 1582/3245/1595 1485/3060/1496
f 1430/2953/1439 1498/3269/1509 1612/3314/1625
f 1583/3315/1596 1568/3316/1581 1613/3317/1626
f 1486/3062/1497 1544/3180/1557 1568/3221/1581
f 1532/3318/1545 1597/3274/1610 1554/3248/1567
f 1532/3318/1545 1614/3319/1627 1597/3274/1610
f 1569/3320/1582 1570/3321/1583 1500/3322/1511
f 1502/3095/1513 1501/3094/1512 1545/3181/1558
f 1512/3116/1525 1555/3323/1568 1571/3227/1584
f 1450/3324/1459 1545/3325/1558 1615/3326/1628
f 1520/3130/1533 1616/3327/1629 1451/2973/1460
f 1521/3131/1534 1452/2977/1461 1617/3328/1630
f 1453/2978/1462 1618/3329/1631 1513/3118/1526
f 1480/3037/1491 1556/3200/1569 1402/2883/1411
f 1547/3330/1560 1573/3331/1586 1603/3332/1616
f 1603/3333/1616 1619/3334/1632 1547/3184/1560
f 1573/3232/1586 1533/3155/1546 1574/3335/1587
f 1574/3336/1587 1534/3290/1547 1605/3292/1618
f 1516/3291/1529 1518/3123/1531 1605/3292/1618
f 1316/2705/1325 1575/3234/1588 1397/2871/1406
f 1560/3294/1573 1561/3209/1574 1620/3337/1633
f 1525/3295/1538 1621/3338/1634 1606/3296/1619
f 1525/3295/1538 1607/3339/1620 1621/3338/1634
f 1536/3162/1549 1548/3187/1561 1607/3298/1620
f 1539/3262/1552 1622/3340/1635 1578/3263/1591
f 1539/3341/1552 1589/3342/1602 1622/3343/1635
f 1445/3001/1454 1564/3217/1577 1609/3344/1622
f 1592/3267/1605 1623/3345/1636 1475/3032/1486
f 1475/3032/1486 1623/3345/1636 1510/3111/1523
f 1510/3111/1523 1623/3345/1636 1624/3346/1637
f 1540/3174/1553 1553/3195/1566 1625/3347/1638
f 1496/3088/1507 1593/3268/1606 1611/3313/1624
f 1465/3004/1476 1626/3348/1639 1530/3148/1543
f 1406/2892/1415 1583/3246/1596 1498/3091/1509
f 1532/3151/1545 1571/3227/1584 1614/3349/1627
f 1627/3350/1640 1520/3130/1533 1492/3072/1503
f 1522/3132/1535 1618/3329/1631 1453/2978/1462
f 1599/3276/1612 1480/3037/1491 1440/2954/1449
f 1558/3228/1571 1587/3251/1600 1586/3250/1599
f 1601/3351/1614 1628/3352/1641 1603/3353/1616
f 1602/3354/1615 1628/3352/1641 1601/3351/1614
f 1573/3281/1586 1605/3355/1618 1602/3282/1615
f 1514/3119/1527 1629/3356/1642 1467/3008/1478
f 1467/3357/1478 1629/3358/1642 1630/3359/1643
f 1515/3120/1528 1576/3235/1589 1604/3360/1617
f 1605/3292/1618 1518/3123/1531 1631/3361/1644
f 1517/3362/1530 1588/3363/1601 1632/3364/1645
f 1561/3365/1574 1633/3366/1646 1634/3367/1647
f 1608/3305/1621 1633/3368/1646 1561/3369/1574
f 1588/3370/1601 1635/3371/1648 1636/3372/1649
f 1606/3373/1619 1635/3374/1648 1588/3363/1601
f 1588/3363/1601 1636/3375/1649 1632/3364/1645
f 1550/3190/1563 1637/3376/1650 1638/3377/1651
f 1565/3266/1578 1591/3265/1604 1639/3378/1652
f 1565/3379/1578 1639/3380/1652 1640/3381/1653
f 1565/3218/1578 1640/3382/1653 1592/3267/1605
f 1641/3383/1654 1623/3384/1636 1592/3385/1605
f 1540/3174/1553 1625/3347/1638 1552/3242/1565
f 1510/3111/1523 1642/3386/1655 1593/3268/1606
f 1642/3387/1656 1643/3388/1657 1593/3389/1658
f 1611/3313/1624 1644/3390/1659 1511/3112/1524
f 1511/3112/1524 1644/3390/1659 1567/3220/1580
f 1583/3315/1596 1645/3391/1660 1498/3269/1509
f 1646/3392/1661 1594/3270/1607 1542/3178/1555
f 1543/3179/1556 1647/3393/1662 1544/3180/1557
f 1543/3179/1556 1595/3272/1608 1647/3393/1662
f 1490/3070/1501 1491/3071/1502 1555/3199/1568
f 1522/3132/1535 1617/3328/1630 1618/3329/1631
f 1480/3037/1491 1648/3394/1663 1556/3200/1569
f 1649/3395/1664 1628/3352/1641 1602/3354/1615
f 1602/3354/1615 1650/3396/1665 1649/3395/1664
f 1602/3282/1615 1605/3355/1618 1650/3397/1665
f 1651/3398/1666 1652/3399/1667 1603/3333/1616
f 1587/3400/1600 1523/3134/1536 1653/3401/1668
f 1603/3333/1616 1652/3399/1667 1619/3334/1632
f 1467/3008/1478 1630/3402/1643 1575/3234/1588
f 1561/3369/1574 1634/3403/1647 1620/3404/1633
f 1636/3375/1649 1654/3405/1669 1632/3364/1645
f 1636/3375/1649 1635/3374/1648 1654/3405/1669
f 1578/3304/1591 1655/3406/1670 1608/3305/1621
f 1578/3263/1591 1622/3340/1635 1589/3407/1602
f 1610/3311/1623 1656/3408/1671 1591/3312/1604
f 1656/3408/1671 1657/3409/1672 1591/3312/1604
f 1591/3410/1604 1657/3411/1672 1639/3412/1652
f 1658/3413/1673 1641/3414/1654 1639/3415/1652
f 1592/3416/1605 1659/3417/1674 1641/3418/1654
f 1641/3414/1654 1658/3413/1673 1623/3345/1636
f 1510/3111/1523 1624/3346/1637 1642/3386/1655
f 1528/3144/1541 1660/3419/1675 1497/3090/1508
f 1430/2953/1439 1612/3314/1625 1528/3144/1541
f 1487/3064/1498 1661/3420/1676 1541/3176/1554
f 1542/3177/1555 1541/3176/1554 1646/3421/1661
f 1479/3036/1490 1594/3271/1607 1596/3273/1609
f 1585/3249/1598 1662/3422/1677 1595/3272/1608
f 1597/3274/1610 1663/3423/1678 1585/3249/1598
f 1598/3275/1611 1664/3424/1679 1569/3225/1582
f 1569/3320/1582 1665/3425/1680 1570/3321/1583
f 1501/3094/1512 1666/3426/1681 1545/3181/1558
f 1450/3427/1459 1615/3428/1628 1667/3429/1682
f 1450/2972/1459 1667/3430/1682 1546/3182/1559
f 1452/2977/1461 1546/3182/1559 1617/3328/1630
f 1451/2973/1460 1616/3327/1629 1491/3071/1502
f 1522/3132/1535 1521/3131/1534 1617/3328/1630
f 1573/3232/1586 1574/3335/1587 1605/3431/1618
f 1619/3334/1632 1668/3432/1683 1547/3184/1560
f 1514/3119/1527 1669/3433/1684 1629/3356/1642
f 1632/3434/1645 1577/3236/1590 1517/3122/1530
f 1632/3434/1645 1670/3435/1685 1577/3236/1590
f 1620/3404/1633 1671/3436/1686 1560/3437/1573
f 1620/3404/1633 1634/3403/1647 1671/3436/1686
f 1672/3438/1687 1654/3439/1669 1635/3440/1648
f 1632/3364/1645 1654/3405/1669 1670/3441/1685
f 1578/3304/1591 1673/3442/1688 1655/3406/1670
f 1589/3443/1602 1674/3444/1689 1578/3304/1591
f 1578/3304/1591 1674/3444/1689 1673/3442/1688
f 1579/3308/1592 1675/3445/1690 1564/3309/1577
f 1656/3446/1671 1676/3447/1691 1657/3301/1672
f 1639/3412/1652 1657/3411/1672 1677/3448/1692
f 1677/3448/1692 1657/3411/1672 1676/3449/1691
f 1639/3450/1652 1641/3451/1654 1659/3452/1674
f 1639/3453/1652 1678/3454/1693 1679/3455/1694
f 1639/3450/1652 1659/3452/1674 1680/3456/1695
f 1639/3457/1652 1680/3458/1695 1640/3459/1653
f 1640/3382/1653 1681/3460/1696 1592/3267/1605
f 1592/3461/1605 1681/3462/1696 1659/3463/1674
f 1644/3390/1659 1682/3464/1697 1567/3220/1580
f 1528/3144/1541 1683/3465/1698 1660/3419/1675
f 1530/3148/1543 1626/3348/1639 1684/3466/1699
f 1596/3273/1609 1685/3467/1700 1499/3092/1510
f 1614/3349/1627 1571/3227/1584 1686/3468/1701
f 1627/3350/1640 1687/3469/1702 1520/3130/1533
f 1628/3352/1641 1651/3470/1666 1603/3353/1616
f 1504/3098/1515 1669/3433/1684 1514/3119/1527
f 1653/3401/1668 1523/3134/1536 1688/3471/1703
f 1669/3433/1684 1630/3402/1643 1629/3356/1642
f 1668/3432/1683 1559/3204/1572 1547/3184/1560
f 1576/3235/1589 1577/3236/1590 1689/3472/1704
f 1518/3123/1531 1550/3190/1563 1638/3377/1651
f 1575/3234/1588 1563/3216/1576 1397/2871/1406
f 1560/3437/1573 1671/3436/1686 1548/3473/1561
f 1634/3367/1647 1633/3366/1646 1690/3474/1705
f 1691/3475/1706 1548/3476/1561 1671/3477/1686
f 1633/3368/1646 1608/3305/1621 1655/3406/1670
f 1692/3478/1707 1655/3479/1708 1693/3480/1709
f 1693/3481/1710 1655/3482/1670 1673/3483/1688
f 1693/3481/1710 1673/3483/1688 1674/3484/1689
f 1694/3485/1711 1610/3486/1623 1609/3487/1622
f 1677/3488/1692 1678/3489/1693 1639/3490/1652
f 1677/3488/1692 1679/3491/1694 1678/3489/1693
f 1680/3456/1695 1659/3452/1674 1640/3492/1653
f 1659/3452/1674 1681/3493/1696 1640/3492/1653
f 1695/3494/1712 1625/3347/1638 1553/3195/1566
f 1553/3195/1566 1580/3243/1593 1695/3494/1712
f 1580/3243/1593 1581/3244/1594 1696/3495/1713
f 1697/3496/1714 1581/3244/1594 1566/3219/1579
f 1567/3220/1580 1682/3464/1697 1582/3245/1595
f 1582/3245/1595 1626/3348/1639 1465/3004/1476
f 1698/3497/1715 1661/3420/1676 1487/3064/1498
f 1699/3498/1716 1499/3092/1510 1685/3467/1700
f 1598/3275/1611 1499/3092/1510 1699/3498/1716
f 1686/3468/1701 1571/3227/1584 1555/3323/1568
f 1700/3499/1717 1555/3199/1568 1491/3071/1502
f 1701/3500/1718 1617/3328/1630 1546/3182/1559
f 1618/3329/1631 1599/3276/1612 1513/3118/1526
f 1702/3501/1719 1492/3072/1503 1556/3200/1569
f 1627/3350/1640 1492/3072/1503 1702/3501/1719
f 1703/3502/1720 1649/3395/1664 1650/3396/1665
f 1704/3503/1721 1650/3504/1665 1605/3292/1618
f 1523/3134/1536 1604/3360/1617 1688/3471/1703
f 1705/3505/1722 1604/3360/1617 1689/3472/1704
f 1604/3360/1617 1576/3235/1589 1689/3472/1704
f 1634/3403/1647 1690/3506/1705 1706/3507/1723
f 1621/3508/1634 1707/3509/1724 1606/3373/1619
f 1607/3510/1620 1708/3511/1725 1621/3512/1634
f 1548/3513/1561 1691/3514/1706 1709/3515/1726
f 1606/3373/1619 1707/3509/1724 1635/3374/1648
f 1607/3298/1620 1548/3187/1561 1708/3516/1725
f 1633/3368/1646 1710/3517/1727 1690/3506/1705
f 1710/3517/1727 1633/3368/1646 1655/3406/1670
f 1563/3216/1576 1675/3518/1690 1579/3240/1592
f 1609/3344/1622 1564/3217/1577 1711/3519/1728
f 1694/3520/1711 1712/3521/1729 1610/3522/1623
f 1713/3523/1730 1610/3522/1623 1712/3521/1729
f 1713/3524/1730 1656/3408/1671 1610/3311/1623
f 1639/3453/1652 1679/3455/1694 1658/3525/1673
f 1658/3413/1673 1714/3526/1731 1623/3345/1636
f 1623/3345/1636 1714/3526/1731 1624/3346/1637
f 1552/3242/1565 1625/3347/1638 1715/3527/1732
f 1625/3347/1638 1695/3494/1712 1716/3528/1733
f 1642/3386/1655 1611/3313/1624 1593/3268/1606
f 1696/3495/1713 1581/3244/1594 1697/3496/1714
f 1566/3219/1579 1497/3090/1508 1660/3419/1675
f 1583/3529/1596 1613/3530/1626 1645/3531/1660
f 1584/3247/1597 1698/3497/1715 1487/3064/1498
f 1544/3180/1557 1717/3532/1734 1568/3221/1581
f 1544/3180/1557 1718/3533/1735 1717/3532/1734
f 1544/3534/1557 1647/3535/1662 1718/1218/1735
f 1595/3272/1608 1662/3422/1677 1647/3393/1662
f 1719/3536/1736 1598/3275/1611 1699/3498/1716
f 1663/3423/1678 1662/3422/1677 1585/3249/1598
f 1686/3537/1701 1720/3538/1737 1614/3319/1627
f 1501/3094/1512 1570/3226/1583 1666/3426/1681
f 1701/3500/1718 1546/3182/1559 1667/3430/1682
f 1491/3071/1502 1616/3327/1629 1700/3499/1717
f 1687/3469/1702 1616/3327/1629 1520/3130/1533
f 1702/3501/1719 1556/3200/1569 1721/3539/1738
f 1586/3250/1599 1587/3251/1600 1722/3540/1739
f 1600/3277/1613 1723/3541/1740 1504/3098/1515
f 1587/3400/1600 1653/3401/1668 1722/3542/1739
f 1653/3401/1668 1688/3471/1703 1724/3543/1741
f 1669/3433/1684 1725/3544/1742 1630/3402/1643
f 1726/3545/1743 1631/3361/1644 1518/3123/1531
f 1726/3545/1743 1518/3123/1531 1638/3377/1651
f 1727/3546/1744 1535/3160/1548 1559/3204/1572
f 1634/3403/1647 1706/3507/1723 1671/3436/1686
f 1548/3187/1561 1709/3547/1726 1708/3516/1725
f 1674/3484/1689 1728/3548/1745 1729/3549/1746
f 1730/3550/1747 1713/3523/1730 1712/3521/1729
f 1694/3520/1711 1730/3550/1747 1712/3521/1729
f 1731/3551/1748 1656/3408/1671 1713/3524/1730
f 1677/3552/1692 1676/3553/1691 1732/3554/1749
f 1677/3555/1692 1732/3556/1749 1679/3557/1694
f 1658/3525/1673 1679/3455/1694 1714/3558/1731
f 1552/3242/1565 1733/3559/1750 1551/3191/1564
f 1714/3526/1731 1734/3560/1751 1624/3346/1637
f 1624/3561/1637 1734/3562/1751 1642/3563/1655
f 1644/3390/1659 1735/3564/1752 1682/3464/1697
f 1682/3464/1697 1736/3565/1753 1582/3245/1595
f 1582/3245/1595 1736/3565/1753 1737/3566/1754
f 1498/3269/1509 1645/3391/1660 1612/3314/1625
f 1661/3420/1676 1738/3567/1755 1541/3176/1554
f 1646/3421/1661 1541/3176/1554 1738/3567/1755
f 1646/3421/1661 1738/3567/1755 1594/3271/1607
f 1569/3320/1582 1664/3568/1679 1665/3425/1680
f 1666/3426/1681 1570/3226/1583 1739/3569/1756
f 1666/3426/1681 1739/3569/1756 1545/3181/1558
f 1599/3276/1612 1740/3570/1757 1480/3037/1491
f 1651/3470/1666 1628/3352/1641 1741/3571/1758
f 1572/3572/1585 1723/3541/1740 1600/3277/1613
f 1703/3573/1720 1650/3504/1665 1704/3503/1721
f 1723/3541/1740 1669/3433/1684 1504/3098/1515
f 1652/3574/1667 1651/3575/1666 1619/3576/1632
f 1653/3401/1668 1724/3543/1741 1722/3542/1739
f 1604/3360/1617 1705/3505/1722 1742/3577/1759
f 1727/3546/1744 1743/3578/1760 1535/3160/1548
f 1744/3579/1761 1674/3580/1689 1589/3581/1602
f 1691/3514/1706 1745/3582/1762 1709/3515/1726
f 1621/3508/1634 1746/3583/1763 1707/3509/1724
f 1708/3516/1725 1746/3583/1763 1621/3508/1634
f 1707/3509/1724 1747/3584/1764 1635/3374/1648
f 1674/3484/1689 1748/3585/1765 1693/3481/1710
f 1729/3549/1746 1748/3585/1765 1674/3484/1689
f 1654/3405/1669 1672/3586/1687 1747/3584/1764
f 1749/3587/1766 1675/3588/1690 1563/3589/1576
f 1670/3441/1685 1654/3405/1669 1750/3590/1767
f 1729/3549/1746 1728/3548/1745 1748/3585/1765
f 1751/3591/1768 1711/3592/1728 1564/3593/1577
f 1551/3191/1564 1637/3376/1650 1550/3190/1563
f 1676/3594/1691 1656/3408/1671 1732/3595/1749
f 1679/3557/1694 1732/3556/1749 1714/3596/1731
f 1752/3597/1769 1734/3560/1751 1714/3526/1731
f 1642/3386/1655 1734/3560/1751 1753/3598/1770
f 1697/3496/1714 1566/3219/1579 1660/3419/1675
f 1736/3565/1753 1754/3599/1771 1737/3566/1754
f 1754/3599/1771 1755/3600/1772 1737/3566/1754
f 1737/3601/1754 1755/3602/1772 1582/3603/1595
f 1568/3316/1581 1717/3604/1734 1613/3317/1626
f 1594/3271/1607 1685/3467/1700 1596/3273/1609
f 1699/3498/1716 1685/3467/1700 1719/3536/1736
f 1663/3423/1678 1756/3605/1773 1662/3422/1677
f 1597/3274/1610 1614/3319/1627 1757/3606/1774
f 1614/3319/1627 1720/3538/1737 1757/3606/1774
f 1545/3325/1558 1739/3607/1756 1615/3326/1628
f 1555/3323/1568 1700/3608/1717 1686/3468/1701
f 1480/3037/1491 1758/3609/1775 1648/3394/1663
f 1556/3200/1569 1648/3394/1663 1721/3539/1738
f 1649/3395/1664 1759/3610/1776 1628/3352/1641
f 1572/3229/1585 1760/3611/1777 1723/3612/1740
f 1649/3395/1664 1703/3502/1720 1759/3610/1776
f 1605/3292/1618 1761/3613/1778 1704/3503/1721
f 1535/3614/1548 1744/3579/1761 1589/3581/1602
f 1577/3236/1590 1670/3435/1685 1762/3615/1779
f 1690/3506/1705 1710/3517/1727 1763/3616/1780
f 1674/3580/1689 1764/3617/1781 1728/3618/1745
f 1693/3619/1710 1710/3517/1727 1655/3406/1670
f 1635/3374/1648 1747/3584/1764 1672/3586/1687
f 1654/3405/1669 1747/3584/1764 1750/3590/1767
f 1728/3620/1745 1765/3621/1782 1748/3622/1765
f 1728/3623/1745 1764/3624/1781 1765/3625/1782
f 1564/3309/1577 1675/3445/1690 1766/3626/1783
f 1766/3627/1783 1751/3591/1768 1564/3593/1577
f 1751/3628/1768 1767/3629/1784 1711/2549/1728
f 1609/3630/1622 1768/3631/1785 1694/3632/1711
f 1713/3633/1730 1769/3634/1786 1731/3635/1748
f 1733/3559/1750 1770/3636/1787 1551/3191/1564
f 1625/3347/1638 1716/3528/1733 1715/3527/1732
f 1695/3494/1712 1771/3637/1788 1716/3528/1733
f 1580/3243/1593 1771/3637/1788 1695/3494/1712
f 1611/3313/1624 1735/3564/1752 1644/3390/1659
f 1612/3314/1625 1645/3391/1660 1772/3638/1789
f 1582/3245/1595 1684/3466/1699 1626/3348/1639
f 1613/3317/1626 1717/3604/1734 1773/3639/1790
f 1698/3497/1715 1738/3567/1755 1661/3420/1676
f 1594/3271/1607 1738/3567/1755 1685/3467/1700
f 1723/3541/1740 1774/3640/1791 1669/3433/1684
f 1651/3398/1666 1775/3641/1792 1619/3334/1632
f 1604/3360/1617 1742/3577/1759 1688/3471/1703
f 1605/3292/1618 1631/3361/1644 1761/3613/1778
f 1575/3234/1588 1630/3402/1643 1776/3642/1793
f 1776/3642/1793 1563/3216/1576 1575/3234/1588
f 1535/3160/1548 1743/3578/1760 1744/3643/1761
f 1670/3435/1685 1777/3644/1794 1762/3615/1779
f 1706/3507/1723 1690/3506/1705 1778/3645/1795
f 1671/3436/1686 1745/3646/1762 1691/3647/1706
f 1690/3506/1705 1763/3616/1780 1778/3645/1795
f 1746/3583/1763 1708/3516/1725 1779/3648/1796
f 1709/3515/1726 1745/3582/1762 1780/3649/1797
f 1710/3650/1727 1781/3651/1798 1763/3652/1780
f 1674/3580/1689 1744/3579/1761 1764/3617/1781
f 1670/3441/1685 1750/3590/1767 1777/3653/1794
f 1709/3547/1726 1780/3654/1797 1708/3516/1725
f 1744/3579/1761 1782/3655/1799 1764/3617/1781
f 1764/3656/1781 1782/3657/1799 1783/3658/1800
f 1749/3587/1766 1784/3659/1801 1675/3588/1690
f 1675/3588/1690 1784/3659/1801 1777/3660/1794
f 1767/3661/1784 1768/3662/1785 1711/3663/1728
f 1777/3332/1794 1785/3664/1802 1675/3665/1690
f 1711/3519/1728 1768/3666/1785 1609/3344/1622
f 1786/3667/1803 1768/3668/1804 1609/3669/1805
f 1694/3632/1711 1768/3631/1785 1787/3670/1806
f 1694/3520/1711 1788/3671/1807 1730/3550/1747
f 1694/3520/1711 1787/3672/1806 1788/3671/1807
f 1713/3673/1730 1789/3674/1808 1769/3675/1786
f 1730/3676/1747 1789/3674/1808 1713/3673/1730
f 1732/3595/1749 1752/3597/1769 1714/3526/1731
f 1716/3677/1733 1790/3678/1809 1715/3679/1732
f 1642/3386/1655 1791/3680/1810 1611/3313/1624
f 1528/3144/1541 1612/3314/1625 1683/3465/1698
f 1755/3602/1772 1684/3681/1699 1582/3603/1595
f 1645/3391/1660 1613/3317/1626 1792/3682/1811
f 1597/3274/1610 1757/3606/1774 1663/3423/1678
f 1617/3328/1630 1793/3683/1812 1618/3329/1631
f 1628/3352/1641 1759/3610/1776 1741/3571/1758
f 1586/3250/1599 1722/3540/1739 1794/3684/1813
f 1631/3361/1644 1795/3685/1814 1761/3613/1778
f 1668/3432/1683 1796/3686/1815 1559/3204/1572
f 1797/3687/1816 1798/3688/1817 1799/3689/1818
f 1798/3688/1817 1800/3690/1819 1799/3689/1818
f 1706/3507/1723 1778/3645/1795 1671/3436/1686
f 1671/3436/1686 1778/3645/1795 1801/3691/1820
f 1801/3691/1820 1745/3646/1762 1671/3436/1686
f 1707/3509/1724 1746/3583/1763 1747/3584/1764
f 1763/3652/1780 1781/3651/1798 1802/3692/1821
f 1710/3650/1727 1803/3693/1822 1781/3651/1798
f 1748/3694/1765 1765/3695/1782 1800/3696/1819
f 1693/3481/1710 1803/3693/1822 1710/3650/1727
f 1693/3481/1710 1748/3585/1765 1803/3693/1822
f 1744/3579/1761 1804/3697/1823 1782/3655/1799
f 1708/3516/1725 1805/3698/1824 1779/3648/1796
f 1783/3658/1800 1782/3657/1799 1806/3699/1825
f 1764/3624/1781 1783/3700/1800 1765/3625/1782
f 1750/3590/1767 1807/3701/1826 1777/3653/1794
f 1777/3702/1794 1807/3703/1826 1785/3704/1802
f 1730/3705/1747 1808/3706/1827 1809/3707/1828
f 1788/3671/1807 1808/3708/1827 1730/3550/1747
f 1730/3676/1747 1809/3709/1828 1789/3674/1808
f 1731/3551/1748 1769/3710/1786 1656/3408/1671
f 1656/3408/1671 1769/3710/1786 1732/3595/1749
f 1551/3191/1564 1810/3711/1829 1637/3376/1650
f 1552/3712/1565 1811/3713/1830 1733/3714/1750
f 1715/3527/1732 1811/3715/1830 1552/3242/1565
f 1812/3716/1831 1735/3564/1752 1611/3313/1624
f 1580/3243/1593 1696/3495/1713 1771/3637/1788
f 1738/3567/1755 1813/3717/1832 1685/3467/1700
f 1739/3718/1756 1570/3321/1583 1814/3719/1833
f 1702/3501/1719 1815/3720/1834 1627/3350/1640
f 1702/3501/1719 1721/3539/1738 1815/3720/1834
f 1648/3394/1663 1816/3721/1835 1721/3539/1738
f 1619/3334/1632 1817/3722/1836 1668/3432/1683
f 1638/3377/1651 1818/3723/1837 1726/3545/1743
f 1577/3236/1590 1762/3615/1779 1689/3472/1704
f 1819/3724/1838 1749/3587/1766 1563/3589/1576
f 1745/1679/1762 1801/3725/1820 1820/3726/1839
f 1778/3727/1795 1821/3728/1840 1801/3729/1820
f 1778/3727/1795 1763/3652/1780 1821/3728/1840
f 1747/3584/1764 1746/3583/1763 1822/3730/1841
f 1765/3625/1782 1783/3700/1800 1823/3731/1842
f 1750/3590/1767 1747/3584/1764 1824/3732/1843
f 1750/3590/1767 1825/3733/1844 1807/3701/1826
f 1767/3734/1784 1826/3735/1845 1768/3736/1785
f 1751/3737/1768 1826/3738/1845 1767/3739/1784
f 1751/3591/1768 1766/3627/1783 1826/3740/1845
f 1675/3665/1690 1785/3664/1802 1766/3741/1783
f 1789/3674/1808 1827/3742/1846 1769/3675/1786
f 1789/3743/1808 1809/3744/1828 1827/3745/1846
f 1828/3703/1847 1769/3746/1786 1829/3747/1848
f 1732/3595/1749 1830/3748/1849 1752/3597/1769
f 1830/3749/1849 1831/3750/1850 1752/3751/1769
f 1733/3559/1750 1811/3715/1830 1770/3636/1787
f 1715/3527/1732 1832/3752/1851 1811/3715/1830
f 1753/3598/1770 1791/3680/1810 1642/3386/1655
f 1715/3527/1732 1790/3753/1809 1832/3752/1851
f 1735/3564/1752 1833/3754/1852 1682/3464/1697
f 1682/3464/1697 1833/3754/1852 1834/3755/1853
f 1736/3756/1753 1682/3757/1697 1754/3758/1771
f 1754/3599/1771 1682/3464/1697 1835/3759/1854
f 1612/3314/1625 1772/3638/1789 1836/3760/1855
f 1755/3600/1772 1837/3761/1856 1684/3466/1699
f 1613/3317/1626 1838/3762/1857 1792/3682/1811
f 1684/3466/1699 1839/3763/1858 1530/3148/1543
f 1530/3148/1543 1839/3763/1858 1584/3247/1597
f 1718/3533/1735 1840/3764/1859 1717/3532/1734
f 1647/3393/1662 1841/3765/1860 1718/3533/1735
f 1700/3608/1717 1842/3766/1861 1686/3468/1701
f 1616/3327/1629 1687/3469/1702 1700/3499/1717
f 1721/3539/1738 1843/3767/1862 1815/3720/1834
f 1618/3329/1631 1844/3768/1863 1599/3276/1612
f 1586/3250/1599 1794/3684/1813 1572/3229/1585
f 1761/3613/1778 1845/3769/1864 1704/3503/1721
f 1817/3722/1836 1846/3770/1865 1668/3432/1683
f 1631/3361/1644 1726/3545/1743 1795/3685/1814
f 1776/3771/1793 1630/3772/1643 1847/3773/1866
f 1796/3686/1815 1727/3546/1744 1559/3204/1572
f 1727/3546/1744 1848/3774/1867 1743/3578/1760
f 1776/3771/1793 1819/3724/1838 1563/3589/1576
f 1743/3578/1760 1848/3774/1867 1744/3643/1761
f 1800/3690/1819 1849/3775/1868 1799/3689/1818
f 1745/3776/1762 1850/3777/1869 1780/3778/1797
f 1748/3779/1765 1851/3780/1870 1803/3781/1822
f 1800/3782/1819 1851/3783/1870 1748/3784/1765
f 1747/3785/1764 1822/3786/1841 1852/3787/1871
f 1800/3696/1819 1765/3695/1782 1849/3788/1868
f 1746/3583/1763 1779/3648/1796 1822/3730/1841
f 1708/3516/1725 1780/3654/1797 1805/3698/1824
f 1747/3789/1764 1852/3790/1871 1824/3791/1843
f 1765/3792/1782 1823/3793/1842 1849/3794/1868
f 1782/3795/1799 1853/3796/1872 1806/3797/1825
f 1806/3798/1825 1853/3799/1872 1783/3800/1800
f 1750/3590/1767 1824/3732/1843 1825/3733/1844
f 1807/3801/1826 1825/3802/1844 1854/3803/1873
f 1807/3801/1826 1855/3804/1874 1785/3805/1802
f 1766/3627/1783 1856/3806/1875 1826/3740/1845
f 1788/3807/1807 1857/3808/1876 1808/3809/1827
f 1827/3810/1846 1829/3811/1848 1769/3812/1786
f 1769/3710/1786 1858/3813/1877 1732/3595/1749
f 1858/3813/1877 1830/3748/1849 1732/3595/1749
f 1859/3814/1878 1831/3815/1850 1830/3816/1849
f 1551/3191/1564 1770/3636/1787 1860/3817/1879
f 1859/3818/1878 1861/3819/1880 1752/3597/1769
f 1752/3820/1769 1831/3815/1850 1859/3814/1878
f 1752/3597/1769 1861/3819/1880 1734/3560/1751
f 1861/3819/1880 1753/3598/1770 1734/3560/1751
f 1791/3680/1810 1812/3716/1831 1611/3313/1624
f 1834/3755/1853 1835/3759/1854 1682/3464/1697
f 1645/3391/1660 1792/3682/1811 1772/3638/1789
f 1862/3821/1881 1698/3497/1715 1584/3247/1597
f 1863/3822/1882 1719/3536/1736 1685/3467/1700
f 1662/3422/1677 1864/3823/1883 1647/3393/1662
f 1719/3536/1736 1865/3824/1884 1598/3275/1611
f 1866/3825/1885 1662/3826/1677 1756/3827/1773
f 1756/3605/1773 1663/3423/1678 1757/3606/1774
f 1867/3828/1886 1701/3500/1718 1667/3430/1682
f 1868/3829/1887 1617/3328/1630 1701/3500/1718
f 1843/3767/1862 1721/3539/1738 1869/3830/1888
f 1741/3571/1758 1870/3831/1889 1651/3470/1666
f 1703/3573/1720 1704/3503/1721 1759/3832/1776
f 1775/3641/1792 1651/3398/1666 1870/3833/1889
f 1774/3640/1791 1725/3544/1742 1669/3433/1684
f 1871/3834/1890 1817/3722/1836 1619/3334/1632
f 1845/3769/1864 1761/3613/1778 1795/3685/1814
f 1872/3835/1891 1668/3432/1683 1846/3770/1865
f 1873/3836/1892 1705/3505/1722 1689/3472/1704
f 1784/3659/1801 1749/3587/1766 1819/3724/1838
f 1797/3837/1816 1800/3838/1819 1798/3839/1817
f 1820/3840/1839 1874/3841/1893 1745/3776/1762
f 1874/3668/1893 1820/3842/1839 1801/3843/1820
f 1745/3776/1762 1874/3841/1893 1850/3777/1869
f 1875/3844/1894 1821/3728/1840 1763/3652/1780
f 1802/3692/1821 1875/3844/1894 1763/3652/1780
f 1876/3845/1895 1802/3846/1821 1781/3847/1798
f 1781/3848/1798 1803/3849/1822 1876/3850/1895
f 1800/3851/1819 1877/3852/1896 1851/3780/1870
f 1823/3731/1842 1783/3700/1800 1853/3853/1872
f 1855/3804/1874 1766/3854/1783 1785/3805/1802
f 1878/3855/1897 1637/3376/1650 1810/3711/1829
f 1829/3856/1848 1827/3857/1846 1879/3858/1898
f 1880/3859/1899 1769/3860/1786 1828/3861/1847
f 1880/3862/1899 1858/3813/1877 1769/3710/1786
f 1859/3818/1878 1881/3863/1900 1861/3819/1880
f 1716/3677/1733 1771/3864/1788 1790/3678/1809
f 1882/3865/1901 1697/3496/1714 1660/3419/1675
f 1883/3866/1902 1834/3755/1853 1833/3754/1852
f 1884/3867/1903 1835/3759/1854 1834/3755/1853
f 1754/3599/1771 1885/3868/1904 1755/3600/1772
f 1885/3868/1904 1837/3761/1856 1755/3600/1772
f 1813/3717/1832 1863/3822/1882 1685/3467/1700
f 1864/3823/1883 1662/3422/1677 1886/3869/1905
f 1757/3606/1774 1720/3538/1737 1887/3870/1906
f 1665/3425/1680 1814/3719/1833 1570/3321/1583
f 1814/3719/1833 1888/3871/1907 1739/3718/1756
f 1739/3872/1756 1667/3429/1682 1615/3428/1628
f 1815/3720/1834 1889/3873/1908 1627/3350/1640
f 1890/3874/1909 1844/3768/1863 1618/3329/1631
f 1648/3394/1663 1758/3609/1775 1816/3721/1835
f 1891/3875/1910 1871/3834/1890 1619/3334/1632
f 1668/3432/1683 1892/3876/1911 1796/3686/1815
f 1893/3877/1912 1742/3577/1759 1705/3505/1722
f 1795/3685/1814 1726/3545/1743 1818/3723/1837
f 1894/3878/1913 1821/3879/1840 1875/3880/1894
f 1797/3881/1816 1877/2403/1896 1800/3882/1819
f 1822/3786/1841 1895/3883/1914 1852/3787/1871
f 1780/3884/1797 1850/3885/1869 1874/3886/1893
f 1895/3883/1914 1822/3786/1841 1779/3887/1796
f 1896/3888/1915 1855/3804/1874 1807/3801/1826
f 1766/3854/1783 1855/3804/1874 1856/3889/1875
f 1826/3890/1845 1897/3891/1916 1768/3892/1785
f 1787/3893/1806 1857/3808/1876 1788/3807/1807
f 1857/3894/1876 1809/3895/1828 1808/3896/1827
f 1829/3897/1848 1879/3898/1898 1828/3899/1847
f 1879/3900/1898 1880/3901/1899 1828/3902/1847
f 1898/3903/1917 1830/3620/1849 1858/3904/1877
f 1551/3191/1564 1860/3817/1879 1810/3711/1829
f 1860/3817/1879 1770/3636/1787 1899/3905/1918
f 1770/3636/1787 1811/3715/1830 1899/3905/1918
f 1832/3752/1851 1900/3906/1919 1811/3715/1830
f 1901/3907/1920 1902/3908/1921 1735/3564/1752
f 1697/3496/1714 1882/3865/1901 1696/3495/1713
f 1683/3465/1698 1612/3314/1625 1903/3909/1922
f 1835/3759/1854 1904/3910/1923 1754/3599/1771
f 1717/3604/1734 1840/3911/1859 1773/3639/1790
f 1647/3912/1662 1864/3913/1883 1841/3914/1860
f 1720/3538/1737 1686/3537/1701 1887/3870/1906
f 1686/3537/1701 1842/3915/1861 1887/3870/1906
f 1700/3499/1717 1687/3469/1702 1905/3916/1924
f 1793/3683/1812 1890/3874/1909 1618/3329/1631
f 1758/3609/1775 1480/3037/1491 1740/3570/1757
f 1816/3721/1835 1758/3609/1775 1906/3917/1925
f 1816/3721/1835 1906/3917/1925 1721/3539/1738
f 1721/3539/1738 1906/3917/1925 1869/3830/1888
f 1723/3541/1740 1760/3918/1777 1774/3640/1791
f 1775/3641/1792 1891/3875/1910 1619/3334/1632
f 1688/3471/1703 1907/3919/1926 1724/3543/1741
f 1908/3920/1927 1817/3921/1836 1871/3922/1890
f 1817/3923/1836 1908/3924/1927 1846/3925/1865
f 1872/3835/1891 1892/3876/1911 1668/3432/1683
f 1762/3615/1779 1909/3926/1928 1689/3472/1704
f 1762/3615/1779 1777/3644/1794 1909/3926/1928
f 1848/3774/1867 1804/3927/1823 1744/3643/1761
f 1802/3928/1821 1876/3929/1895 1875/3930/1894
f 1821/3931/1840 1910/3932/1929 1801/3933/1820
f 1876/3934/1895 1911/3935/1930 1875/3936/1894
f 1799/3937/1818 1877/3938/1896 1797/3939/1816
f 1849/3940/1868 1912/3941/1931 1799/3942/1818
f 1852/3943/1871 1895/3944/1914 1913/3945/1932
f 1805/3946/1824 1780/3947/1797 1914/3948/1933
f 1803/3849/1822 1911/3949/1930 1876/3850/1895
f 1849/3940/1868 1823/3950/1842 1912/3941/1931
f 1853/3853/1872 1915/3951/1934 1823/3731/1842
f 1853/3952/1872 1782/3953/1799 1916/3954/1935
f 1916/3954/1935 1917/3955/1936 1853/3952/1872
f 1854/3803/1873 1896/3888/1915 1807/3801/1826
f 1768/3631/1785 1897/3956/1916 1787/3670/1806
f 1809/3744/1828 1918/3957/1937 1827/3745/1846
f 1827/3958/1846 1918/3959/1937 1879/3960/1898
f 1919/3961/1938 1880/3962/1899 1879/3963/1898
f 1880/3862/1899 1920/3964/1939 1858/3813/1877
f 1898/3965/1917 1858/3966/1877 1920/3967/1939
f 1830/3968/1849 1881/3969/1900 1859/3970/1878
f 1861/3819/1880 1881/3863/1900 1753/3598/1770
f 1899/3905/1918 1921/3971/1940 1860/3817/1879
f 1753/3598/1770 1922/3972/1941 1791/3680/1810
f 1832/3752/1851 1790/3753/1809 1923/3973/1942
f 1735/3564/1752 1902/3908/1921 1833/3754/1852
f 1833/3754/1852 1924/3974/1943 1883/3866/1902
f 1834/3975/1853 1883/3976/1902 1884/3977/1903
f 1836/3760/1855 1903/3909/1922 1612/3314/1625
f 1835/3759/1854 1884/3867/1903 1904/3910/1923
f 1904/3910/1923 1885/3868/1904 1754/3599/1771
f 1772/3638/1789 1925/3978/1944 1836/3760/1855
f 1584/3247/1597 1926/3979/1945 1862/3821/1881
f 1718/3533/1735 1841/3765/1860 1840/3764/1859
f 1662/3422/1677 1866/3980/1885 1886/3869/1905
f 1814/3719/1833 1927/3981/1946 1888/3871/1907
f 1739/3872/1756 1888/3982/1907 1667/3429/1682
f 1617/3328/1630 1868/3829/1887 1793/3683/1812
f 1689/3472/1704 1909/3926/1928 1873/3836/1892
f 1796/3686/1815 1928/3983/1947 1727/3546/1744
f 1928/3983/1947 1848/3774/1867 1727/3546/1744
f 1818/3723/1837 1638/3377/1651 1929/3984/1948
f 1821/3985/1840 1894/3986/1913 1910/2042/1929
f 1780/3987/1797 1930/3988/1949 1931/3989/1950
f 1874/3990/1893 1932/3991/1951 1780/3992/1797
f 1780/3987/1797 1932/3993/1951 1930/3988/1949
f 1801/3933/1820 1910/3932/1929 1932/3991/1951
f 1801/3933/1820 1932/3991/1951 1874/3990/1893
f 1799/3937/1818 1912/3994/1931 1877/3938/1896
f 1851/3780/1870 1877/3852/1896 1803/3781/1822
f 1804/3927/1823 1916/3954/1935 1782/3953/1799
f 1852/3995/1871 1933/3996/1952 1824/3997/1843
f 1823/3731/1842 1915/3951/1934 1912/3998/1931
f 1824/3997/1843 1933/3996/1952 1825/3802/1844
f 1825/3802/1844 1934/3999/1953 1854/3803/1873
f 1853/4000/1872 1917/4001/1936 1915/4002/1934
f 1916/4003/1935 1915/4004/1934 1917/4005/1936
f 1809/4006/1828 1857/4007/1876 1935/4008/1954
f 1809/4006/1828 1935/4008/1954 1918/4009/1937
f 1879/4010/1898 1936/4011/1955 1919/4012/1938
f 1918/3959/1937 1936/4013/1955 1879/3960/1898
f 1919/4014/1938 1937/4015/1956 1880/4016/1899
f 1898/4017/1917 1938/4018/1957 1939/4019/1958
f 1830/3748/1849 1940/4020/1959 1881/3863/1900
f 1899/3905/1918 1811/3715/1830 1921/3971/1940
f 1881/3863/1900 1922/3972/1941 1753/3598/1770
f 1791/3680/1810 1922/3972/1941 1812/3716/1831
f 1900/3906/1919 1832/3752/1851 1923/3973/1942
f 1812/3716/1831 1941/4021/1960 1735/3564/1752
f 1683/3465/1698 1882/3865/1901 1660/3419/1675
f 1884/3867/1903 1942/4022/1961 1904/3910/1923
f 1885/3868/1904 1943/4023/1962 1837/3761/1856
f 1684/3466/1699 1837/3761/1856 1839/3763/1858
f 1886/3869/1905 1944/4024/1963 1864/3823/1883
f 1863/3822/1882 1865/3824/1884 1719/3536/1736
f 1866/3980/1885 1944/4024/1963 1886/3869/1905
f 1664/3568/1679 1945/4025/1964 1665/3425/1680
f 1946/4026/1965 1814/3719/1833 1665/3425/1680
f 1842/3766/1861 1700/3608/1717 1947/4027/1966
f 1700/3608/1717 1905/4028/1924 1947/4027/1966
f 1889/3873/1908 1687/3469/1702 1627/3350/1640
f 1869/4029/1888 1815/4030/1834 1843/4031/1862
f 1869/3830/1888 1906/3917/1925 1948/4032/1967
f 1949/4033/1968 1870/3831/1889 1741/3571/1758
f 1949/4033/1968 1741/3571/1758 1759/3610/1776
f 1950/4034/1969 1725/4035/1742 1774/4036/1791
f 1951/4037/1970 1908/4038/1927 1891/4039/1910
f 1891/4040/1910 1908/3920/1927 1871/3922/1890
f 1872/3835/1891 1846/3770/1865 1908/4041/1927
f 1688/3471/1703 1742/3577/1759 1893/3877/1912
f 1873/3836/1892 1893/3877/1912 1705/3505/1722
f 1952/4042/1971 1928/3983/1947 1796/3686/1815
f 1953/4043/1972 1909/4044/1928 1784/3659/1801
f 1953/4043/1972 1784/3659/1801 1819/3724/1838
f 1777/3660/1794 1784/3659/1801 1909/4044/1928
f 1916/3954/1935 1804/3927/1823 1848/3774/1867
f 1954/4045/1973 1894/4046/1913 1875/4047/1894
f 1955/4048/1974 1779/3887/1796 1805/3946/1824
f 1914/4049/1933 1780/4050/1797 1931/4051/1950
f 1954/4052/1973 1910/4053/1929 1894/4054/1913
f 1895/3883/1914 1779/3887/1796 1955/4048/1974
f 1956/4055/1975 1803/4056/1822 1877/4057/1896
f 1957/4058/1976 1877/4057/1896 1912/3998/1931
f 1958/4059/1977 1933/3996/1952 1852/3995/1871
f 1912/3998/1931 1915/3951/1934 1957/4058/1976
f 1959/4060/1978 1854/3803/1873 1934/3999/1953
f 1856/3889/1875 1855/3804/1874 1896/3888/1915
f 1787/3670/1806 1897/3956/1916 1960/4061/1979
f 1936/4011/1955 1961/4062/1980 1919/4012/1938
f 1920/4063/1939 1880/4064/1899 1962/4065/1981
f 1961/4062/1980 1937/4066/1956 1919/4012/1938
f 1880/4067/1899 1937/4068/1956 1962/4069/1981
f 1939/4019/1958 1830/4070/1849 1898/4017/1917
f 1940/4020/1959 1830/3748/1849 1939/4071/1958
f 1963/4072/1982 1922/3972/1941 1881/3863/1900
f 1790/3753/1809 1771/3637/1788 1923/3973/1942
f 1941/4021/1960 1901/3907/1920 1735/3564/1752
f 1964/4073/1983 1902/3908/1921 1901/3907/1920
f 1884/3867/1903 1883/3866/1902 1924/3974/1943
f 1965/4074/1984 1903/3909/1922 1836/3760/1855
f 1945/4075/1964 1946/4076/1965 1665/4077/1680
f 1889/3873/1908 1815/3720/1834 1966/4078/1985
f 1599/3276/1612 1844/3768/1863 1740/3570/1757
f 1760/3611/1777 1572/3229/1585 1967/4079/1986
f 1949/4080/1968 1775/3641/1792 1870/3833/1889
f 1759/3832/1776 1704/3503/1721 1968/4081/1987
f 1725/4082/1742 1969/4083/1988 1630/3772/1643
f 1630/3772/1643 1970/4084/1989 1847/3773/1866
f 1892/4085/1911 1952/4086/1971 1796/4087/1815
f 1929/3984/1948 1638/3377/1651 1637/3376/1650
f 1931/3989/1950 1930/3988/1949 1914/4088/1933
f 1955/4048/1974 1805/3946/1824 1914/3948/1933
f 1930/3988/1949 1932/3993/1951 1971/4089/1990
f 1954/4052/1973 1972/4090/1991 1910/4053/1929
f 1852/3995/1871 1913/4091/1932 1958/4059/1977
f 1825/3802/1844 1933/3996/1952 1934/3999/1953
f 1973/4092/1992 1854/3803/1873 1959/4060/1978
f 1915/4004/1934 1916/4003/1935 1974/4093/1993
f 1826/3890/1845 1975/4094/1994 1897/3891/1916
f 1856/3889/1875 1975/4094/1994 1826/3890/1845
f 1960/4061/1979 1976/4095/1995 1787/3670/1806
f 1787/3893/1806 1976/4096/1995 1857/3808/1876
f 1857/4097/1876 1976/4098/1995 1935/4099/1954
f 1918/3959/1937 1961/3206/1980 1936/4013/1955
f 1935/4008/1954 1961/4100/1980 1918/4009/1937
f 1920/4101/1939 1962/4102/1981 1898/3381/1917
f 1962/4103/1981 1937/2093/1956 1977/4104/1996
f 1977/4104/1996 1937/2093/1956 1961/4105/1980
f 1962/4106/1981 1938/4018/1957 1898/4017/1917
f 1938/4107/1957 1978/4108/1997 1939/4071/1958
f 1939/4071/1958 1978/4108/1997 1940/4020/1959
f 1940/4020/1959 1979/4109/1998 1881/3863/1900
f 1860/3817/1879 1921/3971/1940 1980/4110/1999
f 1811/3715/1830 1900/3906/1919 1921/3971/1940
f 1922/3972/1941 1981/4111/2000 1812/3716/1831
f 1902/3908/1921 1924/3974/1943 1833/3754/1852
f 1942/4022/1961 1982/4112/2001 1904/3910/1923
f 1904/3910/1923 1982/4112/2001 1885/3868/1904
f 1584/3247/1597 1839/3763/1858 1926/3979/1945
f 1944/4024/1963 1866/3980/1885 1983/4113/2002
f 1598/3275/1611 1865/3824/1884 1664/3424/1679
f 1984/4114/2003 1866/3980/1885 1756/3605/1773
f 1985/4115/2004 1905/3916/1924 1687/3469/1702
f 1889/3873/1908 1986/4116/2005 1687/3469/1702
f 1869/4029/1888 1966/4117/1985 1815/4030/1834
f 1572/3229/1585 1794/3684/1813 1967/4079/1986
f 1774/3640/1791 1987/4118/2006 1950/4119/1969
f 1951/4120/1970 1988/4121/2007 1908/4041/1927
f 1688/4122/1703 1989/4123/2008 1907/4124/1926
f 1990/4125/2009 1845/3769/1864 1795/3685/1814
f 1688/3471/1703 1893/3877/1912 1989/4126/2008
f 1909/3926/1928 1991/4127/2010 1873/3836/1892
f 1776/3771/1793 1953/4043/1972 1819/3724/1838
f 1955/4128/1974 1914/4129/1933 1992/4130/2011
f 1875/4047/1894 1993/4131/2012 1954/4045/1973
f 1848/4132/1867 1994/4133/2013 1916/4134/1935
f 1875/3936/1894 1911/3935/1930 1993/4135/2012
f 1803/2929/1822 1993/4136/2012 1911/4137/1930
f 1932/4138/1951 1910/4139/1929 1995/4140/2014
f 1910/4053/1929 1972/4090/1991 1995/4141/2014
f 1877/4057/1896 1957/4058/1976 1956/4055/1975
f 1933/3996/1952 1958/4059/1977 1996/4142/2015
f 1994/4143/2013 1974/4093/1993 1916/4003/1935
f 1856/3889/1875 1896/3888/1915 1975/4094/1994
f 1810/3711/1829 1860/3817/1879 1980/4110/1999
f 1978/4108/1997 1997/4144/2016 1940/4020/1959
f 1979/4109/1998 1998/4145/2017 1881/3863/1900
f 1881/3863/1900 1998/4145/2017 1963/4072/1982
f 1922/3972/1941 1963/4072/1982 1981/4111/2000
f 1981/4111/2000 1999/4146/2018 1812/3716/1831
f 1900/3906/1919 2000/4147/2019 1921/3971/1940
f 1923/3973/1942 2001/4148/2020 1900/3906/1919
f 1812/3716/1831 2002/4149/2021 1941/4021/1960
f 1902/3908/1921 1964/4073/1983 2003/4150/2022
f 1882/3865/1901 1683/3465/1698 1903/3909/1922
f 1772/3638/1789 1792/3682/1811 1925/3978/1944
f 1613/4151/1626 2004/4152/2023 1838/4153/1857
f 1613/4151/1626 1773/4154/1790 2004/4152/2023
f 1738/3567/1755 1698/3497/1715 2005/4155/2024
f 1738/3567/1755 2005/4155/2024 1813/3717/1832
f 1864/3913/1883 1944/4156/1963 2006/4157/2025
f 1863/3822/1882 2007/4158/2026 1865/3824/1884
f 1866/3980/1885 1984/4114/2003 1983/4113/2002
f 1757/3606/1774 1887/3870/1906 2008/4159/2027
f 1842/3915/1861 2009/4160/2028 1887/3870/1906
f 1667/3429/1682 1888/3982/1907 2010/255/2029
f 1701/3500/1718 2011/4161/2030 1868/3829/1887
f 1845/3769/1864 1968/4081/1987 1704/3503/1721
f 1951/4162/1970 1891/4163/1910 1988/4164/2007
f 1908/4041/1927 1988/4121/2007 2012/4165/2031
f 1908/4041/1927 2012/4165/2031 1872/3835/1891
f 1969/4166/1988 1970/4167/1989 1630/1242/1643
f 1990/4125/2009 1795/3685/1814 1818/3723/1837
f 1893/3877/1912 1873/3836/1892 2013/4168/2032
f 1847/3773/1866 1953/4043/1972 1776/3771/1793
f 1848/4169/1867 2014/4170/2033 1994/4171/2013
f 1895/3883/1914 1955/4048/1974 2015/4172/2034
f 1895/4173/1914 2015/4174/2034 1913/2547/1932
f 1971/4175/1990 2016/4176/2035 1930/4177/1949
f 1932/4178/1951 1995/4179/2014 1971/4180/1990
f 1915/3951/1934 2017/4181/2036 1957/4058/1976
f 1915/4182/1934 1974/4183/1993 2017/4184/2036
f 1994/4143/2013 2018/4185/2037 1974/4093/1993
f 1854/3803/1873 1973/4092/1992 1896/3888/1915
f 1975/4094/1994 2019/4186/2038 1897/3891/1916
f 1637/3376/1650 2020/4187/2039 1929/3984/1948
f 1897/3956/1916 2021/4188/2040 1960/4061/1979
f 1878/3855/1897 2020/4187/2039 1637/3376/1650
f 1810/4189/1829 2022/4190/2041 1878/4191/1897
f 1810/4189/1829 1980/4192/1999 2022/4190/2041
f 1978/4108/1997 2023/4193/2042 1997/4144/2016
f 2024/4194/2043 2025/4195/2044 1940/4020/1959
f 1979/4109/1998 2026/4196/2045 1998/4145/2017
f 1812/3716/1831 1999/4146/2018 2002/4149/2021
f 1900/3906/1919 2001/4148/2020 2000/4147/2019
f 1923/4197/1942 1771/4198/1788 1696/4199/1713
f 1696/3495/1713 1882/3865/1901 2027/4200/2046
f 1902/3908/1921 2003/4150/2022 1924/3974/1943
f 2003/4150/2022 2028/4201/2047 1924/3974/1943
f 1884/3867/1903 1924/3974/1943 1942/4022/1961
f 1925/3978/1944 1965/4074/1984 1836/3760/1855
f 1840/3911/1859 2029/4202/2048 1773/3639/1790
f 1813/3717/1832 2030/4203/2049 1863/3822/1882
f 1863/3822/1882 2030/4203/2049 2007/4158/2026
f 1946/4026/1965 2031/4204/2050 1814/3719/1833
f 1687/3469/1702 1986/4116/2005 1985/4115/2004
f 1760/3918/1777 2032/4205/2051 1774/3640/1791
f 1794/4206/1813 1722/3542/1739 1724/3543/1741
f 2033/4207/2052 1724/3543/1741 1907/3919/1926
f 2034/4208/2053 1969/4083/1988 1725/4082/1742
f 1872/4209/1891 2035/4210/2054 1892/4085/1911
f 1991/4211/2010 1909/4044/1928 1953/4043/1972
f 1818/3723/1837 1929/3984/1948 2036/4212/2055
f 2014/4213/2033 1848/4214/1867 1928/4215/1947
f 2037/4216/2056 2015/4217/2034 1955/4218/1974
f 1914/4219/1933 1930/4177/1949 2016/4176/2035
f 2038/4220/2057 1958/4059/1977 1913/4091/1932
f 1972/4090/1991 1954/4052/1973 1993/4221/2012
f 1993/4222/2012 1803/4056/1822 2039/4223/2058
f 2039/4223/2058 1803/4056/1822 1956/4055/1975
f 1959/4060/1978 1934/3999/1953 2040/4224/2059
f 2040/4224/2059 1934/3999/1953 1933/3996/1952
f 1996/4142/2015 2040/4224/2059 1933/3996/1952
f 2041/4225/2060 1976/4226/1995 1960/4227/1979
f 1961/4100/1980 1935/4008/1954 2042/4228/2061
f 1977/4229/1996 2042/4228/2061 1962/4230/1981
f 1977/4229/1996 1961/4100/1980 2042/4228/2061
f 1878/4191/1897 2022/4190/2041 2043/4231/2062
f 2042/4232/2061 1938/4018/1957 1962/4106/1981
f 2042/4233/2061 2044/4234/2063 1938/4235/1957
f 2044/4236/2063 1978/4108/1997 1938/4107/1957
f 2044/4236/2063 2023/4193/2042 1978/4108/1997
f 1997/4144/2016 2024/4194/2043 1940/4020/1959
f 2045/4237/2064 1979/4238/1998 2025/4239/2044
f 2045/4240/2064 2026/4196/2045 1979/4109/1998
f 2025/4195/2044 1979/4109/1998 1940/4020/1959
f 1981/4241/2000 1963/4242/1982 1998/4243/2017
f 2046/4244/2065 1964/4073/1983 1901/3907/1920
f 2047/4245/2066 1885/3868/1904 1982/4112/2001
f 1664/3424/1679 2048/4246/2067 1945/4247/1964
f 2049/4248/2068 1927/4249/1946 1814/4250/1833
f 2009/4160/2028 1842/3915/1861 2050/4251/2069
f 2010/4252/2029 1867/3828/1886 1667/3430/1682
f 1867/3828/1886 2011/4161/2030 1701/3500/1718
f 1966/4117/1985 1869/4029/1888 1948/4253/1967
f 2051/4254/2070 1758/3609/1775 1740/3570/1757
f 2051/4255/2070 1906/4256/1925 1758/4257/1775
f 2052/4258/2071 1949/4033/1968 1759/3610/1776
f 1907/4124/1926 1989/4123/2008 2053/4259/2072
f 1891/3875/1910 2054/4260/2073 1988/4121/2007
f 1989/4126/2008 1893/3877/1912 2053/4261/2072
f 1950/4262/1969 2034/4208/2053 1725/4082/1742
f 1873/3836/1892 1991/4127/2010 2013/4168/2032
f 2036/4263/2055 1929/4264/1948 2055/4265/2074
f 1992/4266/2011 2056/4267/2075 1955/4268/1974
f 1992/4266/2011 1914/4269/1933 2056/4267/2075
f 2057/4270/2076 1914/4271/1933 2058/4272/2077
f 1914/4273/1933 2016/4274/2035 2058/4275/2077
f 2016/4176/2035 1971/4175/1990 1995/4276/2014
f 2014/4213/2033 2059/4277/2078 1994/4278/2013
f 1995/4141/2014 1972/4090/1991 2060/4279/2079
f 1956/4055/1975 2061/4280/2080 2039/4223/2058
f 1956/4281/1975 1957/4282/1976 2061/4283/2080
f 1974/4093/1993 2018/4185/2037 2017/2652/2036
f 1994/4143/2013 2062/4284/2081 2018/4185/2037
f 1994/4285/2013 2059/4286/2078 2062/4287/2081
f 1975/4094/1994 1896/3888/1915 2063/4288/2082
f 2019/4289/2038 2021/4188/2040 1897/3956/1916
f 2064/4290/2083 1960/4291/1979 2021/4292/2040
f 2020/4293/2039 1878/4191/1897 2043/4231/2062
f 2065/4294/2084 1997/4144/2016 2023/4193/2042
f 2065/4295/2084 2024/4296/2043 1997/4297/2016
f 1980/4110/1999 2066/4298/2085 2022/4299/2041
f 1998/4145/2017 2026/4196/2045 1981/4111/2000
f 2067/4300/2086 1999/4301/2018 1981/4302/2000
f 2002/4149/2021 1999/4146/2018 1941/4021/1960
f 1882/3865/1901 1903/3909/1922 2027/4200/2046
f 1924/3974/1943 2028/4201/2047 1942/4022/1961
f 1925/3978/1944 1792/3682/1811 2068/4303/2087
f 1838/3762/1857 2004/4304/2023 1792/3682/1811
f 2006/4305/2025 1944/4024/1963 2069/4306/2088
f 1865/3824/1884 2048/4246/2067 1664/3424/1679
f 1945/4025/1964 2031/4204/2050 1946/4026/1965
f 1814/3719/1833 2031/4204/2050 2049/4307/2068
f 1842/3766/1861 1947/4027/1966 2050/4308/2069
f 1947/4027/1966 1905/4028/1924 1985/4309/2004
f 1794/3684/1813 2070/4310/2089 1967/4079/1986
f 2032/4205/2051 2071/4311/2090 1774/3640/1791
f 1774/3640/1791 2071/4311/2090 1987/4118/2006
f 1845/3769/1864 1990/4125/2009 1968/4081/1987
f 1988/4121/2007 2054/4260/2073 2012/4165/2031
f 2072/4312/2091 2034/4313/2053 1950/4314/1969
f 1969/4083/1988 2034/4208/2053 2073/4315/2092
f 2012/4165/2031 2035/4316/2054 1872/3835/1891
f 1892/4085/1911 2035/4210/2054 1952/4086/1971
f 1929/4317/1948 2074/4318/2093 2055/4319/2074
f 2014/4213/2033 2055/4320/2074 2059/4277/2078
f 2015/4321/2034 2037/4322/2056 2075/4323/2094
f 2075/4324/2094 2037/4325/2056 1955/4326/1974
f 1929/4317/1948 2020/4327/2039 2074/4318/2093
f 2015/4328/2034 2038/4220/2057 1913/4091/1932
f 2055/4320/2074 2074/4329/2093 2059/4277/2078
f 1958/4059/1977 2038/4220/2057 1996/4142/2015
f 2016/4274/2035 1995/4330/2014 2058/4275/2077
f 1993/4221/2012 2076/4331/2095 2077/4332/2096
f 1959/4060/1978 2040/4224/2059 2078/4333/2097
f 1993/4221/2012 2039/4334/2058 2076/4331/2095
f 2017/4335/2036 2079/4336/2098 1957/4282/1976
f 1959/4060/1978 2078/4333/2097 1973/4092/1992
f 1957/4282/1976 2079/4336/2098 2061/4283/2080
f 1973/4092/1992 2080/4337/2099 1896/3888/1915
f 1896/3888/1915 2081/4338/2100 2063/4288/2082
f 1975/4094/1994 2063/4288/2082 2019/4186/2038
f 2041/4339/2060 1960/4340/1979 2082/4341/2101
f 2023/4342/2042 2083/4343/2102 2065/4344/2084
f 2084/4345/2103 2065/4346/2084 2085/4347/2104
f 2084/4348/2103 2085/4349/2104 2024/4350/2043
f 2024/4350/2043 2085/4349/2104 2086/4351/2105
f 2024/4194/2043 2086/4352/2105 2025/4195/2044
f 1980/4110/1999 1921/3971/1940 2087/4353/2106
f 2067/4354/2086 2088/4355/2107 1999/4146/2018
f 1923/3973/1942 2089/4356/2108 2001/4148/2020
f 1923/3973/1942 1696/3495/1713 2089/4356/2108
f 2047/4245/2066 1943/4023/1962 1885/3868/1904
f 1837/3761/1856 2090/4357/2109 1839/3763/1858
f 1698/3497/1715 2091/4358/2110 2005/4155/2024
f 1840/3764/1859 1841/3765/1860 2029/4359/2048
f 2005/4155/2024 2030/4203/2049 1813/3717/1832
f 2092/4360/2111 1984/4361/2003 2093/4362/2112
f 1887/3870/1906 2009/4160/2028 2008/4159/2027
f 1844/3768/1863 2094/4363/2113 1740/3570/1757
f 1740/3570/1757 2095/4364/2114 2096/4365/2115
f 1740/3570/1757 2096/4365/2115 2051/4254/2070
f 2054/4366/2073 2097/4367/2116 2012/4368/2031
f 1893/3877/1912 2098/4369/2117 2053/4261/2072
f 2012/4368/2031 2097/4367/2116 2035/4370/2054
f 1893/3877/1912 2013/4168/2032 2098/4369/2117
f 1818/3723/1837 2036/4212/2055 2099/4371/2118
f 1952/4086/1971 2055/4320/2074 1928/4215/1947
f 2055/4320/2074 2014/4213/2033 1928/4215/1947
f 2100/4372/2119 2057/4373/2076 2101/4374/2120
f 1955/4268/1974 2056/4267/2075 2075/4375/2094
f 2015/4376/2034 2102/4377/2121 2038/4378/2057
f 1914/4269/1933 2057/4379/2076 2056/4267/2075
f 2057/4380/2076 2058/4381/2077 2101/4382/2120
f 1996/4142/2015 2038/4220/2057 2040/4224/2059
f 1972/4090/1991 1993/4221/2012 2060/4279/2079
f 2077/3083/2096 2076/4383/2095 2103/4384/2122
f 1973/4092/1992 2078/4333/2097 2080/4337/2099
f 2017/4335/2036 2018/4385/2037 2079/4336/2098
f 1896/3888/1915 2080/4337/2099 2081/4338/2100
f 2018/4386/2037 2062/4387/2081 2104/4388/2123
f 2105/4389/2124 2059/4390/2078 2074/4391/2093
f 2020/4327/2039 2106/4392/2125 2074/4318/2093
f 2064/4393/2083 2082/4394/2101 1960/4395/1979
f 2044/4396/2063 2042/3669/2061 2023/4397/2042
f 2023/4398/2042 2042/4399/2061 2083/4400/2102
f 2065/4401/2084 2084/4402/2103 2024/4403/2043
f 2065/4404/2084 2083/4405/2102 2085/4406/2104
f 2025/4407/2044 2107/4408/2126 2045/4409/2064
f 2045/4409/2064 2107/4408/2126 2026/4410/2045
f 2066/4298/2085 2087/4353/2106 2108/4411/2127
f 2066/4298/2085 1980/4110/1999 2087/4353/2106
f 2109/4412/2128 1981/4111/2000 2026/4196/2045
f 1981/4111/2000 2109/4412/2128 2110/4413/2129
f 1921/3971/1940 2000/4147/2019 2087/4353/2106
f 2001/4148/2020 2111/4414/2130 2000/4147/2019
f 1901/3907/1920 2112/4415/2131 2046/4244/2065
f 1696/3495/1713 2027/4200/2046 2089/4356/2108
f 1964/4073/1983 2046/4244/2065 2003/4150/2022
f 2046/4244/2065 2113/4416/2132 2003/4150/2022
f 1903/3909/1922 1965/4074/1984 2114/4417/2133
f 1943/4023/1962 2047/4245/2066 2115/4418/2134
f 1925/3978/1944 2068/4303/2087 1965/4074/1984
f 2115/4418/2134 2116/4419/2135 1943/4023/1962
f 1943/4023/1962 2116/4419/2135 1837/3761/1856
f 2117/4420/2136 1926/3979/1945 1839/3763/1858
f 1862/3821/1881 2091/4358/2110 1698/3497/1715
f 1864/3913/1883 2006/4157/2025 1841/3914/1860
f 2069/4421/2088 2118/4422/2137 2006/4423/2025
f 1983/4113/2002 2069/4306/2088 1944/4024/1963
f 1757/3606/1774 2119/4424/2138 1756/3605/1773
f 1927/3981/1946 2120/4425/2139 1888/3871/1907
f 1947/4027/1966 1985/4309/2004 2050/4308/2069
f 2121/4426/2140 1966/4117/1985 1948/4253/1967
f 1794/4206/1813 1724/3543/1741 2070/4427/2089
f 1775/3641/1792 2122/4428/2141 1891/3875/1910
f 1724/3543/1741 2033/4207/2052 2070/4427/2089
f 1907/4124/1926 2053/4259/2072 2033/4429/2052
f 1950/4119/1969 1987/4118/2006 2072/4430/2091
f 2097/4431/2116 2123/4432/2142 2035/4316/2054
f 1969/4083/1988 2073/4315/2092 1970/4084/1989
f 1991/4211/2010 1953/4043/1972 2013/4433/2032
f 2036/4212/2055 2055/4434/2074 2099/4371/2118
f 2101/4435/2120 2058/4436/2077 2124/4437/2143
f 2058/4275/2077 1995/4330/2014 2124/4438/2143
f 2079/4439/2098 2125/4440/2144 2061/4280/2080
f 2018/4385/2037 2126/4441/2145 2079/4336/2098
f 2018/4442/2037 2104/4443/2123 2126/4444/2145
f 2104/4445/2123 2127/4446/2146 2126/4447/2145
f 2104/4448/2123 2062/4449/2081 2127/4450/2146
f 2106/2021/2125 2105/4451/2124 2074/4452/2093
f 2041/4453/2060 2082/4454/2101 2128/4455/2147
f 2020/4293/2039 2043/4231/2062 2129/4456/2148
f 2041/4457/2060 2128/4458/2147 1976/4098/1995
f 2042/4459/2061 2130/4460/2149 2083/4461/2102
f 2066/4298/2085 2131/4462/2150 2022/4299/2041
f 2085/4349/2104 2132/4463/2151 2086/4351/2105
f 2066/4298/2085 2108/4411/2127 2131/4462/2150
f 1981/4111/2000 2110/4413/2129 2088/4355/2107
f 2067/4464/2086 1981/4465/2000 2088/4466/2107
f 2089/4356/2108 2027/4200/2046 2133/4467/2152
f 1903/3909/1922 2114/4417/2133 2027/4200/2046
f 2003/4150/2022 2113/4416/2132 2028/4201/2047
f 2028/4201/2047 2134/4468/2153 1942/4022/1961
f 1942/4022/1961 2135/4469/2154 1982/4112/2001
f 1942/4022/1961 2134/4468/2153 2135/4469/2154
f 1965/4074/1984 2068/4303/2087 2136/4470/2155
f 1837/3761/1856 2116/4419/2135 2090/4357/2109
f 1984/4114/2003 2137/4471/2156 1983/4113/2002
f 1756/3605/1773 2119/4424/2138 1984/4114/2003
f 1757/3606/1774 2008/4159/2027 2119/4424/2138
f 1888/3871/1907 2120/4425/2139 2010/4252/2029
f 2011/4161/2030 1867/3828/1886 2138/4472/2157
f 1890/3874/1909 2094/4363/2113 1844/3768/1863
f 1986/4116/2005 1889/3873/1908 2139/4473/2158
f 1948/4032/1967 2140/4474/2159 2121/4475/2140
f 1906/3917/1925 2051/4254/2070 2141/4476/2160
f 1968/4081/1987 2142/4477/2161 1759/3832/1776
f 1891/3875/1910 2143/4478/2162 2054/4260/2073
f 2054/4260/2073 2143/4478/2162 2097/4431/2116
f 2097/4431/2116 2143/4478/2162 2123/4432/2142
f 2072/4312/2091 2144/4479/2163 2034/4313/2053
f 1818/3723/1837 2145/4480/2164 1990/4125/2009
f 2123/4481/2142 2146/4482/2165 2035/4210/2054
f 1970/4084/1989 2147/4483/2166 1847/3773/1866
f 1847/3773/1866 2147/4483/2166 1953/4043/1972
f 1952/4086/1971 2148/4484/2167 2055/4320/2074
f 2099/4485/2118 2055/4320/2074 2148/4484/2167
f 2149/4486/2168 2150/4487/2169 2151/4488/2170
f 2152/4489/2171 2153/3239/2172 2150/4490/2169
f 2152/4491/2171 2150/4487/2169 2149/4486/2168
f 2150/4492/2169 2075/4493/2094 2151/4494/2170
f 2075/4495/2094 2154/4496/2173 2151/4497/2170
f 2101/4498/2120 2155/4499/2174 2100/4500/2119
f 2150/4501/2169 2153/4502/2172 2015/4503/2034
f 2075/4504/2094 2150/4505/2169 2015/4506/2034
f 2015/4503/2034 2153/4502/2172 2102/4507/2121
f 2075/4375/2094 2056/4267/2075 2154/4508/2173
f 2154/4508/2173 2056/4267/2075 2156/4509/2175
f 2056/4267/2075 2057/4379/2076 2156/4509/2175
f 2057/4510/2076 2100/4511/2119 2156/4512/2175
f 2077/4332/2096 2157/4513/2176 1993/4221/2012
f 2077/4514/2096 2103/4515/2122 2157/4516/2176
f 2080/4337/2099 2158/4517/2177 2081/4338/2100
f 2059/4286/2078 2159/4518/2178 2062/4287/2081
f 2059/4519/2078 2106/4520/2125 2159/4521/2178
f 2059/4522/2078 2105/4523/2124 2106/4524/2125
f 2021/4525/2040 2160/4526/2179 2064/4527/2083
f 2064/4528/2083 2161/4529/2180 2082/4530/2101
f 2064/4527/2083 2160/4526/2179 2161/4531/2180
f 2020/4327/2039 2162/4532/2181 2106/4392/2125
f 2082/4454/2101 2161/4533/2180 2128/4455/2147
f 1935/4099/1954 1976/4098/1995 2130/4534/2149
f 2043/4535/2062 2022/4299/2041 2163/4536/2182
f 1935/4008/1954 2130/4537/2149 2042/4228/2061
f 2086/4538/2105 2132/4539/2151 2025/4407/2044
f 2083/4540/2102 2164/4541/2183 2085/4542/2104
f 2130/4543/2149 2164/4541/2183 2083/4540/2102
f 2025/4407/2044 2132/4539/2151 2107/4408/2126
f 2109/4412/2128 2165/4544/2184 2110/4413/2129
f 1999/4146/2018 2088/4355/2107 2166/4545/2185
f 1999/4146/2018 2166/4545/2185 1941/4021/1960
f 2001/4148/2020 2089/4356/2108 2111/4414/2130
f 1901/3907/1920 1941/4021/1960 2112/4415/2131
f 1982/4112/2001 2135/4469/2154 2047/4245/2066
f 1792/3682/1811 2004/4304/2023 2068/4303/2087
f 1839/3763/1858 2090/4357/2109 2117/4420/2136
f 1984/4546/2003 2092/4547/2111 2137/4548/2156
f 1865/3824/1884 2167/4549/2186 2048/4246/2067
f 2093/4362/2112 1984/4361/2003 2168/4550/2187
f 1945/4247/1964 2048/4246/2067 2031/4551/2050
f 1927/3981/1946 2049/4307/2068 2120/4425/2139
f 1986/4116/2005 2139/4473/2158 2169/4552/2188
f 1966/4078/1985 2139/4473/2158 1889/3873/1908
f 1740/3570/1757 2094/4363/2113 2095/4364/2114
f 1775/3641/1792 2170/4553/2189 2122/4428/2141
f 1990/4554/2009 2171/4555/2190 1968/4556/1987
f 2053/4261/2072 2172/4557/2191 2033/4207/2052
f 2053/4261/2072 2098/4369/2117 2172/4557/2191
f 1953/4043/1972 2173/4558/2192 2013/4433/2032
f 1953/4043/1972 2147/4483/2166 2173/4558/2192
f 2035/4210/2054 2148/4484/2167 1952/4086/1971
f 2153/4502/2172 2174/4559/2193 2102/4507/2121
f 2101/4498/2120 2175/4560/2194 2155/4499/2174
f 2101/4561/2120 2124/4562/2143 2175/4563/2194
f 2124/4438/2143 1995/4330/2014 2176/4564/2195
f 2078/4333/2097 2158/4517/2177 2080/4337/2099
f 2078/4333/2097 2177/4565/2196 2158/4517/2177
f 2157/4513/2176 2060/4279/2079 1993/4221/2012
f 2039/4334/2058 2178/4566/2197 2076/4331/2095
f 2061/4280/2080 2125/4440/2144 2039/4223/2058
f 1976/4098/1995 2128/4458/2147 2179/4567/2198
f 2022/4381/2041 2180/4568/2199 2163/4569/2182
f 2022/4299/2041 2181/4570/2200 2180/4571/2199
f 2087/4353/2106 2182/4572/2201 2108/4411/2127
f 2110/4413/2129 2165/4544/2184 2183/4573/2202
f 2000/4147/2019 2184/4574/2203 2087/4353/2106
f 2000/4147/2019 2111/4414/2130 2184/4574/2203
f 2088/4575/2107 2110/4576/2129 2166/4577/2185
f 2046/4244/2065 2112/4415/2131 2113/4416/2132
f 2134/4468/2153 2028/4201/2047 2113/4416/2132
f 2113/4416/2132 2185/4578/2204 2134/4468/2153
f 2047/4245/2066 2135/4469/2154 2186/4579/2205
f 2047/4245/2066 2186/4579/2205 2115/4418/2134
f 1926/3979/1945 2091/4358/2110 1862/3821/1881
f 2007/4158/2026 2187/4580/2206 1865/3824/1884
f 2093/4581/2112 2168/4582/2187 2092/4583/2111
f 2011/4161/2030 2138/4472/2157 1868/3829/1887
f 1793/3683/1812 1868/3829/1887 1890/3874/1909
f 1948/4032/1967 1906/3917/1925 2141/4476/2160
f 1948/4032/1967 2141/4476/2160 2140/4474/2159
f 2188/4584/2207 2170/4553/2189 1949/4080/1968
f 1949/4080/1968 2170/4553/2189 1775/3641/1792
f 1891/3875/1910 2122/4428/2141 2143/4478/2162
f 1990/4554/2009 2189/4585/2208 2171/4555/2190
f 2144/4479/2163 2190/4586/2209 2034/4313/2053
f 2034/4313/2053 2190/4586/2209 2073/4587/2092
f 1990/4554/2009 2145/4588/2164 2189/4585/2208
f 2013/4168/2032 2172/4557/2191 2098/4369/2117
f 2073/4315/2092 2191/4589/2210 1970/4084/1989
f 1970/4084/1989 2191/4589/2210 2147/4483/2166
f 2123/4481/2142 2192/4590/2211 2146/4482/2165
f 1818/3723/1837 2099/4371/2118 2145/4480/2164
f 2013/4433/2032 2173/4558/2192 2193/4591/2212
f 2149/4592/2168 2153/4593/2172 2152/4594/2171
f 2100/4595/2119 2155/4596/2174 2194/4597/2213
f 2195/4598/2214 2102/4507/2215 2174/4559/2216
f 2155/4599/2174 2175/4600/2194 2196/4601/2217
f 2040/4224/2059 2102/4602/2121 2197/4603/2218
f 2040/3359/2059 2038/4604/2057 2102/4605/2121
f 2124/4606/2143 2176/4607/2195 2175/4608/2194
f 2081/4338/2100 2177/4565/2196 2198/4609/2219
f 2040/4224/2059 2197/4603/2218 2078/4333/2097
f 1995/4330/2014 2060/4610/2079 2176/4564/2195
f 2081/4338/2100 2198/4609/2219 2063/4288/2082
f 2081/4338/2100 2158/4517/2177 2177/4565/2196
f 2078/4333/2097 2199/4611/2220 2177/4565/2196
f 2103/4612/2122 2076/4331/2095 2157/4513/2176
f 2063/4288/2082 2200/4613/2221 2201/4614/2222
f 2039/4334/2058 2125/4615/2144 2178/4566/2197
f 2079/4439/2098 2126/4616/2145 2125/4440/2144
f 2126/4616/2145 2202/4617/2223 2125/4440/2144
f 2201/4614/2222 2019/4186/2038 2063/4288/2082
f 2126/4616/2145 2127/4618/2146 2202/4617/2223
f 2021/4619/2040 2203/4620/2224 2204/4621/2225
f 2019/4289/2038 2203/4622/2224 2021/4188/2040
f 2159/4623/2178 2127/4624/2146 2062/4625/2081
f 2204/4626/2225 2205/4627/2226 2160/4526/2179
f 2021/4525/2040 2204/4626/2225 2160/4526/2179
f 2205/4627/2226 2161/4531/2180 2160/4526/2179
f 2020/4293/2039 2129/4456/2148 2162/4628/2181
f 1976/4098/1995 2179/4567/2198 2130/4534/2149
f 2131/4462/2150 2181/4570/2200 2022/4299/2041
f 2132/4629/2151 2085/4542/2104 2164/4541/2183
f 2132/4539/2151 2164/4630/2183 2107/4408/2126
f 2107/4631/2126 2164/4632/2183 2206/4633/2227
f 2107/4634/2126 2206/4635/2227 2026/4636/2045
f 2109/4412/2128 2026/4196/2045 2207/4637/2228
f 2114/4417/2133 2208/4638/2229 2209/4639/2230
f 2114/4417/2133 1965/4074/1984 2208/4638/2229
f 1965/4074/1984 2136/4470/2155 2208/4638/2229
f 1926/3979/1945 2117/4420/2136 2091/4358/2110
f 1841/3914/1860 2006/4157/2025 2029/4202/2048
f 2006/4157/2025 2210/4640/2231 2029/4202/2048
f 2006/4157/2025 2118/4641/2137 2210/4640/2231
f 2069/4421/2088 2210/4642/2231 2118/4422/2137
f 2211/4643/2232 2031/4551/2050 2048/4246/2067
f 1987/4118/2006 2212/4644/2233 2072/4430/2091
f 2035/4645/2054 2146/4646/2165 2148/4647/2167
f 2213/4648/2234 2153/4649/2172 2149/4650/2168
f 2149/4650/2168 2154/4508/2173 2213/4648/2234
f 2151/4651/2170 2154/4508/2173 2149/4650/2168
f 2100/4652/2119 2194/4653/2213 2156/4654/2175
f 2155/4599/2174 2196/4601/2217 2214/4655/2235
f 2196/4601/2217 2175/4600/2194 2214/4655/2235
f 2102/4656/2121 2215/4657/2236 2197/4658/2218
f 2078/4333/2097 2197/4603/2218 2199/4611/2220
f 2178/4659/2197 2216/4660/2237 2076/4661/2095
f 2200/4613/2221 2063/4288/2082 2198/4609/2219
f 2076/4331/2095 2217/4662/2238 2157/4513/2176
f 2125/4440/2144 2218/4663/2239 2178/4664/2197
f 2201/4614/2222 2200/4613/2221 2019/4186/2038
f 2019/4289/2038 2200/4665/2221 2203/4622/2224
f 2106/4666/2125 2219/4667/2240 2159/4668/2178
f 2043/4535/2062 2220/4669/2241 2129/4670/2148
f 2043/4535/2062 2163/4536/2182 2220/4669/2241
f 2179/4567/2198 2221/4671/2242 2130/4534/2149
f 2130/4672/2149 2221/4673/2242 2222/4674/2243
f 2181/4570/2200 2131/4462/2150 2223/4675/2244
f 2131/4462/2150 2224/4676/2245 2223/4675/2244
f 2131/4462/2150 2108/4411/2127 2224/4676/2245
f 2026/4636/2045 2206/4635/2227 2207/4677/2228
f 2165/4678/2184 2109/4679/2128 2225/4680/2246
f 2109/4412/2128 2207/4637/2228 2225/4681/2246
f 2112/4415/2131 1941/4021/1960 2226/4682/2247
f 2029/4202/2048 2227/4683/2248 1773/3639/1790
f 2092/4684/2111 2228/4685/2249 2137/4686/2156
f 2168/4582/2187 2228/4687/2249 2092/4583/2111
f 2168/4582/2187 1984/4114/2003 2119/4424/2138
f 2010/4252/2029 2229/4688/2250 1867/3828/1886
f 1985/4115/2004 1986/4116/2005 2230/4689/2251
f 2231/4690/2252 2230/4689/2251 1986/4116/2005
f 2231/4690/2252 1986/4116/2005 2169/4552/2188
f 2232/4691/2253 2094/4363/2113 1890/3874/1909
f 1967/4079/1986 2032/4692/2051 1760/3611/1777
f 2233/4693/2254 2070/4427/2089 2033/4207/2052
f 2123/4432/2142 2143/4478/2162 2234/4694/2255
f 2235/4695/2256 2146/4482/2165 2192/4590/2211
f 2236/4696/2257 2148/4484/2167 2146/4482/2165
f 2237/4697/2258 2099/4485/2118 2148/4484/2167
f 2213/4648/2234 2238/4698/2259 2153/4649/2172
f 2239/4699/2260 2154/4508/2173 2156/4509/2175
f 2194/4653/2213 2155/4599/2174 2214/4655/2235
f 2214/4700/2235 2175/4701/2194 2240/4702/2261
f 2240/4702/2261 2175/4701/2194 2176/4703/2195
f 2217/4662/2238 2076/4331/2095 2216/4704/2237
f 2241/4705/2262 2178/4664/2197 2218/4663/2239
f 2242/4706/2263 2218/4663/2239 2125/4440/2144
f 2242/4706/2263 2125/4440/2144 2202/4617/2223
f 2243/4707/2264 2203/4708/2224 2200/4709/2221
f 2203/4620/2224 2244/2005/2265 2204/4621/2225
f 2244/4710/2265 2205/4627/2226 2204/4626/2225
f 2245/4711/2266 2127/4712/2146 2159/4713/2178
f 2245/4714/2266 2159/4715/2178 2246/4716/2267
f 2247/4717/2268 2162/4718/2269 2248/4719/2270
f 2249/4720/2271 2219/4721/2240 2106/4722/2125
f 2250/4723/2272 2106/4724/2125 2162/4725/2181
f 2222/4726/2243 2251/4727/2273 2130/4728/2149
f 2180/4571/2199 2181/4570/2200 2223/4675/2244
f 2252/4729/2274 2164/4632/2183 2130/4728/2149
f 2224/4676/2245 2108/4411/2127 2182/4572/2201
f 2226/4682/2247 1941/4021/1960 2166/4545/2185
f 2089/4356/2108 2133/4467/2152 2111/4414/2130
f 2253/4730/2275 2116/4419/2135 2115/4418/2134
f 2068/4303/2087 2004/4304/2023 2254/4731/2276
f 2255/4732/2277 2007/4158/2026 2030/4203/2049
f 2210/4733/2231 2069/4306/2088 1983/4113/2002
f 2009/4160/2028 2256/4734/2278 2008/4159/2027
f 2120/4425/2139 2229/4688/2250 2010/4252/2029
f 2232/4691/2253 1890/3874/1909 1868/3829/1887
f 1949/4033/1968 2052/4258/2071 2257/4735/2279
f 2258/4736/2280 2143/4478/2162 2122/4428/2141
f 2033/4737/2052 2172/4738/2191 2259/4739/2281
f 2212/4740/2233 2144/4479/2163 2072/4312/2091
f 2235/4695/2256 2192/4590/2211 2260/4741/2282
f 2193/4591/2212 2173/4558/2192 2261/4742/2283
f 2191/4589/2210 2173/4558/2192 2147/4483/2166
f 2145/4743/2164 2099/4485/2118 2237/4697/2258
f 2213/4648/2234 2154/4508/2173 2262/4744/2284
f 2262/4744/2284 2154/4508/2173 2263/4745/2285
f 2154/4508/2173 2239/4699/2260 2263/4745/2285
f 2238/4746/2259 2264/4747/2286 2153/4748/2172
f 2239/4699/2260 2156/4509/2175 2265/4749/2287
f 2156/281/2175 2266/4750/2288 2265/4751/2287
f 2264/4752/2286 2174/4559/2193 2153/4502/2172
f 2266/4753/2288 2156/4654/2175 2194/4653/2213
f 2266/4753/2288 2194/4653/2213 2214/4655/2235
f 2264/4752/2286 2267/4754/2289 2174/4559/2193
f 2268/4755/2290 2215/4756/2236 2102/4757/2121
f 2268/4758/2290 2102/4759/2121 2174/4760/2193
f 2269/4761/2291 2270/4762/2292 2197/4763/2218
f 2176/4703/2195 2271/4764/2293 2240/4702/2261
f 2199/4611/2220 2197/4603/2218 2270/4765/2292
f 2176/4703/2195 2272/4766/2294 2271/4764/2293
f 2272/4767/2294 2176/4768/2195 2060/4279/2079
f 2178/4659/2197 2273/4769/2295 2216/4660/2237
f 2274/4770/2296 2157/4771/2176 2217/4772/2238
f 2241/4773/2262 2273/4774/2295 2178/4775/2197
f 2060/4279/2079 2157/4513/2176 2272/4767/2294
f 2127/4712/2146 2275/4776/2297 2202/4777/2223
f 2127/4712/2146 2245/4711/2266 2276/4778/2298
f 2246/4779/2267 2159/4668/2178 2219/4667/2240
f 2244/4780/2265 2161/3451/2180 2205/4781/2226
f 2162/4782/2181 2220/4669/2241 2277/4783/2299
f 2162/4782/2181 2129/4670/2148 2220/4669/2241
f 2128/4458/2147 2278/4784/2300 2179/4567/2198
f 2279/4785/2301 2222/4674/2243 2221/4673/2242
f 2251/4727/2273 2252/4729/2274 2130/4728/2149
f 2223/4675/2244 2224/4676/2245 2280/4786/2302
f 2206/4635/2227 2225/4787/2246 2207/4677/2228
f 2225/4681/2246 2183/4573/2202 2165/4544/2184
f 2087/4353/2106 2184/4574/2203 2182/4572/2201
f 2110/4413/2129 2183/4573/2202 2166/4545/2185
f 2166/4545/2185 2183/4573/2202 2226/4682/2247
f 2111/4414/2130 2133/4467/2152 2281/4788/2303
f 2027/4200/2046 2282/4789/2304 2133/4467/2152
f 2027/4200/2046 2114/4417/2133 2282/4789/2304
f 2134/4468/2153 2185/4578/2204 2283/4790/2305
f 2135/4469/2154 2134/4468/2153 2284/4791/2306
f 2284/4792/2306 2186/4793/2205 2135/4794/2154
f 2186/4579/2205 2253/4730/2275 2115/4418/2134
f 2136/4470/2155 2068/4303/2087 2285/4795/2307
f 2255/4732/2277 2030/4203/2049 2005/4155/2024
f 2286/4796/2308 2167/4549/2186 1865/3824/1884
f 1985/4309/2004 2230/4797/2251 2050/4308/2069
f 1966/4078/1985 2121/4475/2140 2139/4473/2158
f 2287/4798/2309 2288/4799/2310 1967/4079/1986
f 1967/4079/1986 2070/4310/2089 2287/4798/2309
f 2172/4557/2191 2013/4168/2032 2289/4800/2311
f 2073/4587/2092 2190/4586/2209 2290/4801/2312
f 2291/4802/2313 2191/4803/2210 2073/4587/2092
f 2261/4742/2283 2173/4558/2192 2191/4589/2210
f 2146/4482/2165 2235/4695/2256 2236/4696/2257
f 2213/4648/2234 2262/4744/2284 2238/4698/2259
f 2238/4746/2259 2267/4804/2289 2264/4747/2286
f 2174/4760/2193 2267/4805/2289 2268/4758/2290
f 2214/4700/2235 2240/4702/2261 2292/4806/2314
f 2215/4657/2236 2268/4807/2290 2197/4658/2218
f 2269/4808/2291 2197/4809/2218 2268/4810/2290
f 2240/4702/2261 2271/4764/2293 2292/4806/2314
f 2200/4811/2221 2198/4812/2219 2293/4813/2315
f 2202/4814/2223 2275/4815/2297 2242/4816/2263
f 2274/4817/2296 2294/4818/2316 2157/4819/2176
f 2243/4820/2264 2295/4821/2317 2203/4822/2224
f 2203/4823/2224 2295/4824/2317 2244/4825/2265
f 2127/4712/2146 2276/4778/2298 2275/4776/2297
f 2244/4826/2265 2296/4827/2318 2161/4828/2180
f 2162/4725/2181 2248/4829/2319 2250/4723/2272
f 2162/4718/2181 2277/4830/2299 2248/4719/2319
f 2163/4536/2182 2297/4831/2320 2220/4669/2241
f 2180/4832/2199 2298/4833/2321 2163/4834/2182
f 2180/4571/2199 2223/4675/2244 2298/4835/2321
f 2252/4729/2274 2206/4633/2227 2164/4632/2183
f 2224/4676/2245 2299/4836/2322 2280/4786/2302
f 2182/4572/2201 2300/4837/2323 2224/4676/2245
f 2133/4467/2152 2282/4789/2304 2301/4838/2324
f 2112/4415/2131 2302/4839/2325 2113/4416/2132
f 2114/4417/2133 2209/4639/2230 2282/4789/2304
f 2136/4470/2155 2285/4795/2307 2303/4840/2326
f 1773/3639/1790 2304/4841/2327 2004/4304/2023
f 2187/4580/2206 2286/4796/2308 1865/3824/1884
f 2048/4246/2067 2305/4842/2328 2211/4643/2232
f 2050/4251/2069 2230/4689/2251 2009/4160/2028
f 2169/4552/2188 2139/4473/2158 2306/4843/2329
f 2070/4427/2089 2233/4693/2254 2287/4844/2309
f 2122/4845/2141 2307/4846/2330 2258/4847/2280
f 2258/4736/2280 2234/4694/2255 2143/4478/2162
f 2123/4481/2142 2234/4848/2255 2192/4590/2211
f 2192/4590/2211 2234/4848/2255 2308/4849/2331
f 2308/4849/2331 2260/4741/2282 2192/4590/2211
f 2144/4479/2163 2290/4801/2312 2190/4586/2209
f 2309/4850/2332 2291/4802/2313 2073/4587/2092
f 2310/4851/2333 2237/4697/2258 2311/4852/2334
f 2145/4743/2164 2237/4697/2258 2310/4851/2333
f 2236/4696/2257 2237/4697/2258 2148/4484/2167
f 2241/4853/2262 2218/4854/2239 2273/2123/2295
f 2293/4855/2315 2198/4856/2219 2312/4857/2335
f 2272/4858/2294 2313/4859/2336 2271/4860/2293
f 2274/4861/2296 2217/4862/2238 2294/4863/2316
f 2314/4864/2337 2218/4865/2239 2242/4866/2263
f 2242/4867/2263 2275/4868/2297 2314/4869/2337
f 2157/4513/2176 2315/4870/2338 2272/4767/2294
f 2276/4778/2298 2245/4711/2266 2316/4871/2339
f 2317/4872/2340 2296/4827/2318 2244/4826/2265
f 2219/4721/2240 2249/4720/2271 2318/4873/2341
f 2106/4724/2125 2250/4723/2272 2249/4874/2271
f 2161/4828/2180 2278/4784/2300 2128/4458/2147
f 2179/4567/2198 2278/4784/2300 2319/4875/2342
f 2179/4876/2198 2319/4877/2342 2221/4878/2242
f 2224/4676/2245 2300/4837/2323 2299/4836/2322
f 2225/4681/2246 2320/4879/2343 2183/4573/2202
f 2112/4880/2131 2226/4881/2247 2321/4882/2344
f 2209/4449/2230 2322/4883/2345 2282/4884/2304
f 2283/4790/2305 2185/4578/2204 2323/4885/2346
f 2134/4468/2153 2283/4790/2305 2284/4791/2306
f 2117/4420/2136 2090/4357/2109 2324/4886/2347
f 2029/4202/2048 2210/4640/2231 2325/4887/2348
f 2326/4888/2349 2187/4580/2206 2007/4158/2026
f 2210/4733/2231 1983/4113/2002 2137/4471/2156
f 2228/4685/2249 2327/4889/2350 2137/4686/2156
f 2008/4159/2027 2256/4734/2278 2119/4424/2138
f 2120/4890/2139 2049/4891/2068 2328/4892/2351
f 2169/4552/2188 2306/4843/2329 2231/4690/2252
f 2121/4475/2140 2329/4893/2352 2139/4473/2158
f 2052/4258/2071 2330/4894/2353 2257/4735/2279
f 1759/3832/1776 2142/4477/2161 2052/4895/2071
f 2170/4553/2189 2307/4896/2330 2122/4428/2141
f 2033/4897/2052 2259/4898/2281 2233/4899/2254
f 2172/4557/2191 2289/4800/2311 2259/4900/2281
f 2189/4585/2208 2331/4901/2354 2171/4555/2190
f 2013/4168/2032 2193/4902/2212 2289/4800/2311
f 2212/4740/2233 2332/4903/2355 2144/4479/2163
f 2333/4904/2356 2261/4905/2283 2191/4803/2210
f 2260/4906/2282 2334/4907/2357 2235/4908/2256
f 2311/4909/2334 2335/4910/2358 2310/4911/2333
f 2073/4587/2092 2290/4801/2312 2309/4850/2332
f 2311/4852/2334 2237/4697/2258 2236/4696/2257
f 2263/4912/2285 2239/4913/2260 2265/4914/2287
f 2214/4655/2235 2336/4915/2359 2266/4753/2288
f 2214/4700/2235 2292/4806/2314 2336/4916/2359
f 2267/4805/2289 2337/4917/2360 2268/4758/2290
f 2177/4918/2196 2338/4919/2361 2198/4920/2219
f 2218/4865/2239 2314/4864/2337 2339/4921/2362
f 2315/4922/2338 2313/4859/2336 2272/4858/2294
f 2243/4820/2264 2340/4923/2363 2295/4821/2317
f 2157/4513/2176 2341/4924/2364 2315/4870/2338
f 2294/4925/2316 2341/4924/2364 2157/4513/2176
f 2244/4825/2265 2295/4824/2317 2317/4926/2340
f 2219/4721/2240 2318/4873/2341 2342/4927/2365
f 2219/4928/2240 2342/4929/2365 2343/4930/2366
f 2219/4667/2240 2343/4931/2366 2246/4779/2267
f 2249/4874/2271 2344/4932/2367 2318/4933/2341
f 2250/4934/2272 2248/4935/2319 2277/4936/2299
f 2220/4669/2241 2345/4937/2368 2277/4783/2299
f 2346/4938/2369 2278/4784/2300 2161/4828/2180
f 2220/4669/2241 2297/4831/2320 2345/4937/2368
f 2163/4536/2182 2298/4835/2321 2297/4831/2320
f 2222/4726/2243 2279/4939/2301 2251/4727/2273
f 2225/4940/2246 2347/4941/2370 2320/4942/2343
f 2184/4574/2203 2300/4837/2323 2182/4572/2201
f 2184/4574/2203 2348/4943/2371 2300/4837/2323
f 2183/4573/2202 2320/4879/2343 2226/4682/2247
f 2133/4467/2152 2301/4838/2324 2281/4788/2303
f 2321/4882/2344 2349/4944/2372 2112/4880/2131
f 2113/4416/2132 2302/4839/2325 2185/4578/2204
f 2068/4303/2087 2254/4731/2276 2285/4795/2307
f 1773/3639/1790 2227/4683/2248 2304/4841/2327
f 2350/4945/2373 2029/4946/2048 2325/4947/2348
f 2255/4732/2277 2326/4888/2349 2007/4158/2026
f 2351/4948/2374 2168/4582/2187 2119/4424/2138
f 2211/4643/2232 2352/4949/2375 2031/4551/2050
f 2229/4688/2250 2138/4472/2157 1867/3828/1886
f 2353/4950/2376 2141/4476/2160 2051/4254/2070
f 2353/4950/2376 2140/4474/2159 2141/4476/2160
f 2052/4895/2071 2142/4477/2161 2354/4951/2377
f 2071/4952/2090 2032/4953/2051 1987/2037/2006
f 1968/4081/1987 2171/4954/2190 2355/4955/2378
f 2308/4956/2331 2334/4907/2357 2260/4906/2282
f 2356/4957/2379 2189/4585/2208 2145/4588/2164
f 2332/4903/2355 2290/4801/2312 2144/4479/2163
f 2357/4958/2380 2193/4591/2212 2261/4742/2283
f 2358/4959/2381 2236/4960/2257 2235/1207/2256
f 2236/4960/2257 2335/4910/2358 2311/4909/2334
f 2291/4802/2313 2359/4961/2382 2191/4803/2210
f 2360/4962/2383 2267/4963/2289 2238/4964/2259
f 2265/4751/2287 2266/4750/2288 2336/4965/2359
f 2269/4966/2291 2268/4967/2290 2270/4968/2292
f 2292/4969/2314 2271/4970/2293 2361/4971/2384
f 2268/4972/2290 2199/4611/2220 2270/4765/2292
f 2361/4971/2384 2271/4970/2293 2313/4973/2336
f 2312/4974/2335 2198/4920/2219 2338/4919/2361
f 2338/4919/2361 2177/4918/2196 2199/4975/2220
f 2362/4976/2385 2216/4977/2237 2273/4978/2295
f 2363/4979/2386 2273/4980/2295 2218/4981/2239
f 2362/4982/2385 2364/4983/2387 2216/4984/2237
f 2314/4985/2337 2275/4986/2297 2365/4987/2388
f 2364/4988/2387 2217/4662/2238 2216/4704/2237
f 2294/4925/2316 2217/4662/2238 2341/4924/2364
f 2365/4987/2388 2275/4986/2297 2366/4989/2389
f 2366/4990/2389 2275/4991/2297 2276/4992/2298
f 2245/4993/2266 2246/4779/2267 2343/4931/2366
f 2318/4994/2341 2343/4995/2366 2342/4996/2365
f 2343/4997/2366 2318/4933/2341 2344/4932/2367
f 2317/4872/2340 2367/4998/2390 2296/4827/2318
f 2296/4827/2318 2368/4999/2391 2161/4828/2180
f 2368/4999/2391 2346/4938/2369 2161/4828/2180
f 2279/5000/2301 2221/5001/2242 2251/5002/2273
f 2252/5003/2274 2251/5002/2273 2221/5001/2242
f 2369/5004/2392 2223/4675/2244 2280/4786/2302
f 2298/4835/2321 2223/4675/2244 2369/5004/2392
f 2370/5005/2393 2206/4633/2227 2252/4729/2274
f 2370/5005/2393 2371/5006/2394 2206/4633/2227
f 2371/5006/2394 2225/4681/2246 2206/4633/2227
f 2371/5006/2394 2347/5007/2370 2225/4681/2246
f 2299/4836/2322 2300/4837/2323 2372/5008/2395
f 2373/5009/2396 2320/4879/2343 2347/5007/2370
f 2184/4574/2203 2111/4414/2130 2348/4943/2371
f 2349/4944/2372 2302/5010/2325 2112/4880/2131
f 2208/4638/2229 2136/4470/2155 2303/4840/2326
f 2253/4730/2275 2374/5011/2397 2116/4419/2135
f 2374/5011/2397 2324/4886/2347 2116/4419/2135
f 2324/4886/2347 2090/4357/2109 2116/4419/2135
f 2254/4731/2276 2004/4304/2023 2375/5012/2398
f 2004/4304/2023 2304/4841/2327 2375/5012/2398
f 2324/4886/2347 2091/4358/2110 2117/4420/2136
f 2167/4549/2186 2305/4842/2328 2048/4246/2067
f 2228/4687/2249 2168/4582/2187 2351/4948/2374
f 2009/4160/2028 2376/5013/2399 2256/4734/2278
f 2120/4890/2139 2328/4892/2351 2229/5014/2250
f 2138/4472/2157 2377/5015/2400 1868/3829/1887
f 2139/4473/2158 2329/4893/2352 2306/4843/2329
f 2095/4364/2114 2378/5016/2401 2096/4365/2115
f 2258/5017/2280 2308/4849/2331 2234/4848/2255
f 2171/4954/2190 2331/5018/2354 2355/4955/2378
f 2310/4911/2333 2356/4957/2379 2145/4588/2164
f 2359/4961/2382 2333/4904/2356 2191/4803/2210
f 2334/5019/2357 2379/5020/2402 2235/5021/2256
f 2235/1207/2256 2379/5022/2402 2358/4959/2381
f 2236/4960/2257 2358/4959/2381 2335/4910/2358
f 2263/5023/2285 2380/5024/2403 2262/5025/2284
f 2262/5025/2284 2380/5024/2403 2238/5026/2259
f 2263/5027/2285 2265/4751/2287 2380/5028/2403
f 2381/5029/2404 2382/5030/2405 2267/5031/2289
f 2382/5032/2405 2337/5033/2360 2267/5034/2289
f 2337/4917/2360 2383/5035/2406 2268/4758/2290
f 2336/5036/2359 2292/5037/2314 2384/5038/2407
f 2292/5037/2314 2361/5039/2384 2384/5038/2407
f 2383/5040/2406 2199/5041/2220 2268/5042/2290
f 2385/5043/2408 2314/5044/2337 2386/5045/2409
f 2312/4857/2335 2387/2976/2410 2293/4855/2315
f 2218/5046/2239 2388/5047/2411 2363/5048/2386
f 2314/5049/2337 2385/5050/2408 2339/5051/2362
f 2314/2156/2337 2389/5052/2412 2386/5053/2409
f 2386/5054/2409 2389/5055/2412 2339/5056/2413
f 2314/5057/2337 2365/5058/2388 2389/5059/2412
f 2243/4707/2264 2200/4709/2221 2390/5060/2414
f 2200/4811/2221 2391/5061/2415 2390/5062/2414
f 2200/4811/2221 2293/4813/2315 2391/5061/2415
f 2217/4662/2238 2364/4988/2387 2341/4924/2364
f 2366/4989/2389 2392/5063/2416 2365/4987/2388
f 2340/5064/2363 2393/1085/2417 2295/5065/2317
f 2366/5066/2389 2276/5067/2298 2392/5068/2416
f 2276/5067/2298 2316/5069/2339 2392/5068/2416
f 2295/4824/2317 2393/5070/2417 2317/4926/2340
f 2344/4932/2367 2249/4874/2271 2250/4723/2272
f 2394/5071/2418 2250/4723/2272 2277/5072/2299
f 2296/4827/2318 2367/4998/2390 2368/4999/2391
f 2346/5073/2369 2368/5074/2391 2395/5075/2419
f 2395/5076/2419 2278/5077/2300 2346/5078/2369
f 2221/5001/2242 2319/5079/2342 2252/5003/2274
f 2298/4835/2321 2369/5004/2392 2297/4831/2320
f 2369/5004/2392 2280/4786/2302 2299/4836/2322
f 2371/5006/2394 2396/5080/2420 2347/5007/2370
f 2373/5081/2396 2347/5082/2370 2396/5083/2420
f 2111/4414/2130 2281/4788/2303 2348/4943/2371
f 2282/4789/2304 2322/5084/2345 2397/5085/2421
f 2284/4792/2306 2398/5086/2422 2186/4793/2205
f 2186/4793/2205 2398/5086/2422 2399/5087/2423
f 2399/5088/2423 2253/4730/2275 2186/4579/2205
f 2091/4358/2110 2400/5089/2424 2005/4155/2024
f 2305/4842/2328 2401/5090/2425 2211/4643/2232
f 2031/4204/2050 2402/5091/2426 2049/4307/2068
f 2009/4160/2028 2230/4689/2251 2376/5013/2399
f 2402/5091/2426 2328/5092/2351 2049/4307/2068
f 2095/4364/2114 2094/4363/2113 2378/5016/2401
f 2096/4365/2115 2378/5016/2401 2051/4254/2070
f 1949/5093/1968 2257/5094/2279 2188/5095/2207
f 1967/5096/1986 2403/5097/2427 2032/5098/2051
f 2170/4553/2189 2404/5099/2428 2307/4896/2330
f 2307/5100/2330 2308/4849/2331 2258/5017/2280
f 1987/4118/2006 2332/5101/2355 2212/4644/2233
f 2289/4800/2311 2193/4902/2212 2405/5102/2429
f 2261/5103/2283 2333/5104/2356 2357/5105/2380
f 2357/4958/2380 2405/5106/2429 2193/4591/2212
f 2189/4585/2208 2356/4957/2379 2331/4901/2354
f 2238/5026/2259 2380/5024/2403 2360/5107/2383
f 2267/5108/2289 2360/5107/2383 2406/5109/2430
f 2267/5108/2289 2406/5109/2430 2407/5110/2431
f 2381/5111/2404 2267/5112/2289 2407/5113/2431
f 2382/5032/2405 2408/2739/2432 2337/5033/2360
f 2408/5114/2432 2383/5035/2406 2337/4917/2360
f 2408/5114/2432 2409/5115/2433 2383/5035/2406
f 2384/5116/2407 2410/5117/2434 2336/5118/2359
f 2384/5119/2407 2361/5120/2384 2410/5121/2434
f 2383/5122/2406 2409/5123/2433 2199/5124/2220
f 2199/4975/2220 2411/5125/2435 2338/4919/2361
f 2273/4978/2295 2412/5126/2436 2362/4976/2385
f 2273/4978/2295 2363/5127/2386 2412/5126/2436
f 2339/5128/2413 2389/5129/2412 2385/5130/2437
f 2386/5131/2409 2339/3838/2413 2385/5132/2408
f 2385/5130/2437 2389/5129/2412 2365/5133/2388
f 2218/4865/2239 2339/4921/2362 2388/5134/2411
f 2243/5135/2264 2393/5136/2417 2340/5137/2363
f 2390/5138/2414 2393/1707/2417 2243/5139/2264
f 2245/4711/2266 2413/5140/2438 2316/4871/2339
f 2393/5141/2417 2414/5142/2439 2317/5143/2340
f 2415/5144/2440 2413/5140/2438 2245/4711/2266
f 2245/5145/2266 2343/5146/2366 2415/5147/2440
f 2343/5146/2366 2416/5148/2441 2417/5149/2442
f 2343/5150/2366 2418/5151/2443 2416/5152/2441
f 2343/4997/2366 2344/4932/2367 2418/5153/2443
f 2317/5154/2340 2414/5155/2439 2367/5156/2390
f 2250/5157/2272 2394/5158/2418 2344/5159/2367
f 2252/4729/2274 2419/5160/2444 2370/5005/2393
f 2299/4836/2322 2372/5008/2395 2369/5004/2392
f 2373/5009/2396 2420/5161/2445 2320/4879/2343
f 2300/4837/2323 2348/4943/2371 2372/5008/2395
f 2283/4790/2305 2323/4885/2346 2421/5162/2446
f 2283/4790/2305 2421/5162/2446 2284/4791/2306
f 2399/5088/2423 2374/5011/2397 2253/4730/2275
f 2029/4202/2048 2350/5163/2373 2227/4683/2248
f 2286/4796/2308 2305/4842/2328 2167/4549/2186
f 2228/4687/2249 2351/4948/2374 2422/5164/2447
f 2256/4734/2278 2423/5165/2448 2119/4424/2138
f 2230/4689/2251 2231/4690/2252 2424/5166/2449
f 2138/4472/2157 2425/5167/2450 2377/5015/2400
f 2232/4691/2253 2426/5168/2451 2094/4363/2113
f 2032/4205/2051 2427/5169/2452 1987/4118/2006
f 2233/4899/2254 2259/4898/2281 2428/5170/2453
f 2259/4898/2281 2289/5171/2311 2428/5170/2453
f 1987/4118/2006 2429/5172/2454 2332/5101/2355
f 2380/5024/2403 2430/5173/2455 2360/5107/2383
f 2380/5028/2403 2265/4751/2287 2336/4965/2359
f 2381/5174/2404 2407/5175/2431 2382/5176/2405
f 2382/5177/2405 2431/5178/2456 2408/5179/2432
f 2382/5176/2405 2407/5175/2431 2431/5180/2456
f 2410/5117/2434 2432/5181/2457 2336/5118/2359
f 2361/5182/2384 2433/5183/2458 2432/5184/2457
f 2361/5185/2384 2434/5186/2459 2433/5187/2458
f 2361/5182/2384 2432/5184/2457 2410/5188/2434
f 2361/5189/2384 2435/5190/2460 2434/5191/2459
f 2361/5192/2384 2313/5193/2336 2435/5194/2460
f 2199/5195/2220 2409/5196/2433 2411/5197/2435
f 2412/5126/2436 2363/5127/2386 2388/5198/2411
f 2362/4976/2385 2412/5126/2436 2364/5199/2387
f 2385/5050/2437 2388/5200/2411 2339/5051/2362
f 2315/4922/2338 2436/5201/2461 2313/4859/2336
f 2315/4922/2338 2341/5202/2364 2436/5201/2461
f 2392/5203/2416 2316/5204/2339 2413/1814/2438
f 2392/5205/2416 2413/5206/2438 2437/5207/2462
f 2343/5146/2366 2417/5149/2442 2415/5147/2440
f 2277/5072/2299 2438/5208/2463 2394/5071/2418
f 2278/5209/2300 2395/5210/2419 2439/5211/2464
f 2297/4831/2320 2440/5212/2465 2345/4937/2368
f 2373/5081/2396 2396/5083/2420 2420/5213/2445
f 2282/4789/2304 2397/5085/2421 2301/4838/2324
f 2302/4839/2325 2441/5214/2466 2185/4578/2204
f 2303/4840/2326 2442/5215/2467 2208/4638/2229
f 2421/5162/2446 2398/5216/2422 2284/4791/2306
f 2285/4795/2307 2254/4731/2276 2303/4840/2326
f 2091/4358/2110 2324/4886/2347 2400/5089/2424
f 2326/4888/2349 2286/4796/2308 2187/4580/2206
f 2376/5217/2399 2423/5218/2448 2256/5219/2278
f 2230/4689/2251 2424/5166/2449 2376/5013/2399
f 1868/3829/1887 2377/5015/2400 2232/4691/2253
f 2051/4254/2070 2378/5016/2401 2443/5220/2468
f 2051/4254/2070 2443/5220/2468 2444/5221/2469
f 2140/4474/2159 2353/4950/2376 2121/4475/2140
f 2188/4584/2207 2404/5099/2428 2170/4553/2189
f 2427/5169/2452 2429/5172/2454 1987/4118/2006
f 2289/4800/2311 2405/5102/2429 2428/5222/2453
f 2332/4903/2355 2445/5223/2470 2290/4801/2312
f 2356/4957/2379 2446/5224/2471 2331/4901/2354
f 2359/4961/2382 2447/5225/2472 2333/4904/2356
f 2290/4801/2312 2448/5226/2473 2309/4850/2332
f 2407/5227/2431 2406/4992/2430 2449/5228/2474
f 2360/5107/2383 2450/5229/2475 2406/5109/2430
f 2408/5179/2432 2431/5178/2456 2449/5230/2474
f 2449/5231/2474 2431/5232/2456 2407/5233/2431
f 2408/5114/2432 2451/5234/2476 2409/5115/2433
f 2336/5235/2359 2432/5236/2457 2452/5237/2477
f 2435/5238/2460 2433/5187/2458 2434/5186/2459
f 2433/5239/2458 2435/5240/2460 2453/5241/2478
f 2409/5242/2433 2454/5243/2479 2411/5244/2435
f 2338/4919/2361 2387/5245/2410 2312/4974/2335
f 2364/5199/2387 2412/5126/2436 2455/5246/2480
f 2385/5247/2437 2456/5248/2481 2388/5249/2411
f 2293/4813/2315 2387/5250/2410 2391/5061/2415
f 2364/5251/2387 2455/5252/2480 2457/5253/2482
f 2341/5254/2364 2364/5251/2387 2457/5253/2482
f 2390/5062/2414 2391/5061/2415 2393/5255/2417
f 2392/5063/2416 2458/5256/2483 2365/4987/2388
f 2437/5257/2462 2458/5258/2483 2392/5259/2416
f 2437/5260/2462 2413/5261/2438 2458/5262/2483
f 2459/5263/2484 2394/5071/2418 2460/5264/2485
f 2344/4932/2367 2459/5263/2484 2418/5153/2443
f 2394/5071/2418 2459/5263/2484 2344/4932/2367
f 2394/5071/2418 2438/5208/2463 2460/5264/2485
f 2395/5265/2419 2368/5266/2391 2439/5267/2464
f 2278/4784/2300 2439/5268/2464 2461/5269/2486
f 2461/5269/2486 2462/5270/2487 2278/4784/2300
f 2462/5270/2487 2463/5271/2488 2278/4784/2300
f 2278/4784/2300 2463/5271/2488 2319/4875/2342
f 2319/5272/2342 2464/5273/2489 2252/4729/2274
f 2252/4729/2274 2465/5274/2490 2419/5160/2444
f 2252/4729/2274 2464/5273/2489 2465/5274/2490
f 2226/4682/2247 2320/4879/2343 2466/5275/2491
f 2302/4839/2325 2349/5276/2372 2467/5277/2492
f 2322/5084/2345 2468/5278/2493 2397/5085/2421
f 2322/5084/2345 2209/4639/2230 2468/5278/2493
f 2209/4639/2230 2208/4638/2229 2442/5215/2467
f 2469/5279/2494 2227/4683/2248 2350/5163/2373
f 2210/4640/2231 2137/4686/2156 2327/4889/2350
f 2327/4889/2350 2228/4685/2249 2422/5280/2447
f 2470/5281/2495 2352/4949/2375 2211/4643/2232
f 2351/4948/2374 2119/4424/2138 2423/5165/2448
f 2424/5166/2449 2231/4690/2252 2306/4843/2329
f 2378/5282/2401 2471/5283/2496 2472/5284/2497
f 2472/5285/2497 2443/5220/2468 2378/5016/2401
f 2353/4950/2376 2051/4254/2070 2444/5221/2469
f 2472/5284/2497 2471/5283/2496 2443/5286/2468
f 2473/5287/2498 2471/5288/2496 2378/5289/2401
f 2443/5220/2468 2471/5290/2496 2473/5291/2498
f 1968/4081/1987 2355/4955/2378 2142/4477/2161
f 2427/5169/2452 2474/5292/2499 2429/5172/2454
f 2233/4899/2254 2428/5170/2453 2357/5293/2380
f 2307/4896/2330 2475/5294/2500 2308/4956/2331
f 2405/5106/2429 2357/4958/2380 2428/5295/2453
f 2475/5294/2500 2334/4907/2357 2308/4956/2331
f 2430/5296/2455 2380/5297/2403 2476/363/2501
f 2430/5173/2455 2477/5298/2502 2360/5107/2383
f 2451/5234/2476 2408/5114/2432 2449/5299/2474
f 2478/5300/2503 2409/5115/2433 2451/5234/2476
f 2433/5301/2458 2453/5302/2478 2479/5303/2504
f 2478/5300/2503 2454/5304/2479 2409/5115/2433
f 2479/5303/2504 2453/5302/2478 2480/5305/2505
f 2480/5306/2505 2453/5307/2478 2435/5308/2460
f 2435/5194/2460 2313/5193/2336 2480/5309/2505
f 2481/5310/2506 2391/5311/2415 2387/5312/2410
f 2482/5313/2507 2387/5245/2410 2338/4919/2361
f 2480/5314/2505 2313/4859/2336 2436/5201/2461
f 2483/5315/2508 2457/5253/2482 2455/5252/2480
f 2484/5316/2509 2436/5201/2461 2341/5202/2364
f 2485/5317/2510 2341/5318/2364 2457/5319/2482
f 2385/5247/2437 2365/5320/2388 2456/5248/2481
f 2456/5248/2481 2365/5320/2388 2486/5321/2511
f 2486/5321/2511 2365/5320/2388 2458/5322/2483
f 2393/5323/2417 2487/5324/2512 2414/5325/2439
f 2413/5261/2438 2415/5326/2440 2458/5262/2483
f 2458/5327/2483 2415/5328/2440 2488/5329/2513
f 2418/5330/2443 2489/5331/2514 2416/5332/2441
f 2417/5149/2442 2416/5148/2441 2489/5333/2514
f 2417/5149/2442 2490/5334/2515 2415/5147/2440
f 2491/5335/2516 2367/5336/2390 2414/5337/2439
f 2438/5338/2463 2277/4783/2299 2492/5339/2517
f 2439/5268/2464 2368/4999/2391 2367/4998/2390
f 2492/5339/2517 2277/4783/2299 2345/4937/2368
f 2440/5212/2465 2297/4831/2320 2493/5340/2518
f 2370/5005/2393 2494/5341/2519 2371/5006/2394
f 2369/5004/2392 2372/5008/2395 2495/5342/2520
f 2372/5008/2395 2348/4943/2371 2496/5343/2521
f 2281/4788/2303 2301/4838/2324 2348/4943/2371
f 2348/4943/2371 2301/4838/2324 2497/5344/2522
f 2226/4682/2247 2498/5345/2523 2321/5346/2344
f 2321/5346/2344 2498/5345/2523 2349/5276/2372
f 2498/5345/2523 2499/5347/2524 2349/5276/2372
f 2499/5347/2524 2467/5277/2492 2349/5276/2372
f 2467/5277/2492 2500/5348/2525 2302/4839/2325
f 2500/5349/2525 2441/5350/2466 2302/5351/2325
f 2323/4885/2346 2185/4578/2204 2441/5214/2466
f 2421/5162/2446 2501/5352/2526 2398/5216/2422
f 2442/5353/2467 2303/5354/2326 2502/5355/2527
f 2005/4155/2024 2400/5089/2424 2255/4732/2277
f 2255/4732/2277 2503/5356/2528 2326/4888/2349
f 2504/5357/2529 2305/4842/2328 2286/4796/2308
f 2505/5358/2530 2401/5090/2425 2305/4842/2328
f 2505/5358/2530 2506/5359/2531 2401/5090/2425
f 2507/5360/2532 2031/4551/2050 2352/4949/2375
f 2507/5360/2532 2402/5361/2426 2031/4551/2050
f 2402/5091/2426 2508/5362/2533 2328/5092/2351
f 2328/5092/2351 2508/5362/2533 2229/4688/2250
f 2229/4688/2250 2425/5167/2450 2138/4472/2157
f 2509/5363/2534 2404/5364/2428 2188/5365/2207
f 2475/5294/2500 2307/4896/2330 2404/5099/2428
f 2357/5105/2380 2333/5104/2356 2510/5366/2535
f 2335/4910/2358 2511/5367/2536 2310/4911/2333
f 2360/5107/2383 2477/5298/2502 2450/5229/2475
f 2380/5368/2403 2512/5369/2537 2476/5370/2501
f 2512/5371/2537 2380/5372/2403 2336/5373/2359
f 2336/5373/2359 2513/5374/2538 2512/5371/2537
f 2336/5373/2359 2452/5375/2477 2513/5374/2538
f 2514/5376/2539 2436/5201/2461 2515/5377/2540
f 2387/5378/2410 2516/5379/2541 2481/5380/2506
f 2481/5380/2542 2516/5379/2543 2517/5381/2544
f 2482/5313/2507 2338/4919/2361 2411/5125/2435
f 2436/5382/2461 2484/5383/2509 2515/5384/2540
f 2412/5385/2436 2388/5386/2411 2518/5387/2545
f 2456/5388/2481 2518/5387/2545 2388/5386/2411
f 2519/5389/2546 2518/5387/2545 2456/5388/2481
f 2481/5390/2506 2393/1643/2417 2391/5391/2415
f 2483/5392/2508 2520/5393/2547 2457/5394/2482
f 2484/5316/2509 2341/5202/2364 2485/5395/2510
f 2459/5396/2484 2489/5333/2514 2418/5397/2443
f 2371/5006/2394 2494/5341/2519 2396/5080/2420
f 2495/5342/2520 2372/5008/2395 2521/5398/2548
f 2396/5080/2420 2522/5399/2549 2420/5161/2445
f 2420/5161/2445 2466/5275/2491 2320/4879/2343
f 2466/5275/2491 2523/5400/2550 2226/4682/2247
f 2301/4838/2324 2397/5085/2421 2524/5401/2551
f 2468/5278/2493 2525/5402/2552 2397/5085/2421
f 2304/4841/2327 2227/4683/2248 2526/5403/2553
f 2255/4732/2277 2400/5089/2424 2503/5356/2528
f 2305/4842/2328 2504/5357/2529 2505/5358/2530
f 2401/5404/2425 2470/5405/2495 2211/5406/2232
f 2401/5404/2425 2506/5407/2531 2470/5405/2495
f 2423/5165/2448 2527/5408/2554 2351/4948/2374
f 2402/5361/2426 2507/5360/2532 2528/5409/2555
f 2229/4688/2250 2529/5410/2556 2425/5167/2450
f 2329/4893/2352 2530/5411/2557 2306/4843/2329
f 2426/5168/2451 2531/5412/2558 2094/4363/2113
f 2531/5412/2558 2532/5413/2559 2094/4363/2113
f 2378/5016/2401 2094/4363/2113 2532/5413/2559
f 2473/5287/2498 2378/5289/2401 2532/5414/2559
f 2353/4950/2376 2444/5221/2469 2533/5415/2560
f 2353/4950/2376 2533/5415/2560 2121/4475/2140
f 2533/5415/2560 2329/4893/2352 2121/4475/2140
f 2473/5287/2498 2532/5414/2559 2534/5416/2561
f 2257/5417/2279 2509/5418/2534 2188/5419/2207
f 2288/5420/2310 2535/5421/2562 1967/5096/1986
f 1967/5096/1986 2536/5422/2563 2403/5097/2427
f 1967/5096/1986 2537/5423/2564 2536/5422/2563
f 2429/5424/2454 2538/5425/2565 2332/5426/2355
f 2331/5018/2354 2446/5427/2471 2355/4955/2378
f 2332/5426/2355 2538/5425/2565 2445/5428/2470
f 2290/4801/2312 2445/5223/2470 2448/5226/2473
f 2309/4850/2332 2448/5226/2473 2291/4802/2313
f 2430/5173/2455 2476/5429/2501 2539/5430/2566
f 2430/5173/2455 2539/5430/2566 2477/5298/2502
f 2452/5431/2477 2540/5432/2567 2541/5433/2568
f 2452/5434/2569 2542/5435/2570 2540/5436/2571
f 2452/5431/2477 2541/5433/2568 2513/5437/2538
f 2406/5109/2430 2451/5438/2476 2449/5439/2474
f 2450/5229/2475 2543/5440/2572 2406/5109/2430
f 2406/5109/2430 2543/5440/2572 2451/5438/2476
f 2452/5441/2477 2432/5442/2457 2544/5443/2573
f 2451/5444/2476 2545/5445/2574 2478/5446/2503
f 2432/5442/2457 2546/5447/2575 2544/5443/2573
f 2433/5448/2458 2479/5449/2504 2432/5450/2457
f 2432/5450/2457 2479/5449/2504 2546/5451/2575
f 2480/5314/2505 2436/5201/2461 2514/5376/2539
f 2456/5452/2481 2547/5453/2576 2519/5454/2546
f 2412/5385/2436 2518/5387/2545 2548/5455/2577
f 2387/5456/2410 2482/5457/2507 2516/5458/2541
f 2485/5317/2510 2457/5319/2482 2549/5459/2578
f 2457/5319/2482 2520/5460/2547 2549/5459/2578
f 2483/5315/2508 2455/5252/2480 2548/5455/2577
f 2412/5385/2436 2548/5455/2577 2455/5252/2480
f 2481/5461/2506 2550/5462/2579 2393/5463/2417
f 2486/5464/2511 2547/5453/2576 2456/5452/2481
f 2458/5465/2483 2488/5466/2513 2551/5467/2580
f 2459/5396/2484 2552/5468/2581 2489/5333/2514
f 2459/5396/2484 2460/5469/2485 2552/5468/2581
f 2414/5470/2439 2553/5471/2582 2491/5472/2516
f 2414/5325/2439 2554/5473/2583 2553/5474/2582
f 2414/5325/2439 2487/5324/2512 2554/5473/2583
f 2415/5328/2440 2555/5475/2584 2488/5329/2513
f 2490/5334/2515 2555/5476/2584 2415/5147/2440
f 2417/5149/2442 2489/5333/2514 2490/5334/2515
f 2491/5477/2516 2553/5478/2582 2367/4446/2390
f 2367/4998/2390 2554/5473/2583 2439/5268/2464
f 2345/4937/2368 2556/5479/2585 2492/5339/2517
f 2345/4937/2368 2440/5212/2465 2556/5479/2585
f 2297/4831/2320 2369/5004/2392 2493/5340/2518
f 2369/5004/2392 2557/5480/2586 2493/5340/2518
f 2419/5160/2444 2558/5481/2587 2370/5005/2393
f 2494/5341/2519 2522/5399/2549 2396/5080/2420
f 2372/5008/2395 2496/5343/2521 2521/5398/2548
f 2523/5400/2550 2559/5482/2588 2226/4682/2247
f 2559/5482/2588 2498/5345/2523 2226/4682/2247
f 2301/4838/2324 2524/5401/2551 2497/5344/2522
f 2500/5348/2525 2560/5483/2589 2441/5214/2466
f 2323/4885/2346 2561/5484/2590 2421/5162/2446
f 2562/5485/2591 2501/5352/2526 2421/5162/2446
f 2502/5486/2527 2303/4840/2326 2563/5487/2592
f 2375/5012/2398 2304/4841/2327 2564/5488/2593
f 2286/4796/2308 2326/4888/2349 2504/5357/2529
f 2327/4889/2350 2565/5489/2594 2210/4640/2231
f 2352/4949/2375 2566/5490/2595 2507/5360/2532
f 2032/4205/2051 2403/5491/2427 2427/5169/2452
f 2287/4844/2309 2233/4693/2254 2567/5492/2596
f 2445/5493/2470 2538/5494/2565 2448/5495/2473
f 2477/5496/2502 2539/5497/2566 2568/5498/2597
f 2569/5499/2598 2452/5500/2477 2570/2244/2599
f 2540/2087/2567 2571/5501/2600 2541/5502/2568
f 2569/5503/2598 2540/5436/2567 2452/5434/2477
f 2571/5504/2600 2572/5505/2601 2513/5437/2538
f 2541/5433/2568 2571/5504/2600 2513/5437/2538
f 2513/5506/2538 2572/5507/2601 2512/3894/2537
f 2452/5508/2477 2544/5509/2573 2570/3019/2599
f 2451/5510/2476 2573/5511/2602 2545/5512/2574
f 2545/5513/2574 2573/5514/2602 2478/5515/2503
f 2515/5377/2540 2574/5516/2603 2514/5376/2539
f 2480/5305/2505 2546/5517/2575 2479/5303/2504
f 2514/5518/2539 2575/5519/2604 2480/5520/2505
f 2480/5521/2505 2575/5522/2604 2546/5523/2575
f 2454/5524/2479 2478/5525/2503 2411/5526/2435
f 2411/5527/2435 2478/5528/2503 2482/5529/2507
f 2515/5530/2540 2484/5531/2509 2574/5532/2603
f 2548/5533/2577 2576/5534/2605 2520/5535/2547
f 2483/5536/2508 2548/5533/2577 2520/5535/2547
f 2481/5461/2506 2516/5537/2541 2550/5462/2579
f 2482/5538/2507 2577/5539/2606 2516/5540/2541
f 2393/5463/2417 2550/5462/2579 2578/5541/2607
f 2458/5322/2483 2579/5542/2608 2486/5321/2511
f 2458/5543/2483 2551/5544/2580 2579/5545/2608
f 2551/5544/2580 2488/5546/2513 2579/5545/2608
f 2393/5323/2417 2580/5547/2609 2487/5324/2512
f 2578/5548/2607 2580/5547/2609 2393/5323/2417
f 2460/5469/2485 2581/5549/2610 2552/5468/2581
f 2460/5469/2485 2438/5550/2463 2581/5549/2610
f 2553/5474/2582 2554/5473/2583 2367/4998/2390
f 2554/5551/2583 2461/5552/2486 2439/5553/2464
f 2319/5554/2342 2463/5555/2488 2464/5556/2489
f 2369/5557/2392 2495/5558/2520 2557/3480/2586
f 2494/5559/2519 2582/5560/2611 2522/5561/2549
f 2521/5398/2548 2583/5562/2612 2495/5342/2520
f 2521/5398/2548 2496/5343/2521 2583/5562/2612
f 2348/4943/2371 2497/5344/2522 2584/5563/2613
f 2468/5278/2493 2209/4639/2230 2525/5402/2552
f 2441/5214/2466 2585/5564/2614 2323/4885/2346
f 2562/5485/2591 2586/5565/2615 2501/5352/2526
f 2502/5486/2527 2563/5487/2592 2442/5215/2467
f 2399/5088/2423 2587/5566/2616 2374/5011/2397
f 2303/4840/2326 2254/4731/2276 2563/5487/2592
f 2254/4731/2276 2375/5012/2398 2564/5488/2593
f 2324/4886/2347 2588/5567/2617 2400/5089/2424
f 2210/5568/2231 2565/5569/2594 2589/5570/2618
f 2422/5164/2447 2351/4948/2374 2527/5408/2554
f 2352/4949/2375 2470/5281/2495 2566/5490/2595
f 2232/4691/2253 2377/5015/2400 2426/5168/2451
f 2473/5291/2498 2590/5571/2619 2443/5220/2468
f 2357/5105/2380 2591/5572/2620 2233/4693/2254
f 2333/5104/2356 2447/5573/2472 2510/5366/2535
f 2334/5019/2357 2475/1786/2500 2379/5020/2402
f 2476/5429/2501 2592/5574/2621 2539/5430/2566
f 2512/5369/2537 2592/5575/2621 2476/5370/2501
f 2539/5576/2566 2593/5577/2622 2568/5578/2597
f 2570/5579/2599 2544/5580/2573 2569/5581/2598
f 2540/5582/2567 2569/5581/2598 2594/5583/2623
f 2569/5581/2598 2544/5580/2573 2594/5583/2623
f 2451/5438/2476 2595/5584/2624 2573/5585/2602
f 2543/5440/2572 2595/5584/2624 2451/5438/2476
f 2594/5586/2623 2544/5587/2573 2546/5588/2575
f 2574/5589/2625 2596/5590/2626 2514/5591/2627
f 2546/5592/2575 2575/5593/2604 2597/5594/2628
f 2547/5595/2576 2518/5596/2545 2519/5597/2546
f 2598/5598/2629 2574/5532/2603 2484/5531/2509
f 2518/5599/2545 2599/5600/2630 2548/5533/2577
f 2518/5601/2545 2600/5602/2631 2599/5603/2630
f 2518/5604/2545 2547/5605/2576 2600/5606/2631
f 2485/5317/2510 2598/5607/2629 2484/5608/2509
f 2577/5609/2606 2482/5610/2507 2601/5611/2632
f 2487/5612/2512 2580/5613/2609 2554/5614/2583
f 2438/5338/2463 2492/5339/2517 2581/5615/2610
f 2440/5212/2465 2493/5340/2518 2556/5479/2585
f 2493/5340/2518 2557/5480/2586 2602/5616/2633
f 2603/5617/2634 2419/5160/2444 2465/5274/2490
f 2370/5005/2393 2558/5481/2587 2494/5341/2519
f 2495/5342/2520 2583/5562/2612 2557/5480/2586
f 2494/5341/2519 2604/5618/2635 2582/5619/2611
f 2467/5277/2492 2605/5620/2636 2500/5348/2525
f 2605/5621/2636 2560/5622/2589 2500/5623/2525
f 2606/5624/2637 2323/4885/2346 2585/5564/2614
f 2323/4885/2346 2606/5624/2637 2561/5484/2590
f 2526/5403/2553 2227/4683/2248 2469/5279/2494
f 2325/4887/2348 2210/4640/2231 2589/5625/2618
f 2423/5218/2448 2376/5217/2399 2607/5626/2638
f 2527/5408/2554 2423/5165/2448 2607/5627/2638
f 2608/5628/2639 2402/5091/2426 2528/5629/2555
f 2590/5571/2619 2444/5221/2469 2443/5220/2468
f 1967/5630/1986 2535/5631/2562 2609/5632/2640
f 2403/5491/2427 2474/5292/2499 2427/5169/2452
f 2567/5492/2596 2233/4693/2254 2591/5572/2620
f 2591/5572/2620 2357/5105/2380 2510/5366/2535
f 2511/5367/2536 2356/4957/2379 2310/4911/2333
f 2610/5633/2641 2568/5634/2597 2593/5635/2622
f 2571/5504/2600 2611/5636/2642 2572/5505/2601
f 2612/5637/2643 2477/5638/2502 2568/5639/2597
f 2610/5640/2641 2612/5641/2643 2568/4276/2597
f 2613/5642/2644 2512/5643/2537 2572/5644/2601
f 2477/5298/2502 2543/5440/2572 2450/5229/2475
f 2573/5645/2602 2614/5646/2645 2478/5647/2503
f 2599/5600/2630 2576/5534/2605 2548/5533/2577
f 2516/5648/2541 2577/5649/2606 2550/5650/2579
f 2482/5610/2507 2615/5651/2646 2601/5611/2632
f 2598/5607/2629 2485/5317/2510 2616/5652/2647
f 2616/5652/2647 2485/5317/2510 2549/5459/2578
f 2549/5653/2578 2520/5654/2547 2617/5655/2648
f 2618/5656/2649 2578/5541/2607 2550/5462/2579
f 2550/5650/2579 2577/5649/2606 2601/5657/2632
f 2486/5658/2511 2579/5659/2608 2547/5660/2576
f 2547/5605/2576 2579/5661/2608 2600/5606/2631
f 2581/5615/2610 2492/5339/2517 2619/5662/2650
f 2556/5479/2585 2619/5662/2650 2492/5339/2517
f 2440/5663/2651 2620/5664/2652 2493/5515/2653
f 2464/5665/2489 2621/5666/2654 2622/5667/2655
f 2622/5668/2655 2623/5669/2656 2464/5670/2489
f 2624/5671/2657 2465/5672/2490 2464/5673/2489
f 2623/5669/2656 2624/5674/2657 2464/5670/2489
f 2604/5618/2635 2494/5341/2519 2558/5481/2587
f 2496/5343/2521 2348/4943/2371 2584/5563/2613
f 2397/5085/2421 2525/5402/2552 2524/5401/2551
f 2525/5402/2552 2209/4639/2230 2625/5675/2658
f 2561/5484/2590 2606/5624/2637 2421/5162/2446
f 2209/4639/2230 2442/5215/2467 2626/5676/2659
f 2398/5216/2422 2627/5677/2660 2399/5088/2423
f 2399/5088/2423 2627/5677/2660 2587/5566/2616
f 2374/5011/2397 2587/5566/2616 2324/4886/2347
f 2628/5678/2661 2254/4731/2276 2564/5488/2593
f 2503/5356/2528 2629/5679/2662 2326/4888/2349
f 2607/5626/2638 2376/5217/2399 2424/5680/2449
f 2402/5091/2426 2608/5628/2639 2508/5362/2533
f 2329/4893/2352 2533/5415/2560 2530/5411/2557
f 2473/5291/2498 2534/5681/2561 2590/5571/2619
f 1967/5096/1986 2609/5682/2640 2537/5423/2564
f 2509/5363/2534 2630/5683/2663 2404/5364/2428
f 2537/5423/2564 2631/5684/2664 2536/5422/2563
f 2404/5364/2428 2630/5683/2663 2475/5685/2500
f 2474/5686/2499 2538/5425/2565 2429/5424/2454
f 2475/5687/2500 2632/5688/2665 2379/2265/2402
f 2358/4959/2381 2633/5689/2666 2335/4910/2358
f 2356/5690/2379 2634/5691/2667 2635/5692/2668
f 2448/5693/2473 2636/5694/2669 2291/5695/2313
f 2291/4802/2313 2636/5696/2669 2359/4961/2382
f 2634/5697/2667 2356/4957/2379 2511/5367/2536
f 2637/5698/2670 2358/5699/2381 2379/5700/2402
f 2540/5701/2567 2594/5702/2623 2571/5703/2600
f 2539/5430/2566 2592/5574/2621 2638/5704/2671
f 2571/5703/2600 2594/5702/2623 2611/5705/2642
f 2610/5640/2641 2593/5706/2622 2539/5707/2566
f 2572/5505/2601 2611/5636/2642 2613/5708/2644
f 2514/5709/2539 2574/5710/2603 2575/5711/2604
f 2574/5712/2603 2639/5713/2672 2575/5714/2604
f 2597/5594/2628 2575/5593/2604 2639/5715/2672
f 2478/5647/2503 2614/5646/2645 2482/5716/2507
f 2482/5610/2507 2614/5717/2645 2615/5651/2646
f 2549/5653/2578 2617/5655/2648 2616/5718/2647
f 2520/5535/2547 2576/5534/2605 2617/5719/2648
f 2599/5603/2630 2600/5602/2631 2640/5720/2673
f 2550/5721/2579 2641/5722/2674 2618/5723/2649
f 2550/5650/2579 2601/5657/2632 2641/5724/2674
f 2600/5606/2631 2642/5725/2675 2640/5726/2673
f 2579/5661/2608 2642/5725/2675 2600/5606/2631
f 2642/5727/2675 2579/5545/2608 2488/5546/2513
f 2642/5725/2675 2488/5728/2513 2555/5729/2584
f 2489/5333/2514 2552/5468/2581 2490/5334/2515
f 2554/5473/2583 2643/5730/2676 2461/5269/2486
f 2619/5731/2650 2556/5732/2585 2581/5733/2610
f 2461/5269/2486 2644/5734/2677 2462/5270/2487
f 2645/5735/2678 2646/1424/2679 2462/5736/2487
f 2462/5270/2487 2646/5737/2679 2463/5271/2488
f 2647/5738/2680 2493/5739/2518 2648/5740/2681
f 2493/5741/2518 2602/5742/2633 2648/5743/2681
f 2623/5669/2656 2649/5744/2682 2624/5674/2657
f 2650/5745/2683 2557/5480/2586 2583/5562/2612
f 2582/5619/2611 2651/5746/2684 2522/5399/2549
f 2496/5343/2521 2584/5563/2613 2652/5747/2685
f 2441/5214/2466 2560/5483/2589 2585/5564/2614
f 2421/5162/2446 2606/5624/2637 2562/5485/2591
f 2586/5565/2615 2653/5748/2686 2501/5352/2526
f 2653/5748/2686 2398/5216/2422 2501/5352/2526
f 2398/5216/2422 2654/5749/2687 2627/5677/2660
f 2469/5279/2494 2655/5750/2688 2526/5403/2553
f 2607/5627/2638 2656/5751/2689 2527/5408/2554
f 2508/5362/2533 2608/5628/2639 2657/5752/2690
f 2508/5362/2533 2657/5752/2690 2229/4688/2250
f 2530/5411/2557 2658/5753/2691 2306/4843/2329
f 2536/5422/2563 2631/5684/2664 2403/5097/2427
f 2287/4844/2309 2567/5492/2596 2288/5754/2310
f 2142/4477/2161 2659/5755/2692 2354/4951/2377
f 2403/5756/2427 2660/5757/2693 2474/5686/2499
f 2474/5686/2499 2660/5757/2693 2538/5425/2565
f 2356/5758/2379 2635/5759/2668 2446/5760/2471
f 2632/5761/2665 2637/5698/2670 2379/5700/2402
f 2359/4961/2382 2661/5762/2694 2447/5225/2472
f 2592/5575/2621 2512/5369/2537 2638/5763/2671
f 2539/5707/2566 2662/5764/2695 2610/5640/2641
f 2477/5298/2502 2612/5765/2643 2543/5440/2572
f 2543/5440/2572 2612/5765/2643 2663/5766/2696
f 2546/5767/2575 2664/5768/2697 2594/5769/2623
f 2595/5584/2624 2543/5440/2572 2665/5770/2698
f 2543/5440/2572 2663/5766/2696 2665/5770/2698
f 2573/5645/2602 2666/5771/2699 2614/5646/2645
f 2574/5712/2603 2598/5772/2629 2639/5713/2672
f 2598/5607/2629 2616/5652/2647 2667/5773/2700
f 2640/5774/2673 2576/5775/2605 2599/5776/2630
f 2615/5651/2646 2668/5777/2701 2601/5611/2632
f 2617/5655/2648 2669/5778/2702 2616/5718/2647
f 2618/5723/2649 2641/5722/2674 2670/5779/2703
f 2601/5657/2632 2671/5780/2704 2641/5724/2674
f 2618/5656/2649 2670/5781/2703 2578/5541/2607
f 2672/5782/2705 2555/5783/2584 2673/5784/2706
f 2490/5785/2515 2673/5784/2706 2555/5783/2584
f 2490/5785/2515 2552/5786/2581 2673/5784/2706
f 2580/5613/2609 2674/5787/2707 2554/5614/2583
f 2552/5468/2581 2581/5549/2610 2675/5788/2708
f 2675/5788/2708 2581/5549/2610 2676/5789/2709
f 2554/5614/2583 2674/5787/2707 2643/5790/2676
f 2461/5269/2486 2643/5730/2676 2644/5734/2677
f 2463/5555/2488 2646/5791/2679 2464/5556/2489
f 2621/5792/2654 2464/5556/2489 2646/5791/2679
f 2622/5668/2655 2677/5793/2710 2623/5669/2656
f 2649/5794/2682 2465/5795/2490 2624/5796/2657
f 2419/5160/2444 2603/5617/2634 2558/5481/2587
f 2604/5618/2635 2651/5746/2684 2582/5619/2611
f 2583/5562/2612 2496/5343/2521 2678/5797/2711
f 2524/5401/2551 2679/5798/2712 2497/5344/2522
f 2467/5277/2492 2499/5347/2524 2605/5620/2636
f 2209/4639/2230 2626/5676/2659 2680/5799/2713
f 2562/5800/2591 2653/4495/2686 2586/5801/2615
f 2398/5216/2422 2653/5748/2686 2654/5749/2687
f 2588/5567/2617 2681/5802/2714 2400/5089/2424
f 2507/5803/2532 2566/5804/2595 2528/5805/2555
f 2229/4688/2250 2657/5752/2690 2529/5410/2556
f 2658/5753/2691 2424/5166/2449 2306/4843/2329
f 2444/5221/2469 2682/5806/2715 2533/5415/2560
f 2534/5681/2561 2683/5807/2716 2590/5571/2619
f 2257/5808/2279 2684/5809/2717 2509/5810/2534
f 2354/5811/2377 2330/5812/2353 2052/5813/2071
f 2567/5492/2596 2685/5814/2718 2288/5754/2310
f 2403/5097/2427 2631/5684/2664 2660/5815/2693
f 2637/5816/2670 2633/5689/2666 2358/4959/2381
f 2359/5817/2382 2636/5694/2669 2686/5818/2719
f 2611/5705/2642 2594/5702/2623 2664/5819/2697
f 2638/5820/2671 2662/5821/2695 2539/5822/2566
f 2610/5640/2641 2687/5823/2720 2612/5641/2643
f 2610/5640/2641 2688/5824/2721 2687/5823/2720
f 2610/5640/2641 2662/5764/2695 2688/5824/2721
f 2512/5643/2537 2689/5825/2722 2638/5826/2671
f 2512/5643/2537 2690/5827/2723 2689/5825/2722
f 2512/5643/2537 2613/5642/2644 2690/5827/2723
f 2613/5708/2644 2611/5636/2642 2690/5828/2723
f 2665/5829/2698 2663/5830/2696 2691/5831/2724
f 2573/5585/2602 2595/5584/2624 2692/5832/2725
f 2665/5770/2698 2692/5832/2725 2595/5584/2624
f 2665/5829/2698 2691/5831/2724 2692/5833/2725
f 2573/5645/2602 2692/5834/2725 2666/5771/2699
f 2597/5835/2628 2693/4347/2726 2546/5836/2575
f 2639/5837/2672 2693/5838/2726 2597/5839/2628
f 2615/5840/2646 2694/5841/2727 2668/5842/2701
f 2576/5843/2605 2640/5844/2673 2695/5845/2728
f 2640/5846/2729 2696/5847/2730 2697/5848/2731
f 2668/5777/2701 2671/5849/2704 2601/5611/2632
f 2670/5850/2703 2671/5851/2704 2578/5852/2607
f 2671/5849/2704 2698/5853/2732 2578/5854/2607
f 2642/5725/2675 2555/5729/2584 2699/5855/2733
f 2552/5786/2581 2700/5856/2734 2673/5784/2706
f 2556/5479/2585 2701/5857/2735 2702/5858/2736
f 2462/5859/2487 2644/5860/2677 2645/5861/2678
f 2645/5862/2678 2703/5863/2737 2646/5864/2679
f 2493/5865/2518 2647/5866/2680 2704/5867/2738
f 2622/5868/2655 2621/5869/2654 2677/5870/2710
f 2621/5871/2654 2705/5872/2739 2677/5873/2710
f 2646/5791/2679 2705/5874/2739 2621/5792/2654
f 2647/5738/2680 2648/5740/2681 2706/5875/2740
f 2677/5793/2710 2649/5744/2682 2623/5669/2656
f 2603/5617/2634 2707/5876/2741 2558/5481/2587
f 2558/5481/2587 2707/5876/2741 2604/5618/2635
f 2583/5562/2612 2708/5877/2742 2650/5745/2683
f 2604/5618/2635 2709/5878/2743 2651/5746/2684
f 2583/5879/2612 2710/5880/2744 2708/5881/2742
f 2583/2038/2612 2678/5882/2711 2710/5883/2744
f 2420/5161/2445 2711/5884/2745 2466/5275/2491
f 2466/5275/2491 2559/5482/2588 2523/5400/2550
f 2524/5401/2551 2525/5402/2552 2712/5885/2746
f 2625/5675/2658 2209/4639/2230 2680/5799/2713
f 2606/5624/2637 2653/5748/2686 2562/5485/2591
f 2563/5487/2592 2628/5678/2661 2442/5215/2467
f 2254/4731/2276 2628/5678/2661 2563/5487/2592
f 2324/4886/2347 2587/5566/2616 2588/5567/2617
f 2304/4841/2327 2713/5886/2747 2564/5488/2593
f 2304/5135/2327 2526/5887/2553 2713/5888/2747
f 2350/5163/2373 2325/4887/2348 2714/5889/2748
f 2566/5490/2595 2715/5890/2749 2528/5409/2555
f 2528/5409/2555 2715/5890/2749 2608/5891/2639
f 2683/5807/2716 2444/5221/2469 2590/5571/2619
f 2509/5810/2534 2684/5809/2717 2716/5892/2750
f 2354/5811/2377 2659/5893/2692 2330/5812/2353
f 2509/5363/2534 2716/5894/2750 2630/5683/2663
f 2717/5895/2751 2660/5896/2693 2631/5897/2664
f 2567/5492/2596 2591/5572/2620 2685/5814/2718
f 2660/5896/2693 2718/5898/2752 2538/5494/2565
f 2538/5494/2565 2718/5898/2752 2448/5495/2473
f 2335/5899/2358 2633/5900/2666 2511/5901/2536
f 2447/5573/2472 2661/5902/2694 2510/5366/2535
f 2632/5761/2665 2719/5903/2753 2637/5698/2670
f 2686/5818/2719 2661/5904/2694 2359/5817/2382
f 2720/5905/2754 2663/5906/2696 2612/5907/2643
f 2612/5908/2643 2687/5909/2720 2720/5910/2754
f 2546/5767/2575 2693/5911/2726 2664/5768/2697
f 2598/5912/2629 2667/5913/2700 2639/5914/2672
f 2614/5717/2645 2666/5915/2699 2615/5651/2646
f 2615/5916/2646 2721/5917/2755 2694/5918/2727
f 2616/5652/2647 2669/5919/2702 2667/5773/2700
f 2615/5916/2646 2722/5920/2756 2721/5917/2755
f 2617/5719/2648 2576/5534/2605 2723/5921/2757
f 2617/5655/2648 2724/5922/2758 2669/5778/2702
f 2697/5923/2759 2695/5845/2728 2640/5844/2673
f 2641/5724/2674 2671/5780/2704 2670/5924/2703
f 2640/5925/2673 2699/5926/2733 2697/5927/2759
f 2642/5725/2675 2699/5855/2733 2640/5726/2673
f 2578/5548/2607 2725/5928/2760 2580/5547/2609
f 2671/5849/2704 2726/5929/2761 2698/5853/2732
f 2725/5928/2760 2674/5930/2707 2580/5547/2609
f 2698/5931/2732 2727/5932/2762 2578/5933/2607
f 2578/5933/2607 2727/5932/2762 2725/5934/2760
f 2726/5929/2761 2727/5935/2762 2698/5853/2732
f 2555/5729/2584 2728/5936/2763 2699/5855/2733
f 2672/5937/2705 2728/5938/2763 2555/5939/2584
f 2674/5787/2707 2729/5940/2764 2643/5790/2676
f 2643/5941/2676 2730/5942/2765 2731/3884/2766
f 2581/5549/2610 2702/5943/2736 2676/5789/2709
f 2643/5730/2676 2731/5944/2766 2732/5945/2767
f 2581/5615/2610 2556/5479/2585 2702/5858/2736
f 2643/5730/2676 2732/5945/2767 2644/5734/2677
f 2644/5734/2677 2732/5945/2767 2733/5946/2768
f 2644/5860/2677 2733/5947/2768 2645/5861/2678
f 2556/5479/2585 2493/5340/2518 2704/5948/2738
f 2647/5949/2680 2706/5950/2740 2704/5951/2738
f 2705/5872/2739 2734/5952/2769 2677/5873/2710
f 2602/5953/2633 2706/5954/2740 2648/5955/2681
f 2465/5956/2490 2735/5957/2770 2603/5958/2634
f 2707/5876/2741 2736/5959/2771 2604/5618/2635
f 2737/5960/2772 2650/5961/2683 2708/5962/2742
f 2737/5963/2772 2708/5964/2742 2710/5965/2744
f 2420/5161/2445 2522/5399/2549 2711/5884/2745
f 2738/5966/2773 2652/5747/2685 2584/5563/2613
f 2559/5482/2588 2739/5967/2774 2498/5345/2523
f 2739/5967/2774 2740/5968/2775 2498/5345/2523
f 2584/5563/2613 2497/5344/2522 2679/5798/2712
f 2524/5401/2551 2712/5885/2746 2679/5798/2712
f 2525/5969/2552 2625/5970/2658 2712/5971/2746
f 2588/5567/2617 2587/5566/2616 2741/5972/2776
f 2469/5279/2494 2350/5163/2373 2714/5889/2748
f 2714/5889/2748 2325/4887/2348 2589/5625/2618
f 2470/5405/2495 2506/5407/2531 2742/5973/2777
f 2743/5974/2778 2566/5490/2595 2470/5281/2495
f 2744/5975/2779 2527/5976/2554 2656/5977/2689
f 2745/5978/2780 2426/5168/2451 2377/5015/2400
f 2746/5979/2781 2537/5423/2564 2609/5682/2640
f 2717/5980/2751 2537/5423/2564 2746/5979/2781
f 2717/5895/2751 2631/5897/2664 2537/5981/2564
f 2142/4477/2161 2355/4955/2378 2659/5755/2692
f 2747/5982/2782 2475/5983/2500 2630/3778/2663
f 2748/5984/2783 2355/4955/2378 2446/5427/2471
f 2636/5694/2669 2448/5693/2473 2749/5985/2784
f 2750/5986/2785 2688/5987/2721 2638/5820/2671
f 2720/5910/2754 2687/5909/2720 2751/5988/2786
f 2751/5989/2786 2687/5823/2720 2688/5824/2721
f 2662/5821/2695 2638/5820/2671 2688/5987/2721
f 2690/5990/2723 2611/5705/2642 2664/5819/2697
f 2667/5991/2700 2693/5838/2726 2639/5837/2672
f 2667/5991/2700 2752/5992/2787 2693/5838/2726
f 2721/5993/2755 2668/5842/2701 2694/5841/2727
f 2753/5994/2788 2723/5921/2757 2576/5534/2605
f 2576/5995/2605 2695/5996/2728 2753/5997/2788
f 2724/5998/2758 2617/5719/2648 2723/5921/2757
f 2697/5999/2759 2699/6000/2733 2754/6001/2789
f 2672/6002/2705 2673/6003/2706 2755/6004/2790
f 2730/6005/2765 2643/6006/2676 2729/6007/2764
f 2732/6008/2767 2731/6009/2766 2756/6010/2791
f 2733/6011/2768 2703/5863/2737 2645/5862/2678
f 2701/5857/2735 2556/5479/2585 2704/5948/2738
f 2704/6012/2738 2706/6013/2740 2757/6014/2792
f 2734/6015/2769 2649/6016/2682 2677/6017/2710
f 2758/6018/2793 2465/6019/2490 2649/6020/2682
f 2709/5378/2743 2604/6021/2635 2736/6022/2771
f 2678/5797/2711 2496/5343/2521 2759/6023/2794
f 2760/6024/2795 2652/5747/2685 2738/5966/2773
f 2498/5345/2523 2740/5968/2775 2499/5347/2524
f 2505/5358/2530 2742/6025/2777 2506/5359/2531
f 2327/6026/2350 2422/6027/2447 2527/6028/2554
f 2742/6025/2777 2761/6029/2796 2470/5281/2495
f 2761/6030/2796 2743/6031/2778 2470/6032/2495
f 2743/5974/2778 2715/5890/2749 2566/5490/2595
f 2657/5752/2690 2608/5628/2639 2762/6033/2797
f 2377/5015/2400 2425/5167/2450 2745/5978/2780
f 2530/6034/2557 2533/6035/2560 2763/6036/2798
f 2716/6037/2750 2747/6038/2782 2630/6039/2663
f 2660/5896/2693 2717/5895/2751 2718/5898/2752
f 2659/5755/2692 2355/4955/2378 2748/5984/2783
f 2764/6040/2799 2475/5983/2500 2747/5982/2782
f 2718/6041/2752 2749/5985/2784 2448/5693/2473
f 2765/6042/2800 2636/5694/2669 2749/5985/2784
f 2750/6043/2785 2638/6044/2671 2766/6045/2801
f 2638/6044/2671 2689/6046/2722 2766/6045/2801
f 2767/6047/2802 2689/6048/2722 2768/6049/2803
f 2768/6050/2803 2689/6051/2722 2769/6052/2804
f 2751/6053/2786 2770/6054/2805 2720/6055/2754
f 2751/6056/2786 2688/6057/2721 2771/6058/2806
f 2690/5827/2723 2769/6059/2804 2689/5825/2722
f 2771/6060/2806 2772/6061/2807 2751/6062/2786
f 2751/6053/2786 2772/6063/2807 2770/6054/2805
f 2691/6064/2724 2773/3901/2808 2692/6065/2725
f 2692/5834/2725 2773/6066/2808 2666/5771/2699
f 2666/5915/2699 2774/6067/2809 2615/5651/2646
f 2615/5651/2646 2774/6067/2809 2722/6068/2756
f 2667/5773/2700 2669/5919/2702 2724/6069/2758
f 2723/6070/2757 2753/6071/2788 2775/6072/2810
f 2775/6072/2810 2724/6073/2758 2723/6070/2757
f 2671/5849/2704 2668/5777/2701 2776/6074/2811
f 2671/5849/2704 2776/6074/2811 2726/5929/2761
f 2754/6001/2789 2699/6000/2733 2777/6075/2812
f 2726/5929/2761 2778/6076/2813 2727/5935/2762
f 2779/6077/2814 2728/6078/2763 2672/6002/2705
f 2672/6002/2705 2755/6004/2790 2779/6077/2814
f 2700/6079/2734 2755/6080/2790 2673/6081/2706
f 2552/6082/2581 2780/6083/2815 2700/6084/2734
f 2552/6082/2581 2675/6085/2708 2780/6083/2815
f 2781/6086/2816 2729/6087/2764 2674/6088/2707
f 2782/6089/2817 2783/6090/2818 2756/6091/2791
f 2783/6090/2818 2732/6092/2767 2756/6091/2791
f 2701/5857/2735 2784/6093/2819 2702/5858/2736
f 2704/6094/2738 2757/6095/2792 2785/6096/2820
f 2734/5952/2769 2705/5872/2739 2758/6097/2793
f 2758/6018/2793 2649/6020/2682 2734/6098/2769
f 2757/6014/2792 2706/6013/2740 2786/6099/2821
f 2758/6018/2793 2787/6100/2822 2465/6019/2490
f 2787/6100/2822 2735/6101/2770 2465/6019/2490
f 2602/5616/2633 2557/5480/2586 2650/5745/2683
f 2603/5617/2634 2736/5959/2771 2707/5876/2741
f 2709/5878/2743 2788/6102/2823 2651/5746/2684
f 2737/6103/2772 2710/6104/2744 2789/6105/2824
f 2710/6104/2744 2678/5797/2711 2789/6105/2824
f 2496/5343/2521 2652/5747/2685 2759/6023/2794
f 2652/5747/2685 2760/6024/2795 2759/6023/2794
f 2606/5624/2637 2790/6106/2825 2653/5748/2686
f 2654/5749/2687 2791/6107/2826 2627/5677/2660
f 2442/5215/2467 2792/6108/2827 2626/5676/2659
f 2793/6109/2828 2504/5357/2529 2326/4888/2349
f 2425/5167/2450 2529/5410/2556 2794/6110/2829
f 2530/6034/2557 2763/6036/2798 2795/6111/2830
f 2330/6112/2353 2659/5755/2692 2796/6113/2831
f 2446/5427/2471 2797/6114/2832 2748/5984/2783
f 2475/6115/2500 2764/6116/2799 2632/5761/2665
f 2446/5760/2471 2635/5759/2668 2797/6117/2832
f 2636/5694/2669 2765/6042/2800 2686/5818/2719
f 2661/5902/2694 2591/5572/2620 2510/5366/2535
f 2511/5901/2536 2633/5900/2666 2634/6118/2667
f 2766/6119/2801 2689/6120/2722 2767/6121/2802
f 2750/6122/2785 2766/6123/2801 2688/6124/2721
f 2688/6125/2721 2766/6126/2801 2798/6127/2833
f 2771/6128/2806 2799/6129/2834 2770/6130/2805
f 2771/6131/2806 2770/6132/2805 2772/6133/2807
f 2771/6134/2806 2688/6135/2721 2800/6136/2835
f 2688/6135/2721 2801/6137/2836 2800/6136/2835
f 2690/5990/2723 2664/5819/2697 2802/6138/2837
f 2769/6059/2804 2690/5827/2723 2803/6139/2838
f 2802/6140/2837 2803/6141/2838 2690/6142/2723
f 2663/6143/2696 2773/6144/2808 2691/6145/2724
f 2752/5992/2787 2804/6146/2839 2693/5838/2726
f 2724/6069/2758 2805/6147/2840 2667/5773/2700
f 2697/5923/2759 2754/6148/2789 2695/5845/2728
f 2776/6074/2811 2778/6076/2813 2726/5929/2761
f 2699/6000/2733 2806/6149/2841 2777/6075/2812
f 2727/5935/2762 2674/6150/2707 2725/6151/2760
f 2727/5935/2762 2778/6076/2813 2674/6150/2707
f 2674/6150/2707 2807/6152/2842 2781/6153/2816
f 2730/6154/2765 2808/6155/2843 2731/6156/2766
f 2730/6154/2765 2809/6157/2844 2808/6155/2843
f 2729/6158/2764 2809/6159/2844 2730/6160/2765
f 2676/5789/2709 2702/5943/2736 2784/6161/2819
f 2783/6162/2818 2733/6163/2768 2732/6164/2767
f 2733/6011/2768 2810/6165/2845 2703/5863/2737
f 2701/5857/2735 2704/5948/2738 2784/6093/2819
f 2810/6165/2845 2811/6166/2846 2703/5863/2737
f 2704/6094/2738 2785/6096/2820 2784/6167/2819
f 2757/6014/2792 2812/6168/2847 2785/6169/2820
f 2757/6014/2792 2786/6099/2821 2813/6170/2848
f 2602/6171/2633 2814/6172/2849 2786/6173/2821
f 2706/6013/2740 2602/6174/2633 2786/6099/2821
f 2603/5617/2634 2815/6175/2850 2736/5959/2771
f 2736/6176/2771 2815/6177/2850 2709/5589/2743
f 2651/5746/2684 2788/6102/2823 2522/5399/2549
f 2522/5399/2549 2788/6102/2823 2711/5884/2745
f 2466/5275/2491 2711/5884/2745 2816/6178/2851
f 2584/5563/2613 2679/5798/2712 2738/5966/2773
f 2679/5798/2712 2712/5885/2746 2817/6179/2852
f 2790/6106/2825 2818/6180/2853 2653/5748/2686
f 2626/5676/2659 2819/6181/2854 2680/5799/2713
f 2653/5748/2686 2818/6180/2853 2654/5749/2687
f 2626/6182/2659 2792/6183/2827 2819/6184/2854
f 2442/5215/2467 2628/5678/2661 2792/6108/2827
f 2587/5566/2616 2627/5677/2660 2741/5972/2776
f 2526/5403/2553 2655/5750/2688 2713/5886/2747
f 2469/6185/2494 2714/6186/2748 2655/6187/2688
f 2629/5679/2662 2793/6109/2828 2326/4888/2349
f 2565/5569/2594 2820/6188/2855 2589/5570/2618
f 2327/4889/2350 2821/6189/2856 2565/5489/2594
f 2424/5166/2449 2822/6190/2857 2607/5627/2638
f 2424/5166/2449 2658/5753/2691 2823/6191/2858
f 2824/6192/2859 2745/5978/2780 2425/5167/2450
f 2825/6193/2860 2658/5753/2691 2530/5411/2557
f 2826/6194/2861 2531/5412/2558 2426/5168/2451
f 2530/5411/2557 2795/6195/2830 2825/6193/2860
f 2532/5414/2559 2683/6196/2716 2534/5416/2561
f 2827/6197/2862 2684/4761/2717 2257/6198/2279
f 2330/6199/2353 2828/6200/2863 2829/6201/2864
f 2330/6202/2353 2830/6203/2865 2828/6204/2863
f 2330/6205/2353 2831/6206/2866 2830/6207/2865
f 2330/6205/2353 2796/6208/2831 2831/6206/2866
f 2535/5421/2562 2288/5420/2310 2685/6209/2718
f 2746/5979/2781 2609/5682/2640 2832/6210/2867
f 2609/5682/2640 2833/6211/2868 2832/6210/2867
f 2717/6212/2751 2834/6213/2869 2718/6041/2752
f 2718/6041/2752 2834/6213/2869 2749/5985/2784
f 2632/5761/2665 2764/6116/2799 2719/5903/2753
f 2766/6214/2801 2767/6215/2802 2798/6216/2833
f 2768/6217/2803 2769/6218/2804 2767/6219/2802
f 2720/6055/2754 2835/6220/2870 2663/6143/2696
f 2720/6055/2754 2770/6054/2805 2835/6220/2870
f 2770/6054/2805 2836/6221/2871 2835/6220/2870
f 2799/6129/2834 2837/6222/2872 2770/6130/2805
f 2800/6136/2835 2801/6137/2836 2837/6223/2872
f 2663/6143/2696 2838/6224/2873 2773/6144/2808
f 2837/6222/2872 2836/6225/2871 2770/6130/2805
f 2664/5768/2697 2693/5911/2726 2839/6226/2874
f 2804/6227/2839 2752/4135/2787 2840/6228/2875
f 2667/6229/2700 2805/6230/2840 2752/6231/2787
f 2752/4135/2787 2805/6232/2840 2840/6228/2875
f 2773/6233/2808 2841/6234/2876 2666/5915/2699
f 2666/5915/2699 2841/6234/2876 2774/6067/2809
f 2753/6235/2788 2842/6236/2877 2775/6237/2810
f 2724/6069/2758 2775/6237/2810 2843/6238/2878
f 2722/5920/2756 2844/6239/2879 2721/5917/2755
f 2668/5842/2701 2721/5993/2755 2776/6240/2811
f 2777/6241/2812 2806/6242/2841 2754/6243/2789
f 2699/5855/2733 2728/5936/2763 2806/6244/2841
f 2700/6245/2734 2780/6246/2815 2755/6004/2790
f 2674/6150/2707 2778/6076/2813 2807/6152/2842
f 2675/6085/2708 2676/6247/2709 2780/6083/2815
f 2731/6248/2766 2808/6249/2843 2756/6250/2791
f 2756/6251/2791 2808/6252/2843 2782/6253/2817
f 2729/6158/2764 2845/6254/2880 2809/6159/2844
f 2676/5789/2709 2784/6161/2819 2846/6255/2881
f 2812/6168/2847 2847/6256/2882 2785/6169/2820
f 2703/5863/2737 2848/6257/2883 2646/5864/2679
f 2646/5791/2679 2787/6258/2822 2705/5874/2739
f 2757/6014/2792 2813/6170/2848 2812/6168/2847
f 2705/5874/2739 2787/6258/2822 2758/6259/2793
f 2786/6099/2821 2814/6260/2849 2813/6170/2848
f 2602/5616/2633 2650/5745/2683 2814/6261/2849
f 2735/5957/2770 2815/6262/2850 2603/5958/2634
f 2466/5275/2491 2816/6178/2851 2849/6263/2884
f 2466/5275/2491 2849/6263/2884 2559/5482/2588
f 2679/5798/2712 2850/6264/2885 2738/5966/2773
f 2499/5347/2524 2740/5968/2775 2851/6265/2886
f 2654/5749/2687 2818/6180/2853 2791/6107/2826
f 2713/5886/2747 2628/5678/2661 2564/5488/2593
f 2655/5750/2688 2852/6266/2887 2713/5886/2747
f 2327/4889/2350 2527/5976/2554 2821/6189/2856
f 2608/5891/2639 2715/5890/2749 2853/6267/2888
f 2853/6268/2888 2762/6033/2797 2608/5628/2639
f 2424/6269/2449 2823/6270/2858 2822/6271/2857
f 2425/5167/2450 2854/6272/2889 2824/6192/2859
f 2426/5168/2451 2745/5978/2780 2826/6194/2861
f 2531/5412/2558 2683/5807/2716 2532/5413/2559
f 2683/5807/2716 2682/5806/2715 2444/5221/2469
f 2330/6273/2353 2829/6274/2864 2257/5808/2279
f 2609/5682/2640 2535/5421/2562 2833/6211/2868
f 2716/6037/2750 2855/6275/2890 2747/6038/2782
f 2591/5572/2620 2856/6276/2891 2685/5814/2718
f 2828/6277/2863 2635/5692/2668 2857/6278/2892
f 2634/5691/2667 2857/6278/2892 2635/5692/2668
f 2634/6118/2667 2633/5900/2666 2858/6279/2893
f 2771/5044/2806 2837/3886/2872 2799/6280/2834
f 2800/6136/2835 2837/6223/2872 2771/6134/2806
f 2769/6281/2804 2803/6282/2838 2859/6283/2894
f 2836/6284/2871 2837/6285/2872 2835/6286/2870
f 2837/6287/2872 2801/6288/2836 2860/6289/2895
f 2803/6290/2838 2861/6291/2896 2859/6292/2894
f 2803/6141/2838 2802/6140/2837 2839/6293/2874
f 2664/5768/2697 2839/6226/2874 2802/6294/2837
f 2693/5838/2726 2862/6295/2897 2839/6296/2874
f 2693/5838/2726 2804/6146/2839 2862/6295/2897
f 2805/6147/2840 2843/6238/2878 2863/6297/2898
f 2724/6069/2758 2843/6238/2878 2805/6147/2840
f 2753/5997/2788 2695/5996/2728 2842/6298/2877
f 2721/5993/2755 2864/6299/2899 2776/6240/2811
f 2844/6239/2879 2864/6300/2899 2721/5917/2755
f 2774/6067/2809 2844/6301/2879 2722/6068/2756
f 2695/5845/2728 2754/6148/2789 2865/6302/2900
f 2774/6067/2809 2866/6303/2901 2844/6301/2879
f 2774/6067/2809 2841/6234/2876 2866/6303/2901
f 2728/6304/2763 2867/6305/2902 2806/6306/2841
f 2779/6077/2814 2868/6307/2903 2728/6078/2763
f 2779/6077/2814 2755/6004/2790 2868/6307/2903
f 2778/6076/2813 2869/6308/2904 2807/6152/2842
f 2676/6247/2709 2870/6309/2905 2780/6083/2815
f 2676/6247/2709 2846/6310/2881 2870/6309/2905
f 2782/6311/2817 2808/6312/2843 2783/6313/2818
f 2845/6314/2880 2808/6155/2843 2809/6157/2844
f 2783/6313/2818 2808/6312/2843 2845/6315/2880
f 2646/5864/2679 2848/6257/2883 2787/6316/2822
f 2813/6317/2848 2871/6318/2906 2812/6319/2847
f 2650/5745/2683 2872/6320/2907 2814/6261/2849
f 2650/5745/2683 2737/6103/2772 2872/6320/2907
f 2737/6103/2772 2789/6105/2824 2873/6321/2908
f 2789/6105/2824 2678/5797/2711 2873/6321/2908
f 2560/5622/2589 2605/5621/2636 2874/6322/2909
f 2585/5564/2614 2560/5483/2589 2875/6323/2910
f 2585/5564/2614 2875/6323/2910 2606/5624/2637
f 2625/5675/2658 2680/5799/2713 2712/5885/2746
f 2876/6324/2911 2877/6325/2912 2820/6326/2855
f 2504/5357/2529 2742/6025/2777 2505/5358/2530
f 2529/5410/2556 2878/6327/2913 2794/6110/2829
f 2529/5410/2556 2879/6328/2914 2878/6327/2913
f 2794/6110/2829 2854/6272/2889 2425/5167/2450
f 2535/5421/2562 2685/6209/2718 2880/6329/2915
f 2855/6330/2890 2716/6331/2750 2881/6332/2916
f 2746/5979/2781 2832/6210/2867 2882/6333/2917
f 2832/6210/2867 2883/6334/2918 2882/6333/2917
f 2796/6113/2831 2748/5984/2783 2831/6335/2866
f 2659/5755/2692 2748/5984/2783 2796/6113/2831
f 2717/6212/2751 2882/6336/2917 2834/6213/2869
f 2831/6335/2866 2748/5984/2783 2884/6337/2919
f 2747/6338/2782 2885/6339/2920 2764/6116/2799
f 2828/6340/2863 2797/6117/2832 2635/5759/2668
f 2885/6339/2920 2719/5903/2753 2764/6116/2799
f 2749/5985/2784 2834/6213/2869 2765/6042/2800
f 2767/6215/2802 2886/6341/2921 2798/6216/2833
f 2769/6281/2804 2859/6283/2894 2886/6342/2921
f 2769/6343/2804 2886/6344/2921 2767/6345/2802
f 2798/6127/2833 2886/6346/2921 2688/6125/2721
f 2688/2435/2721 2886/6347/2921 2887/6348/2922
f 2837/6349/2872 2860/6350/2895 2888/6351/2923
f 2688/6352/2721 2887/6353/2922 2801/6354/2836
f 2861/6291/2896 2889/6355/2924 2859/6292/2894
f 2663/6143/2696 2835/6220/2870 2838/6224/2873
f 2837/6285/2872 2888/6356/2923 2835/6286/2870
f 2803/6357/2838 2839/6296/2874 2861/6358/2896
f 2775/6237/2810 2842/6236/2877 2843/6238/2878
f 2695/5845/2728 2890/6359/2925 2842/6360/2877
f 2754/6148/2789 2891/6361/2926 2865/6302/2900
f 2754/6362/2789 2806/6363/2841 2891/6364/2926
f 2778/6365/2813 2776/6366/2811 2892/6367/2927
f 2783/6162/2818 2810/6368/2845 2733/6163/2768
f 2783/6162/2818 2845/6369/2880 2810/6368/2845
f 2810/6165/2928 2893/6370/2929 2811/6166/2930
f 2785/6169/2820 2847/6256/2882 2784/6371/2819
f 2703/5863/2737 2811/6166/2846 2848/6257/2883
f 2813/6170/2848 2894/6372/2931 2871/6373/2906
f 2709/5878/2743 2815/6175/2850 2788/6102/2823
f 2711/5884/2745 2788/6102/2823 2816/6178/2851
f 2559/5482/2588 2849/6263/2884 2739/5967/2774
f 2738/5966/2773 2850/6264/2885 2895/6374/2932
f 2851/6265/2886 2896/6375/2933 2499/5347/2524
f 2499/5347/2524 2896/6375/2933 2605/5620/2636
f 2679/5798/2712 2817/6179/2852 2850/6264/2885
f 2712/5885/2746 2680/5799/2713 2897/6376/2934
f 2680/5799/2713 2819/6181/2854 2898/6377/2935
f 2627/5677/2660 2899/6378/2936 2741/5972/2776
f 2400/5089/2424 2681/5802/2714 2503/5356/2528
f 2681/5802/2714 2900/6379/2937 2503/5356/2528
f 2820/6380/2855 2901/6381/2938 2876/6382/2911
f 2504/5357/2529 2902/6383/2939 2742/6025/2777
f 2527/6384/2554 2744/6385/2779 2903/6386/2940
f 2822/6190/2857 2904/6387/2941 2607/5627/2638
f 2607/6388/2638 2904/4930/2941 2656/6389/2689
f 2716/5892/2750 2684/5809/2717 2881/6390/2916
f 2257/5808/2279 2905/6391/2942 2827/6392/2862
f 2827/6392/2862 2905/6391/2942 2906/6393/2943
f 2827/6392/2862 2906/6393/2943 2684/5809/2717
f 2880/6329/2915 2907/6394/2944 2535/5421/2562
f 2880/2579/2915 2908/6395/2945 2907/6396/2944
f 2746/5979/2781 2882/6333/2917 2717/5980/2751
f 2685/6209/2718 2856/6397/2891 2880/6329/2915
f 2855/6275/2890 2885/6398/2920 2747/6038/2782
f 2883/6399/2918 2765/6042/2800 2882/6336/2917
f 2883/6399/2918 2909/6400/2946 2765/6042/2800
f 2748/6401/2783 2797/6117/2832 2884/6402/2919
f 2765/6042/2800 2834/6213/2869 2882/6336/2917
f 2828/6340/2863 2884/6402/2919 2797/6117/2832
f 2591/6403/2620 2661/6404/2694 2856/6405/2891
f 2634/6118/2667 2858/6279/2893 2857/6406/2892
f 2860/6350/2895 2910/6407/2947 2888/6351/2923
f 2801/6354/2836 2910/6408/2947 2860/6409/2895
f 2839/6296/2874 2862/6295/2897 2861/6358/2896
f 2773/6144/2808 2838/6224/2873 2911/6410/2948
f 2773/6411/2808 2911/6412/2948 2841/6413/2876
f 2840/6414/2875 2805/6415/2840 2912/6416/2949
f 2805/6415/2840 2863/6417/2898 2912/6416/2949
f 2843/6238/2878 2913/6418/2950 2863/6297/2898
f 2843/6238/2878 2842/6236/2877 2913/6418/2950
f 2842/6360/2877 2890/6359/2925 2914/6419/2951
f 2776/6074/2811 2864/6420/2899 2892/6421/2927
f 2695/5845/2728 2865/6302/2900 2890/6359/2925
f 2891/6422/2926 2806/6306/2841 2867/6305/2902
f 2864/6300/2899 2844/6239/2879 2915/6423/2952
f 2867/6424/2902 2728/6425/2763 2916/6426/2953
f 2778/6365/2813 2892/6367/2927 2869/6427/2904
f 2755/6004/2790 2917/6428/2954 2868/6307/2903
f 2807/6152/2842 2869/6308/2904 2918/6429/2955
f 2729/6430/2764 2781/6431/2816 2919/6432/2956
f 2781/6153/2816 2807/6152/2842 2919/6433/2956
f 2845/6254/2880 2729/6158/2764 2919/6434/2956
f 2846/6310/2881 2920/6435/2957 2870/6309/2905
f 2784/6436/2819 2921/6437/2958 2846/6438/2881
f 2921/6437/2958 2922/6439/2959 2846/6438/2881
f 2810/6440/2845 2845/6441/2880 2811/6442/2960
f 2813/6170/2848 2814/6260/2849 2894/6372/2931
f 2737/6103/2772 2873/6321/2908 2872/6320/2907
f 2678/5797/2711 2759/6023/2794 2923/6443/2961
f 2759/6444/2794 2924/6445/2962 2923/6446/2961
f 2759/6023/2794 2760/6024/2795 2924/6447/2962
f 2760/6448/2795 2738/6449/2773 2895/6450/2932
f 2895/6374/2932 2850/6264/2885 2925/6451/2963
f 2897/6376/2934 2680/5799/2713 2898/6377/2935
f 2606/5624/2637 2926/6452/2964 2790/6106/2825
f 2790/6106/2825 2926/6452/2964 2818/6180/2853
f 2792/6183/2827 2927/6453/2965 2819/6184/2854
f 2504/5357/2529 2793/6109/2828 2902/6383/2939
f 2527/5976/2554 2903/6454/2940 2821/6189/2856
f 2743/5974/2778 2928/6455/2966 2715/5890/2749
f 2656/5977/2689 2929/6456/2967 2744/5975/2779
f 2656/5977/2689 2904/6457/2941 2929/6456/2967
f 2657/5752/2690 2762/6033/2797 2879/6328/2914
f 2657/5752/2690 2879/6328/2914 2529/5410/2556
f 2531/6458/2558 2930/6459/2968 2683/6460/2716
f 2257/5808/2279 2829/6274/2864 2905/6391/2942
f 2931/6461/2969 2881/6390/2916 2684/5809/2717
f 2684/5809/2717 2906/6393/2943 2931/6461/2969
f 2829/5257/2864 2828/6462/2863 2932/6463/2970
f 2830/6464/2865 2884/6465/2919 2828/6466/2863
f 2830/6467/2865 2831/6468/2866 2884/6469/2919
f 2880/6329/2915 2856/6397/2891 2908/6470/2945
f 2855/6330/2890 2933/6471/2971 2885/6472/2920
f 2633/5900/2666 2934/6473/2972 2935/6474/2973
f 2935/6474/2973 2858/6279/2893 2633/5900/2666
f 2765/6042/2800 2909/6400/2946 2686/5818/2719
f 2661/6475/2694 2686/6476/2719 2856/6465/2891
f 2859/6477/2894 2887/6478/2922 2886/6479/2921
f 2801/6354/2836 2887/6353/2922 2910/6408/2947
f 2862/6295/2897 2936/6480/2974 2861/6358/2896
f 2804/6227/2839 2840/6228/2875 2862/6481/2897
f 2842/6482/2877 2914/6483/2951 2913/6484/2950
f 2892/6421/2927 2864/6420/2899 2915/6485/2952
f 2807/6486/2842 2918/6487/2955 2919/6488/2956
f 2811/6489/2960 2845/6254/2880 2937/6490/2975
f 2937/6490/2975 2938/6491/2976 2811/6489/2960
f 2811/6166/2846 2939/6492/2977 2848/6257/2883
f 2848/6257/2883 2939/6492/2977 2940/6493/2978
f 2847/6256/2882 2812/6168/2847 2871/6373/2906
f 2894/6494/2931 2814/6495/2849 2941/6496/2979
f 2678/5797/2711 2923/6443/2961 2873/6321/2908
f 2740/5968/2775 2739/5967/2774 2851/6265/2886
f 2817/6179/2852 2942/6497/2980 2850/6264/2885
f 2560/5483/2589 2874/6498/2909 2875/6323/2910
f 2819/6181/2854 2927/6499/2965 2898/6377/2935
f 2791/6107/2826 2899/6378/2936 2627/5677/2660
f 2792/6108/2827 2628/5678/2661 2943/6500/2981
f 2588/5567/2617 2944/6501/2982 2681/5802/2714
f 2713/5886/2747 2945/6502/2983 2628/5678/2661
f 2714/5889/2748 2852/6266/2887 2655/5750/2688
f 2565/5569/2594 2821/6503/2856 2901/6504/2938
f 2565/5569/2594 2901/6504/2938 2820/6188/2855
f 2876/6505/2911 2901/6506/2938 2877/6507/2912
f 2826/6508/2861 2745/6509/2780 2946/3563/2984
f 2826/6194/2861 2946/6510/2984 2531/5412/2558
f 2531/5412/2558 2946/6510/2984 2930/6511/2968
f 2682/5806/2715 2763/6512/2798 2533/5415/2560
f 2535/5421/2562 2907/6394/2944 2833/6211/2868
f 2832/6210/2867 2833/6211/2868 2947/6513/2985
f 2832/6514/2867 2947/6515/2985 2883/6399/2918
f 2855/6330/2890 2881/6332/2916 2933/6471/2971
f 2883/6399/2918 2947/6515/2985 2909/6400/2946
f 2908/6395/2945 2686/6516/2719 2948/6517/2986
f 2856/6518/2891 2686/6519/2719 2908/6520/2945
f 2885/6339/2920 2933/6521/2971 2719/5903/2753
f 2934/6522/2972 2637/6523/2670 2949/6524/2987
f 2633/5900/2666 2637/6525/2670 2934/6473/2972
f 2909/6400/2946 2948/6526/2986 2686/5818/2719
f 2859/6527/2894 2889/6528/2924 2887/6529/2922
f 2835/6530/2870 2888/6531/2923 2950/6532/2988
f 2835/6530/2870 2950/6532/2988 2838/6533/2873
f 2887/6353/2922 2951/6534/2989 2910/6408/2947
f 2861/6291/2896 2936/6535/2974 2889/6355/2924
f 2728/6078/2763 2952/6536/2990 2916/6537/2953
f 2728/6078/2763 2868/6307/2903 2952/6536/2990
f 2755/6004/2790 2953/6538/2991 2917/6428/2954
f 2780/6246/2815 2953/6538/2991 2755/6004/2790
f 2780/6246/2815 2954/6539/2992 2953/6538/2991
f 2780/6083/2815 2870/6309/2905 2954/6540/2992
f 2919/6434/2956 2955/6541/2993 2845/6254/2880
f 2846/6542/2881 2956/6543/2994 2920/6544/2957
f 2846/6542/2881 2922/6545/2959 2956/6543/2994
f 2921/6437/2958 2784/6436/2819 2922/6439/2959
f 2784/6546/2819 2957/6547/2995 2922/6548/2959
f 2811/6549/2996 2958/6550/2997 2959/6551/2998
f 2811/6552/2996 2959/6553/2998 2938/6554/2999
f 2811/3734/2996 2938/6555/2976 2958/6556/2997
f 2784/6557/2819 2847/6558/2882 2957/6559/2995
f 2811/6489/2846 2938/6491/2999 2939/6560/2977
f 2871/6373/2906 2894/6372/2931 2847/6256/2882
f 2960/6561/3000 2961/6562/3001 2787/6563/2822
f 2787/6100/2822 2961/6564/3001 2735/6101/2770
f 2815/6175/2850 2962/6565/3002 2788/6102/2823
f 2849/6263/2884 2963/6566/3003 2739/5967/2774
f 2850/6264/2885 2942/6497/2980 2925/6451/2963
f 2817/6179/2852 2712/5885/2746 2964/6567/3004
f 2712/5885/2746 2897/6376/2934 2964/6567/3004
f 2606/5624/2637 2875/6323/2910 2926/6452/2964
f 2818/6180/2853 2965/6568/3005 2791/6107/2826
f 2791/6107/2826 2965/6568/3005 2899/6378/2936
f 2741/5972/2776 2944/6501/2982 2588/5567/2617
f 2820/6569/2855 2877/6507/2912 2589/5625/2618
f 2761/6030/2796 2966/6570/3006 2743/6031/2778
f 2715/5890/2749 2928/6455/2966 2853/6267/2888
f 2853/6571/2888 2928/6572/2966 2967/6573/3007
f 2794/6110/2829 2878/6327/2913 2854/6272/2889
f 2833/6211/2868 2948/6574/2986 2947/6513/2985
f 2907/6394/2944 2948/6574/2986 2833/6211/2868
f 2907/6396/2944 2908/6395/2945 2948/6517/2986
f 2828/6277/2863 2857/6278/2892 2932/6575/2970
f 2947/6515/2985 2948/6526/2986 2909/6400/2946
f 2906/6576/2943 2934/6522/2972 2949/6524/2987
f 2906/6577/2943 2935/6474/2973 2934/6473/2972
f 2719/5903/2753 2968/6578/3008 2637/5698/2670
f 2888/6351/2923 2910/6407/2947 2950/6579/2988
f 2887/6580/2922 2936/6581/2974 2969/6582/3009
f 2889/6528/2924 2936/6583/2974 2887/6529/2922
f 2838/6584/2873 2970/6585/3010 2911/6586/2948
f 2862/6295/2897 2971/6587/3011 2936/6480/2974
f 2862/6295/2897 2972/6588/3012 2971/6587/3011
f 2972/6588/3012 2862/6295/2897 2973/6589/3013
f 2914/6419/2951 2890/6359/2925 2974/6590/3014
f 2867/6591/2902 2975/6592/3015 2891/6361/2926
f 2841/6234/2876 2976/6593/3016 2866/6303/2901
f 2915/6485/2952 2977/6594/3017 2892/6421/2927
f 2844/6301/2879 2866/6303/2901 2915/6485/2952
f 2917/6428/2954 2952/6536/2990 2868/6307/2903
f 2954/6595/2992 2978/6596/3018 2953/6597/2991
f 2892/6598/2927 2977/6599/3017 2869/6600/2904
f 2954/6540/2992 2979/6601/3019 2978/6602/3018
f 2954/6540/2992 2870/6309/2905 2979/6601/3019
f 2920/6435/2957 2979/6601/3019 2870/6309/2905
f 2920/6603/2957 2956/6604/2994 2980/6605/3020
f 2922/6606/2959 2980/6607/3020 2956/6608/2994
f 2922/6609/2959 2957/6610/2995 2981/6611/3021
f 2937/6612/2975 2982/4755/3022 2958/6613/2997
f 2845/6254/2880 2955/6541/2993 2937/6490/2975
f 2958/6614/2997 2938/6615/2976 2937/6616/2975
f 2959/6553/2998 2939/6617/2977 2938/6554/2999
f 2848/6257/2883 2960/6618/3000 2787/6316/2822
f 2983/6619/3023 2961/6564/3001 2984/6620/3024
f 2815/6262/2850 2735/5957/2770 2985/6621/3025
f 2873/6321/2908 2986/6622/3026 2872/6320/2907
f 2873/6321/2908 2923/6443/2961 2986/6622/3026
f 2760/6024/2795 2987/6623/3027 2924/6447/2962
f 2760/6024/2795 2895/6374/2932 2987/6623/3027
f 2963/6566/3003 2851/6265/2886 2739/5967/2774
f 2895/6374/2932 2925/6451/2963 2988/6624/3028
f 2942/6497/2980 2988/6624/3028 2925/6451/2963
f 2926/6452/2964 2989/6625/3029 2818/6180/2853
f 2898/6377/2935 2990/6626/3030 2897/6376/2934
f 2900/6379/2937 2991/6627/3031 2503/5356/2528
f 2714/5889/2748 2992/6628/3032 2852/6266/2887
f 2714/5889/2748 2589/5625/2618 2992/6628/3032
f 2629/5679/2662 2993/6629/3033 2793/6109/2828
f 2793/6109/2828 2994/6630/3034 2902/6383/2939
f 2821/6503/2856 2995/6631/3035 2901/6504/2938
f 2744/6385/2779 2929/6632/2967 2903/6386/2940
f 2742/6025/2777 2966/6633/3006 2761/6029/2796
f 2743/6031/2778 2966/6570/3006 2928/6634/2966
f 2762/6033/2797 2853/6268/2888 2879/6328/2914
f 2823/6191/2858 2658/5753/2691 2996/6635/3036
f 2829/6274/2864 2997/6636/3037 2905/6391/2942
f 2932/6637/2970 2997/6636/3037 2829/6274/2864
f 2906/6577/2943 2905/6638/2942 2935/6474/2973
f 2932/6575/2970 2857/6278/2892 2997/6639/3037
f 2881/6640/2916 2968/6578/3008 2933/6521/2971
f 2881/6640/2916 2931/6641/2969 2968/6578/3008
f 2933/6521/2971 2968/6578/3008 2719/5903/2753
f 2997/6642/3037 2858/6279/2893 2935/6474/2973
f 2997/6642/3037 2857/6406/2892 2858/6279/2893
f 2637/5698/2670 2968/6578/3008 2949/6643/2987
f 2951/6534/2989 2887/6353/2922 2969/6644/3009
f 2950/6579/2988 2910/6407/2947 2998/6645/3038
f 2999/6646/3039 2936/6647/2974 2971/6648/3011
f 2950/6532/2988 2970/6649/3010 2838/6533/2873
f 2862/6295/2897 2840/6650/2875 2973/6589/3013
f 2840/6650/2875 2912/6651/2949 2973/6589/3013
f 3000/6652/3040 2841/6413/2876 2911/6412/2948
f 2863/6297/2898 2913/6418/2950 3001/6653/3041
f 3002/6654/3042 2891/6361/2926 2975/6592/3015
f 2974/6590/3014 2890/6359/2925 2865/6302/2900
f 3002/6654/3042 2865/6302/2900 2891/6361/2926
f 2975/6655/3015 2867/6424/2902 2916/6426/2953
f 3003/6656/3043 2953/6597/2991 2978/6596/3018
f 2918/6429/2955 2869/6308/2904 2977/6594/3017
f 2980/6657/3020 2922/6658/2959 2981/6659/3021
f 3004/6660/3044 2957/6559/2995 2847/6558/2882
f 2940/6493/2978 2960/6618/3000 2848/6257/2883
f 2984/6661/3024 2961/5520/3001 2960/6662/3000
f 2941/6663/2979 2814/6261/2849 3005/6664/3045
f 2983/6619/3023 2735/6101/2770 2961/6564/3001
f 3006/6665/3046 2872/6320/2907 2986/6622/3026
f 2985/6621/3025 2962/6666/3002 2815/6262/2850
f 3007/6667/3047 2816/6178/2851 2788/6102/2823
f 3008/6668/3048 2986/6622/3026 2923/6443/2961
f 3009/6669/3049 2849/6263/2884 2816/6178/2851
f 2896/6375/2933 3010/6670/3050 2605/5620/2636
f 3010/6670/3050 2874/6498/2909 2605/5620/2636
f 2817/6179/2852 2964/6567/3004 2942/6497/2980
f 2964/6567/3004 2897/6376/2934 3011/6671/3051
f 3012/6672/3052 2926/6452/2964 2875/6323/2910
f 2990/6626/3030 2898/6377/2935 2927/6499/2965
f 2927/6499/2965 2792/6108/2827 2943/6500/2981
f 2899/6378/2936 2944/6501/2982 2741/5972/2776
f 2945/6502/2983 2713/5886/2747 2852/6266/2887
f 2993/6629/3033 2994/6630/3034 2793/6109/2828
f 2906/6673/2943 2949/6643/2987 2931/6641/2969
f 2905/6638/2942 2997/6642/3037 2935/6474/2973
f 2931/6641/2969 2949/6643/2987 2968/6578/3008
f 2971/6674/3011 3013/6675/3053 2999/6676/3039
f 2971/6674/3011 2972/6677/3012 3013/6675/3053
f 3000/6652/3040 3014/6678/3054 2841/6413/2876
f 2912/6416/2949 2863/6417/2898 3015/6679/3055
f 2974/6680/3014 3016/6681/3056 2914/6682/2951
f 2865/6302/2900 3017/6683/3057 2974/6590/3014
f 2976/6684/3016 3018/6685/3058 2866/6686/2901
f 2916/6537/2953 2952/6536/2990 3019/6687/3059
f 3018/6685/3058 3020/6688/3060 2866/6686/2901
f 3003/6656/3043 2917/6689/2954 2953/6597/2991
f 3021/6690/3061 2919/6691/2956 2918/6692/2955
f 3022/6693/3062 2979/6601/3019 2920/6435/2957
f 3022/6693/3062 2920/6435/2957 3023/6694/3063
f 2980/6695/3020 3023/2906/3063 2920/6696/2957
f 2958/6613/2997 2982/4755/3022 2959/6697/2998
f 2959/6698/2998 2982/6699/3022 3024/6700/3064
f 3025/6701/3065 2939/6617/2977 2959/6553/2998
f 3025/6701/3065 3026/6702/3066 2939/6617/2977
f 2939/6703/2977 3026/6704/3066 2940/6705/2978
f 2847/6256/2882 2894/6372/2931 3004/6706/3044
f 3005/6707/3045 2894/6708/2931 2941/6709/2979
f 2984/6620/3024 3027/6710/3067 2983/6619/3023
f 2984/6661/3024 2960/6662/3000 3028/6711/3068
f 2962/6565/3002 3007/6667/3047 2788/6102/2823
f 2923/6443/2961 2924/6447/2962 3029/6712/3069
f 2942/6497/2980 3030/6713/3070 2988/6624/3028
f 2942/6497/2980 2964/6567/3004 3030/6713/3070
f 2874/6498/2909 3012/6672/3052 2875/6323/2910
f 2943/6500/2981 2628/5678/2661 3031/6714/3071
f 2628/5678/2661 2945/6502/2983 3031/6714/3071
f 2944/6501/2982 2900/6379/2937 2681/5802/2714
f 2503/5356/2528 2993/6629/3033 2629/5679/2662
f 2503/5356/2528 2991/6627/3031 2993/6629/3033
f 2902/6383/2939 3032/6715/3072 2742/6025/2777
f 3032/6715/3072 2966/6633/3006 2742/6025/2777
f 3033/6716/3073 2967/6717/3007 2928/6634/2966
f 2967/6718/3007 3034/6719/3074 2853/6720/2888
f 2822/6271/2857 2823/6270/2858 2996/6721/3036
f 3035/6722/3075 2745/5978/2780 2824/6192/2859
f 3035/6722/3075 2946/6510/2984 2745/5978/2780
f 2795/6111/2830 2763/6036/2798 3036/6723/3076
f 2683/5807/2716 2930/6511/2968 3037/6724/3077
f 2999/6725/3039 3013/6726/3053 2936/6727/2974
f 3038/6728/3078 2969/6582/3009 2936/6581/2974
f 2936/6727/2974 3013/6726/3053 3038/6729/3078
f 2970/6730/3010 2950/6731/2988 3039/6732/3079
f 3039/6732/3079 2950/6731/2988 2998/6733/3038
f 2951/6534/2989 3040/6734/3080 2910/6408/2947
f 2910/6408/2947 3040/6734/3080 2998/6735/3038
f 2972/6736/3012 3041/6737/3081 3013/6738/3053
f 2911/6739/2948 2970/6740/3010 3000/6741/3040
f 2972/6736/3012 2973/6742/3013 3041/6737/3081
f 2973/6743/3013 3042/6744/3082 3041/6745/3081
f 3000/6746/3040 2970/6730/3010 3039/6732/3079
f 2973/6589/3013 2912/6651/2949 3043/6747/3083
f 2912/6416/2949 3015/6679/3055 3043/6748/3083
f 2841/6413/2876 3014/6678/3054 2976/6749/3016
f 2863/6297/2898 3001/6653/3041 3015/6750/3055
f 2914/6751/2951 3016/6752/3056 2913/6418/2950
f 3001/6653/3041 3044/6753/3084 3015/6750/3055
f 3002/6654/3042 3045/6754/3085 2865/6302/2900
f 3002/6654/3042 2975/6592/3015 3045/6754/3085
f 3046/6755/3086 3044/6753/3084 3001/6653/3041
f 3001/6653/3041 2913/6418/2950 3046/6755/3086
f 2916/6426/2953 3019/6756/3059 2975/6655/3015
f 2979/6757/3019 3003/6758/3043 2978/6759/3018
f 2952/6536/2990 2917/6428/2954 3019/6687/3059
f 3047/6760/3087 3003/6761/3043 2979/6762/3019
f 2977/6594/3017 3048/6763/3088 2918/6429/2955
f 3047/6764/3087 2979/6765/3019 3049/6766/3089
f 2979/6601/3019 3022/6693/3062 3049/6767/3089
f 2919/6434/2956 3050/6768/3090 2955/6541/2993
f 2980/6769/3020 2981/6770/3021 3023/6771/3063
f 2959/6698/2998 3024/6700/3064 3025/6772/3065
f 2937/6490/2975 3024/6700/3064 2982/6699/3022
f 2957/6773/2995 3004/6774/3044 3051/6775/3091
f 3026/6776/3066 3052/6777/3092 2940/6493/2978
f 3004/6706/3044 2894/6372/2931 3053/6778/3093
f 2894/6372/2931 3005/6779/3045 3053/6778/3093
f 3005/6780/3045 3054/6781/3094 3053/6782/3093
f 2984/6661/3024 3028/6711/3068 3027/6783/3067
f 3027/6710/3067 3055/6784/3095 2983/6619/3023
f 2814/6261/2849 3056/6785/3096 3005/6664/3045
f 2983/6619/3023 3057/6786/3097 2735/6101/2770
f 2983/6619/3023 3055/6784/3095 3057/6786/3097
f 2872/6320/2907 3056/6785/3096 2814/6261/2849
f 3057/6786/3097 3058/6787/3098 2735/6101/2770
f 2735/6101/2770 3058/6787/3098 2985/6788/3025
f 2985/6621/3025 3059/6789/3099 2962/6666/3002
f 2816/6178/2851 3060/6790/3100 3009/6669/3049
f 2895/6374/2932 3061/6791/3101 2987/6623/3027
f 2964/6567/3004 3011/6671/3051 3030/6713/3070
f 2943/6500/2981 2990/6626/3030 2927/6499/2965
f 2965/6792/3005 2944/6793/2982 2899/6794/2936
f 2901/6506/2938 2995/6795/3035 2877/6507/2912
f 2853/6268/2888 3062/6796/3102 2879/6328/2914
f 2795/6195/2830 3063/6797/3103 2825/6193/2860
f 2825/6193/2860 3063/6797/3103 2658/5753/2691
f 3013/6726/3053 3064/6798/3104 3038/6729/3078
f 3013/6726/3053 3041/6799/3081 3064/6798/3104
f 2951/6534/2989 2969/6644/3009 3065/6800/3105
f 3042/6801/3082 3064/6802/3104 3041/6803/3081
f 3000/6804/3040 2976/6593/3016 3014/6805/3054
f 3000/6804/3040 3066/6806/3106 2976/6593/3016
f 3016/6752/3056 3067/6807/3107 2913/6418/2950
f 3017/6808/3057 3016/6809/3056 2974/6810/3014
f 2913/6418/2950 3067/6807/3107 3046/6755/3086
f 2865/6302/2900 3045/6754/3085 3017/6683/3057
f 2975/6811/3015 3068/6812/3108 3045/6813/3085
f 3003/6761/3043 3047/6760/3087 3069/6814/3109
f 3047/6764/3087 3049/6766/3089 3069/6815/3109
f 2917/6816/2954 3003/6817/3043 3070/6818/3110
f 2917/6428/2954 3071/6819/3111 3019/6687/3059
f 3021/6820/3061 3072/6821/3112 2919/6822/2956
f 3022/6693/3062 3073/6823/3113 3049/6767/3089
f 3022/6693/3062 3074/6824/3114 3073/6823/3113
f 3022/6693/3062 3023/6694/3063 3074/6824/3114
f 2957/6825/2995 3051/6826/3091 3075/6523/3115
f 3025/6827/3065 3024/6828/3064 3076/6829/3116
f 3052/6777/3092 3077/6830/3117 2940/6493/2978
f 3078/6831/3118 3057/6786/3097 3079/6832/3119
f 3079/6832/3119 3057/6786/3097 3055/6784/3095
f 3058/6833/3098 3057/6834/3097 3078/6835/3118
f 3058/6787/3098 3059/6836/3099 2985/6788/3025
f 2872/6320/2907 3006/6665/3046 3080/6837/3120
f 2962/6838/3002 3059/6836/3099 3081/6839/3121
f 2962/6840/3002 3081/6841/3121 3007/6842/3047
f 2923/6443/2961 3029/6712/3069 3008/6668/3048
f 2895/6374/2932 3082/6843/3122 3061/6791/3101
f 2895/6374/2932 3083/6844/3123 3082/6843/3122
f 2988/6624/3028 3083/6844/3123 2895/6374/2932
f 3012/6672/3052 3084/6845/3124 2926/6452/2964
f 2990/6626/3030 3085/6846/3125 2897/6376/2934
f 2926/6452/2964 3084/6845/3124 2989/6625/3029
f 2965/6568/3005 3086/6847/3126 2944/6501/2982
f 2877/6507/2912 2995/6795/3035 3087/6848/3127
f 2995/6631/3035 2821/6503/2856 3087/6849/3127
f 2903/6454/2940 3088/6850/3128 2821/6189/2856
f 2928/6634/2966 2966/6570/3006 3033/6716/3073
f 2658/5753/2691 3089/6851/3129 2996/6635/3036
f 2658/5753/2691 3063/6797/3103 3089/6851/3129
f 2683/5807/2716 3037/6724/3077 3090/6852/3130
f 2683/5807/2716 3090/6852/3130 2682/5806/2715
f 2969/6644/3009 3038/6729/3078 3065/6800/3105
f 3040/6734/3080 2951/6534/2989 3065/6800/3105
f 3064/6798/3104 3065/6800/3105 3038/6729/3078
f 3000/6804/3040 3039/6853/3079 3066/6806/3106
f 3040/6734/3080 3091/6854/3131 2998/6735/3038
f 3019/6687/3059 3068/6855/3108 2975/6856/3015
f 3046/6755/3086 3092/6857/3132 3044/6753/3084
f 3003/6858/3043 3069/6859/3109 3070/6860/3110
f 2915/6485/2952 3093/6861/3133 2977/6594/3017
f 2915/6485/2952 2866/6303/2901 3093/6861/3133
f 2866/6303/2901 3094/6862/3134 3093/6861/3133
f 3020/6863/3060 3094/6862/3134 2866/6303/2901
f 2919/6822/2956 3072/6821/3112 3050/6864/3090
f 3074/6824/3114 3095/6865/3135 3073/6823/3113
f 3074/6824/3114 3023/6694/3063 3095/6865/3135
f 2981/5073/3021 3075/3681/3115 3023/6866/3063
f 2981/6867/3021 2957/6868/2995 3075/6869/3115
f 3026/6870/3066 3025/6871/3065 3076/6872/3116
f 2955/6541/2993 3096/6873/3136 2937/6490/2975
f 3024/6828/3064 3097/6874/3137 3076/6829/3116
f 2937/6490/2975 3097/6875/3137 3024/6700/3064
f 3026/6876/3066 3077/6877/3117 3052/6878/3092
f 3056/6785/3096 3098/6879/3138 3005/6664/3045
f 3007/6667/3047 3060/6790/3100 2816/6178/2851
f 2924/6447/2962 3099/6880/3139 3029/6712/3069
f 2987/6623/3027 3061/6791/3101 2924/6447/2962
f 3009/6669/3049 3100/6881/3140 2849/6263/2884
f 2988/6624/3028 3030/6713/3070 3101/6882/3141
f 3011/6671/3051 2897/6376/2934 3102/6883/3142
f 2897/6376/2934 3085/6846/3125 3102/6883/3142
f 2990/6626/3030 2943/6500/2981 3103/6884/3143
f 2943/6500/2981 3031/6714/3071 3103/6884/3143
f 2877/6507/2912 3087/6848/3127 2992/6628/3032
f 2589/5625/2618 2877/6507/2912 2992/6628/3032
f 2967/6717/3007 3033/6716/3073 3034/6885/3074
f 2878/6886/2913 3104/6887/3144 2854/6888/2889
f 2795/6195/2830 3036/6889/3076 3063/6797/3103
f 3065/6800/3105 3064/6798/3104 3105/6890/3145
f 3064/6802/3104 3042/6801/3082 3106/6891/3146
f 2973/6892/3013 3107/6893/3147 3042/6894/3082
f 2973/6895/3013 3043/6896/3083 3107/6897/3147
f 3016/6752/3056 3017/6898/3057 3067/6807/3107
f 3045/6899/3085 3068/1668/3108 3017/6900/3057
f 3015/6750/3055 3044/6753/3084 3092/6857/3132
f 3067/6901/3107 3108/6902/3148 3046/6903/3086
f 3017/6898/3057 3068/6855/3108 3109/6904/3149
f 3069/6859/3109 3110/6905/3150 3070/6860/3110
f 3046/6903/3086 3108/6902/3148 3092/6906/3132
f 3067/6807/3107 3017/6898/3057 3109/6904/3149
f 3049/6907/3089 3111/6908/3151 3069/6909/3109
f 2917/6910/2954 3070/6911/3110 3112/5190/3152
f 3070/6912/3110 3110/6913/3150 3112/6914/3152
f 3113/6915/3153 3112/6916/3152 3110/6917/3150
f 3049/6767/3089 3073/6823/3113 3111/6918/3151
f 2917/6428/2954 3112/6919/3152 3071/6819/3111
f 3020/6688/3060 3018/6685/3058 3094/1423/3134
f 2918/6920/2955 3072/3924/3112 3021/6921/3061
f 2918/6429/2955 3048/6763/3088 3072/6922/3112
f 3093/6861/3133 3114/6923/3154 2977/6594/3017
f 3023/6924/3063 3115/6925/3155 3095/6926/3135
f 3051/6775/3091 3004/6774/3044 3075/6927/3115
f 3076/6872/3116 3116/6928/3156 3026/6870/3066
f 3026/6929/3066 3116/6930/3156 3077/6931/3117
f 2940/6493/2978 3077/6830/3117 2960/6618/3000
f 2960/6618/3000 3077/6830/3117 3028/6932/3068
f 3077/6830/3117 3117/6933/3157 3028/6932/3068
f 3027/6934/3067 3028/6935/3068 3055/6936/3095
f 3055/6937/3095 3118/6938/3158 3079/6939/3119
f 2872/6320/2907 3098/6879/3138 3056/6785/3096
f 2872/6320/2907 3080/6837/3120 3098/6879/3138
f 3058/6787/3098 3119/6940/3159 3059/6836/3099
f 3006/6665/3046 2986/6622/3026 3120/6941/3160
f 3008/6668/3048 3120/6941/3160 2986/6622/3026
f 3121/6942/3161 3122/6943/3162 3007/6667/3047
f 3007/6667/3047 3122/6943/3162 3060/6790/3100
f 3008/6668/3048 3029/6712/3069 3123/6944/3163
f 2849/6263/2884 3100/6881/3140 2963/6566/3003
f 2988/6624/3028 3101/6882/3141 3083/6844/3123
f 2989/6625/3029 3124/6945/3164 2818/6180/2853
f 2818/6180/2853 3124/6945/3164 2965/6568/3005
f 3124/6945/3164 3086/6847/3126 2965/6568/3005
f 2903/6454/2940 2929/6456/2967 3088/6850/3128
f 2904/6457/2941 3125/6946/3165 2929/6456/2967
f 2853/6720/2888 3034/6719/3074 3062/6947/3102
f 3105/6948/3145 3126/6949/3166 3040/6950/3080
f 3040/6734/3080 3065/6800/3105 3105/6890/3145
f 2998/6735/3038 3127/6951/3167 3039/6853/3079
f 3091/6854/3131 3127/6951/3167 2998/6735/3038
f 3042/6894/3082 3107/6893/3147 3106/6952/3146
f 3040/6734/3080 3128/6953/3168 3091/6854/3131
f 3039/6853/3079 3129/6954/3169 3066/6806/3106
f 3127/6951/3167 3129/6954/3169 3039/6853/3079
f 2976/6593/3016 3066/6806/3106 3130/6955/3170
f 3068/6855/3108 3131/6956/3171 3109/6904/3149
f 3068/6855/3108 3019/6687/3059 3131/6956/3171
f 3111/4069/3151 3110/6957/3150 3069/6958/3109
f 3019/6687/3059 3071/6819/3111 3132/6959/3172
f 3071/6819/3111 3112/6919/3152 3133/6960/3173
f 2977/6594/3017 3114/6923/3154 3048/6763/3088
f 3073/6961/3113 3095/6450/3135 3111/6962/3151
f 2937/6490/2975 3096/6873/3136 3097/6875/3137
f 3097/6874/3137 3134/6963/3174 3076/6829/3116
f 3116/6964/3156 3076/6965/3116 3134/6966/3174
f 3004/6706/3044 3053/6778/3093 3135/6967/3175
f 3135/6968/3175 3053/6969/3093 3054/6970/3094
f 3005/6664/3045 3136/6971/3176 3054/6972/3094
f 3078/6973/3118 3079/6974/3119 3137/6975/3177
f 3079/6939/3119 3118/6938/3158 3137/6976/3177
f 3078/6977/3118 3137/6978/3177 3058/6979/3098
f 3119/6940/3159 3138/6980/3178 3059/6836/3099
f 3059/6836/3099 3139/6981/3179 3081/6839/3121
f 3007/6842/3047 3081/6841/3121 3121/6982/3161
f 3008/6668/3048 3140/6983/3180 3120/6941/3160
f 3029/6712/3069 3141/6984/3181 3123/6944/3163
f 3061/6791/3101 3082/6843/3122 3142/6985/3182
f 3011/6671/3051 3143/6986/3183 3030/6713/3070
f 3012/6672/3052 2874/6498/2909 3144/6987/3184
f 2990/6626/3030 3145/6988/3185 3085/6846/3125
f 3146/6989/3186 3103/6990/3143 3031/6991/3071
f 2945/6502/2983 3147/6992/3187 3031/6714/3071
f 2852/6266/2887 3147/6992/3187 2945/6502/2983
f 2852/6266/2887 2992/6628/3032 3147/6992/3187
f 2966/6633/3006 3032/6715/3072 3148/6993/3188
f 2966/6633/3006 3148/6993/3188 3033/6994/3073
f 2822/6190/2857 3149/6995/3189 2904/6387/2941
f 2946/6510/2984 3150/6996/3190 2930/6511/2968
f 2930/6511/2968 3150/6996/3190 3037/6724/3077
f 2682/5806/2715 3151/6997/3191 2763/6512/2798
f 3064/6798/3104 3106/6998/3146 3105/6890/3145
f 3043/6748/3083 3015/6679/3055 3107/6999/3147
f 3040/6734/3080 3126/7000/3166 3128/6953/3168
f 3128/7001/3168 3152/7002/3192 3091/7003/3131
f 3066/7004/3106 3153/7005/3193 3130/7006/3170
f 2976/6593/3016 3130/6955/3170 3018/7007/3058
f 3111/7008/3151 3113/6915/3153 3110/6917/3150
f 3092/6857/3132 3154/7009/3194 3015/6750/3055
f 3067/6807/3107 3109/6904/3149 3108/7010/3148
f 3133/7011/3173 3112/4387/3152 3155/7012/3195
f 3071/6819/3111 3133/6960/3173 3132/6959/3172
f 3112/7013/3152 3156/7014/3196 3157/7015/3197
f 3113/7016/3153 3156/7017/3196 3112/7018/3152
f 3113/7016/3153 3158/7019/3198 3156/7017/3196
f 3111/7020/3151 3158/7019/3198 3113/7016/3153
f 3111/7020/3151 3159/7021/3199 3158/7019/3198
f 3093/6861/3133 3160/7022/3200 3114/6923/3154
f 3158/7019/3198 3157/7023/3197 3156/7017/3196
f 3111/5932/3151 3095/7024/3135 3159/7025/3199
f 3095/7024/3135 3161/7026/3201 3159/7025/3199
f 3095/7027/3135 3115/7028/3155 3161/7029/3201
f 3115/7030/3155 3023/7031/3063 3162/7032/3202
f 3023/7031/3063 3075/7033/3115 3162/7032/3202
f 3116/6930/3156 3163/7034/3203 3077/6931/3117
f 3077/6830/3117 3164/7035/3204 3117/6933/3157
f 3028/7036/3068 3165/7037/3205 3055/6937/3095
f 3028/6932/3068 3117/6933/3157 3165/7038/3205
f 3005/6664/3045 3098/6879/3138 3136/6971/3176
f 3055/6937/3095 3165/7037/3205 3118/6938/3158
f 3118/6938/3158 3166/7039/3206 3137/6976/3177
f 3118/6938/3158 3165/7037/3205 3166/7039/3206
f 3138/6980/3178 3139/6981/3179 3059/6836/3099
f 3122/6943/3162 3167/7040/3207 3060/6790/3100
f 3029/6712/3069 3099/6880/3139 3141/6984/3181
f 2924/6447/2962 3061/6791/3101 3099/6880/3139
f 3030/6713/3070 3143/6986/3183 3101/6882/3141
f 3168/7041/3208 3011/6671/3051 3102/6883/3142
f 3085/6846/3125 3169/7042/3209 3102/6883/3142
f 3085/7043/3125 3145/7044/3185 3169/7045/3209
f 2990/6626/3030 3103/6884/3143 3145/6988/3185
f 3031/7046/3071 3170/7047/3210 3146/7048/3186
f 3031/6714/3071 3147/6992/3187 3170/7049/3210
f 3032/6715/3072 2902/6383/2939 3171/7050/3211
f 3125/6946/3165 2904/6457/2941 3172/7051/3212
f 3033/6994/3073 3148/6993/3188 3173/7052/3213
f 2946/6510/2984 3035/6722/3075 3150/6996/3190
f 3105/547/3145 3106/7053/3146 3174/7054/3214
f 3126/7000/3166 3175/7055/3215 3128/6953/3168
f 3107/6893/3147 3176/7056/3216 3106/6952/3146
f 3152/7057/3192 3128/7058/3168 3177/7059/3217
f 3015/6679/3055 3154/7060/3194 3107/6999/3147
f 3018/7007/3058 3130/6955/3170 3094/6862/3134
f 3109/4995/3149 3178/7061/3218 3108/7062/3148
f 3019/6687/3059 3132/6959/3172 3131/6956/3171
f 3133/7063/3173 3179/7064/3219 3132/7065/3172
f 3112/7013/3152 3157/7015/3197 3155/7066/3195
f 3157/7015/3197 3180/7067/3220 3155/7066/3195
f 3181/7068/3221 3180/7069/3220 3158/7070/3198
f 3159/7071/3199 3181/7068/3221 3158/7070/3198
f 3114/7072/3154 3182/7073/3222 3048/7074/3088
f 3158/7070/3198 3180/7069/3220 3157/7075/3197
f 3072/6922/3112 3048/6763/3088 3183/7076/3223
f 3115/7077/3155 3184/7078/3224 3185/7079/3225
f 3161/7080/3201 3115/7081/3155 3185/7082/3225
f 3115/7083/3155 3186/7084/3226 3184/7085/3224
f 3115/7030/3155 3162/7032/3202 3186/7086/3226
f 3096/7087/3136 2955/7088/2993 3097/7089/3137
f 3116/6964/3156 3134/6966/3174 3163/7090/3203
f 3164/7035/3204 3187/7091/3227 3117/6933/3157
f 3117/6933/3157 3187/7091/3227 3165/7038/3205
f 3165/7038/3205 3187/7091/3227 3188/7092/3228
f 3081/6841/3121 3122/7093/3162 3121/6982/3161
f 3008/7094/3048 3123/7095/3163 3140/7096/3180
f 3099/1551/3139 3189/7097/3229 3141/7098/3181
f 3060/7099/3100 3167/7100/3207 3009/7101/3049
f 3100/6881/3140 3190/7102/3230 2963/6566/3003
f 3010/6670/3050 3144/6987/3184 2874/6498/2909
f 3011/7103/3051 3191/7104/3231 3143/7105/3183
f 3011/7103/3051 3168/7106/3208 3191/7104/3231
f 3102/7107/3142 3192/7108/3232 3191/7109/3231
f 3102/6883/3142 3191/7110/3231 3168/7041/3208
f 2944/6501/2982 3193/7111/3233 2900/6379/2937
f 2992/6628/3032 3194/7112/3234 3147/6992/3187
f 2993/6629/3033 3195/7113/3235 2994/6630/3034
f 3032/6715/3072 3171/7050/3211 3148/6993/3188
f 2996/6635/3036 3149/6995/3189 2822/6190/2857
f 2878/6327/2913 2879/6328/2914 3104/7114/3144
f 3089/7115/3129 3196/7116/3236 2996/7117/3036
f 3036/6723/3076 2763/6036/2798 3151/7118/3191
f 3105/6948/3145 3174/7119/3214 3126/6949/3166
f 3128/6953/3168 3175/7055/3215 3177/7120/3217
f 3106/7053/3146 3176/7121/3216 3174/7054/3214
f 3152/7122/3192 3197/7123/3237 3091/7124/3131
f 3109/7125/3149 3198/2799/3238 3178/7126/3218
f 3093/6861/3133 3094/6862/3134 3199/7127/3239
f 3114/6923/3154 3200/7128/3240 3182/7129/3222
f 3160/7022/3200 3200/7128/3240 3114/6923/3154
f 3108/6902/3148 3178/7130/3218 3201/7131/3241
f 3161/7026/3201 3181/7132/3221 3159/7025/3199
f 3161/7026/3201 3202/7133/3242 3181/7132/3221
f 3048/7134/3088 3182/7135/3222 3183/7136/3223
f 3161/7137/3201 3185/7138/3225 3202/7139/3242
f 3050/6864/3090 3072/6821/3112 3203/7140/3243
f 3050/6768/3090 3097/6875/3137 2955/6541/2993
f 3134/7141/3174 3204/7142/3244 3163/7143/3203
f 3134/6963/3174 3097/6874/3137 3204/7144/3244
f 3164/7145/3204 3077/6931/3117 3187/7146/3227
f 3077/6931/3117 3163/7034/3203 3187/7146/3227
f 3135/7147/3175 3054/6972/3094 3136/6971/3176
f 3188/7092/3228 3205/7148/3245 3165/7038/3205
f 3205/7148/3245 3206/7149/3246 3165/7038/3205
f 3165/7038/3205 3206/7149/3246 3166/7150/3206
f 3137/7151/3177 3166/7152/3206 3058/7153/3098
f 3119/7154/3159 3139/7155/3179 3138/7156/3178
f 3119/7157/3159 3058/7158/3098 3139/4493/3179
f 3058/7153/3098 3207/7159/3247 3139/7160/3179
f 3058/7153/3098 3166/7152/3206 3207/7159/3247
f 3081/6841/3121 3208/7161/3248 3122/7093/3162
f 3141/6984/3181 3209/7162/3249 3123/6944/3163
f 3141/6984/3181 3189/7163/3229 3209/7162/3249
f 3167/7040/3207 3210/7164/3250 3009/6669/3049
f 3061/6791/3101 3142/6985/3182 3099/6880/3139
f 3211/7165/3251 3142/6985/3182 3082/6843/3122
f 3082/6843/3122 3083/6844/3123 3211/7165/3251
f 2963/6566/3003 3190/7102/3230 2851/6265/2886
f 2989/6625/3029 3084/6845/3124 3124/6945/3164
f 3124/6945/3164 3212/7166/3252 3086/6847/3126
f 3086/6847/3126 3213/7167/3253 2944/6501/2982
f 3146/6989/3186 3170/7168/3210 3103/6990/3143
f 2900/6379/2937 3214/7169/3254 2991/6627/3031
f 2994/6630/3034 3171/7050/3211 2902/6383/2939
f 2929/6456/2967 3125/6946/3165 3088/6850/3128
f 3033/6716/3073 3173/7170/3213 3034/6885/3074
f 3090/6852/3130 3215/7171/3255 2682/5806/2715
f 2682/5806/2715 3215/7171/3255 3151/6997/3191
f 3177/7059/3217 3197/7172/3237 3152/7057/3192
f 3129/7173/3169 3216/1827/3256 3066/7174/3106
f 3175/7055/3215 3197/7175/3237 3177/7120/3217
f 3126/7000/3166 3217/7176/3257 3175/7055/3215
f 3129/6954/3169 3218/7177/3258 3216/7178/3256
f 3133/7179/3173 3219/7180/3259 3179/7181/3219
f 3133/7179/3173 3180/7182/3220 3219/7180/3259
f 3155/7183/3195 3180/7184/3220 3133/7185/3173
f 3179/7064/3219 3219/7186/3259 3132/7065/3172
f 3154/7009/3194 3092/6857/3132 3220/7187/3260
f 3092/7188/3132 3221/7189/3261 3220/7190/3260
f 3092/6906/3132 3108/6902/3148 3201/7131/3241
f 3178/7130/3218 3198/7191/3238 3201/7131/3241
f 3132/6959/3172 3222/7192/3262 3131/6956/3171
f 3219/7193/3259 3222/7192/3262 3132/6959/3172
f 3180/4466/3220 3202/7194/3242 3223/7195/3263
f 3093/6861/3133 3199/7127/3239 3160/7022/3200
f 3094/6862/3134 3224/7196/3264 3199/7127/3239
f 3201/7197/3241 3221/7198/3261 3092/6857/3132
f 3131/6956/3171 3225/7199/3265 3226/7200/3266
f 3202/7201/3242 3227/7202/3267 3223/7203/3263
f 3072/6922/3112 3183/7076/3223 3203/7204/3243
f 3184/7205/3224 3186/7206/3226 3185/7207/3225
f 3050/6768/3090 3203/7208/3243 3097/6875/3137
f 3097/6874/3137 3228/7209/3268 3204/7144/3244
f 3004/7210/3044 3135/7211/3175 3075/7212/3115
f 3163/7034/3203 3229/7213/3269 3187/7146/3227
f 3205/7148/3270 3230/7214/3271 3206/7149/3272
f 3120/6941/3160 3231/7215/3273 3006/6665/3046
f 3139/7160/3179 3207/7159/3247 3208/7216/3248
f 3139/7160/3179 3208/7216/3248 3081/7217/3121
f 3123/7095/3163 3209/7218/3249 3140/7096/3180
f 2851/6265/2886 3190/7102/3230 2896/6375/2933
f 3101/6882/3141 3232/7219/3274 3083/6844/3123
f 3143/6986/3183 3233/7220/3275 3101/6882/3141
f 3192/7108/3232 3234/7221/3276 3191/7109/3231
f 3192/7222/3232 3102/6883/3142 3234/7223/3276
f 3169/7042/3209 3234/7223/3276 3102/6883/3142
f 3145/7044/3185 3235/7224/3277 3169/7045/3209
f 3103/6884/3143 3235/7225/3277 3145/6988/3185
f 3086/6847/3126 3236/7226/3278 3213/7167/3253
f 3170/7049/3210 3147/6992/3187 3237/7227/3279
f 2944/6501/2982 3213/7167/3253 3193/7111/3233
f 3088/7228/3128 3238/7229/3280 2821/6503/2856
f 3034/6719/3074 3239/7230/3281 3062/6947/3102
f 3090/6852/3130 3037/6724/3077 3215/7171/3255
f 3216/7231/3256 3153/7232/3193 3066/7233/3106
f 3127/6951/3167 3218/7177/3258 3129/6954/3169
f 3127/6951/3167 3240/7234/3282 3218/7177/3258
f 3127/6951/3167 3091/6854/3131 3240/7234/3282
f 3197/7123/3237 3240/7235/3282 3091/7124/3131
f 3094/6862/3134 3130/6955/3170 3224/7196/3264
f 3109/6904/3149 3131/6956/3171 3198/7236/3238
f 3131/6956/3171 3241/7237/3283 3198/7236/3238
f 3180/7182/3220 3242/7238/3284 3219/7180/3259
f 3180/7239/3220 3181/7240/3221 3202/7241/3242
f 3131/6956/3171 3222/7192/3262 3225/7199/3265
f 3180/7242/3220 3227/7243/3267 3242/7244/3284
f 3180/7242/3220 3223/7245/3263 3227/7243/3267
f 3182/7129/3222 3200/7128/3240 3183/7076/3223
f 3131/7246/3171 3226/7247/3266 3241/7248/3283
f 3183/7076/3223 3200/7128/3240 3243/7249/3285
f 3202/7250/3242 3185/7251/3225 3244/7252/3286
f 3203/7204/3243 3183/7076/3223 3243/7249/3285
f 3243/7253/3285 3245/7254/3287 3203/7255/3243
f 3186/7256/3226 3246/7257/3288 3247/7258/3289
f 3185/7259/3225 3186/7260/3226 3247/7261/3289
f 3186/7086/3226 3162/7032/3202 3246/7262/3288
f 3203/7263/3243 3248/7264/3290 3097/7265/3137
f 3097/7266/3137 3249/7267/3291 3228/7268/3268
f 3163/7034/3203 3250/7269/3292 3229/7213/3269
f 3187/7270/3227 3229/7271/3269 3188/7272/3228
f 3135/7147/3175 3136/6971/3176 3251/7273/3293
f 3252/7274/3294 3188/7275/3228 3229/7276/3269
f 3252/7277/3294 3205/7278/3245 3188/7279/3228
f 3136/6971/3176 3098/6879/3138 3253/7280/3295
f 3166/7150/3206 3206/7149/3246 3207/7281/3247
f 3122/7093/3162 3208/7161/3248 3210/7282/3250
f 3140/7096/3180 3254/7283/3296 3120/7284/3160
f 3122/7093/3162 3210/7282/3250 3167/7285/3207
f 3189/7163/3229 3099/6880/3139 3255/7286/3297
f 3256/7287/3298 3190/7288/3230 3100/7289/3140
f 3190/7102/3230 3010/6670/3050 2896/6375/2933
f 3101/6882/3141 3233/7220/3275 3232/7219/3274
f 3012/6672/3052 3144/6987/3184 3084/6845/3124
f 3084/6845/3124 3257/7290/3299 3124/6945/3164
f 3258/7291/3300 3214/7169/3254 2900/6379/2937
f 2821/6503/2856 3238/7229/3280 3087/6849/3127
f 3104/7114/3144 2824/6192/2859 2854/6272/2889
f 3063/7292/3103 3036/1230/3076 3196/7293/3236
f 3037/6724/3077 3259/7294/3301 3215/7171/3255
f 3174/7119/3214 3176/7295/3216 3126/6949/3166
f 3126/6949/3166 3176/7295/3216 3217/7296/3257
f 3197/7123/3237 3260/7297/3302 3240/7235/3282
f 3200/7128/3240 3160/7022/3200 3261/7298/3303
f 3219/7193/3259 3262/7299/3304 3222/7192/3262
f 3241/3370/3305 3225/7300/3306 3263/7301/3307
f 3222/7192/3262 3262/7299/3304 3225/7199/3265
f 3202/7250/3242 3244/7252/3286 3227/7302/3267
f 3225/7303/3265 3241/7304/3283 3226/7305/3266
f 3185/7306/3225 3264/7307/3308 3244/7308/3286
f 3247/7309/3289 3264/7310/3308 3185/7311/3225
f 3162/7032/3202 3265/7312/3309 3246/7262/3288
f 3075/7033/3115 3266/7313/3310 3162/7032/3202
f 3204/7314/3244 3267/7315/3311 3163/7316/3203
f 3204/7144/3244 3228/7209/3268 3267/2608/3311
f 3228/7317/3268 3249/7318/3291 3267/7319/3311
f 3163/7316/3203 3267/7315/3311 3250/3662/3292
f 3205/7320/3245 3252/7321/3294 3206/1488/3246
f 3098/7322/3138 3080/7323/3120 3231/7324/3273
f 3080/6837/3120 3006/6665/3046 3231/7215/3273
f 3206/7325/3246 3268/7326/3312 3207/7327/3247
f 3269/7328/3313 3208/7329/3248 3207/7330/3247
f 3208/7161/3248 3270/7331/3314 3271/7332/3315
f 3189/7163/3229 3255/7286/3297 3209/7162/3249
f 3009/6669/3049 3210/7164/3250 3100/6881/3140
f 3083/6844/3123 3232/7219/3274 3211/7165/3251
f 3143/6986/3183 3272/7333/3316 3233/7220/3275
f 3143/6986/3183 3191/7110/3231 3272/7333/3316
f 3234/7221/3276 3273/7334/3317 3191/7109/3231
f 3212/7335/3252 3236/6869/3278 3086/7336/3126
f 3237/7227/3279 3147/6992/3187 3274/7337/3318
f 3147/6992/3187 3194/7112/3234 3274/7337/3318
f 3193/7338/3233 3258/7339/3300 2900/7340/2937
f 3193/7111/3233 3275/7341/3319 3258/7291/3300
f 2994/6630/3034 3195/7113/3235 3171/7050/3211
f 3171/7050/3211 3276/7342/3320 3148/6993/3188
f 3196/7343/3236 3089/6851/3129 3063/6797/3103
f 3176/7295/3216 3277/7344/3321 3217/7296/3257
f 3278/7345/3322 3176/7056/3216 3107/6893/3147
f 3279/7346/3323 3278/7345/3322 3107/6893/3147
f 3197/7175/3237 3175/7055/3215 3280/7347/3324
f 3175/7055/3215 3217/7176/3257 3277/7348/3321
f 3281/7349/3325 3130/7006/3170 3153/7005/3193
f 3216/7178/3256 3218/7177/3258 3282/7350/3326
f 3107/6999/3147 3154/7060/3194 3220/7351/3260
f 3281/7349/3325 3224/7352/3264 3130/7006/3170
f 3198/7236/3238 3241/7237/3283 3283/7353/3327
f 3284/7354/3328 3219/7355/3259 3242/7356/3284
f 3241/3370/3305 3263/7301/3307 3285/7357/3329
f 3241/7304/3305 3285/7358/3329 3225/7303/3306
f 3241/3370/3283 3225/7300/3265 3286/7359/3330
f 3262/7360/3304 3286/7361/3330 3225/7362/3265
f 3242/7244/3284 3227/7243/3267 3284/7363/3328
f 3284/5511/3328 3227/7364/3267 3244/7365/3286
f 3201/7197/3241 3287/7366/3331 3221/7198/3261
f 3225/7303/3306 3285/7358/3329 3263/7367/3307
f 3200/7128/3240 3288/7368/3332 3243/7249/3285
f 3244/7308/3286 3264/7307/3308 3289/7369/3333
f 3265/7312/3309 3162/7032/3202 3290/7370/3334
f 3162/7032/3202 3266/7313/3310 3290/7370/3334
f 3075/7212/3115 3135/7211/3175 3291/7371/3335
f 3267/7372/3311 3249/7373/3291 3250/7374/3292
f 3251/7273/3293 3291/7375/3335 3135/7147/3175
f 3249/7376/3291 3292/7377/3336 3250/7269/3292
f 3292/7377/3336 3229/7213/3269 3250/7269/3292
f 3207/7378/3247 3293/7379/3337 3269/7380/3313
f 3269/7328/3313 3270/7381/3314 3208/7329/3248
f 3208/7161/3248 3271/7332/3315 3210/7282/3250
f 3211/7165/3251 3232/7219/3274 3294/7382/3338
f 3295/7383/3339 3144/6987/3184 3010/6670/3050
f 3272/7333/3316 3191/7110/3231 3273/7384/3317
f 3296/7385/3340 3234/7223/3276 3169/7042/3209
f 3297/7386/3341 3235/7225/3277 3103/6884/3143
f 3298/7387/3342 3213/7388/3253 3236/7389/3278
f 3103/6884/3143 3237/7227/3279 3299/7390/3343
f 3103/6990/3143 3170/7168/3210 3237/7391/3279
f 3300/7392/3344 2991/6627/3031 3214/7169/3254
f 2991/6627/3031 3300/7392/3344 2993/6629/3033
f 3300/7392/3344 3195/7113/3235 2993/6629/3033
f 3301/7393/3345 3088/6850/3128 3125/6946/3165
f 3238/7229/3280 3088/7228/3128 3301/7394/3345
f 3301/7393/3345 3125/6946/3165 3302/7395/3346
f 3302/7395/3346 3125/6946/3165 3172/7051/3212
f 3172/7396/3212 2904/6387/2941 3149/6995/3189
f 2879/6328/2914 3303/7397/3347 3104/7114/3144
f 3153/7232/3193 3216/7231/3256 3304/7398/3348
f 3197/7123/3237 3280/7399/3324 3260/7297/3302
f 3107/6893/3147 3220/7400/3260 3279/7346/3323
f 3153/7005/3193 3304/7401/3348 3281/7349/3325
f 3218/7177/3258 3305/7402/3349 3282/7350/3326
f 3218/7177/3258 3240/7234/3282 3305/7402/3349
f 3240/5875/3282 3260/7403/3302 3306/7404/3350
f 3219/7193/3259 3307/7405/3351 3262/7299/3304
f 3160/7022/3200 3199/7127/3239 3261/7298/3303
f 3241/3370/3283 3286/7359/3330 3308/7406/3352
f 3284/7407/3328 3307/7405/3351 3219/7193/3259
f 3198/7408/3238 3283/7409/3327 3309/7410/3353
f 3200/7128/3240 3261/7298/3303 3288/7368/3332
f 3201/7197/3241 3198/7236/3238 3287/7366/3331
f 3262/7411/3304 3310/7412/3354 3286/7413/3330
f 3288/7368/3332 3245/7414/3287 3243/7249/3285
f 3245/7415/3287 3311/1053/3355 3203/7416/3243
f 3246/7417/3288 3265/7418/3309 3247/7419/3289
f 3203/7420/3243 3311/7421/3355 3248/7422/3290
f 3247/7309/3289 3290/7423/3334 3264/7310/3308
f 3097/7265/3137 3248/7264/3290 3249/7424/3291
f 3075/7212/3115 3291/7371/3335 3266/7425/3310
f 3136/6971/3176 3312/7426/3356 3251/7273/3293
f 3136/6971/3176 3253/7280/3295 3312/7426/3356
f 3229/7427/3269 3206/7428/3246 3252/7429/3294
f 3098/7322/3138 3231/7324/3273 3313/7430/3357
f 3268/7326/3312 3293/7431/3337 3207/7327/3247
f 3120/6941/3160 3254/7432/3296 3231/7215/3273
f 3270/7381/3314 3269/7328/3313 3271/7433/3315
f 3100/6881/3140 3210/7164/3250 3314/7434/3358
f 3099/6880/3139 3142/6985/3182 3315/7435/3359
f 3100/6881/3140 3314/7434/3358 3256/7436/3298
f 3315/7435/3359 3142/6985/3182 3211/7165/3251
f 3273/7334/3317 3234/7221/3276 3316/7437/3360
f 3234/7223/3276 3296/7385/3340 3316/7438/3360
f 3257/7290/3299 3317/7439/3361 3124/6945/3164
f 3169/7042/3209 3235/7225/3277 3296/7385/3340
f 3236/6869/3278 3212/7335/3252 3124/7440/3164
f 3318/7441/3362 3235/7225/3277 3297/7386/3341
f 3237/7442/3279 3274/7443/3318 3299/7444/3343
f 2992/6628/3032 3319/7445/3363 3194/7112/3234
f 3319/7445/3363 2992/6628/3032 3320/7446/3364
f 2992/6628/3032 3087/6848/3127 3321/7447/3365
f 3195/7113/3235 3276/7342/3320 3171/7050/3211
f 3276/7342/3320 3322/7448/3366 3148/6993/3188
f 3323/7449/3367 3173/7052/3213 3148/6993/3188
f 3173/7170/3213 3239/7450/3281 3034/6885/3074
f 3104/7114/3144 3324/7451/3368 2824/6192/2859
f 3277/7452/3321 3176/7453/3216 3325/7454/3369
f 3282/7455/3326 3326/7456/3370 3216/7457/3256
f 3175/7055/3215 3327/7458/3371 3280/7347/3324
f 3277/7348/3321 3327/7458/3371 3175/7055/3215
f 3260/7403/3302 3327/7459/3371 3306/7404/3350
f 3280/7399/3324 3327/7460/3371 3260/7297/3302
f 3224/7352/3264 3281/7349/3325 3328/7461/3372
f 3241/7237/3283 3308/7462/3352 3309/7463/3353
f 3198/7236/3238 3309/7463/3353 3287/7366/3331
f 3310/7412/3354 3262/7411/3304 3329/7464/3373
f 3262/7465/3304 3307/7466/3351 3329/7467/3373
f 3244/7468/3286 3330/7469/3374 3284/7470/3328
f 3286/7413/3330 3310/7412/3354 3308/7471/3352
f 3264/7307/3308 3290/7472/3334 3289/7369/3333
f 3247/7419/3289 3265/7418/3309 3290/7473/3334
f 3290/7472/3334 3331/7474/3375 3289/7369/3333
f 3248/7264/3290 3292/7475/3336 3249/7424/3291
f 3291/7476/3335 3251/7477/3293 3332/7478/3376
f 3229/7479/3269 3333/7480/3377 3206/7325/3246
f 3206/7325/3246 3334/7481/3378 3268/7326/3312
f 3313/7430/3357 3335/7482/3379 3098/7322/3138
f 3255/7286/3297 3336/7483/3380 3209/7162/3249
f 3099/7484/3139 3315/7485/3359 3255/7486/3297
f 3296/7385/3340 3337/7487/3381 3316/7438/3360
f 3317/7439/3361 3236/7226/3278 3124/6945/3164
f 3299/7390/3343 3297/7386/3341 3103/6884/3143
f 3213/7167/3253 3275/7341/3319 3193/7111/3233
f 3275/7341/3319 3214/7169/3254 3258/7291/3300
f 3300/7392/3344 3338/7488/3382 3195/7113/3235
f 3149/6995/3189 3339/7489/3383 3172/7396/3212
f 3196/7343/3236 3340/7490/3384 2996/6635/3036
f 2996/6635/3036 3340/7490/3384 3149/6995/3189
f 3062/6796/3102 3341/7491/3385 2879/6328/2914
f 3324/7451/3368 3035/6722/3075 2824/6192/2859
f 3215/7171/3255 3259/7294/3301 3151/6997/3191
f 3277/7492/3321 3325/7493/3369 3327/7494/3371
f 3240/7234/3282 3342/7495/3386 3305/7402/3349
f 3240/7496/3282 3306/7497/3350 3342/4068/3386
f 3224/7196/3264 3261/7298/3303 3199/7127/3239
f 3241/7498/3283 3309/7499/3353 3283/7500/3327
f 3261/7298/3303 3343/7501/3387 3288/7368/3332
f 3307/7405/3351 3284/7407/3328 3329/7502/3373
f 3310/7503/3354 3329/7504/3373 3308/7505/3352
f 3311/7506/3355 3245/7414/3287 3288/7368/3332
f 3244/7308/3286 3289/7369/3333 3330/7507/3374
f 3311/7421/3355 3344/7508/3388 3248/7422/3290
f 3289/7369/3333 3345/7509/3389 3330/7507/3374
f 3289/7510/3333 3331/7511/3375 3345/7512/3389
f 3291/7371/3335 3346/7513/3390 3266/7425/3310
f 3229/7479/3269 3292/7514/3336 3333/7480/3377
f 3098/6879/3138 3335/7515/3379 3253/7280/3295
f 3268/7516/3312 3347/7517/3391 3293/7518/3337
f 3209/7218/3249 3336/7519/3380 3140/7096/3180
f 3348/7520/3392 3255/7486/3297 3315/7485/3359
f 3190/7288/3230 3256/7287/3298 3349/7521/3393
f 3190/7102/3230 3295/7383/3339 3010/6670/3050
f 3316/7437/3360 3337/7522/3381 3273/7334/3317
f 3235/7225/3277 3318/7441/3362 3296/7385/3340
f 3350/7523/3394 3214/7169/3254 3275/7341/3319
f 3087/6848/3127 3238/7524/3280 3321/7447/3365
f 3195/7113/3235 3351/7525/3395 3276/7342/3320
f 3339/7526/3383 3302/7395/3346 3172/7051/3212
f 3239/7527/3281 3341/7528/3385 3062/7529/3102
f 3216/7231/3256 3326/7530/3370 3304/7398/3348
f 3279/7531/3323 3352/7532/3396 3278/7533/3322
f 3325/7534/3369 3353/7535/3397 3327/6705/3371
f 3282/7455/3326 3354/5822/3398 3326/7456/3370
f 3224/7196/3264 3355/7536/3399 3261/7298/3303
f 3328/7537/3372 3355/7536/3399 3224/7196/3264
f 3221/7189/3261 3356/7538/3400 3220/7190/3260
f 3309/7463/3353 3357/7539/3401 3287/7366/3331
f 3284/7407/3328 3330/7540/3374 3329/7502/3373
f 3311/7541/3355 3288/7542/3332 3358/7543/3402
f 3309/7463/3353 3308/7462/3352 3357/7539/3401
f 3308/7544/3352 3359/3383/3403 3360/7545/3404
f 3308/7462/3352 3329/7502/3373 3359/7546/3403
f 3311/7506/3355 3358/7547/3402 3344/7548/3388
f 3290/7370/3334 3266/7313/3310 3346/7549/3390
f 3291/7371/3335 3361/7550/3405 3346/7513/3390
f 3292/7551/3336 3362/7552/3406 3333/7553/3377
f 3333/7480/3377 3363/7554/3407 3206/7325/3246
f 3206/7325/3246 3363/7554/3407 3334/7481/3378
f 3334/7555/3378 3364/7556/3408 3268/7516/3312
f 3293/7379/3337 3365/7557/3409 3269/7380/3313
f 3347/7558/3391 3365/7557/3409 3293/7379/3337
f 3269/7328/3313 3365/7559/3409 3271/7433/3315
f 3140/7096/3180 3336/7519/3380 3254/7283/3296
f 3255/7286/3297 3366/7560/3410 3336/7483/3380
f 3210/7561/3250 3367/7562/3411 3314/7563/3358
f 3255/7286/3297 3348/7564/3392 3366/7560/3410
f 3256/7436/3298 3314/7434/3358 3349/7565/3393
f 3211/7165/3251 3294/7382/3338 3315/7435/3359
f 3233/7220/3275 3368/7566/3412 3232/7219/3274
f 3272/7333/3316 3368/7566/3412 3233/7220/3275
f 3273/7384/3317 3369/7567/3413 3272/7333/3316
f 3370/7568/3414 3299/7569/3343 3274/7570/3318
f 3194/7112/3234 3370/7571/3414 3274/7337/3318
f 3194/7112/3234 3371/7572/3415 3370/7571/3414
f 3213/7167/3253 3372/7573/3416 3275/7341/3319
f 3350/7523/3394 3275/7341/3319 3372/7573/3416
f 3214/7169/3254 3350/7523/3394 3373/7574/3417
f 3373/7574/3417 3300/7392/3344 3214/7169/3254
f 3323/7575/3367 3239/7450/3281 3173/7170/3213
f 2879/7576/2914 3341/7577/3385 3303/7578/3347
f 3036/6889/3076 3151/6997/3191 3196/7343/3236
f 3279/7579/3323 3374/7580/3418 3375/7581/3419
f 3326/7582/3370 3354/7583/3398 3376/7584/3420
f 3305/7402/3349 3354/7585/3398 3282/7350/3326
f 3305/7402/3349 3377/7586/3421 3354/7585/3398
f 3342/7587/3386 3377/7588/3421 3305/7589/3349
f 3355/7536/3399 3343/7501/3387 3261/7298/3303
f 3329/7502/3373 3330/7540/3374 3378/7590/3422
f 3287/7366/3331 3357/7539/3401 3221/7198/3261
f 3308/7462/3352 3360/7591/3404 3357/7539/3401
f 3360/7591/3404 3379/7592/3423 3357/7539/3401
f 3344/7548/3388 3358/7547/3402 3380/7593/3424
f 3360/7591/3404 3359/7546/3403 3379/7592/3423
f 3344/7508/3388 3380/7594/3424 3248/7422/3290
f 3330/7507/3374 3345/7509/3389 3381/7595/3425
f 3331/7474/3375 3381/7595/3425 3345/7509/3389
f 3331/7596/3375 3290/7597/3334 3381/7598/3425
f 3248/7264/3290 3362/7599/3406 3292/7475/3336
f 3381/7600/3425 3290/7601/3334 3346/7513/3390
f 3364/7556/3408 3382/7602/3426 3268/7516/3312
f 3313/7430/3357 3383/7603/3427 3335/7482/3379
f 3313/7430/3357 3231/7324/3273 3383/7603/3427
f 3268/7516/3312 3382/7602/3426 3347/7517/3391
f 3384/7604/3428 3347/7605/3391 3382/7606/3426
f 3385/7607/3429 3367/7608/3411 3210/7164/3250
f 3349/7609/3393 3386/7610/3430 3190/7611/3230
f 3272/7333/3316 3387/7612/3431 3368/7566/3412
f 3144/6987/3184 3388/7613/3432 3084/6845/3124
f 3388/7613/3432 3257/7290/3299 3084/6845/3124
f 3337/7522/3381 3389/7614/3433 3273/7334/3317
f 3337/7615/3381 3296/7616/3340 3389/7617/3433
f 3297/7386/3341 3296/7385/3340 3318/7441/3362
f 3213/7167/3253 3298/7618/3342 3372/7573/3416
f 3320/7446/3364 2992/6628/3032 3390/7619/3434
f 3276/7342/3320 3351/7525/3395 3391/7620/3435
f 3276/7342/3320 3392/7621/3436 3322/7448/3366
f 3148/7622/3188 3322/7623/3366 3393/7624/3437
f 3149/7625/3189 3394/7626/3438 3339/7526/3383
f 3340/7490/3384 3395/7627/3439 3149/6995/3189
f 3104/7114/3144 3303/7397/3347 3324/7451/3368
f 3151/6997/3191 3396/7628/3440 3196/7343/3236
f 3325/7454/3369 3397/7629/3441 3353/7630/3397
f 3325/7454/3369 3176/7453/3216 3397/7629/3441
f 3279/7631/3323 3375/7632/3419 3352/7633/3396
f 3304/7401/3348 3398/7634/3442 3281/7349/3325
f 3327/7459/3371 3399/7635/3443 3306/7404/3350
f 3329/7502/3373 3378/7590/3422 3359/7546/3403
f 3358/7547/3402 3400/7636/3444 3380/7593/3424
f 3248/7264/3290 3380/7637/3424 3362/7599/3406
f 3291/7375/3335 3332/7638/3376 3361/7639/3405
f 3362/7640/3406 3363/7554/3407 3333/7480/3377
f 3334/7555/3378 3401/7641/3445 3364/7556/3408
f 3401/7641/3445 3382/7602/3426 3364/7556/3408
f 3402/7642/3446 3365/7643/3409 3347/7644/3391
f 3254/7432/3296 3403/7645/3447 3231/7215/3273
f 3403/7645/3447 3254/7432/3296 3404/7646/3448
f 3210/7282/3250 3271/7332/3315 3405/7647/3449
f 3210/7282/3250 3405/7647/3449 3385/7648/3429
f 3336/7519/3380 3366/7649/3410 3254/7283/3296
f 3254/7432/3296 3366/7560/3410 3404/7646/3448
f 3190/7102/3230 3386/7650/3430 3295/7383/3339
f 3387/7651/3431 3406/7652/3450 3368/7653/3412
f 3407/7654/3451 3387/7612/3431 3272/7333/3316
f 3272/7333/3316 3408/7655/3452 3407/7654/3451
f 3272/7333/3316 3369/7567/3413 3408/7655/3452
f 3295/7383/3339 3388/7613/3432 3144/6987/3184
f 3273/7384/3317 3389/7656/3433 3369/7567/3413
f 3370/7657/3414 3371/7658/3415 3299/7659/3343
f 3298/7618/3342 3409/7660/3453 3372/7573/3416
f 3372/7573/3416 3409/7660/3453 3350/7523/3394
f 3194/7112/3234 3410/7661/3454 3371/7572/3415
f 3300/7392/3344 3373/7574/3417 3411/7662/3455
f 3321/7447/3365 3390/7619/3434 2992/6628/3032
f 3338/7488/3382 3412/7663/3456 3195/7113/3235
f 3412/7663/3456 3351/7525/3395 3195/7113/3235
f 3276/7664/3320 3391/7665/3435 3392/7666/3436
f 3148/7622/3188 3393/7624/3437 3323/7667/3367
f 3239/7527/3281 3413/7668/3457 3341/7528/3385
f 3035/7669/3075 3414/7670/3458 3415/7671/3459
f 3035/6722/3075 3415/7672/3459 3150/6996/3190
f 3150/6996/3190 3416/7673/3460 3037/6724/3077
f 3176/7056/3216 3278/7345/3322 3397/7674/3441
f 3326/7530/3370 3417/7675/3461 3304/7398/3348
f 3326/7530/3370 3376/7676/3420 3417/7675/3461
f 3328/7461/3372 3281/7349/3325 3398/7634/3442
f 3327/7677/3371 3418/7678/3462 3419/7679/3463
f 3327/7677/3371 3353/7680/3397 3418/7678/3462
f 3220/7400/3260 3374/7681/3418 3279/7346/3323
f 3328/7682/3372 3398/7683/3442 3355/7684/3399
f 3342/7685/3386 3306/7686/3350 3420/7687/3464
f 3399/7635/3443 3420/7688/3464 3306/7404/3350
f 3356/7538/3400 3421/7689/3465 3220/7190/3260
f 3356/7538/3400 3221/7189/3261 3422/7690/3466
f 3221/7691/3261 3423/7692/3467 3422/7693/3466
f 3221/7694/3261 3357/7695/3401 3423/530/3467
f 3288/7368/3332 3400/7636/3444 3358/7547/3402
f 3357/7539/3401 3379/7592/3423 3424/7696/3468
f 3378/7697/3422 3330/7698/3374 3425/7699/3469
f 3330/7700/3374 3381/7701/3425 3426/7702/3470
f 3380/7703/3424 3427/7704/3471 3362/7705/3406
f 3346/7513/3390 3361/7550/3405 3428/7706/3472
f 3362/7707/3406 3429/7708/3473 3363/7709/3407
f 3335/7515/3379 3430/7710/3474 3253/7280/3295
f 3363/7711/3407 3431/5742/3475 3334/7712/3378
f 3334/7713/3378 3431/6028/3475 3432/7714/3476
f 3401/7715/3477 3382/7716/3478 3384/7717/3479
f 3347/7644/3391 3384/7718/3428 3402/7642/3446
f 3271/7332/3315 3365/7719/3409 3405/7647/3449
f 3385/7607/3429 3314/7434/3358 3367/7608/3411
f 3232/7219/3274 3433/7720/3480 3294/7382/3338
f 3232/7219/3274 3368/7566/3412 3433/7720/3480
f 3387/7651/3431 3434/7721/3481 3406/7652/3450
f 3389/7617/3433 3296/7616/3340 3435/7722/3482
f 3436/7723/3483 3298/7618/3342 3236/7226/3278
f 3350/7523/3394 3437/7724/3484 3373/7574/3417
f 3319/7445/3363 3438/7725/3485 3194/7112/3234
f 3320/7446/3364 3390/7619/3434 3319/7445/3363
f 3411/7726/3455 3439/7727/3486 3300/7728/3344
f 3439/7729/3486 3338/7488/3382 3300/7392/3344
f 3323/7575/3367 3440/7730/3487 3239/7450/3281
f 3150/6996/3190 3415/7672/3459 3416/7673/3460
f 3352/7731/3396 3441/7732/3488 3397/3857/3441
f 3352/7532/3396 3397/7733/3441 3278/7533/3322
f 3375/7632/3419 3442/7440/3489 3352/7633/3396
f 3327/7734/3371 3419/7735/3463 3399/7736/3443
f 3375/7581/3419 3374/7580/3418 3442/7737/3489
f 3220/7400/3260 3443/7738/3490 3374/7681/3418
f 3343/7501/3387 3400/7636/3444 3288/7368/3332
f 3357/7739/3401 3444/7740/3491 3423/7741/3467
f 3357/7742/3401 3424/7743/3468 3444/7744/3491
f 3346/7513/3390 3426/7745/3470 3381/7600/3425
f 3362/7746/3406 3445/7747/3492 3429/6545/3473
f 3363/7709/3407 3429/7708/3473 3431/7748/3475
f 3253/7280/3295 3430/7710/3474 3312/7426/3356
f 3334/7749/3378 3432/7750/3476 3401/7751/3445
f 3432/7750/3476 3431/7752/3475 3446/7753/3493
f 3401/7751/3445 3432/7750/3476 3446/7753/3493
f 3401/7641/3445 3446/7754/3493 3382/7602/3494
f 3382/7755/3494 3446/7756/3493 3384/7757/3428
f 3384/7758/3428 3446/7759/3493 3447/7760/3495
f 3335/7482/3379 3383/7603/3427 3448/7761/3496
f 3383/7603/3427 3449/7762/3497 3448/7761/3496
f 3384/7758/3428 3447/7760/3495 3402/7763/3446
f 3231/7324/3273 3403/7764/3447 3383/7603/3427
f 3365/7643/3409 3450/7765/3498 3405/7766/3449
f 3408/7655/3452 3369/7567/3413 3407/7654/3451
f 3388/7767/3432 3317/7768/3361 3257/7769/3299
f 3296/7385/3340 3297/7386/3341 3451/7770/3499
f 3236/7226/3278 3317/7439/3361 3436/7723/3483
f 3299/7390/3343 3371/7572/3415 3452/7771/3500
f 3371/7572/3415 3453/7772/3501 3452/7771/3500
f 3371/7572/3415 3454/7773/3502 3453/7772/3501
f 3454/7774/3502 3371/7775/3415 3410/7776/3454
f 3194/7112/3234 3438/7725/3485 3410/7661/3454
f 3351/7525/3395 3455/7777/3503 3391/7620/3435
f 3302/7778/3346 3456/7779/3504 3301/7394/3345
f 3393/7624/3437 3457/7780/3505 3323/7667/3367
f 3302/7778/3346 3458/7781/3506 3456/7779/3504
f 3239/7450/3281 3440/7730/3487 3413/7782/3457
f 3395/7627/3439 3394/7783/3438 3149/6995/3189
f 3303/7397/3347 3459/7784/3507 3324/7451/3368
f 3259/7294/3301 3037/6724/3077 3460/7785/3508
f 3460/7785/3508 3151/6997/3191 3259/7294/3301
f 3397/7786/3441 3441/5240/3488 3461/7787/3509
f 3352/7788/3396 3461/7789/3509 3441/7790/3488
f 3352/7791/3396 3462/7792/3510 3461/3658/3509
f 3442/7440/3489 3462/7793/3510 3352/7633/3396
f 3304/7401/3348 3463/7794/3511 3398/7634/3442
f 3376/7795/3420 3354/7796/3398 3464/7797/3512
f 3354/7585/3398 3377/7586/3421 3465/7798/3513
f 3419/7735/3463 3466/7799/3514 3399/7736/3443
f 3418/7678/3462 3467/7800/3515 3419/7679/3463
f 3342/7587/3386 3420/7801/3464 3377/7588/3421
f 3343/7802/3387 3468/7803/3516 3400/7804/3444
f 3379/7592/3423 3469/7805/3517 3424/7696/3468
f 3400/7636/3444 3427/7806/3471 3380/7593/3424
f 3330/7807/3374 3470/7808/3518 3425/7809/3469
f 3330/7807/3374 3426/7810/3470 3470/7808/3518
f 3427/7704/3471 3471/7811/3519 3445/7812/3492
f 3427/7704/3471 3445/7812/3492 3362/7705/3406
f 3472/7813/3520 3473/7814/3521 3474/7815/3522
f 3251/7477/3293 3312/7816/3356 3475/7817/3523
f 3476/7818/3524 3447/7760/3495 3446/7759/3493
f 3448/7761/3496 3477/7819/3525 3335/7482/3379
f 3449/7762/3497 3383/7603/3427 3478/7820/3526
f 3366/7560/3410 3479/7821/3527 3404/7646/3448
f 3314/7434/3358 3480/7822/3528 3349/7565/3393
f 3349/7565/3393 3480/7822/3528 3481/7823/3529
f 3433/7720/3480 3368/7566/3412 3482/7824/3530
f 3406/7825/3450 3482/7824/3530 3368/7566/3412
f 3407/7654/3451 3483/7826/3531 3387/7612/3431
f 3387/7827/3431 3483/7828/3531 3484/7829/3532
f 3484/7830/3533 3483/7831/3534 3407/7832/3535
f 3407/7654/3451 3369/7567/3413 3485/7833/3536
f 3296/7616/3340 3451/7834/3499 3435/7722/3482
f 3297/7386/3341 3486/7835/3537 3451/7770/3499
f 3299/7390/3343 3486/7835/3537 3297/7386/3341
f 3298/7618/3342 3436/7723/3483 3487/7836/3538
f 3299/7390/3343 3452/7771/3500 3486/7835/3537
f 3298/7618/3342 3487/7836/3538 3409/7660/3453
f 3409/7660/3453 3437/7724/3484 3350/7523/3394
f 3410/7776/3454 3438/7837/3485 3454/7774/3502
f 3411/7662/3455 3373/7574/3417 3488/7838/3539
f 3411/7662/3455 3488/7838/3539 3439/7729/3486
f 3439/7729/3486 3412/7663/3456 3338/7488/3382
f 3321/7447/3365 3238/7524/3280 3489/7839/3540
f 3396/7628/3440 3340/7490/3384 3196/7343/3236
f 3324/7451/3368 3414/7840/3458 3035/6722/3075
f 3037/6724/3077 3416/7673/3460 3460/7785/3508
f 3417/7675/3461 3376/7676/3420 3490/7841/3541
f 3304/7842/3348 3491/7843/3542 3463/7844/3511
f 3417/7845/3461 3490/7846/3541 3304/7847/3348
f 3490/7848/3541 3491/7843/3542 3304/7842/3348
f 3376/7795/3420 3464/7797/3512 3490/7849/3541
f 3462/7850/3510 3492/7851/3543 3461/7852/3509
f 3397/7853/3441 3461/7854/3509 3353/7855/3397
f 3355/7856/3399 3398/7857/3442 3493/7858/3544
f 3418/7678/3462 3353/7680/3397 3467/7800/3515
f 3493/7858/3544 3494/7859/3545 3355/7856/3399
f 3220/7400/3260 3421/7860/3465 3443/7738/3490
f 3343/7861/3387 3355/7862/3399 3495/7863/3546
f 3343/3675/3387 3495/7864/3546 3496/7865/3547
f 3423/7866/3467 3497/7867/3548 3422/7868/3466
f 3444/7744/3491 3424/7743/3468 3498/7869/3549
f 3424/7743/3468 3469/7870/3517 3498/7869/3549
f 3379/7592/3423 3499/7871/3550 3469/7805/3517
f 3473/7872/3521 3429/7873/3473 3474/7874/3522
f 3474/7875/3522 3429/7876/3473 3445/7812/3492
f 3332/7478/3376 3251/7477/3293 3475/7817/3523
f 3312/7426/3356 3430/7710/3474 3475/7877/3523
f 3431/7748/3475 3429/7708/3473 3500/7878/3551
f 3430/7710/3474 3335/7515/3379 3501/7879/3552
f 3335/7482/3379 3477/7819/3525 3501/7880/3552
f 3476/7881/3524 3502/7882/3553 3447/7883/3495
f 3448/7884/3496 3449/7885/3497 3477/7886/3525
f 3383/7603/3427 3403/7764/3447 3503/7887/3554
f 3402/7642/3446 3504/7888/3555 3365/7643/3409
f 3402/7889/3446 3447/7890/3495 3504/7891/3555
f 3365/7643/3409 3504/7888/3555 3450/7765/3498
f 3505/7892/3556 3366/7560/3557 3479/7821/3527
f 3479/7821/3527 3366/7560/3410 3506/7893/3558
f 3366/7894/3410 3507/7895/3559 3506/7896/3558
f 3348/7564/3392 3507/7897/3559 3366/7560/3410
f 3348/7520/3392 3508/7898/3560 3507/7899/3559
f 3348/7520/3392 3315/7485/3359 3508/7898/3560
f 3315/7485/3359 3509/7900/3561 3508/7898/3560
f 3315/7435/3359 3294/7382/3338 3509/7901/3561
f 3294/7382/3338 3433/7720/3480 3509/7901/3561
f 3349/7609/3393 3388/7902/3432 3386/7610/3430
f 3349/7565/3393 3481/7823/3529 3388/7613/3432
f 3433/7720/3480 3482/7824/3530 3509/7901/3561
f 3406/7825/3450 3434/7903/3481 3482/7824/3530
f 3386/7650/3430 3388/7613/3432 3295/7383/3339
f 3387/7278/3431 3484/7904/3532 3434/7905/3481
f 3407/7654/3451 3485/7833/3536 3483/7826/3562
f 3483/7828/3562 3510/7906/3563 3484/7829/3532
f 3319/7445/3363 3511/7907/3564 3438/7725/3485
f 3319/7445/3363 3390/7619/3434 3511/7907/3564
f 3351/7525/3395 3412/7663/3456 3455/7777/3503
f 3301/7394/3345 3456/7779/3504 3238/7229/3280
f 3322/7623/3366 3392/7908/3436 3393/7624/3437
f 3323/7667/3367 3457/7780/3505 3440/7909/3487
f 3303/7910/3347 3512/7911/3565 3459/7912/3507
f 3324/7451/3368 3513/7913/3566 3414/7840/3458
f 3460/7785/3508 3514/7914/3567 3151/6997/3191
f 3491/7915/3542 3490/7916/3541 3463/7917/3511
f 3354/7796/3398 3465/7918/3513 3464/7797/3512
f 3398/7634/3442 3515/7919/3568 3493/7920/3544
f 3374/7580/3418 3516/7921/3569 3442/7737/3489
f 3353/7922/3397 3461/7923/3509 3467/7924/3515
f 3443/7738/3490 3516/7925/3569 3374/7681/3418
f 3399/7926/3443 3466/7927/3514 3420/7928/3464
f 3355/7862/3399 3494/7929/3545 3495/7863/3546
f 3356/7538/3400 3422/7690/3466 3421/7689/3465
f 3427/7704/3471 3400/7804/3444 3517/7930/3570
f 3470/7931/3518 3518/7932/3571 3425/7699/3469
f 3426/7933/3470 3519/7934/3572 3470/7023/3518
f 3519/3213/3572 3426/7935/3470 3520/7936/3573
f 3471/7811/3519 3474/7875/3522 3445/7812/3492
f 3346/7513/3390 3428/7706/3472 3426/7745/3470
f 3430/7710/3474 3521/7937/3574 3475/7877/3523
f 3430/7710/3474 3501/7879/3552 3521/7937/3574
f 3446/7753/3493 3431/7752/3475 3476/7938/3524
f 3476/7938/3524 3431/7752/3475 3502/7559/3553
f 3503/7939/3554 3478/7940/3526 3383/7941/3427
f 3404/7646/3448 3479/7821/3527 3403/7645/3447
f 3479/7942/3527 3506/7943/3558 3522/7944/3575
f 3385/7607/3429 3480/7822/3528 3314/7434/3358
f 3506/7893/3558 3507/7897/3559 3522/7945/3575
f 3484/7946/3532 3510/7947/3563 3434/7903/3481
f 3485/7948/3536 3510/7906/3563 3483/7828/3562
f 3389/7656/3433 3435/7949/3482 3369/7567/3413
f 3454/7773/3502 3438/7725/3485 3453/7772/3501
f 3373/7574/3417 3437/7724/3484 3488/7838/3539
f 3321/7447/3365 3523/7950/3576 3390/7619/3434
f 3302/7395/3346 3339/7526/3383 3458/7951/3506
f 3151/6997/3191 3524/7952/3577 3396/7628/3440
f 3415/7672/3459 3525/7953/3578 3416/7673/3460
f 3490/1948/3541 3515/7954/3568 3463/7955/3511
f 3463/7794/3511 3515/7919/3568 3398/7634/3442
f 3492/7851/3543 3462/7850/3510 3442/7956/3489
f 3377/7957/3421 3420/7958/3464 3526/7959/3579
f 3465/7918/3513 3527/7960/3580 3464/7797/3512
f 3377/3147/3421 3527/7961/3580 3465/7962/3513
f 3420/7958/3464 3528/7963/3581 3526/7959/3579
f 3461/7964/3509 3529/7965/3582 3467/2869/3515
f 3420/7928/3464 3466/7927/3514 3530/7966/3583
f 3496/7865/3547 3531/7967/3584 3343/3675/3387
f 3343/7802/3387 3531/7968/3584 3468/7803/3516
f 3400/7804/3444 3468/7803/3516 3532/7969/3585
f 3498/7970/3549 3533/2011/3586 3444/7971/3491
f 3498/7972/3549 3469/7973/3517 3533/7974/3586
f 3469/7805/3517 3499/7871/3550 3534/7975/3587
f 3379/7592/3423 3359/7546/3403 3499/7871/3550
f 3359/7546/3403 3378/7590/3422 3499/7871/3550
f 3378/7590/3422 3518/7976/3571 3499/7871/3550
f 3427/7704/3471 3517/7930/3570 3471/7811/3519
f 3378/7697/3422 3425/7699/3469 3518/7932/3571
f 3518/7977/3571 3470/5031/3518 3535/7978/3588
f 3470/7023/3518 3519/7934/3572 3535/7979/3588
f 3472/7980/3520 3536/7981/3589 3473/7982/3521
f 3361/7639/3405 3332/7638/3376 3537/7983/3590
f 3473/7982/3521 3500/7878/3551 3429/7708/3473
f 3475/7817/3523 3537/7984/3590 3332/7478/3376
f 3501/7879/3552 3538/7985/3591 3521/7937/3574
f 3501/7880/3552 3477/7819/3525 3538/7986/3591
f 3447/7883/3495 3502/7882/3553 3504/7888/3555
f 3385/7607/3429 3539/7987/3592 3480/7822/3528
f 3405/7647/3449 3539/7988/3592 3385/7648/3429
f 3485/7833/3536 3369/7567/3413 3540/7989/3593
f 3451/7990/3499 3541/7991/3594 3435/7992/3482
f 3438/7725/3485 3542/7993/3595 3453/7772/3501
f 3438/7725/3485 3511/7907/3564 3542/7993/3595
f 3412/7663/3456 3543/7994/3596 3455/7777/3503
f 3238/7524/3280 3456/7995/3504 3489/7839/3540
f 3392/7996/3436 3544/7997/3597 3393/7998/3437
f 3458/7781/3506 3545/7999/3598 3456/7779/3504
f 3413/8000/3457 3546/8001/3599 3341/8002/3385
f 3151/6997/3191 3514/7914/3567 3524/7952/3577
f 3492/8003/3543 3547/8004/3600 3461/8005/3509
f 3461/8005/3509 3547/8004/3600 3548/8006/3601
f 3549/8007/3602 3550/8008/3603 3515/8009/3568
f 3490/8010/3541 3550/8011/3603 3549/8012/3602
f 3492/8003/3543 3442/8013/3489 3547/8004/3600
f 3461/8014/3509 3548/8015/3601 3529/8016/3582
f 3515/7919/3568 3551/8017/3604 3493/7920/3544
f 3377/7957/3421 3526/7959/3579 3527/8018/3580
f 3419/7679/3463 3467/7800/3515 3466/8019/3514
f 3444/8020/3491 3533/3737/3586 3552/8021/3605
f 3474/8022/3522 3536/8023/3589 3472/8024/3520
f 3426/8025/3470 3553/8026/3606 3520/8027/3573
f 3536/7981/3589 3500/7878/3551 3473/7982/3521
f 3428/8028/3472 3553/8026/3606 3426/8025/3470
f 3477/7819/3525 3554/8029/3607 3538/7986/3591
f 3502/7882/3553 3555/8030/3608 3504/7888/3555
f 3449/7762/3497 3478/7820/3526 3556/8031/3609
f 3403/7764/3447 3479/8032/3527 3557/8033/3610
f 3451/8034/3499 3486/8035/3537 3558/8036/3611
f 3453/7772/3501 3559/8037/3612 3452/7771/3500
f 3453/7772/3501 3542/7993/3595 3559/8037/3612
f 3409/8038/3453 3560/8039/3613 3437/8040/3484
f 3511/1071/3564 3561/8041/3614 3542/8042/3595
f 3391/7665/3435 3544/8043/3597 3392/7666/3436
f 3562/8044/3615 3303/8045/3347 3341/8046/3385
f 3524/7952/3577 3340/7490/3384 3396/7628/3440
f 3513/7913/3566 3324/7451/3368 3459/7784/3507
f 3563/8047/3616 3549/8048/3602 3515/8049/3568
f 3563/8047/3616 3490/8050/3541 3549/8048/3602
f 3563/8051/3616 3515/8052/3568 3490/8053/3541
f 3490/7849/3541 3464/7797/3512 3564/8054/3617
f 3551/8055/3604 3515/8009/3568 3550/8008/3603
f 3564/8056/3617 3464/8057/3512 3565/8058/3618
f 3547/8004/3600 3442/8013/3489 3566/8059/3619
f 3565/8058/3618 3464/8057/3512 3527/8060/3580
f 3526/8061/3579 3528/8062/3581 3567/8063/3620
f 3567/8064/3620 3528/8065/3581 3420/8066/3464
f 3568/8067/3621 3421/7860/3465 3569/8068/3622
f 3421/7689/3465 3422/7690/3466 3569/8069/3622
f 3569/8069/3622 3422/7690/3466 3570/8070/3623
f 3570/8071/3623 3422/8072/3466 3497/8073/3548
f 3497/8074/3548 3423/8075/3467 3570/8076/3623
f 3571/8077/3624 3423/7741/3467 3444/7740/3491
f 3571/8077/3624 3444/7740/3491 3552/8078/3605
f 3532/7969/3585 3572/8079/3625 3400/7804/3444
f 3517/7930/3570 3400/7804/3444 3572/8079/3625
f 3533/8080/3586 3469/8081/3517 3573/8082/3626
f 3573/8083/3626 3469/8084/3517 3534/8085/3587
f 3574/8086/3627 3499/7871/3550 3518/7976/3571
f 3471/7811/3519 3575/8087/3628 3474/7875/3522
f 3475/7877/3523 3521/7937/3574 3576/8088/3629
f 3521/7937/3574 3538/7985/3591 3577/8089/3630
f 3477/7886/3525 3449/7885/3497 3554/8090/3607
f 3555/8030/3608 3578/8091/3631 3504/7888/3555
f 3554/8029/3607 3449/7762/3497 3556/8031/3609
f 3478/7940/3526 3503/7939/3554 3556/8092/3609
f 3504/7888/3555 3578/8091/3631 3450/7765/3498
f 3556/8092/3609 3503/7939/3554 3557/8093/3610
f 3503/7887/3554 3403/7764/3447 3557/8033/3610
f 3522/7945/3575 3507/7897/3559 3579/8094/3632
f 3580/8095/3633 3507/7897/3559 3508/8096/3560
f 3581/8097/3634 3509/7901/3561 3482/7824/3530
f 3434/7903/3481 3510/7947/3563 3581/8097/3634
f 3581/8098/3634 3510/7906/3563 3485/7948/3536
f 3388/7613/3432 3582/8099/3635 3317/7439/3361
f 3540/7989/3593 3369/7567/3413 3583/8100/3636
f 3583/8100/3636 3369/7567/3413 3435/7949/3482
f 3435/8101/3482 3541/8102/3594 3583/8103/3636
f 3451/8104/3499 3558/8105/3611 3584/8106/3637
f 3558/8107/3611 3486/7835/3537 3584/8108/3637
f 3436/8109/3483 3585/8110/3638 3487/8111/3538
f 3486/7835/3537 3452/7771/3500 3584/8108/3637
f 3586/8112/3639 3584/8108/3637 3452/7771/3500
f 3559/8037/3612 3586/8112/3639 3452/7771/3500
f 3409/8038/3453 3587/8113/3640 3560/8039/3613
f 3588/8114/3641 3437/8115/3484 3560/8116/3613
f 3561/8117/3614 3511/8118/3564 3589/8119/3642
f 3437/8115/3484 3588/8114/3641 3488/8120/3539
f 3390/8121/3434 3589/8119/3642 3511/8118/3564
f 3488/7838/3539 3588/8122/3641 3439/7729/3486
f 3523/7950/3576 3321/7447/3365 3590/8123/3643
f 3439/7729/3486 3543/7994/3596 3412/7663/3456
f 3489/8124/3540 3591/8125/3644 3321/8126/3365
f 3455/8127/3503 3592/8128/3645 3391/8129/3435
f 3593/8130/3646 3546/8001/3599 3413/8000/3457
f 3546/8131/3599 3562/8132/3615 3341/8133/3385
f 3395/7627/3439 3594/8134/3647 3394/7783/3438
f 3395/8135/3439 3340/8136/3384 3594/8137/3647
f 3416/7673/3460 3525/7953/3578 3460/7785/3508
f 3547/3056/3648 3595/8138/3649 3596/8139/3650
f 3564/8140/3617 3597/8141/3651 3490/8142/3541
f 3595/8138/3652 3547/3056/3600 3566/8143/3619
f 3597/8144/3651 3598/8145/3653 3490/8146/3541
f 3566/8059/3619 3442/8013/3489 3516/7925/3569
f 3598/8147/3653 3550/8148/3603 3490/8149/3541
f 3527/8018/3580 3526/7959/3579 3565/8150/3618
f 3529/8016/3582 3548/8015/3601 3467/8151/3515
f 3421/7860/3465 3568/8067/3621 3443/7738/3490
f 3496/8152/3547 3599/8153/3654 3531/8154/3584
f 3495/8155/3546 3599/8153/3654 3496/8152/3547
f 3570/8156/3623 3423/8157/3467 3571/8158/3624
f 3533/8159/3586 3573/8160/3626 3600/8161/3655
f 3601/8162/3656 3602/8163/3657 3517/7930/3570
f 3603/8164/3658 3575/8165/3628 3602/8166/3657
f 3602/8163/3657 3471/7811/3519 3517/7930/3570
f 3534/8167/3587 3499/8168/3550 3573/8169/3626
f 3499/5259/3550 3604/8170/3659 3573/8171/3626
f 3602/8166/3657 3575/8165/3628 3471/8172/3519
f 3604/8173/3659 3499/8174/3550 3605/8175/3660
f 3606/8176/3661 3474/7875/3522 3575/8087/3628
f 3535/7979/3588 3519/7934/3572 3607/8177/3662
f 3606/8178/3661 3536/8179/3589 3474/8180/3522
f 3519/8181/3572 3608/8182/3663 3607/8183/3662
f 3519/8181/3572 3520/8184/3573 3608/8182/3663
f 3608/8185/3663 3520/8027/3573 3553/8026/3606
f 3553/8026/3606 3428/8028/3472 3609/8186/3664
f 3361/7639/3405 3537/7983/3590 3609/8186/3664
f 3537/7984/3590 3475/7817/3523 3576/8187/3629
f 3521/7937/3574 3577/8089/3630 3576/8088/3629
f 3450/7765/3498 3610/8188/3665 3405/7766/3449
f 3405/7766/3449 3610/8188/3665 3539/8189/3592
f 3579/8190/3632 3507/3965/3559 3580/4401/3633
f 3482/7824/3530 3434/7903/3481 3581/8097/3634
f 3582/8191/3635 3436/8192/3483 3317/8193/3361
f 3487/8194/3538 3611/8195/3666 3409/8196/3453
f 3409/8196/3453 3611/8195/3666 3587/8197/3640
f 3542/8042/3595 3561/8041/3614 3612/8198/3667
f 3560/8116/3613 3587/8199/3640 3613/8200/3668
f 3613/8200/3668 3588/8114/3641 3560/8116/3613
f 3614/8201/3669 3615/8202/3670 3613/8203/3668
f 3613/8203/3668 3615/8202/3670 3588/4933/3641
f 3390/8121/3434 3590/8204/3643 3589/8119/3642
f 3523/7950/3576 3616/8205/3671 3390/7619/3434
f 3390/7619/3434 3616/8205/3671 3590/8123/3643
f 3543/8206/3596 3592/8128/3645 3455/8127/3503
f 3489/7839/3540 3456/7995/3504 3617/8207/3672
f 3524/7952/3577 3618/8208/3673 3340/7490/3384
f 3565/8209/3618 3597/8210/3651 3564/8211/3617
f 3566/8212/3619 3516/8213/3569 3595/8214/3652
f 3526/8215/3579 3567/8216/3620 3565/2666/3618
f 3420/7928/3464 3530/7966/3583 3567/8217/3620
f 3466/8019/3514 3619/8218/3674 3530/8219/3583
f 3467/7800/3515 3619/8218/3674 3466/8019/3514
f 3493/8220/3544 3620/8221/3675 3494/8222/3545
f 3494/7929/3545 3621/8223/3676 3495/7863/3546
f 3494/7929/3545 3620/8224/3675 3621/8223/3676
f 3531/7968/3584 3622/8225/3677 3468/7803/3516
f 3533/8159/3586 3600/8161/3655 3552/8226/3605
f 3517/8227/3570 3623/8228/3678 3601/8229/3656
f 3572/8079/3625 3623/8230/3678 3517/7930/3570
f 3573/8231/3626 3605/8232/3660 3624/8233/3679
f 3604/8234/3659 3605/8232/3660 3573/8231/3626
f 3499/8174/3550 3625/3799/3680 3605/8175/3660
f 3499/8235/3550 3574/8236/3627 3625/8237/3680
f 3607/8183/3662 3608/8182/3663 3626/8238/3681
f 3536/7981/3589 3627/8239/3682 3500/7878/3551
f 3361/7550/3405 3609/8240/3664 3428/7706/3472
f 3628/8241/3683 3629/8242/3684 3500/7878/3551
f 3500/7878/3551 3629/8242/3684 3431/7748/3475
f 3577/8243/3630 3538/1841/3591 3630/8244/3685
f 3556/8031/3609 3631/8245/3686 3554/8029/3607
f 3479/8032/3527 3522/8246/3575 3557/8033/3610
f 3485/7833/3536 3540/7989/3593 3581/8097/3634
f 3632/8247/3687 3581/8097/3634 3540/7989/3593
f 3541/8248/3594 3451/8249/3499 3583/8250/3636
f 3451/8251/3499 3633/8252/3688 3583/8253/3636
f 3436/8254/3483 3582/8255/3635 3634/4556/3689
f 3584/8106/3637 3635/8256/3690 3451/8104/3499
f 3584/8106/3637 3586/8257/3639 3635/8256/3690
f 3487/8194/3538 3636/8258/3691 3611/8195/3666
f 3542/7993/3595 3612/8259/3667 3559/8037/3612
f 3611/8260/3666 3637/8261/3692 3587/8262/3640
f 3561/8041/3614 3638/8263/3693 3612/8198/3667
f 3587/8199/3640 3637/8264/3692 3613/8200/3668
f 3613/8200/3668 3637/8264/3692 3614/8265/3669
f 3614/8266/3669 3639/8267/3694 3615/8268/3670
f 3615/8202/3670 3640/8269/3695 3588/4933/3641
f 3589/8119/3642 3641/8270/3696 3561/8117/3614
f 3523/7950/3576 3590/8123/3643 3616/8205/3671
f 3439/8271/3486 3588/8272/3641 3543/8206/3596
f 3321/8126/3365 3591/8125/3644 3642/8273/3697
f 3643/8274/3698 3591/8125/3644 3489/8124/3540
f 3592/8128/3645 3644/8275/3699 3391/8129/3435
f 3339/7526/3383 3645/8276/3700 3458/7951/3506
f 3440/7909/3487 3457/7780/3505 3593/8277/3646
f 3413/7782/3457 3440/7730/3487 3593/8278/3646
f 3340/7490/3384 3618/8208/3673 3594/8134/3647
f 3548/8006/3601 3547/8004/3600 3646/8279/3701
f 3548/8280/3601 3646/8281/3701 3647/8282/3702
f 3598/8145/3703 3648/8283/3704 3563/8284/3705
f 3598/8147/3653 3648/8285/3706 3550/8148/3603
f 3597/8144/3651 3648/8283/3707 3598/8145/3653
f 3551/8286/3604 3550/8287/3603 3649/8288/3708
f 3550/8289/3603 3648/8290/3706 3649/8291/3708
f 3567/8292/3620 3530/8293/3583 3650/8294/3709
f 3551/8017/3604 3620/8295/3675 3493/7920/3544
f 3467/7800/3515 3651/8296/3710 3619/8218/3674
f 3443/7738/3490 3652/8297/3711 3516/7925/3569
f 3443/7738/3490 3568/8067/3621 3652/8297/3711
f 3621/8298/3676 3599/8153/3654 3495/8155/3546
f 3570/8299/3623 3653/8300/3712 3569/8301/3622
f 3532/7969/3585 3654/8302/3713 3572/8079/3625
f 3603/8303/3658 3655/8304/3714 3575/8087/3628
f 3535/8305/3588 3656/8306/3715 3518/7976/3571
f 3575/8087/3628 3655/8304/3714 3606/8176/3661
f 3607/8307/3662 3656/8308/3715 3535/8309/3588
f 3607/8307/3662 3626/8310/3681 3656/8308/3715
f 3608/8182/3663 3553/8311/3606 3657/8312/3716
f 3536/8179/3589 3606/8178/3661 3627/8313/3682
f 3627/8239/3682 3628/8241/3683 3500/7878/3551
f 3576/8187/3629 3658/8314/3717 3537/7984/3590
f 3576/8187/3629 3577/8315/3630 3658/8314/3717
f 3431/7748/3475 3629/8242/3684 3502/8316/3553
f 3502/8316/3553 3629/8242/3684 3659/8317/3718
f 3554/8318/3607 3660/8319/3719 3661/8320/3720
f 3554/8318/3607 3631/8321/3686 3660/8319/3719
f 3631/8322/3686 3556/8323/3609 3660/8324/3719
f 3556/8325/3609 3662/8326/3721 3660/8327/3719
f 3556/8328/3609 3663/5393/3722 3662/8329/3721
f 3578/8091/3631 3610/8188/3665 3450/7765/3498
f 3556/8092/3609 3557/8093/3610 3663/8330/3722
f 3557/8093/3610 3664/8331/3723 3663/8330/3722
f 3665/8332/3724 3664/8331/3723 3557/8093/3610
f 3610/8188/3665 3666/8333/3725 3539/8189/3592
f 3557/8033/3610 3667/8334/3726 3665/8335/3724
f 3557/8033/3610 3522/8246/3575 3667/8334/3726
f 3522/7945/3575 3579/8094/3632 3667/8336/3726
f 3540/7989/3593 3583/8100/3636 3632/8247/3687
f 3451/8251/3499 3635/4429/3690 3633/8252/3688
f 3436/8337/3483 3634/8338/3689 3585/8339/3638
f 3487/8194/3538 3585/8340/3638 3636/8258/3691
f 3585/8340/3638 3668/1457/3727 3636/8258/3691
f 3669/8341/3728 3586/8112/3639 3559/8037/3612
f 3589/8119/3642 3670/8342/3729 3641/8270/3696
f 3523/7950/3730 3590/8123/3731 3671/8343/3732
f 3543/8206/3596 3588/8272/3641 3672/8344/3733
f 3321/7447/3365 3642/8345/3697 3590/8123/3643
f 3592/8128/3645 3543/8206/3596 3673/8346/3734
f 3391/8129/3435 3644/8275/3699 3544/8347/3597
f 3456/7995/3504 3674/8348/3735 3617/8207/3672
f 3393/7624/3437 3675/8349/3736 3457/7780/3505
f 3456/7995/3504 3545/8350/3598 3674/8348/3735
f 3545/7999/3598 3645/8351/3700 3674/8352/3735
f 3545/7999/3598 3458/7781/3506 3645/8351/3700
f 3339/7526/3383 3394/7626/3438 3645/8276/3700
f 3594/8134/3647 3676/8353/3737 3394/7783/3438
f 3459/7912/3507 3512/7911/3565 3513/8354/3566
f 3563/8355/3705 3648/8356/3704 3677/8357/3738
f 3551/8358/3604 3649/8359/3708 3677/8360/3739
f 3677/8361/3739 3678/6900/3740 3551/8362/3604
f 3551/8363/3604 3678/8364/3740 3620/8365/3675
f 3565/8209/3618 3679/8366/3741 3597/8210/3651
f 3653/8367/3712 3570/8368/3623 3680/8369/3742
f 3532/7969/3585 3468/7803/3516 3654/8302/3713
f 3573/8231/3626 3624/8233/3679 3600/8370/3655
f 3601/8229/3656 3623/8228/3678 3602/8371/3657
f 3602/8371/3657 3655/8338/3714 3603/8372/3658
f 3626/8238/3681 3608/8182/3663 3657/8312/3716
f 3626/8310/3681 3657/8373/3716 3656/8308/3715
f 3657/8312/3716 3553/8311/3606 3681/8374/3743
f 3627/8239/3682 3682/8375/3744 3628/8241/3683
f 3630/8376/3685 3683/8377/3745 3577/8089/3630
f 3630/8376/3685 3538/7985/3591 3683/8377/3745
f 3502/8378/3553 3659/8379/3718 3555/8380/3608
f 3660/8381/3719 3662/8382/3721 3684/8383/3746
f 3662/8382/3721 3663/8330/3722 3684/8383/3746
f 3665/8384/3724 3667/8385/3726 3685/8386/3747
f 3539/6765/3592 3686/8387/3748 3480/8388/3528
f 3667/8336/3726 3579/8094/3632 3687/8389/3749
f 3579/8390/3632 3580/8391/3633 3687/8392/3749
f 3508/8096/3560 3688/8393/3750 3580/8095/3633
f 3508/7898/3560 3509/7900/3561 3581/8394/3634
f 3633/8395/3688 3689/8396/3751 3583/8397/3636
f 3582/8398/3635 3690/8399/3752 3634/8400/3689
f 3691/8401/3753 3635/8402/3690 3692/8403/3754
f 3633/8404/3688 3635/6133/3690 3691/8405/3753
f 3586/8112/3639 3692/8403/3754 3635/8402/3690
f 3585/8339/3638 3634/8338/3689 3668/8406/3727
f 3559/8037/3612 3612/8259/3667 3669/8341/3728
f 3637/8261/3692 3693/8407/3755 3614/8408/3669
f 3639/8267/3694 3694/8409/3756 3615/8268/3670
f 3561/8117/3614 3641/8270/3696 3638/8410/3693
f 3694/8409/3756 3640/8411/3695 3615/8268/3670
f 3640/8269/3695 3695/8412/3757 3588/4933/3641
f 3589/8119/3642 3590/8204/3643 3670/8342/3729
f 3588/8272/3641 3695/8413/3757 3672/8344/3733
f 3592/8414/3645 3696/8415/3758 3644/8416/3699
f 3489/8124/3540 3617/8417/3672 3643/8274/3698
f 3457/8418/3505 3697/8419/3759 3593/8420/3646
f 3513/7913/3566 3698/8421/3760 3414/7840/3458
f 3677/3738/3739 3649/8291/3708 3648/8290/3706
f 3650/8422/3709 3699/8423/3761 3567/8424/3620
f 3548/8015/3601 3700/8425/3762 3467/8151/3515
f 3530/8293/3583 3701/8426/3763 3650/8294/3709
f 3467/8151/3515 3700/8425/3762 3651/8427/3710
f 3530/8219/3583 3619/8218/3674 3701/8428/3763
f 3516/7925/3569 3652/8297/3711 3702/8429/3764
f 3622/8430/3677 3531/8154/3584 3703/8431/3765
f 3569/8432/3622 3653/8433/3712 3704/8434/3766
f 3622/8225/3677 3654/8302/3713 3468/7803/3516
f 3570/8435/3623 3705/5950/3767 3680/8436/3742
f 3571/8158/3624 3705/8437/3767 3570/8156/3623
f 3600/8438/3655 3571/8077/3624 3552/8078/3605
f 3600/8439/3655 3624/8440/3679 3706/8441/3768
f 3624/8440/3679 3707/8442/3769 3706/8441/3768
f 3623/8228/3678 3655/8338/3714 3602/8371/3657
f 3624/8233/3679 3605/8232/3660 3707/8443/3769
f 3605/8444/3660 3625/8445/3680 3707/8446/3769
f 3518/7976/3571 3656/8306/3715 3574/8086/3627
f 3627/8313/3682 3606/8178/3661 3682/8447/3744
f 3553/8448/3606 3708/8449/3770 3681/8450/3743
f 3553/8026/3606 3609/8186/3664 3709/8451/3771
f 3609/8186/3664 3537/7983/3590 3710/8452/3772
f 3537/7983/3590 3658/8453/3717 3710/8452/3772
f 3538/7985/3591 3711/8454/3773 3683/8377/3745
f 3554/8455/3607 3711/8454/3773 3538/7985/3591
f 3661/8456/3720 3711/8457/3773 3554/8458/3607
f 3661/8459/3720 3660/8460/3719 3711/8461/3773
f 3660/8381/3719 3684/8383/3746 3711/8454/3773
f 3663/8330/3722 3664/8331/3723 3684/8383/3746
f 3665/8462/3724 3685/8463/3747 3664/8464/3723
f 3687/8389/3749 3712/8465/3774 3667/8336/3726
f 3686/8387/3748 3713/8466/3775 3480/8388/3528
f 3480/7822/3528 3713/8467/3775 3481/7823/3529
f 3481/7823/3529 3714/8468/3776 3388/7613/3432
f 3632/8247/3687 3715/8469/3777 3581/8097/3634
f 3691/8470/3753 3689/8396/3751 3633/8395/3688
f 3692/8471/3754 3689/8396/3751 3691/8470/3753
f 3692/8472/3754 3669/8473/3728 3716/8474/3778
f 3586/8112/3639 3669/8341/3728 3692/8403/3754
f 3636/8475/3691 3717/8476/3779 3611/8260/3666
f 3611/8260/3666 3717/8476/3779 3637/8261/3692
f 3637/8261/3692 3717/8476/3779 3718/8477/3780
f 3638/8263/3693 3719/8478/3781 3612/8198/3667
f 3593/8130/3646 3720/8479/3782 3546/8001/3599
f 3512/7911/3565 3721/8480/3783 3513/8354/3566
f 3414/8481/3458 3698/8482/3760 3415/8483/3459
f 3415/8483/3459 3698/8482/3760 3722/8484/3784
f 3415/7672/3459 3722/8485/3784 3525/7953/3578
f 3460/8486/3508 3524/8487/3577 3514/8488/3567
f 3547/8004/3600 3595/8489/3652 3646/8279/3701
f 3648/8356/3707 3723/8490/3785 3677/8357/3739
f 3548/8015/3601 3647/8491/3702 3700/8425/3762
f 3516/8213/3569 3724/8492/3786 3595/8214/3652
f 3567/8424/3620 3699/8423/3761 3565/8209/3618
f 3650/8422/3709 3701/8428/3763 3699/8423/3761
f 3565/8209/3618 3699/8423/3761 3679/8366/3741
f 3516/8213/3569 3702/8493/3764 3724/8492/3786
f 3531/8154/3584 3599/8153/3654 3703/8431/3765
f 3653/8433/3712 3725/8494/3787 3704/8434/3766
f 3653/8367/3712 3680/8369/3742 3725/8495/3787
f 3571/8077/3624 3600/8438/3655 3726/8496/3788
f 3572/8497/3625 3727/8498/3789 3623/8499/3678
f 3609/8186/3664 3710/8452/3772 3709/8451/3771
f 3659/8379/3718 3728/8500/3790 3555/8380/3608
f 3578/8091/3631 3555/8030/3608 3666/8333/3725
f 3578/8091/3631 3666/8333/3725 3610/8188/3665
f 3667/8385/3726 3712/8501/3774 3685/8386/3747
f 3687/8389/3749 3580/8095/3633 3688/8393/3750
f 3713/8467/3775 3714/8468/3776 3481/7823/3529
f 3714/8468/3776 3729/8502/3791 3388/7613/3432
f 3388/7613/3432 3729/8502/3791 3582/8099/3635
f 3716/8503/3778 3730/8504/3792 3692/8505/3754
f 3692/8506/3754 3730/4402/3792 3689/8507/3751
f 3669/8473/3728 3731/8508/3793 3716/8474/3778
f 3731/8509/3793 3730/8504/3792 3716/8503/3778
f 3669/8341/3728 3732/8510/3794 3731/8511/3793
f 3636/8475/3691 3634/8512/3689 3717/8476/3779
f 3636/8475/3691 3668/8513/3727 3634/8512/3689
f 3637/8261/3692 3718/8477/3780 3693/8407/3755
f 3641/8514/3696 3733/8515/3795 3638/8516/3693
f 3543/8206/3596 3672/8344/3733 3673/8346/3734
f 3592/8517/3645 3673/8518/3734 3696/8519/3758
f 3591/8125/3644 3643/8274/3698 3642/8273/3697
f 3393/7624/3437 3544/8347/3597 3675/8349/3736
f 3734/8520/3796 3594/8521/3647 3618/8522/3673
f 3512/7911/3565 3735/8523/3797 3721/8480/3783
f 3677/8524/3739 3736/8525/3798 3678/8526/3740
f 3648/8326/3707 3597/8527/3651 3723/8528/3785
f 3679/8529/3741 3737/8530/3799 3597/8531/3651
f 3569/8068/3622 3738/8532/3800 3568/8067/3621
f 3621/8298/3676 3739/8533/3801 3599/8153/3654
f 3704/8434/3766 3740/8534/3802 3569/8432/3622
f 3704/8535/3766 3741/8536/3803 3740/8537/3802
f 3703/8538/3765 3599/8539/3654 3742/8540/3804
f 3704/8541/3766 3725/8301/3787 3741/8542/3803
f 3572/8079/3625 3654/8302/3713 3727/8543/3789
f 3571/8158/3624 3726/8544/3788 3705/8437/3767
f 3706/8545/3768 3707/8546/3769 3625/8547/3680
f 3656/8548/3715 3743/8549/3805 3574/8550/3627
f 3606/8176/3661 3655/8304/3714 3744/8551/3806
f 3657/8373/3716 3745/8552/3807 3656/8308/3715
f 3657/8553/3716 3681/8450/3743 3745/8554/3807
f 3606/8176/3661 3746/8555/3808 3682/8556/3744
f 3577/8315/3630 3683/8557/3745 3658/8314/3717
f 3711/8454/3773 3747/8558/3809 3683/8377/3745
f 3664/8559/3723 3685/8560/3747 3712/6925/3774
f 3686/8561/3748 3539/8189/3592 3748/8562/3810
f 3686/8387/3748 3749/8563/3811 3713/8466/3775
f 3688/8393/3750 3750/8564/3812 3687/8389/3749
f 3508/8096/3560 3581/8097/3634 3688/8393/3750
f 3632/8247/3687 3751/8565/3813 3715/8469/3777
f 3582/8099/3635 3729/8502/3791 3690/8566/3752
f 3583/8100/3636 3751/8565/3813 3632/8247/3687
f 3669/8341/3728 3612/8259/3667 3732/8510/3794
f 3638/8516/3693 3752/8567/3814 3719/8568/3781
f 3638/8516/3693 3733/8515/3795 3752/8567/3814
f 3640/8569/3695 3753/8570/3815 3695/1241/3757
f 3670/8342/3729 3733/8571/3795 3641/8270/3696
f 3645/8276/3700 3394/7626/3438 3754/8572/3816
f 3394/7626/3438 3676/8573/3737 3754/8572/3816
f 3594/8134/3647 3734/8574/3796 3676/8353/3737
f 3618/8575/3673 3755/8576/3817 3734/8577/3796
f 3524/8578/3577 3755/8576/3817 3618/8575/3673
f 3513/7913/3566 3756/8579/3818 3698/8421/3760
f 3525/7953/3578 3722/8485/3784 3757/8580/3819
f 3677/8581/3739 3723/8582/3785 3736/8583/3798
f 3597/8584/3651 3737/8585/3799 3723/8582/3785
f 3595/8489/3652 3758/8586/3820 3646/8279/3701
f 3620/8365/3675 3678/8364/3740 3736/8583/3798
f 3701/8428/3763 3759/8587/3821 3699/8423/3761
f 3652/8297/3711 3760/8588/3822 3702/8429/3764
f 3652/8297/3711 3568/8067/3621 3760/8588/3822
f 3703/8431/3765 3761/8589/3823 3622/8430/3677
f 3742/8540/3804 3761/8590/3823 3703/8538/3765
f 3725/8591/3787 3680/8592/3742 3705/8593/3767
f 3706/8594/3768 3762/8595/3824 3600/8596/3655
f 3706/8594/3768 3625/6728/3680 3762/8595/3824
f 3655/8304/3714 3623/8230/3678 3763/8597/3825
f 3574/8550/3627 3743/8549/3805 3625/8598/3680
f 3606/8176/3661 3744/8551/3806 3746/8555/3808
f 3553/8599/3606 3709/8600/3771 3708/8601/3770
f 3682/8375/3744 3764/8602/3826 3628/8241/3683
f 3629/8242/3684 3628/8241/3683 3765/8603/3827
f 3710/8452/3772 3658/8453/3717 3766/8604/3828
f 3629/8242/3684 3765/8603/3827 3659/8317/3718
f 3683/8557/3745 3767/8605/3829 3658/8314/3717
f 3555/8030/3608 3728/8606/3790 3666/8333/3725
f 3711/8454/3773 3684/8383/3746 3747/8558/3809
f 3666/8333/3725 3748/8562/3810 3539/8189/3592
f 3581/8097/3634 3715/8469/3777 3768/8607/3830
f 3689/8608/3751 3730/8609/3792 3583/8100/3636
f 3731/8610/3793 3732/4980/3794 3730/8611/3792
f 3693/8407/3755 3718/8477/3780 3614/8408/3669
f 3590/8204/3643 3769/8612/3831 3670/8342/3729
f 3590/8123/3643 3642/8345/3697 3770/8613/3832
f 3642/8273/3697 3643/8274/3698 3771/8614/3833
f 3675/8349/3736 3544/8347/3597 3772/8615/3834
f 3617/8207/3672 3674/8348/3735 3773/8616/3835
f 3303/8045/3347 3562/8044/3615 3774/8617/3836
f 3513/8354/3566 3721/8480/3783 3756/8618/3818
f 3525/8619/3578 3757/8620/3819 3775/8621/3837
f 3525/7953/3578 3775/8622/3837 3460/7785/3508
f 3700/8623/3762 3647/8624/3702 3776/8625/3838
f 3646/8281/3701 3776/8626/3838 3647/8282/3702
f 3595/8489/3652 3724/8627/3786 3758/8586/3820
f 3699/8423/3761 3759/8587/3821 3679/8366/3741
f 3619/8218/3674 3777/8628/3839 3701/8428/3763
f 3700/8425/3762 3777/8629/3839 3651/8427/3710
f 3651/8630/3710 3777/8631/3839 3619/8632/3674
f 3620/8224/3675 3778/8633/3840 3621/8223/3676
f 3569/8068/3622 3740/8634/3802 3738/8532/3800
f 3599/8635/3654 3739/8636/3801 3742/8637/3804
f 3622/8430/3677 3761/8589/3823 3654/8638/3713
f 3705/8437/3767 3726/8544/3788 3779/8639/3841
f 3600/8438/3655 3762/8640/3824 3726/8496/3788
f 3655/8304/3714 3763/8597/3825 3744/8551/3806
f 3656/8641/3715 3745/8642/3807 3743/8643/3805
f 3746/8555/3808 3744/8551/3806 3780/8644/3842
f 3682/8556/3744 3746/8555/3808 3781/8645/3843
f 3710/8646/3772 3766/8647/3828 3709/8648/3771
f 3658/8453/3717 3782/8649/3844 3766/8604/3828
f 3767/8650/3829 3782/8649/3844 3658/8453/3717
f 3683/8377/3745 3747/8558/3809 3767/8650/3829
f 3666/8651/3725 3728/8652/3790 3783/8653/3845
f 3664/8331/3723 3747/8558/3809 3684/8383/3746
f 3748/8562/3810 3749/8654/3811 3686/8561/3748
f 3687/8389/3749 3750/8564/3812 3712/8465/3774
f 3581/8097/3634 3768/8607/3830 3688/8393/3750
f 3715/8469/3777 3751/8565/3813 3784/8655/3846
f 3583/8100/3636 3730/8609/3792 3751/8565/3813
f 3730/8609/3792 3785/8656/3847 3751/8565/3813
f 3732/8510/3794 3612/8259/3667 3786/8657/3848
f 3612/8259/3667 3787/8658/3849 3786/8657/3848
f 3612/8259/3667 3788/8659/3850 3787/8658/3849
f 3612/8660/3667 3789/8661/3851 3788/8662/3850
f 3787/8658/3849 3788/8659/3850 3790/8663/3852
f 3612/8660/3667 3719/8664/3781 3789/8661/3851
f 3791/8665/3853 3792/8666/3854 3793/8667/3855
f 3753/8668/3815 3794/8669/3856 3795/8670/3857
f 3753/8671/3815 3795/8672/3857 3695/8673/3757
f 3590/8204/3643 3770/8674/3832 3769/8612/3831
f 3675/8349/3736 3772/8615/3834 3457/7780/3505
f 3645/8276/3700 3796/8675/3858 3674/8348/3735
f 3754/8676/3816 3796/8677/3858 3645/8678/3700
f 3697/8419/3759 3797/8679/3859 3593/8420/3646
f 3524/8680/3577 3798/8681/3860 3755/8682/3817
f 3775/8622/3837 3798/8683/3860 3460/7785/3508
f 3460/7785/3508 3798/8683/3860 3524/7952/3577
f 3646/8279/3701 3758/8586/3820 3776/8625/3838
f 3620/8365/3675 3736/8583/3798 3778/8684/3840
f 3621/8223/3676 3778/8633/3840 3799/8685/3861
f 3621/8298/3676 3799/8686/3861 3739/8533/3801
f 3741/8687/3803 3725/2755/3787 3740/8688/3802
f 3654/8302/3713 3800/8689/3862 3727/8543/3789
f 3625/8598/3680 3743/8549/3805 3762/8690/3824
f 3743/8643/3805 3745/8642/3807 3801/8691/3863
f 3681/8450/3743 3708/8449/3770 3802/8692/3864
f 3746/8693/3808 3780/8694/3842 3781/8695/3843
f 3682/8696/3744 3781/8697/3843 3764/8698/3826
f 3628/8241/3683 3764/8602/3826 3765/8603/3827
f 3765/8603/3827 3803/8699/3865 3659/8317/3718
f 3659/8317/3718 3803/8699/3865 3728/8700/3790
f 3750/8564/3812 3804/8701/3866 3712/8465/3774
f 3715/8469/3777 3784/8655/3846 3768/8607/3830
f 3729/8502/3791 3805/8702/3867 3690/8566/3752
f 3751/8565/3813 3785/8656/3847 3784/8655/3846
f 3732/8510/3794 3785/8656/3847 3730/8609/3792
f 3732/8703/3794 3806/8704/3868 3785/8705/3847
f 3717/8706/3779 3807/8707/3869 3718/8708/3780
f 3787/8709/3849 3790/8710/3852 3808/8711/3870
f 3790/8712/3852 3788/8713/3850 3808/8714/3870
f 3789/8715/3851 3808/8714/3870 3788/8713/3850
f 3789/8716/3851 3809/8717/3871 3808/8718/3870
f 3809/8719/3871 3810/8720/3872 3808/8721/3870
f 3791/8722/3853 3809/8717/3871 3789/8716/3851
f 3793/8723/3855 3809/8717/3871 3791/8722/3853
f 3719/8664/3781 3752/8724/3814 3789/8661/3851
f 3614/8408/3669 3718/8477/3780 3694/8725/3756
f 3614/8726/3669 3694/8727/3756 3639/8728/3694
f 3809/8719/3871 3793/8729/3855 3810/8720/3872
f 3789/8716/3851 3752/934/3814 3791/8722/3853
f 3791/8665/3853 3752/8730/3814 3792/8666/3854
f 3640/8411/3695 3694/8409/3756 3811/8731/3873
f 3640/8411/3695 3811/8731/3873 3753/8732/3815
f 3753/8733/3815 3811/8321/3873 3794/8734/3856
f 3670/8342/3729 3769/8612/3831 3733/8571/3795
f 3642/8345/3697 3771/8735/3833 3770/8613/3832
f 3672/8736/3733 3812/8737/3874 3673/8738/3734
f 3644/8275/3699 3813/8739/3875 3814/8740/3876
f 3644/8275/3699 3814/8740/3876 3544/8347/3597
f 3457/8741/3505 3815/3712/3877 3697/8742/3759
f 3303/8743/3347 3735/8744/3797 3512/8745/3565
f 3303/8743/3347 3774/8746/3836 3735/8744/3797
f 3724/8492/3786 3816/8747/3878 3758/8748/3820
f 3679/8529/3741 3817/8749/3879 3737/8530/3799
f 3702/8493/3764 3816/8747/3878 3724/8492/3786
f 3702/8493/3764 3818/8750/3880 3816/8747/3878
f 3702/8429/3764 3760/8588/3822 3818/8751/3880
f 3739/8636/3801 3799/5517/3861 3742/8637/3804
f 3740/8752/3802 3725/8753/3787 3819/8754/3881
f 3705/8593/3767 3820/8755/3882 3725/8591/3787
f 3821/8756/3883 3800/8757/3862 3654/8638/3713
f 3762/8640/3824 3822/8758/3884 3726/8496/3788
f 3623/8230/3678 3727/8543/3789 3763/8597/3825
f 3727/8543/3789 3823/8759/3885 3763/8597/3825
f 3745/8554/3807 3681/8450/3743 3824/8760/3886
f 3708/8449/3770 3825/8761/3887 3802/8692/3864
f 3764/8602/3826 3826/8762/3888 3765/8603/3827
f 3765/8603/3827 3826/8762/3888 3803/8699/3865
f 3767/8650/3829 3827/8763/3889 3782/8649/3844
f 3782/8764/3844 3827/8765/3889 3828/8766/3890
f 3728/8700/3790 3803/8699/3865 3783/8767/3845
f 3712/8465/3774 3804/8701/3866 3829/8768/3891
f 3688/8393/3750 3830/8769/3892 3750/8564/3812
f 3714/8468/3776 3713/8467/3775 3831/8770/3893
f 3688/8393/3750 3768/8607/3830 3830/8769/3892
f 3785/8656/3847 3832/8771/3894 3784/8655/3846
f 3786/8657/3848 3787/8658/3849 3833/8772/3895
f 3793/8729/3855 3834/8773/3896 3810/8720/3872
f 3794/8669/3856 3811/8774/3873 3795/8670/3857
f 3673/8346/3734 3813/8739/3875 3696/8775/3758
f 3644/8416/3699 3696/8415/3758 3813/8776/3875
f 3814/8740/3876 3772/8615/3834 3544/8347/3597
f 3457/7780/3505 3772/8615/3834 3815/8777/3877
f 3593/8420/3646 3797/8679/3859 3720/8778/3782
f 3723/8582/3785 3835/8779/3897 3736/8583/3798
f 3723/8582/3785 3737/8585/3799 3835/8779/3897
f 3776/8625/3838 3836/8780/3898 3700/8623/3762
f 3736/8583/3798 3835/8779/3897 3778/8684/3840
f 3679/8366/3741 3837/8781/3899 3817/8782/3879
f 3759/8587/3821 3837/8781/3899 3679/8366/3741
f 3777/8628/3839 3838/8783/3900 3701/8428/3763
f 3568/8067/3621 3738/8532/3800 3839/8784/3901
f 3742/8540/3804 3840/8785/3902 3761/8590/3823
f 3761/8589/3823 3840/8786/3902 3821/8756/3883
f 3705/8437/3767 3779/8639/3841 3820/8787/3882
f 3761/8589/3823 3821/8756/3883 3654/8638/3713
f 3727/8788/3789 3841/8789/3903 3842/8790/3904
f 3800/8689/3862 3841/8791/3903 3727/8543/3789
f 3727/8543/3789 3842/8792/3904 3823/8759/3885
f 3744/8551/3806 3763/8597/3825 3843/8793/3905
f 3743/8643/3805 3801/8691/3863 3844/8794/3906
f 3681/8450/3743 3802/8692/3864 3824/8760/3886
f 3708/8601/3770 3709/8600/3771 3825/8795/3887
f 3709/8600/3771 3766/8796/3828 3825/8795/3887
f 3767/8650/3829 3747/8558/3809 3827/8763/3889
f 3845/8797/3907 3827/8763/3889 3747/8558/3809
f 3747/8558/3809 3664/8331/3723 3845/8797/3907
f 3664/8331/3723 3712/8465/3774 3846/8798/3908
f 3712/8465/3774 3829/8768/3891 3846/8798/3908
f 3749/8563/3811 3831/8799/3893 3713/8466/3775
f 3714/8468/3776 3831/8770/3893 3729/8502/3791
f 3784/8655/3846 3847/8800/3909 3768/8607/3830
f 3785/8705/3910 3832/8801/3911 3848/8802/3912
f 3785/8705/3847 3806/8704/3868 3832/8801/3894
f 3786/8657/3848 3833/8772/3895 3849/8803/3913
f 3718/8708/3780 3807/8707/3869 3850/8804/3914
f 3808/8805/3870 3851/8806/3915 3852/8807/3916
f 3808/8805/3870 3810/8808/3872 3851/8806/3915
f 3792/8666/3854 3853/8809/3917 3793/8667/3855
f 3792/8666/3854 3752/8730/3814 3854/8810/3918
f 3752/8730/3814 3855/8811/3919 3854/8810/3918
f 3733/8515/3795 3855/8812/3919 3752/8567/3814
f 3769/8813/3831 3855/8812/3919 3733/8515/3795
f 3673/8738/3734 3812/8737/3874 3856/8814/3920
f 3813/8739/3875 3673/8346/3734 3856/8815/3920
f 3617/8417/3672 3857/8816/3921 3643/8274/3698
f 3815/3712/3877 3797/8817/3859 3697/8742/3759
f 3546/8001/3599 3720/8479/3782 3858/8818/3922
f 3562/8132/3615 3546/8131/3599 3774/8819/3836
f 3778/8102/3840 3835/4953/3897 3859/8820/3923
f 3836/8821/3898 3777/8629/3839 3700/8425/3762
f 3701/8428/3763 3838/8783/3900 3759/8587/3821
f 3742/8822/3804 3799/8823/3861 3840/8824/3902
f 3740/8634/3802 3860/8825/3924 3738/8532/3800
f 3819/8826/3881 3725/8591/3787 3820/8755/3882
f 3780/8827/3842 3843/8828/3905 3861/8829/3925
f 3744/8551/3806 3843/8793/3905 3780/8644/3842
f 3781/8830/3843 3780/8827/3842 3861/8829/3925
f 3664/8331/3723 3862/8831/3926 3845/8797/3907
f 3664/8331/3723 3846/8798/3908 3862/8831/3926
f 3831/8770/3893 3805/8702/3867 3729/8502/3791
f 3787/8832/3849 3849/8833/3913 3833/8834/3895
f 3787/8835/3849 3808/8836/3870 3852/8837/3916
f 3863/8838/3927 3851/8806/3915 3810/8808/3872
f 3793/8839/3855 3853/8840/3917 3834/8841/3896
f 3695/8413/3757 3864/8842/3928 3672/8344/3733
f 3672/8344/3733 3856/8815/3920 3812/8843/3874
f 3771/8735/3833 3865/8844/3929 3770/8613/3832
f 3773/8616/3835 3857/8845/3921 3617/8207/3672
f 3734/8574/3796 3755/8846/3817 3866/8847/3930
f 3774/8848/3836 3867/8849/3931 3735/8850/3797
f 3698/8482/3760 3868/8851/3932 3722/8484/3784
f 3756/8579/3818 3868/8852/3932 3698/8421/3760
f 3817/8853/3879 3869/8854/3933 3737/8585/3799
f 3760/8588/3822 3870/8855/3934 3818/8751/3880
f 3760/8588/3822 3871/8856/3935 3870/8855/3934
f 3838/8783/3900 3777/8628/3839 3872/8857/3936
f 3820/8858/3882 3873/8011/3937 3819/8859/3881
f 3800/8860/3862 3821/7687/3883 3874/8861/3938
f 3779/8862/3841 3726/8863/3788 3875/8864/3939
f 3800/8689/3862 3876/8865/3940 3841/8791/3903
f 3726/8863/3788 3822/8866/3884 3875/8864/3939
f 3743/8643/3805 3844/8794/3906 3762/8867/3824
f 3824/8868/3886 3801/8869/3863 3745/8870/3807
f 3764/8698/3826 3781/8697/3843 3877/8871/3941
f 3766/8872/3828 3782/8873/3844 3878/8874/3942
f 3845/8797/3907 3862/8831/3926 3827/8763/3889
f 3783/8653/3845 3879/8875/3943 3666/8651/3725
f 3666/8333/3725 3879/8876/3943 3748/8562/3810
f 3804/8701/3866 3880/8877/3944 3829/8768/3891
f 3749/8563/3811 3881/8878/3945 3831/8799/3893
f 3750/8564/3812 3830/8769/3892 3804/8701/3866
f 3768/8607/3830 3882/8879/3946 3830/8769/3892
f 3768/8607/3830 3847/8800/3909 3882/8879/3946
f 3784/8655/3846 3882/8879/3946 3847/8800/3909
f 3784/8655/3846 3883/8880/3947 3882/8879/3946
f 3832/8771/3894 3883/8880/3947 3784/8655/3846
f 3786/8881/3848 3849/8882/3913 3732/8703/3794
f 3732/8703/3794 3849/8882/3913 3806/8704/3868
f 3634/8883/3689 3884/8884/3948 3885/8885/3949
f 3787/8835/3849 3886/8886/3950 3849/8887/3913
f 3787/8835/3849 3852/8837/3916 3886/8886/3950
f 3850/8888/3914 3694/8725/3756 3718/8477/3780
f 3792/8889/3854 3854/8890/3918 3853/8891/3917
f 3854/8810/3918 3855/8811/3919 3887/8892/3951
f 3795/8893/3857 3864/8842/3928 3695/8413/3757
f 3865/8278/3929 3769/8612/3831 3770/8674/3832
f 3771/8735/3833 3643/8894/3698 3857/8845/3921
f 3676/8895/3737 3866/8896/3930 3888/8897/3952
f 3546/8898/3599 3858/8899/3922 3889/8900/3953
f 3734/8574/3796 3866/8847/3930 3676/8353/3737
f 3737/8585/3799 3869/8854/3933 3835/8779/3897
f 3776/8625/3838 3890/8901/3954 3836/8780/3898
f 3758/8586/3820 3890/8901/3954 3776/8625/3838
f 3778/8633/3840 3891/8902/3955 3799/8685/3861
f 3759/2477/3821 3892/8903/3956 3837/8904/3899
f 3837/8904/3899 3892/8903/3956 3817/8905/3879
f 3838/8783/3900 3893/8906/3957 3759/8587/3821
f 3568/8067/3621 3871/8856/3935 3760/8588/3822
f 3819/8907/3881 3894/8908/3958 3740/8634/3802
f 3821/8909/3883 3840/8910/3902 3895/8911/3959
f 3820/8787/3882 3779/8639/3841 3873/8912/3937
f 3896/8913/3960 3873/8912/3937 3779/8639/3841
f 3874/8914/3938 3876/8865/3940 3800/8689/3862
f 3842/8790/3904 3841/8789/3903 3823/8915/3885
f 3825/8761/3887 3897/8916/3961 3802/8692/3864
f 3766/8796/3828 3897/7140/3961 3825/8795/3887
f 3764/8698/3826 3877/8871/3941 3826/8917/3888
f 3897/8918/3961 3766/8919/3828 3878/8920/3942
f 3782/8921/3844 3898/8922/3962 3878/8923/3942
f 3803/8699/3865 3899/8924/3963 3783/8767/3845
f 3900/8925/3964 3634/8926/3689 3690/8566/3752
f 3900/8927/3964 3884/8884/3948 3634/8883/3689
f 3884/8884/3948 3901/8928/3965 3885/8885/3949
f 3634/8929/3689 3885/8930/3949 3902/8931/3966
f 3902/8931/3966 3717/8932/3779 3634/8929/3689
f 3810/8720/3872 3834/8773/3896 3863/8933/3927
f 3853/8891/3917 3854/8890/3918 3903/8934/3967
f 3814/8740/3876 3813/8739/3875 3772/8615/3834
f 3904/8935/3968 3815/8936/3877 3772/8937/3834
f 3796/8675/3858 3905/8938/3969 3674/8348/3735
f 3906/8939/3970 3796/8677/3858 3754/8676/3816
f 3754/8572/3816 3676/8573/3737 3906/8940/3970
f 3546/8898/3599 3889/8900/3953 3774/8941/3836
f 3721/8942/3783 3735/8943/3797 3907/8944/3971
f 3721/8480/3783 3907/8945/3971 3756/8618/3818
f 3907/8945/3971 3868/8946/3932 3756/8618/3818
f 3908/8947/3972 3757/8948/3819 3722/8484/3784
f 3758/8586/3820 3909/8949/3973 3890/8901/3954
f 3891/8950/3955 3778/8951/3840 3910/8952/3974
f 3859/8953/3923 3910/8952/3974 3778/8951/3840
f 3859/8954/3923 3835/8955/3897 3869/8956/3933
f 3836/8821/3898 3911/8957/3975 3777/8629/3839
f 3777/8628/3839 3912/8958/3976 3872/8857/3936
f 3568/8959/3621 3913/8960/3977 3871/8961/3935
f 3860/8825/3924 3740/8634/3802 3894/8908/3958
f 3738/8962/3800 3860/8963/3924 3839/8964/3901
f 3819/8965/3881 3873/8966/3937 3894/8967/3958
f 3799/8823/3861 3914/8968/3978 3840/8824/3902
f 3779/8862/3841 3875/8864/3939 3896/8969/3960
f 3821/8970/3883 3915/8971/3979 3874/8972/3938
f 3895/8911/3959 3915/8973/3979 3821/8909/3883
f 3861/8974/3925 3916/8975/3980 3781/8645/3843
f 3917/8976/3981 3897/8977/3961 3878/6120/3942
f 3877/8871/3941 3918/8978/3982 3826/8917/3888
f 3803/8699/3865 3826/8762/3888 3899/8924/3963
f 3828/8766/3890 3827/8765/3889 3862/8979/3926
f 3783/8980/3845 3899/8981/3963 3919/8982/3983
f 3783/8653/3845 3919/8983/3983 3879/8875/3943
f 3829/8768/3891 3880/8877/3944 3846/8798/3908
f 3748/8562/3810 3881/8984/3945 3749/8654/3811
f 3881/8985/3945 3920/8986/3984 3921/8987/3985
f 3881/8878/3945 3921/8988/3985 3831/8799/3893
f 3690/8566/3752 3805/8702/3867 3900/8925/3964
f 3849/8803/3913 3922/8989/3986 3806/8990/3868
f 3885/8930/3949 3901/8991/3965 3902/8931/3966
f 3717/8932/3779 3902/8931/3966 3807/8992/3869
f 3811/8993/3873 3923/8994/3987 3795/8893/3857
f 3795/8995/3857 3924/8996/3988 3864/8997/3928
f 3771/8735/3833 3925/8998/3989 3865/8844/3929
f 3857/8845/3921 3925/8998/3989 3771/8735/3833
f 3773/8999/3835 3926/9000/3990 3857/9001/3921
f 3674/8348/3735 3905/8938/3969 3773/8616/3835
f 3676/8573/3737 3888/9002/3952 3906/8940/3970
f 3908/9003/3972 3927/9004/3991 3775/9005/3837
f 3775/9005/3837 3927/9004/3991 3798/9006/3860
f 3868/8851/3932 3908/8947/3972 3722/8484/3784
f 3757/9007/3819 3908/9008/3972 3775/9009/3837
f 3816/9010/3878 3928/9011/3992 3758/8586/3820
f 3816/8747/3878 3818/8750/3880 3928/9012/3992
f 3891/8902/3955 3929/9013/3993 3799/8685/3861
f 3817/8853/3879 3930/9014/3994 3869/8854/3933
f 3892/9015/3956 3930/9014/3994 3817/8853/3879
f 3777/8629/3839 3911/8957/3975 3912/9016/3976
f 3759/9017/3821 3893/9018/3957 3892/9019/3956
f 3838/8783/3900 3872/8857/3936 3893/8906/3957
f 3929/9013/3993 3931/9020/3995 3799/8685/3861
f 3839/8784/3901 3913/9021/3977 3568/8067/3621
f 3799/8823/3861 3931/9022/3995 3914/8968/3978
f 3894/8967/3958 3873/8966/3937 3932/9023/3996
f 3896/8913/3960 3932/9024/3996 3873/8912/3937
f 3840/8824/3902 3914/8968/3978 3895/9025/3959
f 3895/9026/3959 3933/9027/3997 3915/9028/3979
f 3841/8791/3903 3876/8865/3940 3934/9029/3998
f 3822/8866/3884 3935/9030/3999 3875/8864/3939
f 3762/8640/3824 3936/9031/4000 3822/8758/3884
f 3762/8867/3824 3844/8794/3906 3936/9032/4000
f 3763/8597/3825 3937/9033/4001 3843/8793/3905
f 3861/9034/3925 3843/9035/3905 3916/9036/3980
f 3824/8760/3886 3802/8692/3864 3897/8916/3961
f 3782/9037/3844 3938/9038/4002 3898/9039/3962
f 3782/9037/3844 3939/9040/4003 3938/9038/4002
f 3782/8649/3844 3828/9041/3890 3940/9042/4004
f 3828/9041/3890 3862/8831/3926 3940/9042/4004
f 3879/9043/3943 3941/9044/4005 3748/9045/3810
f 3879/9043/3943 3919/9046/3983 3941/9044/4005
f 3883/8880/3947 3942/9047/4006 3882/8879/3946
f 3832/8771/3894 3922/8989/3986 3883/8880/3947
f 3806/8704/3868 3922/9048/3986 3832/8801/3894
f 3900/9049/3964 3901/9050/3965 3884/9051/3948
f 3807/8707/3869 3943/9052/4007 3850/8804/3914
f 3850/8888/3914 3944/9053/4008 3694/8725/3756
f 3834/8773/3896 3945/9054/4009 3863/8933/3927
f 3834/8841/3896 3853/8840/3917 3945/9055/4009
f 3694/9056/3756 3946/9057/4010 3811/8993/3873
f 3887/9058/3951 3903/9059/3967 3854/9060/3918
f 3795/8893/3857 3923/8994/3987 3924/9061/3988
f 3769/8813/3831 3865/9062/3929 3947/9063/4011
f 3796/8675/3858 3906/8940/3970 3905/8938/3969
f 3720/8479/3782 3948/7649/4012 3858/8818/3922
f 3755/9064/3817 3949/9065/4013 3866/8896/3930
f 3950/9066/4014 3951/9067/4015 3735/8850/3797
f 3758/8586/3820 3928/9011/3992 3909/8949/3973
f 3910/9068/3974 3952/9069/4016 3891/9070/3955
f 3836/9071/3898 3953/9072/4017 3911/9073/3975
f 3890/8901/3954 3953/9074/4017 3836/8780/3898
f 3818/8750/3880 3870/9075/3934 3928/9012/3992
f 3893/9076/3957 3954/9077/4018 3892/9078/3956
f 3860/9079/3924 3955/3215/4019 3839/9080/3901
f 3894/8908/3958 3955/9081/4019 3860/8825/3924
f 3894/8908/3958 3956/9082/4020 3955/9081/4019
f 3894/9083/3958 3932/9084/3996 3956/9085/4020
f 3896/9086/3960 3957/9087/4021 3932/9088/3996
f 3895/9089/3959 3958/9090/4022 3933/9091/3997
f 3896/8969/3960 3875/8864/3939 3957/9092/4021
f 3874/8972/3938 3959/9093/4023 3876/9094/3940
f 3874/8972/3938 3915/8971/3979 3959/9093/4023
f 3934/9029/3998 3823/8759/3885 3841/8791/3903
f 3763/8597/3825 3823/8759/3885 3960/9095/4024
f 3824/8868/3886 3961/3270/4025 3801/8869/3863
f 3843/8793/3905 3937/9033/4001 3916/8975/3980
f 3916/8975/3980 3962/9096/4026 3781/8645/3843
f 3781/8645/3843 3962/9096/4026 3877/9097/3941
f 3877/9097/3941 3962/9096/4026 3918/9098/3982
f 3878/9099/3942 3898/9100/3962 3938/9101/4002
f 3918/9102/3982 3963/9103/4027 3826/9104/3888
f 3826/9104/3888 3963/9103/4027 3899/8981/3963
f 3862/8831/3926 3846/8798/3908 3940/9042/4004
f 3748/9045/3810 3941/9044/4005 3881/9105/3945
f 3880/8877/3944 3804/8701/3866 3830/8769/3892
f 3883/8880/3947 3922/8989/3986 3942/9047/4006
f 3902/8931/3966 3901/8991/3965 3943/9106/4007
f 3902/9107/3966 3943/9052/4007 3807/8707/3869
f 3886/9108/3950 3852/9109/3916 3851/9110/3915
f 3943/9111/4007 3944/9112/4008 3850/9113/3914
f 3944/9114/4008 3946/9057/4010 3694/9056/3756
f 3924/8996/3988 3964/9115/4028 3864/8997/3928
f 3947/9116/4011 3965/9117/4029 3887/8892/3951
f 3887/8892/3951 3855/8811/3919 3947/9116/4011
f 3672/8344/3733 3864/8842/3928 3856/8815/3920
f 3856/8815/3920 3864/8842/3928 3966/9118/4030
f 3865/9062/3929 3967/9119/4031 3947/9063/4011
f 3856/8815/3920 3968/9120/4032 3813/8739/3875
f 3925/9121/3989 3967/9122/4031 3865/9123/3929
f 3926/9124/3990 3773/8616/3835 3969/9125/4033
f 3815/8777/3877 3970/9126/4034 3797/9127/3859
f 3797/9127/3859 3970/9126/4034 3720/9128/3782
f 3720/9129/3782 3970/4038/4034 3948/9130/4012
f 3866/8896/3930 3971/9131/4035 3888/8897/3952
f 3927/9132/3991 3908/9133/3972 3972/9134/4036
f 3755/8682/3817 3798/8681/3860 3927/9135/3991
f 3867/8849/3931 3950/9066/4014 3735/8850/3797
f 3735/8943/3797 3951/9136/4015 3907/8944/3971
f 3859/8954/3923 3869/8956/3933 3910/9137/3974
f 3892/9138/3956 3973/9139/4037 3930/9140/3994
f 3892/9141/3956 3954/9142/4018 3973/9143/4037
f 3932/9084/3996 3974/9144/4038 3956/9085/4020
f 3957/9092/4021 3975/9145/4039 3956/9146/4020
f 3956/9147/4020 3974/9148/4038 3957/6812/4021
f 3976/9149/4040 3933/9091/3997 3958/9090/4022
f 3957/9150/4021 3974/9151/4038 3932/9152/3996
f 3958/9153/4022 3895/9154/3959 3977/5926/4041
f 3895/9155/3959 3914/9156/3978 3977/9157/4041
f 3763/9158/3825 3960/9159/4024 3937/9160/4001
f 3782/9161/3844 3940/9162/4004 3939/9163/4003
f 3880/8877/3944 3978/9164/4042 3979/9165/4043
f 3881/9105/3945 3941/9044/4005 3920/9166/3984
f 3920/8986/3984 3980/5256/4044 3921/8987/3985
f 3831/3757/3893 3921/9167/3985 3981/9168/4045
f 3831/9169/3893 3981/9170/4045 3805/9171/3867
f 3981/9170/4045 3982/9172/4046 3805/9171/3867
f 3805/9171/3867 3982/9172/4046 3900/9173/3964
f 3863/8933/3927 3945/9054/4009 3851/9110/3915
f 3946/9057/4010 3923/8994/3987 3811/8993/3873
f 3924/9061/3988 3923/8994/3987 3964/9174/4028
f 3887/9058/3951 3965/9175/4029 3903/9059/3967
f 3855/8812/3919 3769/8813/3831 3947/9063/4011
f 3856/8815/3920 3966/9118/4030 3983/9176/4047
f 3856/9177/3920 3983/9178/4047 3968/9179/4032
f 3969/9125/4033 3773/8616/3835 3905/8938/3969
f 3949/9065/4013 3971/9131/4035 3866/8896/3930
f 3890/8901/3954 3984/9180/4048 3953/9074/4017
f 3909/8949/3973 3984/9180/4048 3890/8901/3954
f 3891/9181/3955 3985/9182/4049 3929/9183/3993
f 3976/9149/4040 3986/9184/4050 3933/9091/3997
f 3957/9092/4021 3875/8864/3939 3975/9145/4039
f 3875/8864/3939 3987/9185/4051 3975/9145/4039
f 3933/9091/3997 3986/9184/4050 3915/9186/3979
f 3876/8865/3940 3988/9187/4052 3934/9029/3998
f 3959/9093/4023 3989/7330/4053 3876/9094/3940
f 3959/9093/4023 3915/8971/3979 3989/7330/4053
f 3875/9188/3939 3935/9189/3999 3987/9190/4051
f 3897/8916/3961 3990/9191/4054 3824/8760/3886
f 3917/9192/3981 3991/9193/4055 3897/9194/3961
f 3917/9195/3981 3878/9196/3942 3991/9197/4055
f 3962/9198/4026 3992/9199/4056 3918/9102/3982
f 3846/8798/3908 3993/9200/4057 3940/9042/4004
f 3994/9201/4058 3995/9202/4059 3996/9203/4060
f 3846/8798/3908 3880/8877/3944 3979/9165/4043
f 3919/9204/3983 3997/9205/4061 3941/9206/4005
f 3880/9207/3944 3830/9208/3892 3978/9209/4042
f 3900/9173/3964 3982/9172/4046 3901/9210/3965
f 3922/8989/3986 3998/9211/4062 3942/9047/4006
f 3922/8989/3986 3849/8803/3913 3998/9211/4062
f 3849/8803/3913 3999/9212/4063 3998/9211/4062
f 3886/9213/3950 4000/9214/4064 3849/9215/3913
f 3886/9108/3950 3851/9110/3915 4000/9216/4064
f 3945/9054/4009 4000/9216/4064 3851/9110/3915
f 4001/9217/4065 3864/8997/3928 3964/9115/4028
f 3926/9000/3990 4002/9218/4066 3857/9001/3921
f 3813/8739/3875 4003/9219/4067 3772/8615/3834
f 3905/8938/3969 4004/9220/4068 3969/9125/4033
f 3772/8615/3834 4005/9221/4069 3904/9222/3968
f 3905/9223/3969 4006/9224/4070 4004/9225/4068
f 3904/9222/3968 4005/9221/4069 3815/8777/3877
f 3948/9226/4012 4007/9227/4071 3858/8899/3922
f 3858/8899/3922 4007/9227/4071 3889/8900/3953
f 3755/9228/3817 3972/9134/4036 3949/9229/4013
f 3927/9132/3991 3972/9134/4036 3755/9228/3817
f 3774/9230/3836 4008/9231/4072 3867/9232/3931
f 3985/9182/4049 3891/9181/3955 4009/9233/4073
f 3910/9234/3974 4010/769/4074 4009/9235/4073
f 3891/9236/3955 3952/9237/4016 4009/9238/4073
f 3910/9239/3974 4009/9240/4073 3952/3859/4016
f 3869/8854/3933 4010/9241/4074 3910/9242/3974
f 3911/9243/3975 3953/9244/4017 3912/9245/3976
f 3913/9021/3977 3839/8784/3901 4011/9246/4075
f 3956/9146/4020 3975/9145/4039 4012/9247/4076
f 3954/9077/4018 3893/9076/3957 4013/9248/4077
f 4012/9249/4076 4014/9250/4078 3956/9251/4020
f 3872/9252/3936 4015/9253/4079 3893/9254/3957
f 3893/9076/3957 4016/9255/4080 4013/9248/4077
f 3893/9076/3957 4015/9256/4079 4016/9255/4080
f 3914/9156/3978 3931/9257/3995 3977/9157/4041
f 3876/9094/3940 3989/7330/4053 3988/9258/4052
f 3822/8866/3884 4017/9259/4081 3935/9030/3999
f 3960/9159/4024 4018/9260/4082 3937/9160/4001
f 3916/8975/3980 3937/9033/4001 4019/9261/4083
f 3897/8916/3961 3991/9197/4055 3990/9191/4054
f 3916/8975/3980 4019/9261/4083 3962/9096/4026
f 3878/9196/3942 3938/9038/4002 3991/9197/4055
f 3918/9102/3982 3992/9199/4056 3963/9103/4027
f 3939/9040/4003 4020/9262/4084 3938/9038/4002
f 3899/8981/3963 3997/9263/4061 3919/8982/3983
f 4021/9264/4085 3997/9263/4061 3899/8981/3963
f 3995/9202/4059 4022/9265/4086 3996/9203/4060
f 3993/9200/4057 3846/8798/3908 3979/9165/4043
f 3996/9266/4060 4023/9267/4087 3994/9268/4058
f 3997/9263/4061 4024/9269/4088 3941/9270/4005
f 3979/9165/4043 3978/9164/4042 4025/9271/4089
f 3978/9209/4042 3830/9208/3892 4025/9272/4089
f 3920/9166/3984 3941/9044/4005 3980/9273/4044
f 3941/9044/4005 4026/9274/4090 3980/9273/4044
f 4026/9274/4090 4027/9275/4091 3980/9273/4044
f 3981/9170/4045 4028/9276/4092 3982/9172/4046
f 3901/9277/3965 3982/9278/4046 3943/9279/4007
f 3849/9215/3913 4000/9214/4064 3999/9280/4063
f 4029/9281/4093 3964/9174/4028 3923/8994/3987
f 4029/9282/4093 4001/9217/4065 3964/9115/4028
f 4030/9283/4094 3903/9059/3967 3965/9175/4029
f 4031/9284/4095 4030/9283/4094 3965/9175/4029
f 4032/9285/4096 3864/8842/3928 4001/9286/4065
f 4033/9287/4097 3947/9063/4011 3967/9119/4031
f 3966/9118/4030 3968/9120/4032 3983/9176/4047
f 4034/9288/4098 3925/8998/3989 3857/8845/3921
f 4006/9289/4070 4035/9290/4099 4004/9220/4068
f 4036/9291/4100 3905/8938/3969 3906/8940/3970
f 4036/9292/4100 4037/9293/4101 3905/9294/3969
f 4037/3049/4101 4006/9295/4070 3905/9296/3969
f 4009/9297/4073 4038/9298/4102 3985/9299/4049
f 3973/9139/4037 4039/9300/4103 3930/9140/3994
f 3953/9244/4017 4040/9301/4104 3912/9245/3976
f 3928/9012/3992 3870/9075/3934 4041/9302/4105
f 3871/8856/3935 3913/9021/3977 4011/9246/4075
f 4010/9241/4074 3869/8854/3933 3930/9014/3994
f 4010/9241/4074 3930/9014/3994 4042/9303/4106
f 4039/9304/4103 4042/9303/4106 3930/9014/3994
f 3839/8784/3901 3955/9081/4019 4043/9305/4107
f 3955/9081/4019 3956/9082/4020 4043/9305/4107
f 4014/9306/4078 4043/9305/4107 3956/9082/4020
f 4012/9247/4076 3975/9145/4039 4044/9307/4108
f 3986/9184/4050 4045/9308/4109 3915/9186/3979
f 3915/9186/3979 4045/9308/4109 3989/9309/4053
f 3988/9187/4052 4046/9310/4110 3934/9029/3998
f 3823/9311/3885 3934/9312/3998 4046/3593/4110
f 3822/8758/3884 3936/9031/4000 4017/9313/4081
f 4047/9314/4111 3960/9315/4024 3823/9316/3885
f 3936/9032/4000 3844/8794/3906 3801/8691/3863
f 4019/9261/4083 3937/9033/4001 4018/9317/4082
f 3824/8760/3886 3990/9191/4054 3961/9318/4025
f 4020/9319/4084 3939/9163/4003 3940/9162/4004
f 3992/9199/4056 4048/9320/4112 3963/9103/4027
f 4048/9320/4112 3899/8981/3963 3963/9103/4027
f 4049/9321/4113 3899/8981/3963 4048/9320/4112
f 3993/9200/4057 4050/9322/4114 3940/9042/4004
f 4049/9321/4113 4021/9264/4085 3899/8981/3963
f 3995/9202/4059 3994/9201/4058 4051/9323/4115
f 4049/9321/4113 4051/9323/4115 3994/9201/4058
f 4049/9324/4113 3994/9325/4058 4023/9326/4087
f 4052/9327/4116 4021/9264/4085 4049/9321/4113
f 4022/9328/4086 4023/9329/4087 3996/9330/4060
f 4052/9327/4116 3997/9263/4061 4021/9264/4085
f 3997/9263/4061 4053/9331/4117 4024/9269/4088
f 4053/9331/4117 3997/9263/4061 4052/9327/4116
f 3830/8769/3892 3882/8879/3946 4054/9332/4118
f 3980/9273/4044 4027/9275/4091 3921/9333/3985
f 3882/8879/3946 3942/9047/4006 4055/9334/4119
f 4056/9335/4120 3942/9336/4006 3998/9337/4062
f 4056/9335/4120 3998/9337/4062 4057/9338/4121
f 4058/9339/4122 3943/9279/4007 3982/9278/4046
f 3999/9280/4063 4000/9214/4064 4059/9340/4123
f 4058/9341/4122 3944/9112/4008 3943/9111/4007
f 3945/9342/4009 3853/9343/3917 4060/9344/4124
f 3944/9114/4008 4061/9345/4125 3946/9057/4010
f 4061/9345/4125 3923/8994/3987 3946/9057/4010
f 3853/8891/3917 3903/8934/3967 4062/9346/4126
f 3903/8934/3967 4030/9347/4094 4062/9346/4126
f 4031/9348/4095 3965/9349/4029 3947/9063/4011
f 4002/9350/4066 4034/9288/4098 3857/8845/3921
f 3926/9351/3990 3969/9352/4033 4002/9353/4066
f 4006/9289/4070 4037/9354/4101 4035/9290/4099
f 4005/9221/4069 3970/9126/4034 3815/8777/3877
f 3889/8900/3953 4063/9355/4127 3774/8941/3836
f 4063/9356/4127 4008/9357/4072 3774/6172/3836
f 4064/9358/4128 3868/9359/3932 3907/8944/3971
f 4009/9297/4073 4010/9241/4074 4038/9298/4102
f 4038/9298/4102 3929/9360/3993 3985/9299/4049
f 3953/9361/4017 3984/9362/4048 4065/9363/4129
f 3870/8855/3934 3871/8856/3935 4011/9246/4075
f 4042/8541/4106 4039/9364/4103 3973/9365/4037
f 3870/8855/3934 4066/9366/4130 4041/9367/4105
f 3870/8855/3934 4011/9246/4075 4066/9366/4130
f 4013/9368/4077 3973/9143/4037 3954/9142/4018
f 3976/9369/4040 3958/6547/4022 3986/9370/4050
f 3958/6547/4022 4067/9371/4131 3986/9370/4050
f 3958/9372/4022 3977/9373/4041 4067/9374/4131
f 3977/9375/4041 3931/9376/3995 4067/9377/4131
f 3986/9370/4050 4067/9371/4131 4068/9378/4132
f 3975/9145/4039 3987/9185/4051 4044/9307/4108
f 3986/9184/4050 4069/9379/4133 4045/9308/4109
f 4069/9379/4133 3989/9309/4053 4045/9308/4109
f 3988/9380/4052 3989/5123/4053 4046/9381/4110
f 3987/9190/4051 3935/9189/3999 4070/9382/4134
f 3823/9316/3885 4046/9383/4110 4047/9314/4111
f 4071/9384/4135 4072/9385/4136 4073/9386/4137
f 3960/9159/4024 4074/9387/4138 4018/9260/4082
f 3938/9038/4002 4020/9262/4084 4075/9388/4139
f 3940/9162/4004 4050/9389/4114 4020/9319/4084
f 4076/9390/4140 4077/9391/4141 4078/9392/4142
f 4076/9393/4140 4079/9394/4143 4077/9395/4141
f 4077/9396/4141 4080/9397/4144 4078/9398/4142
f 4079/9399/4143 4080/9397/4144 4077/9396/4141
f 4081/9400/4145 4051/9323/4115 4048/9320/4112
f 4081/9400/4145 3995/9202/4059 4051/9323/4115
f 4048/9401/4112 4051/9402/4115 4049/9403/4113
f 4082/9404/4146 4083/9405/4147 4022/9265/4086
f 4083/9405/4147 4084/9406/4148 4022/9265/4086
f 4085/9407/4149 4086/9408/4150 4087/9409/4151
f 4022/9328/4086 4084/9410/4148 4023/9329/4087
f 4052/9327/4116 4023/9411/4087 4053/9331/4117
f 4024/9412/4088 4088/3576/4152 3941/9413/4005
f 3941/9044/4005 4088/9414/4152 4026/9274/4090
f 4053/9331/4117 4088/9415/4152 4024/9269/4088
f 4026/9274/4090 4088/9414/4152 4027/9275/4091
f 4054/9332/4118 3882/8879/3946 4055/9334/4119
f 3981/9170/4045 3921/9416/3985 4089/9417/4153
f 4055/9334/4119 3942/9047/4006 4090/9418/4154
f 4028/9419/4092 4091/9420/4155 3982/9421/4046
f 3942/9047/4006 4056/9422/4120 4090/9418/4154
f 3998/9211/4062 3999/9212/4063 4057/9423/4121
f 4057/9423/4121 3999/9212/4063 4059/9424/4123
f 3945/1564/4009 4059/9425/4123 4000/2327/4064
f 3923/8994/3987 4061/9345/4125 4029/9281/4093
f 4061/9345/4125 4092/9426/4156 4029/9281/4093
f 4029/9282/4093 4093/9427/4157 4001/9217/4065
f 3947/9063/4011 4094/9428/4158 4031/9348/4095
f 3947/9063/4011 4033/9287/4097 4094/9428/4158
f 3925/9121/3989 4034/9429/4098 3967/9122/4031
f 3772/8615/3834 4003/9219/4067 4095/9430/4159
f 4095/9430/4159 4005/9221/4069 3772/8615/3834
f 4096/9431/4160 4037/9293/4101 4036/9292/4100
f 4036/9291/4100 3906/8940/3970 4096/9432/4160
f 3948/9433/4012 3970/9434/4034 4007/9435/4071
f 3970/9436/4034 4097/9437/4161 4007/9227/4071
f 3972/9134/4036 3908/9133/3972 4098/9438/4162
f 3889/8900/3953 4007/9227/4071 4063/9355/4127
f 3951/9136/4015 4064/9358/4128 3907/8944/3971
f 3868/9359/3932 4064/9358/4128 4099/9439/4163
f 4065/9440/4129 4040/9301/4104 3953/9244/4017
f 4042/9303/4106 4100/9441/4164 4010/9241/4074
f 4042/9303/4106 4101/9442/4165 4100/9441/4164
f 3929/9013/3993 4102/9443/4166 3931/9020/3995
f 4044/9444/4108 4014/9250/4078 4012/9249/4076
f 3839/8784/3901 4043/9305/4107 4011/9246/4075
f 4013/9368/4077 4103/9445/4167 3973/9143/4037
f 3931/9376/3995 4104/9446/4168 4067/9377/4131
f 4015/9253/4079 3872/9252/3936 4105/9447/4169
f 3986/9370/4050 4068/9378/4132 4069/9448/4133
f 4105/9447/4169 4106/9449/4170 4015/9253/4079
f 4015/9256/4079 4106/9450/4170 4016/9255/4080
f 4013/9248/4077 4016/9255/4080 4107/9451/4171
f 4016/9452/4080 4106/9453/4170 4107/9454/4171
f 3987/9185/4051 4070/9455/4134 4108/9456/4172
f 4073/9386/4137 4106/9453/4170 4071/9384/4135
f 3936/9457/4000 3935/9458/3999 4017/9459/4081
f 4071/9384/4135 4109/9460/4173 4072/9385/4136
f 3801/9461/3863 3961/9462/4025 3936/9463/4000
f 4073/9386/4137 4072/9385/4136 4110/9464/4174
f 4072/9465/4136 4111/9466/4175 4110/9467/4174
f 4109/9468/4173 4111/9466/4175 4072/9465/4136
f 3961/9318/4025 3990/9191/4054 4112/9469/4176
f 3962/9096/4026 4019/9261/4083 3992/9470/4056
f 3992/9199/4056 4019/9471/4083 4113/9472/4177
f 3938/9038/4002 4075/9388/4139 3991/9197/4055
f 4075/9388/4139 4020/9262/4084 4114/9473/4178
f 3992/9199/4056 4081/9400/4145 4048/9320/4112
f 4115/9474/4179 4079/9394/4143 4076/9393/4140
f 4078/9475/4142 4115/9476/4179 4076/9477/4140
f 4020/9319/4084 4050/9389/4114 4114/9478/4178
f 3995/9202/4059 4081/9400/4145 4116/9479/4180
f 4116/9479/4180 4082/9404/4146 3995/9202/4059
f 3995/9202/4059 4082/9404/4146 4022/9265/4086
f 4117/9480/4181 4085/9481/4149 4118/9482/4182
f 4117/9483/4181 4118/9484/4182 4119/9485/4183
f 4117/9480/4181 4086/9486/4150 4085/9481/4149
f 4087/9409/4151 4120/9487/4184 4085/9407/4149
f 4119/9488/4183 4121/9489/4185 4117/9490/4181
f 3993/9491/4057 3979/9492/4043 4122/9493/4186
f 4049/9321/4113 4023/9411/4087 4052/9327/4116
f 4117/9494/4181 4123/9495/4187 4086/9496/4150
f 4086/9408/4150 4123/9497/4187 4087/9409/4151
f 4122/9498/4186 3979/9499/4043 4124/9500/4188
f 4087/9501/4151 4123/9502/4187 4125/9503/4189
f 3979/9165/4043 4025/9271/4089 4124/9504/4188
f 4025/9271/4089 4126/9505/4190 4124/9504/4188
f 4023/9506/4087 4127/9507/4191 4053/9508/4117
f 4025/9272/4089 4054/9509/4118 4126/9510/4190
f 3830/9208/3892 4054/9509/4118 4025/9272/4089
f 4053/9508/4117 4128/9511/4192 4088/9512/4152
f 4054/9513/4118 4055/9514/4119 4129/9515/4193
f 3981/9170/4045 4089/9417/4153 4028/9276/4092
f 4090/9516/4154 4056/9517/4120 4130/9518/4194
f 4057/9338/4121 4059/9519/4123 4056/9335/4120
f 3945/9342/4009 4060/9344/4124 4059/9520/4123
f 4029/9282/4093 4092/9521/4156 4093/9427/4157
f 4030/9347/4094 4131/9522/4195 4062/9346/4126
f 4001/9217/4065 4093/9427/4157 4032/9523/4096
f 3969/9352/4033 4132/9524/4196 4002/9353/4066
f 4004/9220/4068 4133/9525/4197 3969/9125/4033
f 4005/9221/4069 4095/9430/4159 3970/9126/4034
f 4007/9227/4071 4134/9526/4198 4063/9355/4127
f 3950/9066/4014 4135/9527/4199 3951/9067/4015
f 3951/9136/4015 4135/9528/4199 4064/9358/4128
f 3909/8949/3973 4136/9529/4200 3984/9180/4048
f 3928/9011/3992 4041/9367/4105 3909/8949/3973
f 4038/9298/4102 4137/9530/4201 3929/9360/3993
f 4040/9301/4104 4138/9531/4202 3912/9245/3976
f 3931/9020/3995 4102/9443/4166 4104/9532/4168
f 3872/8857/3936 3912/8958/3976 4105/9533/4169
f 4014/9534/4078 4139/9535/4203 4043/9536/4107
f 4014/9537/4078 4044/9538/4108 4139/9539/4203
f 4067/9371/4131 4140/9540/4204 4068/9378/4132
f 4105/9541/4169 4141/9542/4205 4106/2057/4170
f 4067/9371/4131 4142/9543/4206 4140/9540/4204
f 3987/9185/4051 4108/9456/4172 4044/9307/4108
f 4069/9544/4133 4143/9545/4207 4046/9546/4110
f 3989/9547/4053 4069/9548/4133 4046/2251/4110
f 4068/9549/4132 4144/9550/4208 4069/9551/4133
f 4068/9552/4132 4140/9553/4204 4145/9554/4209
f 4141/9555/4205 4071/9384/4135 4106/9453/4170
f 4068/9552/4132 4145/9554/4209 4144/9556/4208
f 4106/9453/4170 4073/9386/4137 4107/9454/4171
f 4046/9546/4110 4146/9557/4210 4147/9558/4211
f 4046/9546/4110 4143/9545/4207 4146/9557/4210
f 4073/9386/4137 4148/9559/4212 4107/9454/4171
f 4071/9560/4135 4149/9561/4213 4109/9562/4173
f 4073/9386/4137 4110/9464/4174 4148/9559/4212
f 4047/9563/4111 4074/9387/4138 3960/9159/4024
f 4148/9564/4212 4110/9565/4174 4150/9566/4214
f 4151/9567/4215 3961/9568/4025 4112/9569/4176
f 3991/9197/4055 4151/9570/4215 3990/9191/4054
f 4115/9476/4179 4152/9571/4216 4079/9572/4143
f 4113/9472/4177 4081/9400/4145 3992/9199/4056
f 4078/9475/4142 4153/9573/4217 4115/9476/4179
f 4078/9475/4142 4154/9574/4218 4153/9573/4217
f 4155/9575/4219 4156/9576/4220 4157/9577/4221
f 4158/9578/4222 4116/9479/4180 4081/9400/4145
f 3993/9200/4057 4159/9579/4223 4050/9322/4114
f 3993/9491/4057 4122/9493/4186 4160/9580/4224
f 4117/9581/4181 4121/9582/4185 4123/9583/4187
f 4160/9580/4224 4122/9493/4186 4161/9584/4225
f 4125/9503/4189 4123/9502/4187 4162/9585/4226
f 4160/9580/4224 4161/9584/4225 4123/9583/4187
f 4163/9586/4227 4123/9583/4187 4161/9584/4225
f 4023/9329/4087 4164/9587/4228 4127/9588/4191
f 4163/9589/4227 4165/9590/4229 4123/9591/4187
f 4161/9584/4225 4124/9592/4188 4163/9586/4227
f 4126/9505/4190 4166/9593/4230 4124/9504/4188
f 4126/9510/4190 4054/9509/4118 4166/9594/4230
f 3921/9595/3985 4027/9596/4091 4089/9597/4153
f 4027/9596/4091 4088/9598/4152 4089/9597/4153
f 4055/9599/4119 4090/9600/4154 4167/9601/4231
f 4090/9602/4154 4130/9603/4194 4167/9604/4231
f 3944/9114/4008 4168/9605/4232 4061/9345/4125
f 4061/9345/4125 4168/9605/4232 4092/9426/4156
f 3853/9343/3917 4131/9606/4195 4060/9344/4124
f 4168/9607/4232 4169/9608/4233 4092/9609/4156
f 3853/9610/3917 4062/9611/4126 4131/9612/4195
f 4092/9609/4156 4169/9608/4233 4093/9613/4157
f 4031/9348/4095 4170/9614/4234 4171/9615/4235
f 4031/9348/4095 4094/9428/4158 4170/9614/4234
f 4032/9285/4096 3966/9118/4030 3864/8842/3928
f 4032/9616/4096 4172/9617/4236 3966/9618/4030
f 3966/9118/4030 4173/9619/4237 3968/9120/4032
f 4174/9620/4238 4034/9621/4098 4175/9622/4239
f 4034/9623/4098 4176/9624/4240 4177/9625/4241
f 4178/9626/4242 4179/9627/4243 4180/9628/4244
f 4178/9629/4242 4180/9630/4244 4132/9631/4196
f 4178/9632/4242 4132/9633/4196 4179/9634/4243
f 4002/9350/4066 4132/9635/4196 4034/9288/4098
f 3969/9636/4033 4133/9637/4197 4132/9638/4196
f 4004/9220/4068 4035/9290/4099 4133/9525/4197
f 4097/9437/4161 4134/9526/4198 4007/9227/4071
f 3908/9133/3972 3868/9359/3932 4098/9438/4162
f 3984/9639/4048 4136/9640/4200 4065/9641/4129
f 4038/9298/4102 4010/9241/4074 4137/9530/4201
f 4042/9303/4106 3973/9642/4037 4101/9442/4165
f 3909/8949/3973 4041/9367/4105 4136/9529/4200
f 4010/9241/4074 4100/9441/4164 4181/9643/4245
f 3973/9143/4037 4103/9445/4167 4182/9644/4246
f 4138/9531/4202 4105/9645/4169 3912/9245/3976
f 4105/9646/4169 4183/9647/4247 4141/9648/4205
f 4139/9535/4203 4184/9649/4248 4043/9536/4107
f 4044/9650/4108 4070/9651/4134 4139/9652/4203
f 4108/9653/4172 4070/9651/4134 4044/9650/4108
f 4013/9368/4077 4185/9654/4249 4103/9445/4167
f 4013/9368/4077 4107/9655/4171 4185/9654/4249
f 3935/9189/3999 4186/9656/4250 4070/9382/4134
f 4147/9657/4211 4047/9658/4111 4046/9659/4110
f 4148/9564/4212 4150/9566/4214 4187/9660/4251
f 3961/9568/4025 4151/9567/4215 3936/9661/4000
f 4188/9662/4252 4189/9663/4253 4152/9664/4216
f 4188/9665/4252 4190/9666/4254 4189/9667/4253
f 4191/9668/4255 4152/8394/4216 4189/9669/4253
f 4190/9666/4254 4191/9670/4255 4189/9667/4253
f 3991/9197/4055 4075/9388/4139 4151/9570/4215
f 4078/9475/4142 4158/9578/4222 4154/9574/4218
f 4078/9398/4142 4192/9671/4256 4158/9672/4222
f 4155/9673/4219 4157/9674/4221 4193/9675/4257
f 4114/9473/4178 4194/9676/4258 4195/9677/4259
f 4050/9678/4114 4159/9679/4223 4114/9680/4178
f 4114/9680/4178 4159/9679/4223 4194/9681/4258
f 4196/9682/4260 4119/9631/4183 4118/9683/4182
f 4118/9482/4182 4085/9481/4149 4196/9684/4260
f 3993/9200/4057 4160/9685/4224 4159/9579/4223
f 4082/9404/4146 4197/9686/4261 4083/9405/4147
f 4121/9582/4185 4160/9580/4224 4123/9583/4187
f 4023/9329/4087 4084/9410/4148 4198/9687/4262
f 4161/9688/4225 4122/9498/4186 4124/9500/4188
f 4127/9507/4191 4128/9511/4192 4053/9508/4117
f 4166/9689/4230 4199/9690/4263 4124/9592/4188
f 4054/9509/4118 4200/9691/4264 4166/9594/4230
f 4054/9692/4118 4201/9693/4265 4202/9694/4266
f 4054/9695/4118 4129/9696/4193 4201/9697/4265
f 4129/9696/4193 4167/6022/4231 4201/9697/4265
f 4129/9698/4193 4055/9599/4119 4167/9601/4231
f 3982/9172/4046 4203/9699/4267 4058/9700/4122
f 4058/9700/4122 4203/9699/4267 3944/9114/4008
f 3944/9114/4008 4204/9701/4268 4168/9605/4232
f 4030/5882/4094 4171/9702/4235 4131/9703/4195
f 4031/9704/4095 4171/9702/4235 4030/5882/4094
f 4093/9705/4157 4205/9706/4269 4032/9285/4096
f 4032/9285/4096 4206/9707/4270 4172/9708/4236
f 4172/9708/4236 4206/9707/4270 3966/9118/4030
f 4033/9287/4097 4207/9709/4271 4094/9428/4158
f 4033/9287/4097 3967/9119/4031 4174/9710/4238
f 4174/9710/4238 3967/9119/4031 4034/9711/4098
f 4177/9625/4241 4176/9624/4240 4180/9712/4244
f 4132/9713/4196 4180/9714/4244 4176/9715/4240
f 4176/9715/4240 4034/9716/4098 4132/9713/4196
f 3813/8739/3875 4208/9717/4272 4003/9219/4067
f 4209/9718/4273 4095/9430/4159 4003/9219/4067
f 4210/9719/4274 4096/9432/4160 3906/8940/3970
f 4210/9719/4274 3906/8940/3970 3888/9002/3952
f 4098/9438/4162 3868/9359/3932 4099/9439/4163
f 4065/9720/4129 4136/9721/4200 4040/9722/4104
f 4211/9723/4275 4041/9367/4105 4066/9366/4130
f 4010/9241/4074 4181/9643/4245 4137/9530/4201
f 4137/9724/4201 4181/9725/4245 4212/9726/4276
f 3973/9642/4037 4213/9727/4277 4101/9442/4165
f 4213/9727/4277 3973/9642/4037 4182/9728/4246
f 4041/9367/4105 4211/9723/4275 4136/9529/4200
f 4214/9729/4278 4100/9441/4164 4101/9442/4165
f 4214/9729/4278 4101/9442/4165 4213/9727/4277
f 4215/1149/4279 4067/9377/4131 4104/9446/4168
f 4216/9730/4280 4141/9731/4205 4183/9732/4247
f 4215/9733/4279 4142/9734/4206 4067/9735/4131
f 4142/9543/4206 4215/9736/4279 4140/9540/4204
f 4216/9737/4280 4071/9560/4135 4141/9738/4205
f 4139/9739/4203 4070/9382/4134 4184/9740/4248
f 4069/9741/4133 4144/9742/4208 4143/9743/4207
f 4216/9737/4280 4149/9561/4213 4071/9560/4135
f 4215/9744/4279 4145/9554/4209 4140/9553/4204
f 4185/9654/4249 4107/9655/4171 4217/9745/4281
f 4143/9746/4207 4144/9747/4208 4145/9748/4209
f 4107/9655/4171 4148/9564/4212 4217/9745/4281
f 3935/9189/3999 3936/9661/4000 4218/9749/4282
f 4219/9750/4283 4109/9751/4173 4149/9752/4213
f 4220/9753/4284 4110/9467/4174 4111/9466/4175
f 4221/9754/4285 4191/9670/4255 4190/9666/4254
f 4222/9755/4286 4191/9668/4255 4110/9467/4174
f 4018/9756/4082 4074/9757/4138 4223/9758/4287
f 4113/8043/4177 4019/9759/4083 4018/9760/4082
f 4222/9755/4286 4152/8394/4216 4191/9668/4255
f 4112/9469/4176 3990/9191/4054 4151/9570/4215
f 4224/9761/4288 4152/9571/4216 4115/9476/4179
f 4115/9762/4179 4153/9763/4217 4224/9764/4288
f 4075/9388/4139 4114/9473/4178 4195/9677/4259
f 4081/9400/4145 4154/9574/4218 4158/9578/4222
f 4192/9671/4256 4078/9398/4142 4080/9397/4144
f 4192/9765/4256 4082/9404/4146 4158/9578/4222
f 4195/9766/4259 4194/9681/4258 4225/9767/4289
f 4082/9404/4146 4116/9479/4180 4158/9578/4222
f 4193/9768/4257 4157/9769/4221 4085/9770/4149
f 4225/9767/4289 4119/9771/4183 4196/9772/4260
f 4119/9771/4183 4225/9767/4289 4194/9681/4258
f 4196/9772/4260 4085/9773/4149 4157/9577/4221
f 4194/9681/4258 4159/9679/4223 4121/9582/4185
f 4194/9681/4258 4121/9582/4185 4119/9771/4183
f 4087/9774/4151 4125/9775/4189 4162/9776/4226
f 4198/9777/4262 4084/9778/4148 4083/9779/4147
f 4123/9502/4187 4165/9780/4229 4162/9585/4226
f 4163/9586/4227 4124/9592/4188 4199/9690/4263
f 4165/9590/4229 4199/9781/4263 4226/9782/4290
f 4163/9589/4227 4199/9781/4263 4165/9590/4229
f 4227/9783/4291 4200/9784/4264 4054/9785/4118
f 4201/9693/4265 4167/9786/4231 4202/9694/4266
f 4228/9787/4292 4088/9512/4152 4128/9511/4192
f 4089/9597/4153 4088/9598/4152 4228/9788/4292
f 4130/9789/4194 4056/9790/4120 4229/9791/4293
f 3982/9172/4046 4091/9792/4155 4203/9699/4267
f 4056/9790/4120 4059/9793/4123 4229/9791/4293
f 4230/9794/4294 4059/9793/4123 4231/9795/4295
f 4204/9701/4268 3944/9114/4008 4203/9699/4267
f 4060/9796/4124 4231/9797/4295 4059/9798/4123
f 4205/9706/4269 4093/9705/4157 4169/9799/4233
f 4173/9619/4237 3966/9118/4030 4206/9707/4270
f 4033/9287/4097 4174/9710/4238 4207/9709/4271
f 4177/9800/4241 4175/9801/4239 4034/9802/4098
f 4177/9625/4241 4180/9712/4244 4232/9803/4296
f 4232/9804/4296 4180/9805/4244 4179/9806/4243
f 4179/9807/4243 4132/9638/4196 4133/9637/4197
f 4233/9808/4297 4035/9290/4099 4037/9354/4101
f 4233/9809/4297 4037/9810/4101 4096/9811/4160
f 3950/9812/4014 4234/9813/4298 4135/9814/4199
f 3929/9360/3993 4137/9530/4201 4102/9815/4166
f 4040/9722/4104 4136/9721/4200 4138/3031/4202
f 4100/9816/4164 4235/9817/4299 4181/9818/4245
f 4236/9819/4300 4100/9820/4164 4214/9821/4278
f 4136/9822/4200 4237/9823/4301 4138/9824/4202
f 4138/9825/4202 4238/9826/4302 4105/3944/4169
f 4066/9366/4130 4011/9246/4075 4239/9827/4303
f 4102/9443/4166 4215/9828/4279 4104/9532/4168
f 4011/9246/4075 4043/9305/4107 4240/9829/4304
f 4182/9644/4246 4103/9445/4167 4185/9654/4249
f 4105/9646/4169 4241/9830/4305 4183/9647/4247
f 4242/9831/4306 4149/9561/4213 4216/9737/4280
f 4070/9382/4134 4243/9832/4307 4184/9740/4248
f 4186/9833/4250 3935/9834/3999 4218/9835/4282
f 4149/9561/4213 4242/9831/4306 4219/9836/4283
f 4143/9837/4207 4145/9838/4209 4146/9839/4210
f 4146/9839/4210 4145/9838/4209 4244/9840/4308
f 4221/9754/4285 4190/9666/4254 4188/9665/4252
f 4150/9841/4214 4110/9842/4174 4245/9843/4309
f 4245/9843/4309 4110/9842/4174 4191/9670/4255
f 4074/9757/4138 4047/9844/4111 4223/9758/4287
f 4018/9756/4082 4223/9758/4287 4113/9472/4177
f 4188/9845/4252 4152/9571/4216 4224/9761/4288
f 4151/9570/4215 4075/9388/4139 4195/9677/4259
f 4246/9846/4310 4154/9574/4218 4247/9847/4311
f 4154/9574/4218 4081/9400/4145 4113/9472/4177
f 4156/9576/4220 4248/9848/4312 4249/9849/4313
f 4156/9576/4220 4249/9849/4313 4157/9577/4221
f 4079/9850/4143 4250/9851/4314 4080/9852/4144
f 4193/9853/4257 4085/9407/4149 4120/9487/4184
f 4159/9679/4223 4160/9580/4224 4121/9582/4185
f 4198/9687/4262 4164/9587/4228 4023/9329/4087
f 4164/9854/4315 4251/9855/4316 4127/9856/4317
f 4227/9783/4291 4252/9857/4318 4200/9784/4264
f 4252/9858/4318 4166/9594/4230 4200/9691/4264
f 4227/9859/4291 4054/9860/4118 4202/9861/4266
f 4166/9862/4230 4253/9863/4319 4199/9864/4263
f 4166/9862/4230 4254/9865/4320 4253/9863/4319
f 4166/9866/4230 4252/9867/4318 4254/9868/4320
f 4028/9276/4092 4203/9699/4267 4091/9792/4155
f 4059/9793/4123 4230/9794/4294 4229/9791/4293
f 4230/9794/4294 4231/9795/4295 4229/9791/4293
f 4203/9699/4267 4255/9869/4321 4204/9701/4268
f 4231/9870/4295 4256/9871/4322 4257/9872/4323
f 4231/9797/4295 4060/9796/4124 4256/9873/4322
f 4258/9874/4324 4259/9875/4325 4204/9876/4268
f 4060/9796/4124 4131/4007/4195 4256/9873/4322
f 4204/9876/4268 4169/9608/4233 4168/9607/4232
f 4260/9877/4326 4131/9878/4195 4171/9879/4235
f 4171/9880/4235 4170/9881/4234 4260/9882/4326
f 4207/9709/4271 4170/9614/4234 4094/9428/4158
f 4261/9883/4327 4207/3725/4271 4177/9884/4241
f 4207/9885/4271 4175/9801/4239 4177/9800/4241
f 4207/9886/4271 4174/9620/4238 4175/9622/4239
f 3968/9120/4032 4208/9717/4272 3813/8739/3875
f 4209/9718/4273 4262/9887/4328 4095/9430/4159
f 4096/9811/4160 4210/9888/4274 4233/9809/4297
f 3867/9232/3931 4234/9813/4298 3950/9812/4014
f 4100/9889/4164 4236/9890/4300 4235/9891/4299
f 4066/9366/4130 4263/9892/4329 4211/9723/4275
f 4239/9893/4303 4263/9894/4329 4066/9895/4130
f 4136/9896/4200 4211/9897/4275 4264/9898/4330
f 4102/9443/4166 4265/9899/4331 4215/9828/4279
f 4266/9900/4332 4241/9830/4305 4105/9646/4169
f 4239/9827/4303 4011/9246/4075 4240/9829/4304
f 4212/9901/4276 4267/9902/4333 4137/9903/4201
f 4212/9904/4276 4181/6707/4245 4267/9905/4333
f 4185/9654/4249 4213/9906/4277 4182/9644/4246
f 4268/9907/4334 4214/9821/4278 4269/9908/4335
f 4185/9654/4249 4270/9909/4336 4213/9906/4277
f 4214/9910/4278 4213/9911/4277 4269/9912/4335
f 4043/9305/4107 4184/9740/4248 4240/9829/4304
f 4185/9913/4249 4217/9914/4281 4270/9915/4336
f 4184/9740/4248 4243/9832/4307 4240/9829/4304
f 4145/9554/4209 4215/9744/4279 4244/9916/4308
f 4219/9750/4283 4242/9917/4306 4271/9918/4337
f 4215/9744/4279 4221/9754/4285 4188/9665/4252
f 4146/9839/4210 4244/9840/4308 4272/9919/4338
f 4221/9754/4285 4245/9843/4309 4191/9670/4255
f 4147/9920/4211 4273/9921/4339 4047/9844/4111
f 4220/9753/4284 4222/9755/4286 4110/9467/4174
f 4272/9919/4338 4244/9840/4308 4188/9922/4252
f 4222/9923/4286 4274/9924/4340 4152/9925/4216
f 4047/9844/4111 4246/9846/4310 4223/9758/4287
f 4151/9926/4215 4275/9927/4341 4276/9928/4342
f 4223/9758/4287 4246/9846/4310 4247/9847/4311
f 4223/9929/4287 4247/9930/4311 4113/9931/4177
f 4154/9574/4218 4113/9472/4177 4247/9847/4311
f 4246/9846/4310 4153/9573/4217 4154/9574/4218
f 4156/9576/4220 4277/9932/4343 4278/9933/4344
f 4248/9848/4312 4156/9576/4220 4278/9933/4344
f 4156/9576/4220 4155/9575/4219 4277/9932/4343
f 4152/9925/4216 4250/9851/4314 4079/9850/4143
f 4157/9577/4221 4249/9849/4313 4196/9772/4260
f 4197/9934/4261 4198/9777/4262 4083/9779/4147
f 4162/9935/4226 4279/9936/4345 4280/9937/4346
f 4165/9780/4229 4281/9938/4347 4162/9585/4226
f 4202/9939/4266 4282/9940/4348 4227/9941/4291
f 4167/9942/4231 4282/9943/4348 4202/9944/4266
f 4254/9868/4320 4252/9867/4318 4283/9945/4349
f 4254/9946/4320 4283/9947/4349 4253/9948/4319
f 4252/9949/4318 4284/9950/4350 4283/9951/4349
f 4283/9952/4349 4285/7924/4351 4253/9953/4319
f 4284/9950/4350 4286/9954/4352 4283/9951/4349
f 4285/9955/4351 4283/9956/4349 4287/9957/4353
f 4130/9958/4194 4284/9950/4350 4167/9959/4231
f 4130/9789/4194 4229/9791/4293 4284/9960/4350
f 4028/9276/4092 4255/9869/4321 4203/9699/4267
f 4288/9961/4354 4257/9962/4323 4289/9963/4355
f 4257/9962/4323 4256/9964/4322 4289/9963/4355
f 4204/9876/4268 4259/9875/4325 4169/9608/4233
f 4256/9965/4322 4260/9966/4326 4289/9967/4355
f 4205/9706/4269 4169/9799/4233 4259/9968/4325
f 4260/9882/4326 4170/9881/4234 4290/9969/4356
f 4205/9706/4269 4259/9968/4325 4032/9285/4096
f 4206/9707/4270 4259/9968/4325 4291/9970/4357
f 4206/9707/4270 4291/9970/4357 4173/9619/4237
f 4261/9971/4327 4177/9972/4241 4292/9973/4358
f 3968/9120/4032 4173/9619/4237 4208/9717/4272
f 4232/9974/4296 4179/9975/4243 4293/9976/4359
f 4179/9807/4243 4133/9637/4197 4293/9977/4359
f 4233/9809/4297 4294/9978/4360 4035/9979/4099
f 3970/9436/4034 4295/9980/4361 4097/9437/4161
f 3867/9232/3931 4008/9231/4072 4234/9813/4298
f 4236/9981/4300 4268/4983/4334 4235/9982/4299
f 4235/9817/4299 4296/9983/4362 4181/9818/4245
f 4214/9821/4278 4268/9907/4334 4236/9819/4300
f 4137/9530/4201 4297/9984/4363 4102/9815/4166
f 4105/9646/4169 4238/9985/4302 4266/9900/4332
f 4137/6820/4201 4267/9986/4333 4296/9987/4362
f 4296/9987/4362 4267/9986/4333 4181/9988/4245
f 4136/9822/4200 4298/9989/4364 4237/9823/4301
f 4264/9990/4330 4298/9991/4364 4136/9992/4200
f 4213/9906/4277 4270/9909/4336 4299/9993/4365
f 4237/9994/4301 4298/9995/4364 4138/9996/4202
f 4211/9997/4275 4263/9998/4329 4264/9999/4330
f 4268/10000/4334 4300/10001/4366 4301/10002/4367
f 4302/10003/4368 4300/10001/4366 4268/10000/4334
f 4268/9907/4334 4269/9908/4335 4299/10004/4365
f 4299/10005/4365 4269/10006/4335 4213/10007/4277
f 4183/10008/4247 4303/10009/4369 4216/10010/4280
f 4239/9827/4303 4240/9829/4304 4304/10011/4370
f 4303/10009/4369 4242/10012/4306 4216/10010/4280
f 4217/9745/4281 4148/9564/4212 4187/9660/4251
f 4244/9916/4308 4215/9744/4279 4188/9665/4252
f 4070/9382/4134 4186/9656/4250 4243/9832/4307
f 4150/9841/4214 4245/9843/4309 4187/10013/4251
f 4219/9750/4283 4271/9918/4337 4109/9751/4173
f 4146/10014/4210 4272/10015/4338 4147/9920/4211
f 4147/9920/4211 4272/10015/4338 4273/9921/4339
f 4109/9751/4173 4220/10016/4284 4111/10017/4175
f 3936/9661/4000 4276/10018/4342 4218/9749/4282
f 3936/9661/4000 4151/9567/4215 4276/10018/4342
f 4305/10019/4371 4306/10020/4372 4220/10021/4284
f 4273/9921/4339 4246/9846/4310 4047/9844/4111
f 4224/9761/4288 4272/10015/4338 4188/9845/4252
f 4273/9921/4339 4272/10015/4338 4224/9761/4288
f 4307/10022/4373 4308/10023/4374 4306/10024/4372
f 4306/10025/4372 4308/10026/4374 4309/10027/4375
f 4151/9926/4215 4310/10028/4376 4275/9927/4341
f 4308/10029/4374 4278/9933/4344 4277/9932/4343
f 4151/9570/4215 4195/9677/4259 4310/10030/4376
f 4155/10031/4219 4193/10032/4257 4277/10033/4343
f 4311/10034/4377 4225/9767/4289 4249/9849/4313
f 4249/9849/4313 4225/9767/4289 4196/9772/4260
f 4192/9765/4256 4197/9686/4261 4082/9404/4146
f 4192/10035/4256 4080/10036/4144 4197/10037/4261
f 4120/10038/4184 4087/10039/4151 4280/9937/4346
f 4162/9935/4226 4280/9937/4346 4087/10039/4151
f 4162/10040/4226 4281/10041/4347 4279/10042/4345
f 4312/10043/4378 4164/10044/4315 4127/10045/4317
f 4127/10046/4191 4164/10047/4228 4128/10048/4192
f 4252/10049/4318 4227/9941/4291 4282/9940/4348
f 4128/10048/4192 4313/10050/4379 4228/6322/4292
f 4199/9781/4263 4253/10051/4319 4226/9782/4290
f 4282/10052/4348 4284/9950/4350 4252/9949/4318
f 4167/9959/4231 4284/9950/4350 4282/10052/4348
f 4089/9597/4153 4228/9788/4292 4314/388/4380
f 4283/10053/4349 4286/10054/4352 4287/10055/4353
f 4284/9960/4350 4229/9791/4293 4286/10056/4352
f 4089/9417/4153 4314/10057/4380 4028/9276/4092
f 4314/10057/4380 4255/9869/4321 4028/9276/4092
f 4231/9870/4295 4257/9872/4323 4229/10058/4293
f 4288/9961/4354 4289/9963/4355 4315/10059/4381
f 4131/10060/4195 4260/9966/4326 4256/9965/4322
f 4315/10059/4381 4289/9963/4355 4316/10061/4382
f 4315/10062/4381 4317/10063/4383 4318/10064/4384
f 4259/9968/4325 4206/9707/4270 4032/9285/4096
f 4316/10065/4382 4292/10066/4358 4317/10063/4383
f 4317/10063/4383 4292/10066/4358 4177/9625/4241
f 4292/10066/4358 4207/10067/4271 4261/10068/4327
f 4173/9619/4237 4319/10069/4385 4208/9717/4272
f 4320/10070/4386 4208/9717/4272 4319/10069/4385
f 4232/9974/4296 4293/9976/4359 4321/10071/4387
f 4035/9290/4099 4294/10072/4360 4133/9525/4197
f 4095/10073/4159 4295/10074/4361 3970/10075/4034
f 4097/9437/4161 4295/9980/4361 4322/10076/4388
f 4063/9356/4127 4134/10077/4198 4008/9357/4072
f 4301/10078/4367 4296/10079/4362 4235/10080/4299
f 4235/10080/4299 4268/10081/4334 4301/10078/4367
f 4238/10082/4302 4138/10083/4202 4266/10084/4332
f 4102/9815/4166 4297/9984/4363 4265/10085/4331
f 4137/9530/4201 4323/10086/4389 4297/9984/4363
f 4296/10087/4362 4323/10088/4389 4137/10089/4201
f 4268/10000/4334 4299/1552/4365 4302/10003/4368
f 4299/10090/4365 4324/10091/4390 4302/1514/4368
f 4300/10092/4366 4324/10093/4390 4301/10094/4367
f 4138/10095/4202 4325/10096/4391 4266/10097/4332
f 4302/10098/4368 4324/10099/4390 4300/10100/4366
f 4241/10101/4305 4326/10102/4392 4183/10103/4247
f 4299/9993/4365 4270/9909/4336 4327/10104/4393
f 4183/10105/4247 4326/10106/4392 4303/10107/4369
f 4239/9893/4303 4304/10108/4370 4263/9894/4329
f 4265/10109/4331 4328/10110/4394 4215/9744/4279
f 4270/10111/4336 4217/246/4281 4327/10112/4393
f 4328/10110/4394 4221/9754/4285 4215/9744/4279
f 4328/10110/4394 4323/10088/4389 4221/9754/4285
f 4303/10113/4369 4271/9918/4337 4242/9917/4306
f 4240/9829/4304 4243/9832/4307 4304/10011/4370
f 4329/10114/4395 4187/10013/4251 4330/10115/4396
f 4330/10115/4396 4245/9843/4309 4331/10116/4397
f 4245/9843/4309 4330/10115/4396 4187/10013/4251
f 4221/9754/4285 4331/10116/4397 4245/9843/4309
f 4304/10011/4370 4243/9832/4307 4332/10117/4398
f 4186/9656/4250 4218/9749/4282 4333/10118/4399
f 4109/9751/4173 4271/9918/4337 4220/10016/4284
f 4334/10119/4400 4305/10120/4371 4220/10016/4284
f 4186/9656/4250 4333/10118/4399 4243/9832/4307
f 4306/10121/4372 4332/10122/4398 4307/10123/4373
f 4273/9921/4339 4224/9761/4288 4246/9846/4310
f 4307/10123/4373 4332/10122/4398 4308/10029/4374
f 4332/10122/4398 4335/10124/4401 4308/10029/4374
f 4153/9573/4217 4246/9846/4310 4224/9761/4288
f 4274/9924/4340 4336/10125/4402 4152/9925/4216
f 4336/10125/4402 4250/9851/4314 4152/9925/4216
f 4275/9927/4341 4310/10028/4376 4311/10034/4377
f 4337/10126/4403 4248/9848/4312 4278/9933/4344
f 4249/9849/4313 4248/9848/4312 4311/10034/4377
f 4225/9767/4289 4310/10028/4376 4195/9766/4259
f 4311/10034/4377 4310/10028/4376 4225/9767/4289
f 4165/10127/4229 4338/10128/4404 4281/10129/4347
f 4226/10130/4290 4253/10131/4319 4279/10132/4345
f 4229/10058/4293 4257/9872/4323 4339/10133/4405
f 4257/10134/4323 4288/10135/4354 4339/10136/4405
f 4260/9882/4326 4290/9969/4356 4289/10137/4355
f 4258/10138/4324 4340/10139/4406 4291/9970/4357
f 4258/10140/4324 4291/2114/4357 4259/10141/4325
f 4317/10063/4383 4315/10062/4381 4316/10065/4382
f 4289/9963/4355 4341/10142/4407 4316/10061/4382
f 4317/10143/4383 4342/10144/4408 4318/10145/4384
f 4207/10067/4271 4341/10146/4407 4290/10147/4356
f 4207/10067/4271 4290/10147/4356 4170/10148/4234
f 4291/9970/4357 4343/10149/4409 4173/9619/4237
f 4207/10067/4271 4316/10065/4382 4341/10146/4407
f 4317/10063/4383 4177/9625/4241 4321/10150/4387
f 4292/10066/4358 4316/10065/4382 4207/10067/4271
f 4343/10149/4409 4319/10069/4385 4173/9619/4237
f 4232/9803/4296 4321/10150/4387 4177/9625/4241
f 4344/10151/4410 4208/9717/4272 4320/10070/4386
f 4003/9219/4067 4208/9717/4272 4209/9718/4273
f 4262/9887/4328 4209/9718/4273 4345/10152/4411
f 4210/9888/4274 4294/9978/4360 4233/9809/4297
f 4095/10073/4159 4346/10153/4412 4295/10074/4361
f 3971/9131/4035 4347/10154/4413 3888/8897/3952
f 3972/9134/4036 4098/9438/4162 4348/10155/4414
f 3971/10156/4035 3949/9229/4013 4348/10155/4414
f 4301/10157/4367 4349/10158/4415 4296/10087/4362
f 4301/10159/4367 4350/10160/4416 4349/10161/4415
f 4324/10162/4390 4327/10163/4393 4301/10164/4367
f 4301/10165/4367 4327/10166/4393 4350/10167/4416
f 4266/9900/4332 4325/10168/4391 4241/9830/4305
f 4265/10109/4331 4297/10169/4363 4328/10110/4394
f 4328/10110/4394 4297/10169/4363 4323/10088/4389
f 4138/10170/4202 4298/9991/4364 4325/10171/4391
f 4349/10158/4415 4350/10172/4416 4331/10116/4397
f 4241/10101/4305 4325/10173/4391 4326/10102/4392
f 4298/9991/4364 4334/10174/4400 4325/10171/4391
f 4264/9990/4330 4334/10174/4400 4298/9991/4364
f 4349/10158/4415 4331/10116/4397 4323/10088/4389
f 4331/10116/4397 4221/9754/4285 4323/10088/4389
f 4329/10114/4395 4327/10175/4393 4187/10013/4251
f 4304/10108/4370 4351/10176/4417 4263/9894/4329
f 4187/9660/4251 4327/10104/4393 4217/9745/4281
f 4303/10107/4369 4326/10106/4392 4271/10177/4337
f 4329/10114/4395 4330/10115/4396 4331/10116/4397
f 4326/10178/4392 4334/10119/4400 4271/9918/4337
f 4264/10179/4330 4351/10180/4417 4305/10181/4371
f 4305/10182/4371 4334/10183/4400 4264/6610/4330
f 4271/9918/4337 4334/10119/4400 4220/10016/4284
f 4351/10176/4417 4304/10108/4370 4332/10184/4398
f 4305/10181/4371 4351/10180/4417 4306/10121/4372
f 4243/10185/4307 4333/10186/4399 4332/10122/4398
f 4333/10186/4399 4335/10124/4401 4332/10122/4398
f 4218/9749/4282 4276/10018/4342 4352/10187/4418
f 4309/10027/4375 4308/10026/4374 4353/10188/4419
f 4308/10026/4374 4277/10033/4343 4353/10188/4419
f 4275/9927/4341 4311/10034/4377 4337/10126/4403
f 4248/9848/4312 4337/10126/4403 4311/10034/4377
f 4197/9934/4261 4354/10189/4420 4198/9777/4262
f 4164/10190/4315 4312/10191/4378 4251/10192/4316
f 4226/9782/4290 4355/10193/4421 4165/9590/4229
f 4253/10194/4319 4285/10195/4351 4279/10196/4345
f 4287/9957/4353 4339/10133/4405 4285/9955/4351
f 4287/9957/4353 4286/10197/4352 4339/10133/4405
f 4286/10197/4352 4229/10058/4293 4339/10133/4405
f 4291/10198/4357 4340/10199/4406 4343/10200/4409
f 4289/10201/4355 4290/10147/4356 4341/10146/4407
f 4343/10202/4409 4340/10203/4406 4356/10204/4422
f 4318/10205/4384 4342/10206/4408 4321/10207/4387
f 4317/10208/4383 4321/10209/4387 4342/10210/4408
f 4343/10149/4409 4344/10151/4410 4319/10069/4385
f 4320/10070/4386 4319/10069/4385 4344/10151/4410
f 4133/9525/4197 4294/10072/4360 4357/10211/4423
f 4262/10212/4328 4358/10213/4424 4095/10214/4159
f 4095/10215/4159 4358/10216/4424 4346/10217/4412
f 3888/9002/3952 4347/10218/4413 4210/9719/4274
f 3972/9134/4036 4348/10155/4414 3949/9229/4013
f 4349/10158/4415 4323/10088/4389 4296/10087/4362
f 4324/10219/4390 4299/10220/4365 4327/8753/4393
f 4264/10179/4330 4263/10221/4329 4351/10180/4417
f 4350/10222/4416 4327/10223/4393 4329/10224/4395
f 4329/10114/4395 4331/10116/4397 4350/10172/4416
f 4326/10178/4392 4325/10225/4391 4334/10119/4400
f 4351/10180/4417 4332/10122/4398 4306/10121/4372
f 4218/9749/4282 4352/10187/4418 4333/10118/4399
f 4306/10025/4372 4309/10027/4375 4353/10188/4419
f 4333/10186/4399 4352/10226/4418 4335/10124/4401
f 4308/10029/4374 4335/10124/4401 4352/10226/4418
f 4352/10226/4418 4337/10126/4403 4308/10029/4374
f 4352/10226/4418 4276/9928/4342 4337/10126/4403
f 4308/10029/4374 4337/10126/4403 4278/9933/4344
f 4275/9927/4341 4337/10126/4403 4276/9928/4342
f 4193/10032/4257 4120/10038/4184 4359/10227/4425
f 4165/9590/4229 4355/10193/4421 4338/10228/4404
f 4281/10229/4347 4226/10130/4290 4279/10132/4345
f 4255/9869/4321 4360/10230/4426 4204/9701/4268
f 4321/10071/4387 4361/10231/4427 4318/10232/4384
f 4356/10233/4422 4344/10151/4410 4343/10149/4409
f 4321/10071/4387 4293/9976/4359 4362/10234/4428
f 4293/9976/4359 4357/10211/4423 4362/10234/4428
f 4293/9976/4359 4133/9525/4197 4357/10211/4423
f 4097/9437/4161 4322/10076/4388 4134/9526/4198
f 4135/9528/4199 4363/10235/4429 4064/9358/4128
f 4064/9358/4128 4363/10235/4429 4099/9439/4163
f 4098/9438/4162 4099/9439/4163 4363/10235/4429
f 4222/10236/4286 4364/10237/4430 4274/10238/4340
f 4080/9852/4144 4250/9851/4314 4354/10189/4420
f 4127/10045/4317 4365/10239/4431 4312/10043/4378
f 4164/10047/4228 4313/10050/4379 4128/10048/4192
f 4314/10057/4380 4360/10230/4426 4255/9869/4321
f 4356/10233/4422 4366/10240/4432 4344/10151/4410
f 4344/10151/4410 4366/10240/4432 4208/9717/4272
f 4208/9717/4272 4366/10240/4432 4209/9718/4273
f 4209/9718/4273 4366/10240/4432 4345/10152/4411
f 4262/10212/4328 4367/10241/4433 4358/10213/4424
f 4295/9980/4361 4346/10217/4412 4322/10076/4388
f 4322/10076/4388 4368/10242/4434 4134/9526/4198
f 4134/9526/4198 4368/10242/4434 4008/10243/4072
f 4348/10155/4414 4098/9438/4162 4369/10244/4435
f 4234/10245/4298 4363/10246/4429 4135/10247/4199
f 4080/9852/4144 4354/10189/4420 4197/9934/4261
f 4164/9587/4228 4198/9687/4262 4313/10248/4379
f 4285/9955/4351 4339/10133/4405 4279/8113/4345
f 4339/10136/4405 4288/10135/4354 4315/10249/4381
f 4340/10139/4406 4366/10240/4432 4356/10233/4422
f 4321/10071/4387 4362/10234/4428 4361/10231/4427
f 4345/10152/4411 4367/10250/4433 4262/9887/4328
f 4210/9719/4274 4347/10218/4413 4370/10251/4436
f 4346/10217/4412 4371/10252/4437 4322/10076/4388
f 4371/10252/4437 4368/10242/4434 4322/10076/4388
f 4348/10253/4414 4347/7090/4413 3971/10254/4035
f 4363/10235/4429 4369/10244/4435 4098/9438/4162
f 4120/10038/4184 4280/9937/4346 4359/10227/4425
f 4361/10231/4427 4362/10234/4428 4357/10211/4423
f 4226/10255/4290 4281/10256/4347 4355/10257/4421
f 4313/10258/4379 4314/10259/4380 4228/10260/4292
f 4340/10139/4406 4372/10261/4438 4366/10240/4432
f 4373/10262/4439 4372/10261/4438 4340/10139/4406
f 4372/10261/4438 4345/10152/4411 4366/10240/4432
f 4368/10242/4434 4234/10245/4298 4008/10243/4072
f 4312/10043/4378 4365/10239/4431 4374/10263/4440
f 4339/10136/4405 4315/10249/4381 4375/10264/4441
f 4361/10231/4427 4357/10211/4423 4376/10265/4442
f 4372/10261/4438 4367/10250/4433 4345/10152/4411
f 4294/10072/4360 4370/10251/4436 4357/10211/4423
f 4294/9978/4360 4210/9888/4274 4370/10266/4436
f 4371/10252/4437 4377/10267/4443 4368/10242/4434
f 4348/10268/4414 4369/10269/4435 4378/10270/4444
f 4222/10271/4286 4220/10272/4284 4379/10273/4445
f 4274/9924/4340 4364/10274/4430 4336/10125/4402
f 4339/10136/4405 4380/10275/4446 4279/9936/4345
f 4372/10276/4438 4381/801/4447 4367/10277/4433
f 4367/10278/4433 4381/10279/4447 4358/10280/4424
f 4368/10242/4434 4382/10281/4448 4234/10245/4298
f 4382/10281/4448 4363/10246/4429 4234/10245/4298
f 4369/10269/4435 4363/10246/4429 4378/10270/4444
f 4222/10271/4286 4379/10273/4445 4364/10282/4430
f 4353/10188/4419 4383/10283/4449 4306/10025/4372
f 4384/10284/4450 4336/10125/4402 4364/10274/4430
f 4193/10032/4257 4385/10285/4451 4277/10033/4343
f 4250/10286/4314 4336/10287/4402 4354/10288/4420
f 4385/10285/4451 4193/10032/4257 4359/10227/4425
f 4251/9855/4316 4386/10289/4452 4127/9856/4317
f 4339/10136/4405 4375/10264/4441 4380/10275/4446
f 4360/10230/4426 4387/10290/4453 4204/9701/4268
f 4258/10138/4324 4204/9701/4268 4387/10290/4453
f 4315/10249/4381 4318/10291/4384 4375/10264/4441
f 4361/10292/4427 4376/10293/4442 4388/10294/4454
f 4376/4680/4442 4370/10295/4436 4388/10296/4454
f 4376/10297/4442 4357/10298/4423 4370/10299/4436
f 4358/10216/4424 4381/10300/4447 4346/10217/4412
f 4347/10301/4413 4348/10302/4414 4370/2690/4436
f 4353/10188/4419 4277/10033/4343 4389/10303/4455
f 4354/10189/4420 4390/10304/4456 4198/9777/4262
f 4338/10128/4404 4391/10305/4457 4281/10129/4347
f 4251/9855/4316 4392/10306/4458 4386/10289/4452
f 4251/10307/4316 4312/10308/4378 4392/10309/4458
f 4390/10304/4456 4313/10258/4379 4198/9777/4262
f 4279/9936/4345 4380/10275/4446 4280/9937/4346
f 4314/10259/4380 4393/10310/4459 4360/10311/4426
f 4387/10290/4453 4340/10139/4406 4258/10138/4324
f 4346/10217/4412 4381/10300/4447 4371/10252/4437
f 4378/10312/4444 4394/10313/4460 4348/10314/4414
f 4306/10315/4372 4383/10316/4449 4220/10272/4284
f 4384/10284/4450 4395/10317/4461 4336/10125/4402
f 4386/10318/4452 4365/10319/4431 4127/10320/4317
f 4393/10310/4459 4314/10259/4380 4313/10258/4379
f 4361/10292/4427 4396/10321/4462 4318/10322/4384
f 4318/10323/4384 4396/10324/4462 4397/10325/4463
f 4361/10292/4427 4388/10294/4454 4396/10321/4462
f 4398/10326/4464 4372/10261/4438 4373/10262/4439
f 4372/10261/4438 4398/10326/4464 4399/10327/4465
f 4370/10328/4436 4348/10314/4414 4394/10313/4460
f 4381/10300/4447 4400/10329/4466 4371/10252/4437
f 4363/10246/4429 4401/10330/4467 4378/10270/4444
f 4379/10273/4445 4220/10272/4284 4383/10316/4449
f 4402/10331/4468 4359/10227/4425 4280/9937/4346
f 4391/10332/4457 4355/10257/4421 4281/10256/4347
f 4392/10309/4458 4312/10308/4378 4374/10333/4440
f 4380/10275/4446 4375/10264/4441 4403/10334/4469
f 4396/10321/4462 4388/10294/4454 4404/10335/4470
f 4399/10336/4465 4381/10337/4447 4372/10338/4438
f 4370/10328/4436 4394/10313/4460 4404/10339/4470
f 4387/10290/4453 4405/10340/4471 4340/10139/4406
f 4373/10262/4439 4340/10139/4406 4405/10340/4471
f 4381/10300/4447 4399/10341/4465 4400/10329/4466
f 4370/10342/4436 4404/10343/4470 4388/10344/4454
f 4400/10329/4466 4377/10267/4443 4371/10252/4437
f 4377/10267/4443 4382/10281/4448 4368/10242/4434
f 4364/9621/4430 4406/10345/4472 4384/10346/4450
f 4277/10033/4343 4385/10285/4451 4389/10303/4455
f 4336/10125/4402 4395/10317/4461 4354/10189/4420
f 4385/10285/4451 4359/10227/4425 4407/10347/4473
f 4355/10193/4421 4408/10348/4474 4338/10228/4404
f 4280/9937/4346 4380/10275/4446 4409/10349/4475
f 4397/10350/4463 4396/10351/4462 4398/10326/4464
f 4396/10352/4462 4410/10353/4476 4398/4005/4464
f 4396/10354/4462 4404/10339/4470 4411/10355/4477
f 4394/10313/4460 4412/10356/4478 4404/10339/4470
f 4400/10329/4466 4413/10357/4479 4377/10267/4443
f 4382/10358/4448 4413/10359/4479 4363/3522/4429
f 4413/10357/4479 4414/10360/4480 4363/10246/4429
f 4363/10246/4429 4414/10360/4480 4401/10330/4467
f 4415/10361/4481 4406/10362/4472 4364/10363/4430
f 4359/10227/4425 4402/10331/4468 4407/10347/4473
f 4393/10364/4459 4416/10365/4482 4360/10230/4426
f 4397/10325/4463 4417/428/4483 4318/10323/4384
f 4398/10326/4464 4417/10366/4483 4397/10350/4463
f 4411/10355/4477 4404/10339/4470 4412/10356/4478
f 4377/10267/4443 4413/10357/4479 4382/10281/4448
f 4394/10367/4460 4378/10270/4444 4401/10330/4467
f 4379/10273/4445 4418/10368/4484 4364/10282/4430
f 4379/10273/4445 4383/10316/4449 4419/10369/4485
f 4364/10370/4430 4418/10371/4484 4420/10372/4486
f 4354/10189/4420 4421/10373/4487 4390/10304/4456
f 4410/10353/4476 4396/10352/4462 4411/10374/4477
f 4364/10370/4430 4420/10372/4486 4415/10375/4481
f 4409/10349/4475 4402/10331/4468 4280/9937/4346
f 4422/10376/4488 4423/10377/4489 4390/10378/4456
f 4399/10341/4465 4413/10357/4479 4400/10329/4466
f 4394/10367/4460 4424/10379/4490 4412/10380/4478
f 4394/10367/4460 4401/10330/4467 4424/10379/4490
f 4353/10188/4419 4419/10381/4485 4383/10283/4449
f 4353/10188/4419 4389/10303/4455 4425/10382/4491
f 4390/10304/4456 4423/10383/4489 4313/10258/4379
f 4313/10258/4379 4423/10383/4489 4393/10310/4459
f 4360/10230/4426 4416/10365/4482 4387/10290/4453
f 4398/4005/4464 4410/10353/4476 4399/10384/4465
f 4411/10385/4477 4412/10380/4478 4410/10386/4476
f 4410/10386/4476 4412/10380/4478 4424/10379/4490
f 4379/10273/4445 4419/10369/4485 4418/10368/4484
f 4353/10188/4419 4425/10382/4491 4419/10381/4485
f 4415/10387/4481 4426/10388/4492 4406/10389/4472
f 4406/10345/4472 4427/10390/4493 4384/10346/4450
f 4389/10391/4455 4428/10392/4494 4429/10393/4495
f 4389/10303/4455 4385/10285/4451 4428/10394/4494
f 4354/10395/4420 4430/10396/4496 4421/10397/4487
f 4318/10398/4384 4417/10366/4483 4375/10399/4441
f 4405/10340/4471 4431/10400/4497 4373/10262/4439
f 4399/10341/4465 4432/10401/4498 4413/10357/4479
f 4399/10341/4465 4410/10386/4476 4432/10401/4498
f 4410/10386/4476 4424/10379/4490 4432/10401/4498
f 4432/10401/4498 4414/10360/4480 4413/10357/4479
f 4424/10379/4490 4414/10360/4480 4432/10401/4498
f 4401/10330/4467 4414/10360/4480 4424/10379/4490
f 4415/10375/4481 4420/10372/4486 4426/10402/4492
f 4433/10403/4499 4427/10390/4493 4406/10345/4472
f 4384/10404/4450 4434/10405/4500 4395/10406/4461
f 4421/10397/4487 4430/10396/4496 4435/10407/4501
f 4421/10397/4487 4435/10407/4501 4390/10408/4456
f 4391/10305/4457 4338/10128/4404 4436/10409/4502
f 4391/10332/4457 4436/10410/4502 4355/10257/4421
f 4436/10410/4502 4408/10411/4474 4355/10257/4421
f 4386/10412/4452 4374/10413/4440 4365/10414/4431
f 4416/10365/4482 4405/10340/4471 4387/10290/4453
f 4398/10326/4464 4373/10262/4439 4431/10400/4497
f 4398/10326/4464 4431/10400/4497 4417/10366/4483
f 4419/10415/4485 4437/10416/4503 4418/10371/4484
f 4418/10371/4484 4438/10417/4504 4420/10372/4486
f 4425/10382/4491 4389/10303/4455 4439/10418/4505
f 4389/10303/4455 4429/10419/4495 4439/10418/4505
f 4384/10346/4450 4427/10390/4493 4434/10420/4500
f 4354/10395/4420 4395/10406/4461 4430/10396/4496
f 4385/10285/4451 4407/10347/4473 4428/10394/4494
f 4390/10408/4456 4435/10407/4501 4422/10421/4488
f 4402/10331/4468 4409/10349/4475 4440/10422/4506
f 4338/10228/4404 4408/10348/4474 4436/10423/4502
f 4392/10309/4458 4374/10333/4440 4441/10424/4507
f 4422/10376/4488 4442/10425/4508 4423/10377/4489
f 4443/10426/4509 4442/10425/4508 4422/10376/4488
f 4409/10349/4475 4380/10275/4446 4444/10427/4510
f 4403/10334/4469 4375/10264/4441 4445/10428/4511
f 4418/10371/4484 4437/10416/4503 4438/10417/4504
f 4426/10388/4492 4446/10429/4512 4406/10389/4472
f 4402/10331/4468 4440/10422/4506 4407/10347/4473
f 4447/10430/4513 4440/10431/4506 4409/5973/4475
f 4443/10432/4509 4422/10433/4488 4448/10434/4514
f 4438/10417/4504 4426/10402/4492 4420/10372/4486
f 4449/10435/4515 4433/10436/4499 4406/10437/4472
f 4450/10438/4516 4434/10420/4500 4427/10390/4493
f 4395/10406/4461 4434/10405/4500 4430/10396/4496
f 4451/10439/4517 4428/10394/4494 4407/10347/4473
f 4452/10440/4518 4422/10421/4488 4435/10407/4501
f 4448/10441/4514 4422/10442/4488 4452/10443/4518
f 4443/10426/4509 4453/4263/4519 4442/10425/4508
f 4448/10434/4514 4453/10444/4519 4443/10432/4509
f 4454/10445/4520 4455/10446/4521 4456/10447/4522
f 4457/10448/4523 4409/10449/4475 4458/10450/4524
f 4442/10451/4508 4393/10364/4459 4423/10452/4489
f 4403/10334/4469 4444/10427/4510 4380/10275/4446
f 4437/10416/4503 4419/10415/4485 4459/10453/4525
f 4459/10453/4525 4419/10415/4485 4425/10454/4491
f 4438/10455/4504 4460/10456/4526 4426/10388/4492
f 4459/10457/4525 4425/10382/4491 4439/10418/4505
f 4429/10419/4495 4461/10458/4527 4439/10418/4505
f 4429/10393/4495 4428/10392/4494 4462/10459/4528
f 4427/10390/4493 4463/10460/4529 4450/10438/4516
f 4462/10459/4528 4428/10392/4494 4451/10461/4517
f 4407/5197/4473 4440/10462/4506 4464/3530/4530
f 4465/10463/4531 4435/10407/4501 4430/10396/4496
f 4447/10464/4513 4409/10449/4475 4457/10448/4523
f 4386/10412/4452 4441/10465/4507 4374/10413/4440
f 4466/10466/4532 4454/10445/4520 4456/10447/4522
f 4455/10467/4521 4467/10468/4533 4456/10469/4522
f 4458/10470/4524 4409/10471/4475 4444/10472/4510
f 4442/10451/4508 4468/10473/4534 4393/10364/4459
f 4416/10365/4482 4469/10474/4535 4405/10340/4471
f 4375/10399/4441 4417/10366/4483 4445/10475/4511
f 4437/10416/4503 4460/10476/4526 4438/10417/4504
f 4437/10416/4503 4459/10453/4525 4460/10476/4526
f 4460/10456/4526 4446/10429/4512 4426/10388/4492
f 4449/10477/4515 4406/10478/4472 4446/10479/4512
f 4433/10403/4499 4470/10480/4536 4427/10390/4493
f 4434/10405/4500 4450/10481/4516 4430/10396/4496
f 4407/10347/4473 4464/10482/4530 4451/10439/4517
f 4440/10431/4506 4447/10430/4513 4464/10483/4530
f 4465/10463/4531 4452/10440/4518 4435/10407/4501
f 4464/10484/4530 4471/10485/4537 4472/10486/4538
f 4447/10430/4513 4471/10487/4537 4464/10483/4530
f 4457/10488/4523 4471/10489/4537 4447/10490/4513
f 4465/10463/4531 4473/10491/4539 4452/10440/4518
f 4452/10440/4518 4473/10491/4539 4474/10492/4540
f 4471/10493/4537 4475/10494/4541 4454/10445/4520
f 4392/10495/4458 4476/10496/4542 4386/10497/4452
f 4452/10498/4518 4474/10499/4540 4477/10500/4543
f 4392/10501/4458 4478/10502/4544 4476/10503/4542
f 4392/10504/4458 4441/10505/4507 4478/10506/4544
f 4473/10491/4539 4479/10507/4545 4474/10492/4540
f 4477/10508/4543 4474/2275/4540 4453/10444/4519
f 4455/10446/4521 4454/10445/4520 4475/10494/4541
f 4475/10494/4541 4458/10509/4524 4455/10446/4521
f 4457/10510/4523 4458/10509/4524 4475/10494/4541
f 4453/10511/4519 4474/10512/4540 4480/10513/4546
f 4474/10512/4540 4481/10514/4547 4480/10513/4546
f 4455/10467/4521 4458/7767/4524 4467/10468/4533
f 4456/10515/4522 4467/10516/4533 4482/10517/4548
f 4444/10427/4510 4403/10334/4469 4483/10518/4549
f 4460/10456/4526 4459/10519/4525 4484/10520/4550
f 4459/10519/4525 4439/10521/4505 4484/10520/4550
f 4460/10456/4526 4484/10520/4550 4446/10429/4512
f 4429/10419/4495 4462/10522/4528 4461/10458/4527
f 4463/10460/4529 4485/10523/4551 4450/10438/4516
f 4462/10459/4528 4486/10524/4552 4487/10525/4553
f 4462/10459/4528 4451/10461/4517 4486/10524/4552
f 4430/10396/4496 4450/10481/4516 4465/10463/4531
f 4464/10484/4530 4472/10486/4538 4488/10526/4554
f 4488/10527/4554 4489/10528/4555 4490/10529/4556
f 4491/10530/4557 4472/10531/4538 4471/10493/4537
f 4472/10532/4538 4489/10528/4555 4488/10527/4554
f 4490/10533/4556 4489/10534/4555 4492/10535/4558
f 4490/10536/4556 4492/10537/4558 4493/10538/4559
f 4454/10445/4520 4491/10530/4557 4471/10493/4537
f 4454/10445/4520 4466/10466/4532 4491/10530/4557
f 4473/10491/4539 4465/10463/4531 4494/10539/4560
f 4452/10540/4518 4477/10508/4543 4448/10434/4514
f 4471/10493/4537 4457/10510/4523 4475/10494/4541
f 4477/10508/4543 4453/10444/4519 4448/10434/4514
f 4473/10491/4539 4494/10539/4560 4479/10507/4545
f 4456/10515/4522 4495/10541/4561 4466/10542/4532
f 4436/10543/4562 4496/10544/4563 4408/10545/4564
f 4474/10492/4540 4479/10507/4545 4481/10546/4547
f 4453/10547/4519 4480/9649/4546 4442/10548/4508
f 4444/10549/4510 4467/10550/4533 4458/10551/4524
f 4393/10364/4459 4468/10473/4534 4416/10365/4482
f 4405/10340/4471 4469/10474/4535 4431/10400/4497
f 4417/10366/4483 4431/10400/4497 4445/10475/4511
f 4484/10552/4550 4497/10553/4565 4446/10479/4512
f 4439/10554/4505 4461/10555/4527 4484/10552/4550
f 4427/10556/4493 4470/10557/4536 4463/10558/4529
f 4462/10522/4528 4487/10559/4553 4461/10458/4527
f 4486/10524/4552 4451/10461/4517 4498/10560/4566
f 4499/10561/4567 4500/10562/4568 4501/10563/4569
f 4488/10564/4554 4502/10565/4570 4464/10566/4530
f 4488/10564/4554 4490/10567/4556 4502/10565/4570
f 4503/10568/4571 4504/10569/4572 4499/10570/4567
f 4465/10571/4531 4500/10572/4568 4505/10573/4573
f 4465/10571/4531 4505/10573/4573 4506/10574/4574
f 4465/10571/4531 4506/10574/4574 4494/10575/4560
f 4491/10576/4557 4466/10542/4532 4495/10541/4561
f 4492/10577/4558 4507/10578/4575 4493/10579/4559
f 4456/10515/4522 4482/10517/4548 4495/10541/4561
f 4481/10514/4547 4508/10580/4576 4480/10513/4546
f 4482/10581/4548 4467/10582/4533 4509/10583/4577
f 4467/10582/4533 4444/5758/4510 4483/10584/4549
f 4403/10334/4469 4445/10428/4511 4483/10518/4549
f 4497/10553/4565 4449/10477/4515 4446/10479/4512
f 4461/10555/4527 4497/10553/4565 4484/10552/4550
f 4449/10435/4515 4470/10585/4536 4433/10436/4499
f 4470/10557/4536 4510/10586/4578 4463/10558/4529
f 4470/10557/4536 4511/10587/4579 4510/10586/4578
f 4461/10588/4527 4487/10589/4553 4512/10590/4580
f 4451/10439/4517 4464/10482/4530 4498/10591/4566
f 4450/10481/4516 4485/10592/4551 4465/10463/4531
f 4499/10561/4567 4501/10563/4569 4503/10593/4571
f 4500/10594/4568 4465/10595/4531 4501/4867/4569
f 4464/10566/4530 4502/10565/4570 4513/10596/4581
f 4499/10597/4567 4514/10598/4582 4500/5312/4568
f 4472/10532/4538 4515/10599/4583 4489/10528/4555
f 4499/10600/4567 4516/10601/4584 4514/10602/4582
f 4500/10603/4568 4514/10604/4582 4505/10605/4573
f 4504/10606/4572 4516/10607/4584 4499/10608/4567
f 4495/10541/4561 4517/10609/4585 4491/10576/4557
f 4494/10575/4560 4506/10574/4574 4518/10610/4586
f 4504/10606/4572 4519/10611/4587 4516/10607/4584
f 4495/10612/4561 4520/10613/4588 4517/10614/4585
f 4492/10577/4558 4521/5219/4589 4507/10578/4575
f 4494/10615/4560 4522/10616/4590 4479/10617/4545
f 4495/10612/4561 4482/10618/4548 4520/10613/4588
f 4507/10619/4591 4523/10620/4592 4496/10621/4563
f 4518/10610/4586 4524/10622/4593 4494/10575/4560
f 4521/10623/4589 4525/10624/4594 4507/10625/4575
f 4482/10618/4548 4526/10626/4595 4520/10613/4588
f 4507/10627/4575 4525/6771/4594 4523/10628/4596
f 4524/4981/4593 4522/10629/4590 4494/10630/4560
f 4527/10631/4597 4528/10632/4598 4525/10633/4594
f 4525/10634/4594 4528/10635/4598 4523/10636/4596
f 4480/10513/4546 4508/10580/4576 4442/10637/4508
f 4467/10582/4533 4483/10584/4549 4509/10583/4577
f 4497/10553/4565 4470/10638/4536 4449/10477/4515
f 4470/10557/4536 4529/10639/4599 4511/10587/4579
f 4487/10640/4553 4530/10641/4600 4512/10642/4580
f 4487/10559/4553 4486/10643/4552 4530/10644/4600
f 4498/10591/4566 4531/10645/4601 4486/10643/4552
f 4485/10592/4551 4532/10646/4602 4465/10463/4531
f 4498/10591/4566 4464/10482/4530 4533/10647/4603
f 4533/10647/4603 4464/10482/4530 4513/10648/4581
f 4503/10593/4571 4501/10563/4569 4514/10649/4582
f 4465/10650/4531 4534/10651/4604 4501/10652/4569
f 4535/10653/4605 4534/10651/4604 4465/10650/4531
f 4490/10567/4556 4493/10654/4559 4502/10565/4570
f 4489/10655/4555 4515/10656/4583 4502/10657/4570
f 4491/10576/4557 4515/10658/4583 4472/10659/4538
f 4491/10576/4557 4517/10609/4585 4515/10658/4583
f 4489/10534/4555 4536/10660/4606 4492/10535/4558
f 4386/10661/4452 4476/10662/4542 4441/6659/4507
f 4478/10663/4544 4519/10664/4607 4476/10665/4542
f 4436/10666/4562 4507/10619/4591 4496/10621/4563
f 4408/10348/4564 4537/10667/4608 4436/10423/4562
f 4519/10668/4587 4538/6200/4609 4516/10669/4584
f 4516/10670/4584 4538/568/4609 4539/10671/4610
f 4496/10544/4563 4523/10672/4592 4408/10545/4564
f 4408/5055/4564 4523/10673/4592 4537/10674/4608
f 4522/10675/4590 4540/10676/4611 4479/10677/4545
f 4518/10610/4586 4508/10678/4576 4524/10622/4593
f 4524/10679/4593 4481/3342/4547 4522/10680/4590
f 4524/10681/4593 4508/8084/4576 4481/10682/4547
f 4522/10675/4590 4481/10683/4547 4541/10684/4612
f 4482/9365/4548 4509/10685/4577 4526/6462/4595
f 4521/10686/4589 4542/10687/4613 4525/10688/4594
f 4525/10633/4594 4542/10689/4613 4527/10631/4597
f 4442/10637/4508 4508/10580/4576 4468/10690/4534
f 4468/10473/4534 4469/10474/4535 4416/10365/4482
f 4483/10691/4549 4445/10475/4511 4543/10692/4614
f 4469/10474/4535 4544/10693/4615 4431/10400/4497
f 4545/10694/4616 4543/10692/4614 4431/10400/4497
f 4543/10692/4614 4445/10475/4511 4431/10400/4497
f 4461/10695/4527 4546/10696/4617 4547/10697/4618
f 4461/10695/4527 4512/10698/4580 4546/10696/4617
f 4529/10699/4599 4548/10700/4619 4511/10701/4579
f 4512/10642/4580 4549/10702/4620 4546/10703/4617
f 4512/10642/4580 4530/10641/4600 4549/10702/4620
f 4550/10704/4621 4463/10705/4529 4510/10706/4578
f 4498/10591/4566 4533/10647/4603 4531/10645/4601
f 4532/10646/4602 4535/10707/4605 4465/10463/4531
f 4501/10708/4569 4534/10709/4604 4514/10710/4582
f 4503/10711/4571 4514/10712/4582 4504/1485/4572
f 4513/10713/4581 4551/10714/4622 4533/10715/4603
f 4513/10596/4581 4502/10565/4570 4515/10716/4583
f 4535/10717/4605 4552/10718/4623 4534/10719/4604
f 4515/10716/4583 4551/10720/4622 4513/10596/4581
f 4493/10654/4559 4536/10721/4606 4502/10565/4570
f 4502/10722/4570 4536/10723/4606 4489/10724/4555
f 4493/10654/4559 4507/10725/4575 4536/10721/4606
f 4504/10726/4572 4553/10727/4624 4519/10728/4587
f 4536/10729/4606 4521/10730/4589 4492/2567/4558
f 4436/10731/4562 4523/10732/4592 4507/10725/4591
f 4436/10731/4562 4537/10733/4608 4523/10732/4592
f 4478/10506/4544 4441/10505/4507 4553/10734/4625
f 4478/10506/4544 4553/10734/4625 4519/10735/4607
f 4479/10736/4545 4540/10737/4611 4554/10738/4626
f 4479/10507/4545 4554/10739/4626 4481/10546/4547
f 4554/10739/4626 4555/10740/4627 4556/10741/4628
f 4555/10740/4627 4557/10742/4629 4556/10741/4628
f 4519/10743/4587 4553/10744/4630 4538/10745/4609
f 4554/10739/4626 4556/10741/4628 4481/10546/4547
f 4526/10746/4595 4509/3796/4577 4558/8915/4631
f 4556/10747/4628 4559/10748/4632 4481/10749/4547
f 4509/10583/4577 4483/10584/4549 4558/10750/4631
f 4483/10751/4633 4560/7758/4634 4558/10752/4635
f 4468/10753/4636 4561/10754/4637 4562/10755/4638
f 4483/10756/4633 4542/10757/4639 4560/10758/4634
f 4538/10759/4640 4563/10760/4641 4564/10761/4642
f 4527/10762/4597 4560/6495/4643 4528/10763/4598
f 4538/10764/4640 4564/10765/4642 4562/10766/4638
f 4562/10767/4638 4564/10768/4642 4468/10769/4636
f 4542/10689/4613 4560/10770/4643 4527/10631/4597
f 4483/10771/4633 4565/10772/4644 4542/10689/4639
f 4542/10689/4639 4565/10772/4644 4560/10770/4634
f 4470/10557/4536 4497/10773/4565 4547/10774/4618
f 4461/10555/4527 4547/10775/4618 4497/10553/4565
f 4547/10774/4618 4529/10639/4599 4470/10557/4536
f 4547/10774/4618 4546/10776/4617 4529/10639/4599
f 4510/10777/4578 4511/10778/4579 4550/10779/4621
f 4511/10778/4579 4548/10780/4619 4550/10779/4621
f 4535/10707/4605 4532/10646/4602 4552/10781/4623
f 4514/10782/4582 4534/10783/4604 4505/10784/4573
f 4532/10646/4602 4566/10785/4645 4552/10781/4623
f 4552/10718/4623 4506/10786/4574 4534/10719/4604
f 4534/10783/4604 4506/10787/4574 4505/10784/4573
f 4551/10788/4622 4515/10789/4583 4517/10790/4585
f 4514/10791/4582 4553/10727/4624 4504/10726/4572
f 4516/10792/4584 4539/10793/4610 4514/10794/4582
f 4552/10718/4623 4566/10795/4645 4506/10786/4574
f 4551/10788/4622 4517/10790/4585 4567/10796/4646
f 4517/10797/4585 4557/2007/4629 4567/10798/4646
f 4519/10664/4607 4553/10799/4625 4476/10665/4542
f 4507/10725/4575 4523/10732/4596 4536/10721/4606
f 4517/10800/4585 4520/10801/4588 4557/10802/4629
f 4536/10729/4606 4523/10803/4596 4521/10730/4589
f 4518/10610/4586 4506/10574/4574 4508/10678/4576
f 4568/10804/4647 4557/10742/4629 4555/10740/4627
f 4522/10675/4590 4541/10684/4612 4540/10676/4611
f 4554/10805/4626 4568/10806/4647 4555/10807/4627
f 4481/10683/4547 4569/10808/4648 4541/10684/4612
f 4556/10809/4628 4557/10810/4629 4570/10811/4649
f 4508/10812/4576 4561/10754/4650 4468/10753/4534
f 4570/10813/4649 4559/10748/4632 4556/10747/4628
f 4468/10473/4534 4561/10814/4650 4571/10815/4651
f 4468/10816/4636 4564/10817/4642 4561/10818/4637
f 4572/10819/4652 4558/10820/4631 4483/10691/4549
f 4483/10821/4633 4558/10822/4635 4565/10823/4644
f 4483/10691/4549 4543/10692/4614 4572/10819/4652
f 4431/10400/4497 4544/10693/4615 4545/10694/4616
f 4529/10824/4599 4546/10825/4617 4573/10826/4653
f 4550/10704/4621 4574/10827/4654 4463/10705/4529
f 4486/10643/4552 4575/10828/4655 4530/10644/4600
f 4463/10829/4529 4574/10830/4654 4485/10592/4551
f 4486/10643/4552 4531/10645/4601 4575/10828/4655
f 4533/10647/4603 4551/10831/4622 4531/10645/4601
f 4514/10794/4582 4539/10793/4610 4553/10832/4624
f 4566/10785/4645 4576/10833/4656 4568/10804/4647
f 4566/10785/4645 4568/10804/4647 4540/10834/4611
f 4538/2743/4609 4553/10835/4624 4539/10836/4610
f 4567/10837/4646 4557/10742/4629 4568/10804/4647
f 4566/10795/4645 4540/10838/4611 4506/10786/4574
f 4506/10839/4574 4540/10840/4611 4508/10841/4576
f 4554/10739/4626 4540/10834/4611 4568/10804/4647
f 4508/10842/4576 4540/10843/4611 4569/10844/4648
f 4526/10845/4595 4557/10846/4629 4520/10847/4588
f 4558/10848/4631 4557/10849/4629 4526/10850/4595
f 4553/10851/4624 4563/10852/4641 4538/10853/4640
f 4562/10854/4638 4563/10855/4641 4553/10856/4624
f 4562/10857/4638 4553/10858/4624 4538/10859/4640
f 4541/10684/4612 4569/10808/4648 4540/10676/4611
f 4521/10860/4589 4560/10758/4643 4542/10757/4613
f 4523/10861/4596 4560/10862/4643 4521/10863/4589
f 4508/10864/4576 4569/10865/4648 4561/10866/4650
f 4557/10867/4629 4577/10868/4657 4570/10869/4649
f 4481/10749/4547 4559/10748/4632 4569/10870/4648
f 4577/10868/4657 4572/10819/4652 4570/10869/4649
f 4577/10868/4657 4558/10820/4631 4572/10819/4652
f 4570/10869/4649 4543/10692/4614 4559/10871/4632
f 4572/10819/4652 4543/10692/4614 4570/10869/4649
f 4571/10815/4651 4544/10693/4615 4468/10473/4534
f 4559/10871/4632 4543/10692/4614 4545/10694/4616
f 4468/10473/4534 4544/10693/4615 4469/10474/4535
f 4485/10592/4551 4574/10830/4654 4532/10646/4602
f 4567/10872/4646 4578/10873/4658 4551/10831/4622
f 4567/10872/4646 4568/10874/4647 4578/10873/4658
f 4476/10875/4542 4553/10538/4625 4441/10876/4507
f 4523/10877/4596 4528/10878/4598 4560/10879/4643
f 4558/10820/4631 4577/10868/4657 4557/10867/4629
f 4562/10854/4638 4561/10880/4637 4563/10855/4641
f 4571/10815/4651 4561/10814/4650 4569/10881/4648
f 4561/5732/4637 4564/10882/4642 4563/10883/4641
f 4569/10881/4648 4559/10871/4632 4544/10693/4615
f 4565/10884/4644 4558/10885/4635 4560/10886/4634
f 4569/10881/4648 4544/10693/4615 4571/10815/4651
f 4545/10694/4616 4544/10693/4615 4559/10871/4632
f 4529/4047/4599 4573/10887/4653 4548/10888/4619
f 4573/10889/4653 4550/10779/4621 4548/10780/4619
f 4549/10890/4620 4530/10891/4600 4546/10892/4617
f 4532/10646/4602 4576/10833/4656 4566/10785/4645
f 4551/10831/4622 4578/10873/4658 4531/10645/4601
f 4568/10804/4647 4576/10833/4656 4578/10893/4658
f 4546/10825/4617 4530/10894/4600 4579/10895/4659
f 4550/10704/4621 4580/10896/4660 4574/10827/4654
f 4546/10825/4617 4579/10895/4659 4573/10826/4653
f 4573/10897/4653 4580/10896/4660 4550/10704/4621
f 4574/10830/4654 4576/10833/4656 4532/10646/4602
f 4573/10897/4653 4579/10898/4659 4580/10896/4660
f 4530/10644/4600 4575/10828/4655 4579/10899/4659
f 4531/10645/4601 4578/10873/4658 4575/10828/4655
f 4575/10900/4655 4578/10893/4658 4576/10833/4656
f 4579/10898/4659 4575/10901/4655 4580/10896/4660
f 4580/10902/4660 4575/10900/4655 4574/10830/4654
f 4575/10900/4655 4576/10833/4656 4574/10830/4654
